Keyword,Name,Rating,Review_count,Price_range,Category,Address,Latitude,Longitude,Current_status,Next_status,Website,Scraped_at,Telephone,Tags,Detail_URL
"Automotive Repair in Miami, Florida",Rey's Auto Repair Services,4.9,556,,Auto repair shop,527 SW 15th Ave 2nd ENTRANCE,25.7677892,-80.2192258,Open,Closes 4 PM,,2025-03-07 13:31:36,(305) 541-7339,,https://www.google.com/maps/place/Rey%27s+Auto+Repair+Services/data=!4m7!3m6!1s0x88d9b6f0f593c7d3:0x87bb1ec01374f8d5!8m2!3d25.7677892!4d-80.2192258!16s%2Fg%2F1thxlwc9!19sChIJ08eT9fC22YgR1fh0E8Aeu4c?authuser=0&hl=en&rclk=1
"Automotive Repair in Miami, Florida",Green's Garage,4.6,659,,Auto repair shop,2221 SW 32nd Ave,25.7495784,-80.2462346,Open,Closes 6 PM,https://www.greensgaragemiami.com/,2025-03-07 13:31:39,(305) 444-8881," 
Onsite services
 
BOOK ONLINE",https://www.google.com/maps/place/Green%27s+Garage/data=!4m7!3m6!1s0x88d9b7a4d6356979:0xb2c38377a2974489!8m2!3d25.7495784!4d-80.2462346!16s%2Fg%2F1tfxyvbk!19sChIJeWk11qS32YgRiUSXoneDw7I?authuser=0&hl=en&rclk=1
"Automotive Repair in Miami, Florida",E T Auto Repair,4.7,292,,Auto repair shop,773 NW 21st Terrace,25.7972023,-80.2084686,Open,Closes 5 PM,http://elt711.wixsite.com/etautorepair,2025-03-07 13:31:41,(305) 637-8492,,https://www.google.com/maps/place/E+T+Auto+Repair/data=!4m7!3m6!1s0x88d9b6b5cf69310d:0x250e6402fc2b22cf!8m2!3d25.7972023!4d-80.2084686!16s%2Fg%2F1vfp4fpf!19sChIJDTFpz7W22YgRzyIr_AJkDiU?authuser=0&hl=en&rclk=1
"Automotive Repair in Miami, Florida",Miami's Quality Auto Repair,4.7,727,,Auto repair shop,4555 SW 71st Ave,25.7284848,-80.3084442,Open,Closes 6 PM,http://qualityautorepairfl.com/?utm_campaign=gmb,2025-03-07 13:31:42,(305) 459-3662," 
BOOK ONLINE",https://www.google.com/maps/place/Miami%27s+Quality+Auto+Repair/data=!4m7!3m6!1s0x88d9b8703e276f05:0x411b8bc27e5cf1bf!8m2!3d25.7284848!4d-80.3084442!16s%2Fg%2F1tjkglqh!19sChIJBW8nPnC42YgRv_FcfsKLG0E?authuser=0&hl=en&rclk=1
"Automotive Repair in Miami, Florida",Leader Service,4.9,238,,Auto repair shop,1700 Coral Wy,25.7505761,-80.2222789,Open,Closes 5:30 PM,https://leaderservicemiami.com/,2025-03-07 13:31:43,(305) 858-1020,,https://www.google.com/maps/place/Leader+Service/data=!4m7!3m6!1s0x88d9b650f36d8997:0xc770d09dbefb12e8!8m2!3d25.7505761!4d-80.2222789!16s%2Fg%2F11g_0tslj!19sChIJl4lt81C22YgR6BL7vp3QcMc?authuser=0&hl=en&rclk=1
"Automotive Repair in Miami, Florida",Motoro Cars,4.6,464,,Auto repair shop,875 W Flagler St,25.7739487,-80.2091524,Open,Closes 6 PM,http://www.motorocars.com/,2025-03-07 13:31:44,(305) 563-7272," 
Onsite services
 
BOOK ONLINE",https://www.google.com/maps/place/Motoro+Cars/data=!4m7!3m6!1s0x88d9b781f256b347:0x8e1eb59585395b0f!8m2!3d25.7739487!4d-80.2091524!16s%2Fg%2F11hd_wwdlv!19sChIJR7NW8oG32YgRD1s5hZW1Ho4?authuser=0&hl=en&rclk=1
"Automotive Repair in Miami, Florida",Mario Busto Auto Repair,4.9,102,,Auto repair shop,1160 SW 5th St,25.768561,-80.214058,Open,Closes 5 PM,http://www.miamimarioautorepair.com/,2025-03-07 13:31:46,(305) 815-1067,,https://www.google.com/maps/place/Mario+Busto+Auto+Repair/data=!4m7!3m6!1s0x88d9b6f23fb4249d:0x47b1899353ab9d3a!8m2!3d25.768561!4d-80.214058!16s%2Fg%2F1tdh4n_r!19sChIJnSS0P_K22YgROp2rU5OJsUc?authuser=0&hl=en&rclk=1
"Automotive Repair in Miami, Florida",J C Car Care Center,4.9,"1,249",,Auto repair shop,5560 NW 27th Ave,25.8255677,-80.2411421,Open,Closes 6 PM,,2025-03-07 13:31:47,(305) 633-1824,,https://www.google.com/maps/place/J+C+Car+Care+Center/data=!4m7!3m6!1s0x88d9b0dc8fb0ee55:0x87ee73b5a51d4973!8m2!3d25.8255677!4d-80.2411421!16s%2Fg%2F1tks736p!19sChIJVe6wj9yw2YgRc0kdpbVz7oc?authuser=0&hl=en&rclk=1
"Automotive Repair in Miami, Florida",Flagler Auto Repair,4.7,133,,Auto repair shop,1690 Red Rd,25.7551505,-80.2876661,Open,Closes 5 PM,,2025-03-07 13:31:48,(305) 269-3080,,https://www.google.com/maps/place/Flagler+Auto+Repair/data=!4m7!3m6!1s0x88d9b82e29b50a77:0x7019141e78b5a0d8!8m2!3d25.7551505!4d-80.2876661!16s%2Fg%2F1261gxdb0!19sChIJdwq1KS642YgR2KC1eB4UGXA?authuser=0&hl=en&rclk=1
"Automotive Repair in Miami, Florida",Affordable Auto Repair,4.6,86,,Auto repair shop,8288 NW 64th St,25.8313759,-80.33158,Open,Closes 6 PM,https://www.affordableautorepairmiamifl.net/,2025-03-07 13:31:49,(305) 594-0034,,https://www.google.com/maps/place/Affordable+Auto+Repair/data=!4m7!3m6!1s0x88d9bbc8baca9c45:0xd65a3908a5bc59e6!8m2!3d25.8313759!4d-80.33158!16s%2Fg%2F1tfpqhcn!19sChIJRZzKusi72YgR5lm8pQg5WtY?authuser=0&hl=en&rclk=1
"Automotive Repair in Miami, Florida","Manny's Auto Service, Inc.",4.5,181,,Auto repair shop,5609 NW 6th St,25.7774066,-80.2863916,Open,Closes 6 PM,http://www.mannysautoservice.com/,2025-03-07 13:31:50,(305) 262-9921,,"https://www.google.com/maps/place/Manny%27s+Auto+Service,+Inc./data=!4m7!3m6!1s0x88d9b9dac317715b:0xcfeae8b18dd7c883!8m2!3d25.7774066!4d-80.2863916!16s%2Fg%2F1tc_lyv0!19sChIJW3EXw9q52YgRg8jXjbHo6s8?authuser=0&hl=en&rclk=1"
"Automotive Repair in Miami, Florida",Mechanics in Motion LLC Mobile Mechanics,4.6,242,,Auto repair shop,1065 SW 8th St Unit 584,25.7660753,-80.2124912,Open,Closes 6 PM,http://mechanicsinmotionfl.com/,2025-03-07 13:31:51,(305) 290-1572," 
Onsite services",https://www.google.com/maps/place/Mechanics+in+Motion+LLC+Mobile+Mechanics/data=!4m7!3m6!1s0x88d9af83cb1509f3:0x833df4c41e5e9ed8!8m2!3d25.7660753!4d-80.2124912!16s%2Fg%2F11ddxt_yyp!19sChIJ8wkVy4Ov2YgR2J5eHsT0PYM?authuser=0&hl=en&rclk=1
"Automotive Repair in Miami, Florida",Hector Fong Auto Repair,4.8,35,,Auto repair shop,999 W Flagler St,25.7738476,-80.2112081,Open,Closes 5:30 PM,,2025-03-07 13:31:53,,,https://www.google.com/maps/place/Hector+Fong+Auto+Repair/data=!4m7!3m6!1s0x88d9b702d75dcf0d:0xf9a032427d1d2cff!8m2!3d25.7738476!4d-80.2112081!16s%2Fg%2F11gycqzz2x!19sChIJDc9d1wK32YgR_ywdfUIyoPk?authuser=0&hl=en&rclk=1
"Automotive Repair in Miami, Florida",Espinosa Auto Service,4.7,100,,Auto repair shop,175 SW 57th Ave,25.7690972,-80.2878639,Open,Closes 5 PM,,2025-03-07 13:31:54,(305) 261-9774,,https://www.google.com/maps/place/Espinosa+Auto+Service/data=!4m7!3m6!1s0x88d9b9cdff819a47:0x4165155162d070aa!8m2!3d25.7690972!4d-80.2878639!16s%2Fg%2F1thmls_2!19sChIJR5qB_8252YgRqnDQYlEVZUE?authuser=0&hl=en&rclk=1
"Automotive Repair in Miami, Florida",Rodriguez Brother Auto Services,4.4,88,,Auto repair shop,669 NW 26th St,25.8014372,-80.2065868,Open,Closes 6 PM,https://rodriguezbrothersautoservice.com/,2025-03-07 13:31:55,(305) 456-6374,,https://www.google.com/maps/place/Rodriguez+Brother+Auto+Services/data=!4m7!3m6!1s0x88d9b6b4511b72ab:0x5f3d465e74dfc24a!8m2!3d25.8014372!4d-80.2065868!16s%2Fg%2F1w456dqy!19sChIJq3IbUbS22YgRSsLfdF5GPV8?authuser=0&hl=en&rclk=1
"Automotive Repair in Miami, Florida",Elite Auto Repair,4.8,109,,Auto repair shop,12212 SW 129th Ct,25.6548218,-80.4053765,Open,Closes 5 PM,https://www.eliteautorepairmiami.com/,2025-03-07 13:31:56,(305) 234-9770," 
Onsite services",https://www.google.com/maps/place/Elite+Auto+Repair/data=!4m7!3m6!1s0x88d9c10cac786e25:0xf5ddd78976d2fc33!8m2!3d25.6548218!4d-80.4053765!16s%2Fg%2F11c1wt44z4!19sChIJJW54rAzB2YgRM_zSdonX3fU?authuser=0&hl=en&rclk=1
"Automotive Repair in Miami, Florida",Gramenzi Auto Services,4.4,304,,Auto repair shop,909 NW 27th Ave,25.781744,-80.2390347,Open,Closes 6 PM,http://www.gramenziautoservices.com/,2025-03-07 13:31:57,(305) 364-5901,,https://www.google.com/maps/place/Gramenzi+Auto+Services/data=!4m7!3m6!1s0x88d9b6fd4ce480e1:0xa33f58b0613600f7!8m2!3d25.781744!4d-80.2390347!16s%2Fg%2F1tj6vmn8!19sChIJ4YDkTP222YgR9wA2YbBYP6M?authuser=0&hl=en&rclk=1
"Automotive Repair in Miami, Florida",Tony's Vehicle Solutions,4.7,976,,Auto repair shop,3693 SW 7th St,25.765735,-80.254856,Open,Closes 6 PM,https://tonyvehiclesolution.com/,2025-03-07 13:31:58,(786) 703-9084," 
Onsite services
 
BOOK ONLINE",https://www.google.com/maps/place/Tony%27s+Vehicle+Solutions/data=!4m7!3m6!1s0x88d9b76dec38b131:0x69f7483f183de67b!8m2!3d25.765735!4d-80.254856!16s%2Fg%2F11f5p2qytw!19sChIJMbE47G232YgRe-Y9GD9I92k?authuser=0&hl=en&rclk=1
"Automotive Repair in Miami, Florida",MasterClass Automotive,4.8,163,,Auto repair shop,1800 NW 23rd St,25.7981513,-80.2257492,Open,Closes 5:30 PM,https://masterclassauto.com/,2025-03-07 13:32:00,(305) 351-2012," 
Onsite services",https://www.google.com/maps/place/MasterClass+Automotive/data=!4m7!3m6!1s0x88d9b6d17535385b:0x37aa32b2e9f737ac!8m2!3d25.7981513!4d-80.2257492!16s%2Fg%2F1tplr3hh!19sChIJWzg1ddG22YgRrDf36bIyqjc?authuser=0&hl=en&rclk=1
"Automotive Repair in Miami, Florida",ALFA GARAGE MIAMI,5.0,407,,Auto repair shop,"ALFA GARAGE BUILDING, 3970 NW 27th St",25.800106,-80.2614979,Open,Closes 1 PMReopens 2 PM,http://alfagaragemiami.com/,2025-03-07 13:32:01,(786) 836-4547," 
In-store shopping
·
Delivery",https://www.google.com/maps/place/ALFA+GARAGE+MIAMI/data=!4m7!3m6!1s0x88d9b74edde85511:0x9dbaec11d21a4772!8m2!3d25.800106!4d-80.2614979!16s%2Fg%2F1thzppxg!19sChIJEVXo3U632YgRckca0hHsup0?authuser=0&hl=en&rclk=1
"Automotive Repair in Fort Lauderdale, Florida",Rey's Auto Repair Services,4.9,556,,Auto repair shop,527 SW 15th Ave 2nd ENTRANCE,25.7677892,-80.2192258,Open,Closes 4 PM,,2025-03-07 13:32:12,(305) 541-7339,,https://www.google.com/maps/place/Rey%27s+Auto+Repair+Services/data=!4m7!3m6!1s0x88d9b6f0f593c7d3:0x87bb1ec01374f8d5!8m2!3d25.7677892!4d-80.2192258!16s%2Fg%2F1thxlwc9!19sChIJ08eT9fC22YgR1fh0E8Aeu4c?authuser=0&hl=en&rclk=1
"Automotive Repair in Fort Lauderdale, Florida",Green's Garage,4.6,659,,Auto repair shop,2221 SW 32nd Ave,25.7495784,-80.2462346,Open,Closes 6 PM,https://www.greensgaragemiami.com/,2025-03-07 13:32:13,(305) 444-8881," 
Onsite services
 
BOOK ONLINE",https://www.google.com/maps/place/Green%27s+Garage/data=!4m7!3m6!1s0x88d9b7a4d6356979:0xb2c38377a2974489!8m2!3d25.7495784!4d-80.2462346!16s%2Fg%2F1tfxyvbk!19sChIJeWk11qS32YgRiUSXoneDw7I?authuser=0&hl=en&rclk=1
"Automotive Repair in Fort Lauderdale, Florida",E T Auto Repair,4.7,292,,Auto repair shop,5317 Powerline Rd,26.1928742,-80.1556652,Open,Closes 6 PM,https://empireautocare.com/,2025-03-07 13:32:16,(954) 738-2539," 
Onsite services
 
BOOK ONLINE",https://www.google.com/maps/place/Empire+Auto+Care/data=!4m7!3m6!1s0x88d903c5dc11e5c7:0xc9252a72fb45cfa4!8m2!3d26.1928742!4d-80.1556652!16s%2Fg%2F11bz_yyz2p!19sChIJx-UR3MUD2YgRpM9F-3IqJck?authuser=0&hl=en&rclk=1
"Automotive Repair in Fort Lauderdale, Florida",Atlantic Air & Auto Repair,4.8,175,,Auto repair shop,4208 NE 5th Ave,26.1785883,-80.1406012,Open,Closes 5 PM,http://automechanicftlauderdale.com/,2025-03-07 13:32:19,(954) 530-3441,,https://www.google.com/maps/place/Atlantic+Air+%26+Auto+Repair/data=!4m7!3m6!1s0x88d9022b0faf2c91:0xea168d60743ae344!8m2!3d26.1785883!4d-80.1406012!16s%2Fg%2F1tcv737w!19sChIJkSyvDysC2YgRROM6dGCNFuo?authuser=0&hl=en&rclk=1
"Automotive Repair in Fort Lauderdale, Florida",Prestige European Auto Repair,4.8,"1,079",,Auto repair shop,711 W Broward Blvd,26.1225109,-80.1512812,Open,Closes 5:30 PM,https://www.prestigeeuropean.com/?utm_source=Google&utm_medium=GMB&utm_campaign=FTL,2025-03-07 13:32:20,(954) 358-4994," 
BOOK ONLINE",https://www.google.com/maps/place/Prestige+European+Auto+Repair/data=!4m7!3m6!1s0x88d900fb644d9a53:0x3d51375f8df61408!8m2!3d26.1225109!4d-80.1512812!16s%2Fg%2F1tfk9tl0!19sChIJU5pNZPsA2YgRCBT2jV83UT0?authuser=0&hl=en&rclk=1
"Automotive Repair in Fort Lauderdale, Florida",Baez Auto Repair,4.6,143,,Auto repair shop,707 NE 11th St,26.1390384,-80.1355805,Open,Closes 5 PM,http://www.baezautorepair.com/,2025-03-07 13:32:21,(954) 522-2285,,https://www.google.com/maps/place/Baez+Auto+Repair/data=!4m7!3m6!1s0x88d901af5a573535:0xa6c13c7391734354!8m2!3d26.1390384!4d-80.1355805!16s%2Fg%2F1v3dsy0w!19sChIJNTVXWq8B2YgRVENzkXM8waY?authuser=0&hl=en&rclk=1
"Automotive Repair in Fort Lauderdale, Florida",Southport Auto Repair,4.6,46,,Auto repair shop,101 SW 17th St,26.1006729,-80.1431569,Open,Closes 6 PM,https://southportautorepair.com/,2025-03-07 13:32:22,(954) 527-0942,,https://www.google.com/maps/place/Southport+Auto+Repair/data=!4m7!3m6!1s0x88d9008a76a98e2d:0x872ba9dd186ba8bc!8m2!3d26.1006729!4d-80.1431569!16s%2Fg%2F11b86r2vmg!19sChIJLY6pdooA2YgRvKhrGN2pK4c?authuser=0&hl=en&rclk=1
"Automotive Repair in Fort Lauderdale, Florida",Bavaria Automotive & Tire,4.8,321,,Auto repair shop,4400 Davie Blvd,26.1047841,-80.2072029,Open,Closes 5 PM,https://www.mtmbavaria.com/,2025-03-07 13:32:23,(954) 791-6400," 
Onsite services
 
BOOK ONLINE",https://www.google.com/maps/place/Bavaria+Automotive+%26+Tire/data=!4m7!3m6!1s0x88d907419f892409:0xabc695bc273ed304!8m2!3d26.1047841!4d-80.2072029!16s%2Fg%2F1v5fspzh!19sChIJCSSJn0EH2YgRBNM-J7yVxqs?authuser=0&hl=en&rclk=1
"Automotive Repair in Fort Lauderdale, Florida","Eurautosolution, Inc",4.8,121,,Auto repair shop,1201 Riverland Rd,26.1069905,-80.1782245,Open,Closes 5 PM,,2025-03-07 13:32:25,(954) 763-1496,,"https://www.google.com/maps/place/Eurautosolution,+Inc/data=!4m7!3m6!1s0x88d900b7ded43d7b:0xaecbb2eb74c53360!8m2!3d26.1069905!4d-80.1782245!16s%2Fg%2F11x9v_f4s!19sChIJez3U3rcA2YgRYDPFdOuyy64?authuser=0&hl=en&rclk=1"
"Automotive Repair in Fort Lauderdale, Florida",Flash Garage LLC,4.8,207,,Auto repair shop,930 NE 4th Ave,26.1362156,-80.1401783,Opens soon,9 AM,,2025-03-07 13:32:26,(954) 825-1637,,https://www.google.com/maps/place/Flash+Garage+LLC/data=!4m7!3m6!1s0x88d9011fc1281d95:0x773b10f82df5debf!8m2!3d26.1362156!4d-80.1401783!16s%2Fg%2F11lfgqwjlx!19sChIJlR0owR8B2YgRv971LfgQO3c?authuser=0&hl=en&rclk=1
"Automotive Repair in Fort Lauderdale, Florida",Brads Automotive Repair Inc,4.8,89,,Tire shop,2968 Ravenswood Rd # 102,26.0850045,-80.1708255,Open,Closes 5 PM,,2025-03-07 13:32:27,(954) 321-6388,,https://www.google.com/maps/place/Brads+Automotive+Repair+Inc/data=!4m7!3m6!1s0x88d9a9959828ed1d:0xdd13b4cf3fe41edb!8m2!3d26.0850045!4d-80.1708255!16s%2Fg%2F1wc48s2l!19sChIJHe0omJWp2YgR2x7kP8-0E90?authuser=0&hl=en&rclk=1
"Automotive Repair in Fort Lauderdale, Florida",PATRIOT AUTO CARE,4.4,447,,Auto repair shop,2530 W Commercial Blvd,26.1875709,-80.1762706,Open,Closes 6 PM,https://patriotautocarefl.com/,2025-03-07 13:32:28,(954) 990-7936," 
Onsite services",https://www.google.com/maps/place/PATRIOT+AUTO+CARE/data=!4m7!3m6!1s0x88d903e54ae8e5af:0x99a8ab47d4c8cc06!8m2!3d26.1875709!4d-80.1762706!16s%2Fg%2F1pt_3h_wr!19sChIJr-XoSuUD2YgRBszI1EerqJk?authuser=0&hl=en&rclk=1
"Automotive Repair in Fort Lauderdale, Florida",Vertical Automotive,4.8,383,,Auto repair shop,1100 W Oakland Park Blvd Unit 5,26.1657387,-80.1575693,Open,Closes 5 PM,https://verticalautomotive.com/,2025-03-07 13:32:29,(954) 565-1518," 
Onsite services
 
BOOK ONLINE",https://www.google.com/maps/place/Vertical+Automotive/data=!4m7!3m6!1s0x88d9018597135abd:0x4db2bdad2b43ea48!8m2!3d26.1657387!4d-80.1575693!16s%2Fg%2F1thf9bvz!19sChIJvVoTl4UB2YgRSOpDK629sk0?authuser=0&hl=en&rclk=1
"Automotive Repair in Fort Lauderdale, Florida",S&H Auto Care & Sales INC,4.6,99,,Auto repair shop,4741 Ravenswood Rd,26.0631788,-80.1688065,Open,Closes 5 PM,,2025-03-07 13:32:31,(954) 966-8001,,https://www.google.com/maps/place/S%26H+Auto+Care+%26+Sales+INC/data=!4m7!3m6!1s0x88d9aa144e44c0f1:0x9bde37d52c7795e4!8m2!3d26.0631788!4d-80.1688065!16s%2Fg%2F1tf9p1hm!19sChIJ8cBEThSq2YgR5JV3LNU33ps?authuser=0&hl=en&rclk=1
"Automotive Repair in Fort Lauderdale, Florida",Mobile Mechanic Fort Lauderdale,4.6,298,,Auto repair shop,1223 NW 15th Ave,26.1408993,-80.1625243,Open 24 hours,,https://www.autorepairmobilemechanic.com/city/fort-lauderdale-fl,2025-03-07 13:32:32,(954) 204-0658,,https://www.google.com/maps/place/Mobile+Mechanic+Fort+Lauderdale/data=!4m7!3m6!1s0x88d901d4030e165f:0x3b8505b25b303cbc!8m2!3d26.1408993!4d-80.1625243!16s%2Fg%2F11gs6j5cs2!19sChIJXxYOA9QB2YgRvDwwW7IFhTs?authuser=0&hl=en&rclk=1
"Automotive Repair in Fort Lauderdale, Florida",Rothe's Auto Repair,4.9,392,,Auto repair shop,4444 N Dixie Hwy,26.1822417,-80.1344107,Open,Closes 4 PM,http://www.rothesauto.com/,2025-03-07 13:32:33,(954) 772-1505,,https://www.google.com/maps/place/Rothe%27s+Auto+Repair/data=!4m7!3m6!1s0x88d9022f1d655a8b:0x6739134d2355400d!8m2!3d26.1822417!4d-80.1344107!16s%2Fg%2F1td9fk2k!19sChIJi1plHS8C2YgRDUBVI00TOWc?authuser=0&hl=en&rclk=1
"Automotive Repair in Fort Lauderdale, Florida",Layton's Garage,4.5,91,,Auto repair shop,114 SW 9th St,26.1110638,-80.1447406,Open,Closes 5 PM,https://www.laytonsgarage.com/,2025-03-07 13:32:34,(954) 463-3333," 
Onsite services
 
BOOK ONLINE",https://www.google.com/maps/place/Layton%27s+Garage/data=!4m7!3m6!1s0x88d900f677063cd9:0x3ab1922c506bfb31!8m2!3d26.1110638!4d-80.1447406!16s%2Fg%2F1tglnpns!19sChIJ2TwGd_YA2YgRMftrUCySsTo?authuser=0&hl=en&rclk=1
"Automotive Repair in Fort Lauderdale, Florida",Fast Lane Autoshop LLC,4.9,180,,Auto repair shop,813 NW 1st St,26.1231842,-80.1526492,Open,Closes 5 PM,http://fastlaneautoshop.com/,2025-03-07 13:32:35,(954) 835-5728,,https://www.google.com/maps/place/Fast+Lane+Autoshop+LLC/data=!4m7!3m6!1s0x88d901a4a5de9dff:0x286749b0f2e118ae!8m2!3d26.1231842!4d-80.1526492!16s%2Fg%2F11g1md2zv4!19sChIJ_53epaQB2YgRrhjh8rBJZyg?authuser=0&hl=en&rclk=1
"Automotive Repair in Fort Lauderdale, Florida",Car Doctor,4.6,46,,Auto repair shop,1440 W State Rd 84,26.0902594,-80.1598984,Open,Closes 5 PM,,2025-03-07 13:32:37,(954) 767-0530,,https://www.google.com/maps/place/Car+Doctor/data=!4m7!3m6!1s0x88d901abfb846807:0x17cd82ac460d90ae!8m2!3d26.0902594!4d-80.1598984!16s%2Fg%2F1tfn3jpc!19sChIJB2iE-6sB2YgRrpANRqyCzRc?authuser=0&hl=en&rclk=1
"Automotive Repair in Fort Lauderdale, Florida",T & L Auto Repair and Tires,4.7,392,,Auto repair shop,1211 S State Rd 7,26.1059078,-80.201864,Open,Closes 6 PM,https://www.tlautorepairs.com/,2025-03-07 13:32:38,(954) 587-9979,,https://www.google.com/maps/place/T+%26+L+Auto+Repair+and+Tires/data=!4m7!3m6!1s0x88d90747023a6c6f:0xadbd4aaa4ef43c6!8m2!3d26.1059078!4d-80.201864!16s%2Fg%2F1tfn3jqh!19sChIJb2w6AkcH2YgRxkPvpKrU2wo?authuser=0&hl=en&rclk=1
"Automotive Repair in Fort Lauderdale, Florida",Arctic Auto Center,4.1,232,,Auto repair shop,3700 W Broward Blvd,26.1206546,-80.1980192,Open,Closes 5:30 PM,http://arcticautocenter.com/,2025-03-07 13:32:42,(954) 581-7980," 
Onsite services",https://www.google.com/maps/place/Arctic+Auto+Center/data=!4m7!3m6!1s0x88d9072fe4f0cc6b:0xdd66f2ecf0c3892f!8m2!3d26.1206546!4d-80.1980192!16s%2Fg%2F1tg9th2m!19sChIJa8zw5C8H2YgRL4nD8OzyZt0?authuser=0&hl=en&rclk=1
"Automotive Repair in Fort Lauderdale, Florida",Laz One Auto Repair,4.6,86,,Auto repair shop,3705 Davie Blvd,26.1047466,-80.1979242,Open,Closes 5:30 PM,https://www.lazoneautorepair.com/,2025-03-07 13:32:44,(954) 321-0440,,https://www.google.com/maps/place/Laz+One+Auto+Repair/data=!4m7!3m6!1s0x88d900c8b79f40d7:0x7d7f01472666066a!8m2!3d26.1047466!4d-80.1979242!16s%2Fg%2F1tykw5hd!19sChIJ10Cft8gA2YgRagZmJkcBf30?authuser=0&hl=en&rclk=1
"Automotive Repair in Fort Lauderdale, Florida",Rothe's Auto Repair,4.9,392,,Auto repair shop,4444 N Dixie Hwy,26.1822417,-80.1344107,Open,Closes 4 PM,http://www.rothesauto.com/,2025-03-07 13:32:46,(954) 772-1505,,https://www.google.com/maps/place/Rothe%27s+Auto+Repair/data=!4m7!3m6!1s0x88d9022f1d655a8b:0x6739134d2355400d!8m2!3d26.1822417!4d-80.1344107!16s%2Fg%2F1td9fk2k!19sChIJi1plHS8C2YgRDUBVI00TOWc?authuser=0&hl=en&rclk=1
"Automotive Repair in Fort Lauderdale, Florida",Car Doctor,4.6,46,,Auto repair shop,1440 W State Rd 84,26.0902594,-80.1598984,Open,Closes 5 PM,,2025-03-07 13:32:47,(954) 767-0530,,https://www.google.com/maps/place/Car+Doctor/data=!4m7!3m6!1s0x88d901abfb846807:0x17cd82ac460d90ae!8m2!3d26.0902594!4d-80.1598984!16s%2Fg%2F1tfn3jpc!19sChIJB2iE-6sB2YgRrpANRqyCzRc?authuser=0&hl=en&rclk=1
"Automotive Repair in Fort Lauderdale, Florida",Layton's Garage,4.5,91,,Auto repair shop,114 SW 9th St,26.1110638,-80.1447406,Open,Closes 5 PM,https://www.laytonsgarage.com/,2025-03-07 13:32:48,(954) 463-3333," 
Onsite services
 
BOOK ONLINE",https://www.google.com/maps/place/Layton%27s+Garage/data=!4m7!3m6!1s0x88d900f677063cd9:0x3ab1922c506bfb31!8m2!3d26.1110638!4d-80.1447406!16s%2Fg%2F1tglnpns!19sChIJ2TwGd_YA2YgRMftrUCySsTo?authuser=0&hl=en&rclk=1
"Automotive Repair in Fort Lauderdale, Florida","Affordable Auto Service, Inc.",4.5,58,,Auto repair shop,642 SW 27th Ave,26.1126258,-80.1776016,Open,Closes 6 PM,,2025-03-07 13:32:49,(954) 587-4033,,"https://www.google.com/maps/place/Affordable+Auto+Service,+Inc./data=!4m7!3m6!1s0x88d900c8cafbae65:0xd301606a84587ac9!8m2!3d26.1126258!4d-80.1776016!16s%2Fg%2F1thq1hmn!19sChIJZa77ysgA2YgRyXpYhGpgAdM?authuser=0&hl=en&rclk=1"
"Automotive Repair in Fort Lauderdale, Florida",A & V Auto Center,5.0,30,,Auto repair shop,1177 NW 51st St,26.189555,-80.1588104,Open,Closes 5 PM,,2025-03-07 13:32:50,(954) 491-7077,,https://www.google.com/maps/place/A+%26+V+Auto+Center/data=!4m7!3m6!1s0x88d903c49748fb39:0xb7b1c0751b6a4aa3!8m2!3d26.189555!4d-80.1588104!16s%2Fg%2F1tcx7tdg!19sChIJOftIl8QD2YgRo0pqG3XAsbc?authuser=0&hl=en&rclk=1
"Automotive Repair in Fort Lauderdale, Florida",S&H Auto Care & Sales INC,4.6,99,,Auto repair shop,4741 Ravenswood Rd,26.0631788,-80.1688065,Open,Closes 5 PM,,2025-03-07 13:32:52,(954) 966-8001,,https://www.google.com/maps/place/S%26H+Auto+Care+%26+Sales+INC/data=!4m7!3m6!1s0x88d9aa144e44c0f1:0x9bde37d52c7795e4!8m2!3d26.0631788!4d-80.1688065!16s%2Fg%2F1tf9p1hm!19sChIJ8cBEThSq2YgR5JV3LNU33ps?authuser=0&hl=en&rclk=1
"Automotive Repair in Fort Lauderdale, Florida",Mr D's Auto Repair Inc,4.6,57,,Auto repair shop,20 NW 9th Ave,26.1225828,-80.153391,Open,Closes 5 PM,,2025-03-07 13:32:53,(954) 767-9073,,https://www.google.com/maps/place/Mr+D%27s+Auto+Repair+Inc/data=!4m7!3m6!1s0x88d900fb4f1c6967:0x7b5b62947ccba342!8m2!3d26.1225828!4d-80.153391!16s%2Fg%2F1tdc6054!19sChIJZ2kcT_sA2YgRQqPLfJRiW3s?authuser=0&hl=en&rclk=1
"Automotive Repair in Fort Lauderdale, Florida",4 Corner Tire Shop & Auto Repair,4.5,380,,Auto repair shop,5180 NW 12th Ave,26.190876,-80.159028,Open,Closes 5:30 PM,https://www.4cornertireshop.com/,2025-03-07 13:32:54,(954) 772-4921," 
Onsite services",https://www.google.com/maps/place/4+Corner+Tire+Shop+%26+Auto+Repair/data=!4m7!3m6!1s0x88d903c5111a6a7b:0x3c946d1ee4255457!8m2!3d26.190876!4d-80.159028!16s%2Fg%2F1tfczm0x!19sChIJe2oaEcUD2YgRV1Ql5B5tlDw?authuser=0&hl=en&rclk=1
"Automotive Repair in Fort Lauderdale, Florida",AB Auto Repair LLC,4.6,30,,Auto repair shop,811 NW 7th Terrace,26.1335091,-80.1520863,Open,Closes 5 PM,,2025-03-07 13:32:55,(954) 990-4418,,https://www.google.com/maps/place/AB+Auto+Repair+LLC/data=!4m7!3m6!1s0x88d900fc9f6a60c5:0xba312fd4bdbcf401!8m2!3d26.1335091!4d-80.1520863!16s%2Fg%2F113h0k4f4!19sChIJxWBqn_wA2YgRAfS8vdQvMbo?authuser=0&hl=en&rclk=1
"Automotive Repair in Fort Lauderdale, Florida",AAA Tires & Service,4.5,120,,Auto repair shop,2120 E Oakland Park Blvd,26.1667913,-80.1180557,Open,Closes 7 PM,,2025-03-07 13:32:56,(954) 900-5500,,https://www.google.com/maps/place/AAA+Tires+%26+Service/data=!4m7!3m6!1s0x88d901b320b04bc7:0x8269d844ea932c1d!8m2!3d26.1667913!4d-80.1180557!16s%2Fg%2F11hdx1bxql!19sChIJx0uwILMB2YgRHSyT6kTYaYI?authuser=0&hl=en&rclk=1
"Automotive Repair in Fort Lauderdale, Florida",AUTO MEDIC,4.6,63,,Auto repair shop,5350 N State Rd 7,26.192093,-80.2031048,Open,Closes 5:30 PM,,2025-03-07 13:32:57,(954) 739-6583,,https://www.google.com/maps/place/AUTO+MEDIC/data=!4m7!3m6!1s0x88d90410bf1649c3:0x8ac56b0dd709f9b9!8m2!3d26.192093!4d-80.2031048!16s%2Fg%2F11cm_hyg7k!19sChIJw0kWvxAE2YgRufkJ1w1rxYo?authuser=0&hl=en&rclk=1
"Automotive Repair in Fort Lauderdale, Florida",Dynamic Auto Repair,4.6,40,,Auto repair shop,1606 SW 3rd Ave,26.1016344,-80.1447352,Open,Closes 4 PM,http://www.dynamicautorepairflorida.com/,2025-03-07 13:32:59,(954) 361-5173,,https://www.google.com/maps/place/Dynamic+Auto+Repair/data=!4m7!3m6!1s0x88d9008a599b0ae3:0xa932d6501fc3fb02!8m2!3d26.1016344!4d-80.1447352!16s%2Fg%2F11h14jcrv!19sChIJ4wqbWYoA2YgRAvvDH1DWMqk?authuser=0&hl=en&rclk=1
"Automotive Repair in Fort Lauderdale, Florida",Fort Lauderdale Mobile Mechanic,4.7,45,,Car repair and maintenance service,1515 E Broward Blvd APT 302,26.1235284,-80.1283196,Open 24 hours,,https://fortlauderdalemobilemechanic.com/,2025-03-07 13:33:00,(954) 960-3176,,https://www.google.com/maps/place/Fort+Lauderdale+Mobile+Mechanic/data=!4m7!3m6!1s0x88d901743c94685b:0x16f444efa7d671a4!8m2!3d26.1235284!4d-80.1283196!16s%2Fg%2F11q3lwsnb4!19sChIJW2iUPHQB2YgRpHHWp-9E9BY?authuser=0&hl=en&rclk=1
"Automotive Repair in Fort Lauderdale, Florida",Roger's Auto Repair,4.5,276,,Auto repair shop,4215 Peters Rd,26.1066804,-80.2048102,Open,Closes 6 PM,https://www.rogersrepaircenter.com/,2025-03-07 13:33:01,(954) 791-8930,,https://www.google.com/maps/place/Roger%27s+Auto+Repair/data=!4m7!3m6!1s0x88d90740d0cb3849:0x886185205027e2ca!8m2!3d26.1066804!4d-80.2048102!16s%2Fg%2F1tcvvnh8!19sChIJSTjL0EAH2YgRyuInUCCFYYg?authuser=0&hl=en&rclk=1
"Automotive Repair in Fort Lauderdale, Florida",DA Performance - Call For An Appointment,4.8,82,,Auto repair shop,727 NW 6th Ave,26.132333,-80.149985,Opens soon,9 AM,,2025-03-07 13:33:02,(954) 533-1118,,https://www.google.com/maps/place/DA+Performance+-+Call+For+An+Appointment/data=!4m7!3m6!1s0x88d90994c9bb8c8f:0xa3f9e4343e758a74!8m2!3d26.132333!4d-80.149985!16s%2Fg%2F11g235dp6m!19sChIJj4y7yZQJ2YgRdIp1PjTk-aM?authuser=0&hl=en&rclk=1
"Automotive Repair in Fort Lauderdale, Florida",Wil’s auto specialist,5.0,29,,Auto repair shop,5406 NW 10th Terrace,26.193738,-80.1572412,Open,Closes 5 PM,http://wilsauto.com/,2025-03-07 13:33:04,(954) 226-9395,,https://www.google.com/maps/place/Wil%E2%80%99s+auto+specialist/data=!4m7!3m6!1s0x88d903aad5705ae5:0xcc9536d94fa8020!8m2!3d26.193738!4d-80.1572412!16s%2Fg%2F11h1z2drs4!19sChIJ5Vpw1aoD2YgRIID6lG1TyQw?authuser=0&hl=en&rclk=1
"Automotive Repair in Fort Lauderdale, Florida",Marty's Complete Automotive,4.7,219,,Auto repair shop,3900 NE 5th Terrace,26.1750953,-80.1394227,Open,Closes 6 PM,http://www.martyscompleteauto.com/,2025-03-07 13:33:05,(954) 561-7710,,https://www.google.com/maps/place/Marty%27s+Complete+Automotive/data=!4m7!3m6!1s0x88d9022a798795fd:0xf06194d1f1ad82ce!8m2!3d26.1750953!4d-80.1394227!16s%2Fg%2F1w15_72b!19sChIJ_ZWHeSoC2YgRzoKt8dGUYfA?authuser=0&hl=en&rclk=1
"Automotive Repair in Fort Lauderdale, Florida",Auto Works,4.6,65,,Auto repair shop,721 NW 7th Terrace,26.1319466,-80.1519466,Open,Closes 5 PM,http://theautoworks.com/,2025-03-07 13:33:06,(954) 467-1491,,https://www.google.com/maps/place/Auto+Works/data=!4m7!3m6!1s0x88d901030542d885:0xd92c16d6815bdf18!8m2!3d26.1319466!4d-80.1519466!16s%2Fg%2F1tgptdpx!19sChIJhdhCBQMB2YgRGN9bgdYWLNk?authuser=0&hl=en&rclk=1
"Automotive Repair in Fort Lauderdale, Florida",J & M Auto Repair Service Inc.,4.3,38,,Auto repair shop,3730 W Broward Blvd,26.1207076,-80.1982602,Open,Closes 5 PM,,2025-03-07 13:33:12,(954) 937-5043," 
""The repairs were completed efficiently and at a very fair price.""",https://www.google.com/maps/place/J+%26+M+Auto+Repair+Service+Inc./data=!4m7!3m6!1s0x88d90793e17e6bc3:0x852a33fd4ec7820f!8m2!3d26.1207076!4d-80.1982602!16s%2Fg%2F11h_w_17vk!19sChIJw2t-4ZMH2YgRD4LHTv0zKoU?authuser=0&hl=en&rclk=1
"Automotive Repair in Fort Lauderdale, Florida",Speedy Repair Services,5.0,169,,Auto repair shop,207 SW 28th St,26.0891232,-80.1434015,Opens soon,9 AM,https://speedyrepairservicesfll.com/,2025-03-07 13:33:13,(954) 661-4040," 
""They gave me an honest diagnosis of my car.""",https://www.google.com/maps/place/Speedy+Repair+Services/data=!4m7!3m6!1s0x88d901f7ea6ffa07:0xf942a9e17bc7a97e!8m2!3d26.0891232!4d-80.1434015!16s%2Fg%2F11vhxgw1dl!19sChIJB_pv6vcB2YgRfqnHe-GpQvk?authuser=0&hl=en&rclk=1
"Automotive Repair in Fort Lauderdale, Florida",Tune Rite Auto,4.7,794,,Auto repair shop,5460 Reese Rd,26.0903349,-80.219658,Open,Closes 5:30 PM,http://www.tuneriteauto.com/,2025-03-07 13:33:14,(954) 584-4104," 
""Work was performed flawlessly and car was back on time!""
 
BOOK ONLINE",https://www.google.com/maps/place/Tune+Rite+Auto/data=!4m7!3m6!1s0x88d9076317bc0e07:0xe40a705b28d3e41d!8m2!3d26.0903349!4d-80.219658!16s%2Fg%2F1tdkn08x!19sChIJBw68F2MH2YgRHeTTKFtwCuQ?authuser=0&hl=en&rclk=1
"Automotive Repair in Fort Lauderdale, Florida",LUXURY AUTO PRECISION,5.0,40,,Auto repair shop,1740 E Sunrise Blvd,26.1371254,-80.1241227,Opens soon,9 AM,https://luxuryautoprecision.com/,2025-03-07 13:33:16,(954) 299-8311," 
Onsite services",https://www.google.com/maps/place/LUXURY+AUTO+PRECISION/data=!4m7!3m6!1s0x88d9bb399280a2f3:0xc5a48ec87fb2c60c!8m2!3d26.1371254!4d-80.1241227!16s%2Fg%2F11ggngts1v!19sChIJ86KAkjm72YgRDMayf8iOpMU?authuser=0&hl=en&rclk=1
"Automotive Repair in Fort Lauderdale, Florida",Florida Tire & Auto Repair,4.4,196,,Tire shop,6767 Powerline Rd,26.2097138,-80.1563504,Open,Closes 5 PM,https://floridatireofpowerline.com/,2025-03-07 13:33:17,(954) 974-8299," 
In-store shopping",https://www.google.com/maps/place/Florida+Tire+%26+Auto+Repair/data=!4m7!3m6!1s0x88d903badf0267b9:0x9bd770e5cd312bbe!8m2!3d26.2097138!4d-80.1563504!16s%2Fg%2F1tfwl4js!19sChIJuWcC37oD2YgRvisxzeVw15s?authuser=0&hl=en&rclk=1
"Automotive Repair in Fort Lauderdale, Florida",Dixie Auto Repair,4.6,45,,Auto repair shop,2630 N Dixie Hwy,26.1602842,-80.1315673,Open,Closes 5 PM,http://www.dixierepair.com/,2025-03-07 13:33:18,(954) 626-0790," 
""Great service, fast, reliable and good prices.""",https://www.google.com/maps/place/Dixie+Auto+Repair/data=!4m7!3m6!1s0x88d90113164b83cb:0xe6475eb58c697285!8m2!3d26.1602842!4d-80.1315673!16s%2Fg%2F11kd8bb6wb!19sChIJy4NLFhMB2YgRhXJpjLVeR-Y?authuser=0&hl=en&rclk=1
"Automotive Repair in Fort Lauderdale, Florida",RNW Automotive,4.9,135,,Auto repair shop,728 NW 6th Ave,26.1323619,-80.1496998,Open,Closes 6:30 PM,https://www.facebook.com/rnwauto,2025-03-07 13:33:19,(954) 918-3409," 
""Awesome service, great technicians, honest straightforward pricing.""",https://www.google.com/maps/place/RNW+Automotive/data=!4m7!3m6!1s0x88d901023063dd3d:0xba14e2b261226d5a!8m2!3d26.1323619!4d-80.1496998!16s%2Fg%2F11bbwnnds7!19sChIJPd1jMAIB2YgRWm0iYbLiFLo?authuser=0&hl=en&rclk=1
"Automotive Repair in Fort Lauderdale, Florida",European Auto Service,4.2,61,,Auto repair shop,2180 SW 38th St,26.0742801,-80.169975,Open,Closes 5 PM,https://www.europeanautoservicefl.com/,2025-03-07 13:33:20,(954) 316-6444," 
Onsite services",https://www.google.com/maps/place/European+Auto+Service/data=!4m7!3m6!1s0x88d9aa0c32d76051:0xb1590849aab204f0!8m2!3d26.0742801!4d-80.169975!16s%2Fg%2F1tgh8c2s!19sChIJUWDXMgyq2YgR8ASyqkkIWbE?authuser=0&hl=en&rclk=1
"Automotive Repair in Fort Lauderdale, Florida",M&M Elite Auto Sales & Service,4.8,162,,Auto repair shop,5397 NE 14th Ave,26.1944779,-80.1316282,Open,Closes 5 PM,https://www.mmeliteauto.com/,2025-03-07 13:33:21,(754) 216-7950," 
""Amazing services completed by great people, quality job every time""",https://www.google.com/maps/place/M%26M+Elite+Auto+Sales+%26+Service/data=!4m7!3m6!1s0x88d9023a09b8ea6d:0xc3ced53bd6c706fe!8m2!3d26.1944779!4d-80.1316282!16s%2Fg%2F11clv6pq2n!19sChIJbeq4CToC2YgR_gbH1jvVzsM?authuser=0&hl=en&rclk=1
"Automotive Repair in Fort Lauderdale, Florida",Toyo Auto Repair at Sunrise Shell Gas station,5.0,32,,Auto repair shop,1420 E Sunrise Blvd,26.1368765,-80.1291846,Open,Closes 5 PM,,2025-03-07 13:33:23,(954) 234-1009,"  ""The repair was completed  quickly and in the same day.""",https://www.google.com/maps/place/Toyo+Auto+Repair+at+Sunrise+Shell+Gas+station/data=!4m7!3m6!1s0x88d901c3c148e7a1:0x854ec75672f489d5!8m2!3d26.1368765!4d-80.1291846!16s%2Fg%2F11rk5g9t3c!19sChIJoedIwcMB2YgR1Yn0clbHToU?authuser=0&hl=en&rclk=1
"Automotive Repair in Fort Lauderdale, Florida",Oakland Auto Center,4.7,112,,Auto repair shop,3185 N Dixie Hwy,26.1674981,-80.1317922,Open,Closes 5 PM,,2025-03-07 13:33:24,(954) 565-8630," 
""The prices are more than fair and they get the work done in a timely manner!""",https://www.google.com/maps/place/Oakland+Auto+Center/data=!4m7!3m6!1s0x88d9018f580a5367:0x9c6e7bed10fc2ef5!8m2!3d26.1674981!4d-80.1317922!16s%2Fg%2F1tnqhslz!19sChIJZ1MKWI8B2YgR9S78EO17bpw?authuser=0&hl=en&rclk=1
"Automotive Repair in Fort Lauderdale, Florida",JM Automobile Repair and Service,4.7,39,,Auto repair shop,15 NW 9th Ave,26.1225786,-80.1536932,Temporarily closed,,,2025-03-07 13:33:25,(954) 767-0201," 
""Great shop, very honest hard working people.""",https://www.google.com/maps/place/JM+Automobile+Repair+and+Service/data=!4m7!3m6!1s0x88d900fb5123ecb5:0xfb45f45a5a4152f5!8m2!3d26.1225786!4d-80.1536932!16s%2Fg%2F1tr7dld3!19sChIJtewjUfsA2YgR9VJBWlr0Rfs?authuser=0&hl=en&rclk=1
"Automotive Repair in Fort Lauderdale, Florida",Rubens Auto Service,5.0,147,,Auto repair shop,4650 NW 8th Terrace,26.1846518,-80.1535727,Open,Closes 5:30 PM,,2025-03-07 13:33:26,(954) 470-3511," 
""His car service is efficient, fast, fair and affordable.""",https://www.google.com/maps/place/Rubens+Auto+Service/data=!4m7!3m6!1s0x88d9091773ee3b9f:0x75fa588481352281!8m2!3d26.1846518!4d-80.1535727!16s%2Fg%2F11tj6mt1b5!19sChIJnzvucxcJ2YgRgSI1gYRY-nU?authuser=0&hl=en&rclk=1
"Automotive Repair in Fort Lauderdale, Florida",Ultimate Auto Care,4.5,259,,Auto repair shop,5270 FL-7,26.1910458,-80.2030078,Open,Closes 6 PM,https://www.theultimateautocare.com/,2025-03-07 13:33:28,(954) 485-4688," 
""My car was properly diagnosed and properly resolved!""",https://www.google.com/maps/place/Ultimate+Auto+Care/data=!4m7!3m6!1s0x88d9052d0ae63e6d:0xcfa634d08f0a1aef!8m2!3d26.1910458!4d-80.2030078!16s%2Fg%2F11nfftq87f!19sChIJbT7mCi0F2YgR7xoKj9A0ps8?authuser=0&hl=en&rclk=1
"Automotive Repair in Fort Lauderdale, Florida",Bud & Mack Auto Repairs,4.9,42,,Auto repair shop,728 NW 6th Ave Suite D,26.1323619,-80.1496998,Opens soon,9 AM,,2025-03-07 13:33:30,(754) 281-0087," 
""Everyone was interested in resolving my issue, no matter how minor.""",https://www.google.com/maps/place/Bud+%26+Mack+Auto+Repairs/data=!4m7!3m6!1s0x88d9a948b506a267:0x8745f7a83208994b!8m2!3d26.1323619!4d-80.1496998!16s%2Fg%2F1xpwkl3r!19sChIJZ6IGtUip2YgRS5kIMqj3RYc?authuser=0&hl=en&rclk=1
"Automotive Repair in Fort Lauderdale, Florida",Fort Lauderdale Collision,4.8,348,,Auto body shop,4561 NW 8th Ave,26.1825731,-80.1535298,Open,Closes 5:30 PM,http://www.ftlcollision.com/,2025-03-07 13:33:31,(954) 491-3904," 
Onsite services
 
BOOK ONLINE",https://www.google.com/maps/place/Fort+Lauderdale+Collision/data=!4m7!3m6!1s0x88d903c4a25b5cb7:0x943523c4c25411fb!8m2!3d26.1825731!4d-80.1535298!16s%2Fg%2F11bwy_15gs!19sChIJt1xbosQD2YgR-xFUwsQjNZQ?authuser=0&hl=en&rclk=1
"Automotive Repair in Fort Lauderdale, Florida",New Era Automotive Inc,4.7,491,,Auto repair shop,2873 NW 21st Ave,26.1620404,-80.171333,Open,Closes 6 PM,http://www.neweraautomotive.net/,2025-03-07 13:33:32,(954) 661-3446," 
""Got me in on short notice and had my car back within a day.""
 
BOOK ONLINE",https://www.google.com/maps/place/New+Era+Automotive+Inc/data=!4m7!3m6!1s0x88d9014b05fe61c7:0xeb21f5e0bfaeb7f7!8m2!3d26.1620404!4d-80.171333!16s%2Fg%2F1xfspjh7!19sChIJx2H-BUsB2YgR97euv-D1Ies?authuser=0&hl=en&rclk=1
"Automotive Repair in Fort Lauderdale, Florida",Black Horse Automotive - European Auto Repair,4.9,148,,Auto repair shop,1139 E Commercial Blvd,26.189271,-80.1317301,Open,Closes 6 PM,http://www.blackhorseautos.com/,2025-03-07 13:33:33,(954) 880-5000," 
Onsite services not available",https://www.google.com/maps/place/Black+Horse+Automotive+-+European+Auto+Repair/data=!4m7!3m6!1s0x88d9035f32b6e405:0x17c2927e278a2ea5!8m2!3d26.189271!4d-80.1317301!16s%2Fg%2F11mvhdd5p8!19sChIJBeS2Ml8D2YgRpS6KJ36Swhc?authuser=0&hl=en&rclk=1
"Automotive Repair in Fort Lauderdale, Florida",Your WrenchTech Mobile Mechanic,4.9,114,,Mechanic,801 SW 27th Ave,26.1110141,-80.1780812,Open,Closes 6 PM,https://yourwrenchtech.com/,2025-03-07 13:33:34,(754) 422-4316," 
""He fixed my car up multiple times and helped my family also.""",https://www.google.com/maps/place/Your+WrenchTech+Mobile+Mechanic/data=!4m7!3m6!1s0x88d90123bdd6c2f7:0x3f128f85c3a6672d!8m2!3d26.1110141!4d-80.1780812!16s%2Fg%2F11s4150r5m!19sChIJ98LWvSMB2YgRLWemw4WPEj8?authuser=0&hl=en&rclk=1
"Automotive Repair in Fort Lauderdale, Florida",Eava Auto Repair,4.8,21,,Auto repair shop,701 NW 7th Ave,26.1314407,-80.1509418,,,,2025-03-07 13:33:36,," 
""Was professional and timely on truck tuneup.""",https://www.google.com/maps/place/Eava+Auto+Repair/data=!4m7!3m6!1s0x88d9010255aec225:0xd8d5e81738e967c5!8m2!3d26.1314407!4d-80.1509418!16s%2Fg%2F1tls3mq6!19sChIJJcKuVQIB2YgRxWfpOBfo1dg?authuser=0&hl=en&rclk=1
"Automotive Repair in West Palm Beach, Florida",Auto Trans M.D.,5.0,146,,Transmission shop,5401 East Ave #1,26.7599376,-80.0682922,Open,Closes 5 PM,//www.googleadservices.com/pagead/aclk?sa=L&ai=DChcSEwijvbXfiviLAxUVy8IEHTi4CMUYABAAGgJwdg&co=1&gclid=EAIaIQobChMIo72134r4iwMVFcvCBB04uAjFEBAYASAAEgIOoPD_BwE&ohost=www.google.com&cid=CAASEuRo1XUjXVxeTwCFl8dj2K9WvQ&sig=AOD64_1SxZdRrvq3qaGuZ1B1mE40og8QaQ&adurl&q&ctype=99,2025-03-07 13:33:47,(561) 316-0057,,https://www.google.com/maps/place/Auto+Trans+M.D./data=!4m7!3m6!1s0x88d8d7acf5141c73:0xf3f4a257ce10117a!8m2!3d26.7599376!4d-80.0682922!16s%2Fg%2F11h1djbzk2!19sChIJcxwU9azX2IgRehEQzlei9PM?authuser=0&hl=en&rclk=1
"Automotive Repair in West Palm Beach, Florida",Auto Repair Pros West Palm Beach,4.8,317,,Auto repair shop,2188 N Military Trl Ste A,26.7095097,-80.1106459,Open,Closes 6 PM,https://autorepairpros.com/loc/west-palm-beach/,2025-03-07 13:33:49,(561) 529-9463," 
""From the price, professionalism and quality of repair.""
 
BOOK ONLINE",https://www.google.com/maps/place/Auto+Repair+Pros+West+Palm+Beach/data=!4m7!3m6!1s0x88d929fb0655d2c3:0xb23229e768ded3dd!8m2!3d26.7095097!4d-80.1106459!16s%2Fg%2F11l728wqlq!19sChIJw9JVBvsp2YgR3dPeaOcpMrI?authuser=0&hl=en&rclk=1
"Automotive Repair in West Palm Beach, Florida",Pete's Auto Repair,4.9,78,,Auto repair shop,4349 Okeechobee Blvd Bay E-3,26.7093452,-80.1082301,Open,Closes 5 PM,http://www.petesautorepairwpb.com/,2025-03-07 13:33:50,(561) 478-2885," 
""Fixed my A/C (belt) the same day and was ready by 5pm!""",https://www.google.com/maps/place/Pete%27s+Auto+Repair/data=!4m7!3m6!1s0x88d929dd2746f073:0xcb203db240e580f6!8m2!3d26.7093452!4d-80.1082301!16s%2Fg%2F113hj8756!19sChIJc_BGJ90p2YgR9oDlQLI9IMs?authuser=0&hl=en&rclk=1
"Automotive Repair in West Palm Beach, Florida",Foreign Affairs Auto,4.7,"1,107",,Auto repair shop,1681 N Military Trl,26.7019769,-80.1119327,Open,Closes 6 PM,https://foreignaffairsauto.com/,2025-03-07 13:33:51,(561) 513-5693," 
Onsite services
 
BOOK ONLINE",https://www.google.com/maps/place/Foreign+Affairs+Auto/data=!4m7!3m6!1s0x88d929c4f7562757:0x1277c13bfaa4fa4d!8m2!3d26.7019769!4d-80.1119327!16s%2Fg%2F1tfzb_2m!19sChIJVydW98Qp2YgRTfqk-jvBdxI?authuser=0&hl=en&rclk=1
"Automotive Repair in West Palm Beach, Florida",Andy's Auto Repair,4.9,125,,Auto repair shop,4337 Okeechobee Blvd H3,26.7083391,-80.1081917,Open,Closes 4 PM,,2025-03-07 13:33:53,(561) 478-6770," 
""Very reasonable prices, work completed quickly and professionally.""",https://www.google.com/maps/place/Andy%27s+Auto+Repair/data=!4m7!3m6!1s0x88d929dd5b403b9f:0xdbea6ebfc35f92a9!8m2!3d26.7083391!4d-80.1081917!16s%2Fg%2F1td546y6!19sChIJnztAW90p2YgRqZJfw79u6ts?authuser=0&hl=en&rclk=1
"Automotive Repair in West Palm Beach, Florida",Rojas Auto Repair,4.8,120,,Auto repair shop,440 Southern Blvd,26.6755844,-80.0562995,Open,Closes 6 PM,http://rojasautorepair.us/,2025-03-07 13:33:54,(561) 832-9636," 
""Daniel repaired it in less than an hour for a very fair price.""",https://www.google.com/maps/place/Rojas+Auto+Repair/data=!4m7!3m6!1s0x88d8d7a97558efcd:0x5a3499d14d616d45!8m2!3d26.6755844!4d-80.0562995!16s%2Fg%2F1tdq1y26!19sChIJze9YdanX2IgRRW1hTdGZNFo?authuser=0&hl=en&rclk=1
"Automotive Repair in West Palm Beach, Florida",Affordable Auto Repair and Tires,4.5,171,,Auto repair shop,2191 Indian Rd,26.7095059,-80.1045987,Open,Closes 5 PM,https://affordableautorepairandtires.com/,2025-03-07 13:33:55,(561) 478-5434," 
""They saved me thousands of dollars in just a few minutes!""",https://www.google.com/maps/place/Affordable+Auto+Repair+and+Tires/data=!4m7!3m6!1s0x88d929ddf61622f7:0xef4eac72a05f55aa!8m2!3d26.7095059!4d-80.1045987!16s%2Fg%2F12612_70d!19sChIJ9yIW9t0p2YgRqlVfoHKsTu8?authuser=0&hl=en&rclk=1
"Automotive Repair in West Palm Beach, Florida",Meineke Car Care Center,4.8,140,,Auto repair shop,2774 Okeechobee Blvd,26.7063235,-80.0975135,Open,Closes 6 PM,https://www.meineke.com/locations/fl/west-palm-beach-2950/?utm_source=google&utm_medium=organic&utm_campaign=gbp_website,2025-03-07 13:33:56,(561) 855-1880," 
""They replaced my battery on the same day and did it quickly and efficiently.""",https://www.google.com/maps/place/Meineke+Car+Care+Center/data=!4m7!3m6!1s0x88d8d72594384559:0x92d4d167d4e6d408!8m2!3d26.7063235!4d-80.0975135!16s%2Fg%2F11st9nxwx8!19sChIJWUU4lCXX2IgRCNTm1GfR1JI?authuser=0&hl=en&rclk=1
"Automotive Repair in West Palm Beach, Florida",Angel's Autocare Center,4.8,193,,Auto repair shop,1100 53rd Ct S,26.7570098,-80.0684426,Open,Closes 5 PM,http://www.angelsautocare.com/,2025-03-07 13:33:57,(561) 844-1713," 
""Great service, quality work, fair pricing.""",https://www.google.com/maps/place/Angel%27s+Autocare+Center/data=!4m7!3m6!1s0x88d8d50833b39189:0xad2d139019655835!8m2!3d26.7570098!4d-80.0684426!16s%2Fg%2F1thpxmld!19sChIJiZGzMwjV2IgRNVhlGZATLa0?authuser=0&hl=en&rclk=1
"Automotive Repair in West Palm Beach, Florida",Tire Choice Auto Service Centers,4.7,705,,Tire shop,1118 N Dixie Hwy,26.7231403,-80.0529029,Open,Closes 7 PM,https://locations.thetirechoice.com/fl/west-palm-beach/1118-n-dixie-highway?&utm_source=google&utm_medium=organic&utm_campaign=gbp-listing-store_1244,2025-03-07 13:33:58,(561) 331-3621," 
In-store shopping
·
In-store pickup",https://www.google.com/maps/place/Tire+Choice+Auto+Service+Centers/data=!4m7!3m6!1s0x88d8d68754a1d2f1:0x24a2a809712a7240!8m2!3d26.7231403!4d-80.0529029!16s%2Fg%2F1tg7stdr!19sChIJ8dKhVIfW2IgRQHIqcQmooiQ?authuser=0&hl=en&rclk=1
"Automotive Repair in West Palm Beach, Florida",Ben's Auto Repair,4.6,83,,Auto repair shop,5201 S Dixie Hwy,26.6666031,-80.0556534,Open,Closes 6 PM,,2025-03-07 13:33:59,(561) 655-3735," 
""Fixed my Ac for a great price and quickly""",https://www.google.com/maps/place/Ben%27s+Auto+Repair/data=!4m7!3m6!1s0x88d8d7a9e3f03535:0xf00b6acae541edd8!8m2!3d26.6666031!4d-80.0556534!16s%2Fg%2F1w0j4zyt!19sChIJNTXw46nX2IgR2O1B5cpqC_A?authuser=0&hl=en&rclk=1
"Automotive Repair in West Palm Beach, Florida",Pressley Auto Complete Repair,4.8,41,,Auto repair shop,4421 Annette St STE 5,26.7135425,-80.109581,Open,Closes 5:30 PM,,2025-03-07 13:34:01,(561) 262-3020," 
""Pressly did an amazing job fixing my car and making it safe to drive again!""",https://www.google.com/maps/place/Pressley+Auto+Complete+Repair/data=!4m7!3m6!1s0x88d929e626ce6d67:0x5b2220662ea99754!8m2!3d26.7135425!4d-80.109581!16s%2Fg%2F1260vg2rq!19sChIJZ23OJuYp2YgRVJepLmYgIls?authuser=0&hl=en&rclk=1
"Automotive Repair in West Palm Beach, Florida",Ama Auto Repair,4.7,71,,Auto repair shop,2051 Indian Rd,26.7074437,-80.1047499,Open,Closes 6 PM,,2025-03-07 13:34:02,(561) 684-2828," 
""Their prices are great and the quality of work is top notch.""",https://www.google.com/maps/place/Ama+Auto+Repair/data=!4m7!3m6!1s0x88d929ddc509f757:0x477b538a5f88d356!8m2!3d26.7074437!4d-80.1047499!16s%2Fg%2F1tf325g0!19sChIJV_cJxd0p2YgRVtOIX4pTe0c?authuser=0&hl=en&rclk=1
"Automotive Repair in West Palm Beach, Florida",Palm Beach Performance,4.8,165,,Auto repair shop,1761 Latham Rd,26.7025488,-80.0825524,Open,Closes 5:30 PM,https://palmbeachperformance.net/,2025-03-07 13:34:03,(561) 932-8840," 
""Great job at a fair price and completed in a timely fashion.""",https://www.google.com/maps/place/Palm+Beach+Performance/data=!4m7!3m6!1s0x88d8d63c0bc2b837:0xc74bbe4b811f04bd!8m2!3d26.7025488!4d-80.0825524!16s%2Fg%2F1hf2pqkkm!19sChIJN7jCCzzW2IgRvQQfgUu-S8c?authuser=0&hl=en&rclk=1
"Automotive Repair in West Palm Beach, Florida",P & J's Automotive,4.7,63,,Auto repair shop,1781 Latham Rd,26.7028583,-80.0826294,Open,Closes 5 PM,https://www.pandjautorepair.com/,2025-03-07 13:34:05,(561) 686-8488," 
""Fast, affordable, knowledgeable and very polite.""",https://www.google.com/maps/place/P+%26+J%27s+Automotive/data=!4m7!3m6!1s0x88d8d63c1274749f:0x79ad064c8e95ae2e!8m2!3d26.7028583!4d-80.0826294!16s%2Fg%2F1tgff4m2!19sChIJn3R0EjzW2IgRLq6VjkwGrXk?authuser=0&hl=en&rclk=1
"Automotive Repair in West Palm Beach, Florida",Elite Auto Repair,4.5,101,,Auto repair shop,1260 Plaza Cir,26.7836622,-80.0356552,Open,Closes 5 PM,https://www.eliteautorepair.org/,2025-03-07 13:34:06,(561) 727-8959," 
""Moe was awesome, put it up immediately and his guy fixed in in a flash.""",https://www.google.com/maps/place/Elite+Auto+Repair/data=!4m7!3m6!1s0x88d8d57835be72f9:0xb9f6422817d27bc2!8m2!3d26.7836622!4d-80.0356552!16s%2Fg%2F11ry2ypyrf!19sChIJ-XK-NXjV2IgRwnvSFyhC9rk?authuser=0&hl=en&rclk=1
"Automotive Repair in West Palm Beach, Florida","Griffin Auto Care, Inc.",4.5,226,,Auto body shop,1241 Roebuck Ct,26.6992146,-80.0656403,Open,Closes 6 PM,http://griffinautocare.com/,2025-03-07 13:34:07,(561) 659-0765,"  ""They did a great paint and
Body  repair job for me just recently.""","https://www.google.com/maps/place/Griffin+Auto+Care,+Inc./data=!4m7!3m6!1s0x88d8d644c6be69ad:0xabee342c1eab0a81!8m2!3d26.6992146!4d-80.0656403!16s%2Fg%2F11b77qrnf6!19sChIJrWm-xkTW2IgRgQqrHiw07qs?authuser=0&hl=en&rclk=1"
"Automotive Repair in West Palm Beach, Florida",Palm Beach Prestige Auto,4.9,53,,Auto repair shop,2100 N Dixie Hwy,26.7324925,-80.0526738,Open,Closes 5 PM,http://prestigeautopb.com/,2025-03-07 13:34:08,(561) 832-7800," 
""Great service experience, quality work and fair pricing...""",https://www.google.com/maps/place/Palm+Beach+Prestige+Auto/data=!4m7!3m6!1s0x88d8d42b25d8bc4f:0x4ca5f0bd16e76114!8m2!3d26.7324925!4d-80.0526738!16s%2Fg%2F1tj46pzz!19sChIJT7zYJSvU2IgRFGHnFr3wpUw?authuser=0&hl=en&rclk=1
"Automotive Repair in West Palm Beach, Florida",The Palm Beach Garage,4.7,90,,Auto repair shop,1137 53rd Ct N,26.7594509,-80.0687942,Open,Closes 5 PM,https://thepalmbeachgarage.com/?utm_source=google&utm_medium=organic&utm_campaign=gmb,2025-03-07 13:34:09,(561) 223-3984," 
""It was done in a very timely manner and the cost was very reasonable.""",https://www.google.com/maps/place/The+Palm+Beach+Garage/data=!4m7!3m6!1s0x88d8d655313b8a99:0xb07a62c9da1eeadd!8m2!3d26.7594509!4d-80.0687942!16s%2Fg%2F1ttq2x84!19sChIJmYo7MVXW2IgR3eoe2slierA?authuser=0&hl=en&rclk=1
"Automotive Repair in West Palm Beach, Florida",ATO Auto Repair,4.6,102,,Auto repair shop,6525 Southern Blvd #9,26.6806582,-80.1466621,Open,Closes 5 PM,https://www.autorepairwestpalmbeach.com/,2025-03-07 13:34:10,(561) 683-7704," 
""They made room for me that day and repaired my issue by 4:30 the same day.""",https://www.google.com/maps/place/ATO+Auto+Repair/data=!4m7!3m6!1s0x88d928e5eb887f4d:0xbf5345516cbacb11!8m2!3d26.6806582!4d-80.1466621!16s%2Fg%2F1tjrqs89!19sChIJTX-I6-Uo2YgREcu6bFFFU78?authuser=0&hl=en&rclk=1
"Automotive Repair in West Palm Beach, Florida",Master Techs Auto Repair,4.7,478,,Auto repair shop,7808 Okeechobee Blvd,26.707199,-80.1649455,Open,Closes 5:30 PM,https://www.mastertechsautorepair.com/,2025-03-07 13:34:11,(561) 623-7560," 
""Excellent customer service, professional repairs and a great price.""
 
BOOK ONLINE",https://www.google.com/maps/place/Master+Techs+Auto+Repair/data=!4m7!3m6!1s0x88d92916092d13ad:0x99fafedfbe14f656!8m2!3d26.707199!4d-80.1649455!16s%2Fg%2F1vn_zrrj!19sChIJrRMtCRYp2YgRVvYUvt_--pk?authuser=0&hl=en&rclk=1
"Automotive Repair in West Palm Beach, Florida",Auto Trans M.D.,5.0,146,,Transmission shop,5401 East Ave #1,26.7599376,-80.0682922,Open,Closes 5 PM,//www.googleadservices.com/pagead/aclk?sa=L&ai=DChcSEwiY-tzsiviLAxVeAK0GHULoDN8YABAAGgJwdg&co=1&gclid=EAIaIQobChMImPrc7Ir4iwMVXgCtBh1C6AzfEBAYASAAEgLbEPD_BwE&ohost=www.google.com&cid=CAASEuRoBKMfkSFXwwkOtF7BWHIkgw&sig=AOD64_3xTjZ3xeT1z_t1dc-IvcOoDtbI1w&adurl&q&ctype=99,2025-03-07 13:34:17,(561) 316-0057,,https://www.google.com/maps/place/Auto+Trans+M.D./data=!4m7!3m6!1s0x88d8d7acf5141c73:0xf3f4a257ce10117a!8m2!3d26.7599376!4d-80.0682922!16s%2Fg%2F11h1djbzk2!19sChIJcxwU9azX2IgRehEQzlei9PM?authuser=0&hl=en&rclk=1
"Automotive Repair in West Palm Beach, Florida",Eurotech,4.8,66,,Auto repair shop,2354 N Military Trl #212,26.7121197,-80.1096318,Open,Closes 5 PM,https://www.eurotechofpalmbeach.com/,2025-03-07 13:34:20,(561) 206-2015," 
""Problem fixed expertly despite unusual symptoms.""",https://www.google.com/maps/place/Eurotech/data=!4m7!3m6!1s0x88d929e85d54644b:0x7786979955da1072!8m2!3d26.7121197!4d-80.1096318!16s%2Fg%2F1tfm27q9!19sChIJS2RUXegp2YgRchDaVZmXhnc?authuser=0&hl=en&rclk=1
"Automotive Repair in West Palm Beach, Florida",Alternative Automotive Services,4.8,58,,Auto repair shop,2702 Rockey Dr,26.700514,-80.0814093,Open,Closes 5 PM,http://alternativeautowpb.com/,2025-03-07 13:34:21,(561) 640-4644," 
""Honest prices, fast service, knowledgeable mechanics.""",https://www.google.com/maps/place/Alternative+Automotive+Services/data=!4m7!3m6!1s0x88d8d6395c293d53:0xeece10a7317f9ce8!8m2!3d26.700514!4d-80.0814093!16s%2Fg%2F1tcwgskv!19sChIJUz0pXDnW2IgR6Jx_MacQzu4?authuser=0&hl=en&rclk=1
"Automotive Repair in West Palm Beach, Florida",AMB Auto Center of West Palm Beach,4.6,126,,Auto repair shop,2774 Okeechobee Blvd,26.7063061,-80.0975116,Open,Closes 5 PM,http://advancedmufflerandbrakes.com/,2025-03-07 13:34:22,(561) 684-6882," 
""He got me right in and within an hour had corrected the problem.""",https://www.google.com/maps/place/AMB+Auto+Center+of+West+Palm+Beach/data=!4m7!3m6!1s0x88d8d6207b85db2b:0xa98e064f7cfb9210!8m2!3d26.7063061!4d-80.0975116!16s%2Fg%2F1tj85msl!19sChIJK9uFeyDW2IgREJL7fE8Gjqk?authuser=0&hl=en&rclk=1
"Automotive Repair in West Palm Beach, Florida",M&M AUTO REPAIR SHOP,4.6,63,,Auto repair shop,1655 Donna Rd bay1,26.7010427,-80.0815962,Open,Closes 12 AM,,2025-03-07 13:34:23,(561) 506-9335," 
""He was able to get me back on the road within a couple of hours.""",https://www.google.com/maps/place/M%26M+AUTO+REPAIR+SHOP/data=!4m7!3m6!1s0x88d8d63bef7f0631:0xc559ae0c976e9353!8m2!3d26.7010427!4d-80.0815962!16s%2Fg%2F11bx2gdyyf!19sChIJMQZ_7zvW2IgRU5NulwyuWcU?authuser=0&hl=en&rclk=1
"Automotive Repair in West Palm Beach, Florida",MotorHaus,5.0,365,,Auto repair shop,1540 Latham Rd,26.6994525,-80.0823954,Open,Closes 5 PM,https://motorhauspalmbeach.com/,2025-03-07 13:34:24,(561) 345-2799," 
""The repairs were completed in the promised time and quoted amount.""",https://www.google.com/maps/place/MotorHaus/data=!4m7!3m6!1s0x88d8d63bc26b6b93:0xe663ae39d52c0626!8m2!3d26.6994525!4d-80.0823954!16s%2Fg%2F1hhj8fylq!19sChIJk2trwjvW2IgRJgYs1TmuY-Y?authuser=0&hl=en&rclk=1
"Automotive Repair in West Palm Beach, Florida",Car Clinic Auto Repair,4.6,94,,Auto repair shop,7001 Norton Ave #12,26.6535384,-80.0582549,Open,Closes 6:30 PM,https://www.wpbcarclinic.com/,2025-03-07 13:34:25,(561) 547-4700,"  ""Quick response  Great mechanic Fair prices""",https://www.google.com/maps/place/Car+Clinic+Auto+Repair/data=!4m7!3m6!1s0x88d8d79c1b7ad5bf:0xdfa3339964b10518!8m2!3d26.6535384!4d-80.0582549!16s%2Fg%2F11b7g13zp2!19sChIJv9V6G5zX2IgRGAWxZJkzo98?authuser=0&hl=en&rclk=1
"Automotive Repair in West Palm Beach, Florida","GT Auto Repair, Inc.",4.6,57,,Auto repair shop,2833 Forest Hill Blvd,26.6511512,-80.0852655,Open,Closes 5 PM,http://www.gtwpb.com/,2025-03-07 13:34:27,(561) 964-7334," 
""They did another repair in a timely manner, and did a very satisfactory job.""","https://www.google.com/maps/place/GT+Auto+Repair,+Inc./data=!4m7!3m6!1s0x88d8d7efc3dd3f15:0x9f68cddec36b36f1!8m2!3d26.6511512!4d-80.0852655!16s%2Fg%2F1tr9p6fd!19sChIJFT_dw-_X2IgR8TZrw97NaJ8?authuser=0&hl=en&rclk=1"
"Automotive Repair in West Palm Beach, Florida",Master Service Auto Repair,4.7,51,,Auto repair shop,767 N Military Trl,26.6885911,-80.1125845,Open,Closes 5 PM,,2025-03-07 13:34:28,(561) 615-9055," 
""Faster than any other place at a great great price.""",https://www.google.com/maps/place/Master+Service+Auto+Repair/data=!4m7!3m6!1s0x88d929cce3fefe41:0x267a37585852b533!8m2!3d26.6885911!4d-80.1125845!16s%2Fg%2F1tjyph_l!19sChIJQf7-48wp2YgRM7VSWFg3eiY?authuser=0&hl=en&rclk=1
"Automotive Repair in West Palm Beach, Florida",Adrian’s Automotive Repair,4.5,117,,Auto repair shop,3025 Windsor Ave,26.7409973,-80.0645154,Open,Closes 8 PM,https://www.adriansautos.com/,2025-03-07 13:34:29,(561) 628-6578," 
""Adrian was able to remove it and fix any underline issues.""",https://www.google.com/maps/place/Adrian%E2%80%99s+Automotive+Repair/data=!4m7!3m6!1s0x88d8d5abfeb87935:0x28a4f0f69d5eada3!8m2!3d26.7409973!4d-80.0645154!16s%2Fg%2F11h7b1n755!19sChIJNXm4_qvV2IgRo61enfbwpCg?authuser=0&hl=en&rclk=1
"Automotive Repair in West Palm Beach, Florida",Best Brakes Auto Repair,4.8,120,,Auto repair shop,7800 Okeechobee Blvd #2,26.7077286,-80.1648229,Open,Closes 5:30 PM,,2025-03-07 13:34:30,(561) 633-8019," 
""These guys are hands down the most honest and dependable mechanics around.""",https://www.google.com/maps/place/Best+Brakes+Auto+Repair/data=!4m7!3m6!1s0x88d92916016cf1bd:0xb318b1face92588f!8m2!3d26.7077286!4d-80.1648229!16s%2Fg%2F11fxpp7jpf!19sChIJvfFsARYp2YgRj1iSzvqxGLM?authuser=0&hl=en&rclk=1
"Automotive Repair in West Palm Beach, Florida",New Age Automotive,4.8,98,,Car repair and maintenance service,415 Belvedere Rd,26.690586,-80.0549624,Open,Closes 5 PM,,2025-03-07 13:34:31,(561) 832-0967," 
""Work was priced fairly and truck was in and out within two days.""",https://www.google.com/maps/place/New+Age+Automotive/data=!4m7!3m6!1s0x88d8d6564766e5fd:0x76aaf41bb0bf4f6c!8m2!3d26.690586!4d-80.0549624!16s%2Fg%2F1tdbg6qs!19sChIJ_eVmR1bW2IgRbE-_sBv0qnY?authuser=0&hl=en&rclk=1
"Automotive Repair in West Palm Beach, Florida",Foreign Auto Specialists,4.8,106,,Auto repair shop,8446 Belvedere Rd,26.6914802,-80.1815834,Opens soon,9 AM,http://fasautos.com/,2025-03-07 13:34:32,(561) 290-6300," 
""Reliable, great prices and high quality service.""
 
BOOK ONLINE",https://www.google.com/maps/place/Foreign+Auto+Specialists/data=!4m7!3m6!1s0x88d92927ee1ebb59:0x5ebfd821a5980f61!8m2!3d26.6914802!4d-80.1815834!16s%2Fg%2F1tj53d8_!19sChIJWbse7icp2YgRYQ-YpSHYv14?authuser=0&hl=en&rclk=1
"Automotive Repair in West Palm Beach, Florida",A & J Auto Care,4.6,58,,Auto repair shop,4401 Annette St,26.7135775,-80.1090881,Open,Closes 5 PM,https://www.ajautocarepro.com/,2025-03-07 13:34:34,(561) 697-8484," 
""They're honest and only do thorough work.""",https://www.google.com/maps/place/A+%26+J+Auto+Care/data=!4m7!3m6!1s0x88d929e85d5e19b5:0xbe076f05d0b6ce7e!8m2!3d26.7135775!4d-80.1090881!16s%2Fg%2F1hc8jdwj3!19sChIJtRleXegp2YgRfs620AVvB74?authuser=0&hl=en&rclk=1
"Automotive Repair in West Palm Beach, Florida",Jordan's Auto Care,5.0,20,,Auto repair shop,1225 Old Okeechobee Rd # C,26.6999084,-80.0658463,Open,Closes 5 PM,,2025-03-07 13:34:35,(561) 835-6776," 
""Fixed my car and Fair price.""",https://www.google.com/maps/place/Jordan%27s+Auto+Care/data=!4m7!3m6!1s0x88d8d644be5ca927:0x8239b12de9c717ca!8m2!3d26.6999084!4d-80.0658463!16s%2Fg%2F1tdn4x40!19sChIJJ6lcvkTW2IgRyhfH6S2xOYI?authuser=0&hl=en&rclk=1
"Automotive Repair in West Palm Beach, Florida",Steve's International Automotive Repair,4.8,24,,Auto repair shop,523 Ogston St,26.6733678,-80.057177,Open,Closes 5 PM,http://www.siawpb.com/,2025-03-07 13:34:36,(561) 833-1916," 
""Always a fair price and a good job and good advice""",https://www.google.com/maps/place/Steve%27s+International+Automotive+Repair/data=!4m7!3m6!1s0x88d8d65658251329:0x5e056e1a5d93300c!8m2!3d26.6733678!4d-80.057177!16s%2Fg%2F1thzppm6!19sChIJKRMlWFbW2IgRDDCTXRpuBV4?authuser=0&hl=en&rclk=1
"Automotive Repair in West Palm Beach, Florida",First Impression Auto Repair,4.9,42,,Auto repair shop,2360 N Military Trl #120,26.712411,-80.1096747,Open,Closes 5:30 PM,,2025-03-07 13:34:37,(561) 449-1201," 
""My issue was resolved in no time and the price was right!""",https://www.google.com/maps/place/First+Impression+Auto+Repair/data=!4m7!3m6!1s0x88d929eb5f9a093f:0x6034e6935800a344!8m2!3d26.712411!4d-80.1096747!16s%2Fg%2F11j0xpbb3b!19sChIJPwmaX-sp2YgRRKMAWJPmNGA?authuser=0&hl=en&rclk=1
"Automotive Repair in West Palm Beach, Florida",Jonny Auto / Auto repair & Tire,4.7,80,,Auto repair shop,7153 Southern Blvd B,26.6805353,-80.1598834,Open,Closes 6 PM,http://facebook.com/jonnyautodeals,2025-03-07 13:34:39,(561) 249-9041," 
""They welded my muffler pipes back to almost new.""",https://www.google.com/maps/place/Jonny+Auto+%2F+Auto+repair+%26+Tire/data=!4m7!3m6!1s0x88d928e6775c8c19:0xa736c82a8b512fdf!8m2!3d26.6805353!4d-80.1598834!16s%2Fg%2F11g6nbsxxk!19sChIJGYxcd-Yo2YgR3y9RiyrINqc?authuser=0&hl=en&rclk=1
"Automotive Repair in West Palm Beach, Florida",Wrench Brothers Auto Repairs & Tires,4.7,102,,Auto repair shop,610 S Military Trl,26.6683212,-80.1120416,Open,Closes 5 PM,,2025-03-07 13:34:40,(561) 689-5544," 
""Quick fix for my auto repair at a reasonable price.""",https://www.google.com/maps/place/Wrench+Brothers+Auto+Repairs+%26+Tires/data=!4m7!3m6!1s0x88d9283c88399fcb:0x1bcee0e67d2ee303!8m2!3d26.6683212!4d-80.1120416!16s%2Fg%2F1s04b3bw7!19sChIJy585iDwo2YgRA-Mufebgzhs?authuser=0&hl=en&rclk=1
"Automotive Repair in West Palm Beach, Florida",Military Brake & Alignment,4.8,673,,Auto repair shop,4449 12th St,26.7221143,-80.1095976,Open,Closes 5 PM,http://www.militarybrake.com/,2025-03-07 13:34:41,(561) 684-1323," 
Onsite services",https://www.google.com/maps/place/Military+Brake+%26+Alignment/data=!4m7!3m6!1s0x88d929f006b92283:0x9cc9662007eec515!8m2!3d26.7221143!4d-80.1095976!16s%2Fg%2F1tg3602w!19sChIJgyK5BvAp2YgRFcXuByBmyZw?authuser=0&hl=en&rclk=1
"Automotive Repair in West Palm Beach, Florida",OA Auto Repairs,5.0,105,,Auto repair shop,7153 Southern Blvd A17,26.6806125,-80.1598222,Open,Closes 5 PM,https://oaautorepairs.com/,2025-03-07 13:34:42,(561) 633-9405," 
Onsite services",https://www.google.com/maps/place/OA+Auto+Repairs/data=!4m7!3m6!1s0x88d9295636612313:0xefb244d556ae2dd4!8m2!3d26.6806125!4d-80.1598222!16s%2Fg%2F11kk521drh!19sChIJEyNhNlYp2YgR1C2uVtVEsu8?authuser=0&hl=en&rclk=1
"Automotive Repair in West Palm Beach, Florida","American Rally, inc",4.9,37,,Auto repair shop,2215 Indian Rd,26.7097765,-80.1045728,Open,Closes 5 PM,,2025-03-07 13:34:47,(561) 478-2614," 
""Richard fixed the problem and was very professional.""","https://www.google.com/maps/place/American+Rally,+inc/data=!4m7!3m6!1s0x88d929e759d449a9:0xb6766814ede1ab7e!8m2!3d26.7097765!4d-80.1045728!16s%2Fg%2F1tgnsg7h!19sChIJqUnUWecp2YgRfqvh7RRodrY?authuser=0&hl=en&rclk=1"
"Automotive Repair in West Palm Beach, Florida",Richard Auto & Tire Service Inc.,4.7,40,,Mechanic,3704 Georgia Ave,26.6778827,-80.0585224,Open,Closes 5 PM,,2025-03-07 13:34:49,(561) 659-6493," 
""Excellent service and prices are unbeatable""",https://www.google.com/maps/place/Richard+Auto+%26+Tire+Service+Inc./data=!4m7!3m6!1s0x88d8d790ed4a4719:0xac37a14c9d4c5183!8m2!3d26.6778827!4d-80.0585224!16s%2Fg%2F11tff80x5z!19sChIJGUdK7ZDX2IgRg1FMnUyhN6w?authuser=0&hl=en&rclk=1
"Automotive Repair in West Palm Beach, Florida","AGC Auto Mechanics, LLC",4.9,78,,Auto repair shop,4670 Gardenette St,26.6677386,-80.115306,Open,Closes 7:30 PM,,2025-03-07 13:34:50,(561) 714-7594," 
""Great prices and gets the job done right.. Plus he cares!""","https://www.google.com/maps/place/AGC+Auto+Mechanics,+LLC/data=!4m7!3m6!1s0x88d929661e6f3c89:0xf3d060cf6a358d9a!8m2!3d26.6677386!4d-80.115306!16s%2Fg%2F11ndy2s82h!19sChIJiTxvHmYp2YgRmo01as9g0PM?authuser=0&hl=en&rclk=1"
"Automotive Repair in West Palm Beach, Florida",Auto Care Center,4.6,61,,Auto repair shop,2788 S Military Trl,26.6363927,-80.112583,Open,Closes 5 PM,http://www.myautocarecenter.com/,2025-03-07 13:34:51,(561) 649-6272,"  ""Very knowledgeable, friendly, stands by their work,  pricing is on point!""",https://www.google.com/maps/place/Auto+Care+Center/data=!4m7!3m6!1s0x88d92809cea8431b:0xa6664a927ae0fcf2!8m2!3d26.6363927!4d-80.112583!16s%2Fg%2F1tj46q44!19sChIJG0Oozgko2YgR8vzgepJKZqY?authuser=0&hl=en&rclk=1
"Automotive Repair in West Palm Beach, Florida","Affordable Tire & Auto Service, Inc.",4.6,238,,Tire shop,2730 Westgate Ave SUIT A,26.7027339,-80.0970243,Open,Closes 6 PM,http://www.affordabletirewpb.com/,2025-03-07 13:34:53,(561) 932-3724," 
In-store pickup","https://www.google.com/maps/place/Affordable+Tire+%26+Auto+Service,+Inc./data=!4m7!3m6!1s0x88d8d6274ac233c5:0x860d024731e41cfb!8m2!3d26.7027339!4d-80.0970243!16s%2Fg%2F1tg5vvqz!19sChIJxTPCSifW2IgR-xzkMUcCDYY?authuser=0&hl=en&rclk=1"
"Automotive Repair in West Palm Beach, Florida",Foreign Auto Services,4.9,624,,Auto repair shop,3400 Broadway A,26.7899723,-80.0540924,Open,Closes 5 PM,https://foreignautoservices.com/,2025-03-07 13:34:54,(561) 468-6372," 
Onsite services
 
BOOK ONLINE",https://www.google.com/maps/place/Foreign+Auto+Services/data=!4m7!3m6!1s0x88d8d51d7b024439:0x9753e1f2e01ac9fe!8m2!3d26.7899723!4d-80.0540924!16s%2Fg%2F1thksh4h!19sChIJOUQCex3V2IgR_ska4PLhU5c?authuser=0&hl=en&rclk=1
"Automotive Repair in West Palm Beach, Florida",Westgate Auto Center,4.4,28,,Auto repair shop,2746 Westgate Ave,26.7028655,-80.0977369,Open,Closes 5 PM,https://www.westgateautoservice.com/,2025-03-07 13:34:55,(561) 689-5853," 
""And reasonably priced.""",https://www.google.com/maps/place/Westgate+Auto+Center/data=!4m7!3m6!1s0x88d8d627536ccfbd:0x270ed88694a2ba3f!8m2!3d26.7028655!4d-80.0977369!16s%2Fg%2F1tdgw5nd!19sChIJvc9sUyfW2IgRP7qilIbYDic?authuser=0&hl=en&rclk=1
"Automotive Repair in West Palm Beach, Florida",Brakes Coronado & Total Auto Repair,4.5,34,,Auto repair shop,2360 N Military Trl #116,26.7124488,-80.1097749,Open,Closes 5 PM,http://brakescoronado.com/,2025-03-07 13:34:56,(561) 616-0706," 
""Honest people and fair price.""",https://www.google.com/maps/place/Brakes+Coronado+%26+Total+Auto+Repair/data=!4m7!3m6!1s0x88d929e8635af5c9:0x2d6cedb3e352064c!8m2!3d26.7124488!4d-80.1097749!16s%2Fg%2F11cmy93sng!19sChIJyfVaY-gp2YgRTAZS47PtbC0?authuser=0&hl=en&rclk=1
"Automotive Repair in West Palm Beach, Florida",All About Automotive South,4.6,34,,Auto repair shop,2360 N Military Trl #112,26.7124886,-80.1101059,Open,Closes 6 PM,https://www.allaboutautomotivesouth.com/,2025-03-07 13:34:57,(561) 557-6506," 
""Their mechanics are excellent and are even master certified technicians.""",https://www.google.com/maps/place/All+About+Automotive+South/data=!4m7!3m6!1s0x88d929ebc68d7aa3:0x7bc54e4a632a2657!8m2!3d26.7124886!4d-80.1101059!16s%2Fg%2F11wbhjnzkg!19sChIJo3qNxusp2YgRVyYqY0pOxXs?authuser=0&hl=en&rclk=1
"Automotive Repair in West Palm Beach, Florida",Cantu Auto Repair LLC,4.9,22,,Auto body shop,4717 Georgia Ave,26.6700506,-80.0588765,Open,Closes 7 PM,,2025-03-07 13:34:58,(561) 283-5603," 
""His price is very fair and work is excellent.""",https://www.google.com/maps/place/Cantu+Auto+Repair+LLC/data=!4m7!3m6!1s0x88d8d7a60bac0001:0x84fc67f8393f6ca0!8m2!3d26.6700506!4d-80.0588765!16s%2Fg%2F11cmffq29c!19sChIJAQCsC6bX2IgRoGw_Ofhn_IQ?authuser=0&hl=en&rclk=1
"Automotive Repair in West Palm Beach, Florida",K’s Complete Auto Repair,4.5,19,,Auto repair shop,1632 Citation Dr,26.7021812,-80.13154,Open 24 hours,,http://www.transmissionrepairwpb.com/,2025-03-07 13:35:00,(786) 955-3795," 
""The repair was done on time, and my car has been running perfectly since.""",https://www.google.com/maps/place/K%E2%80%99s+Complete+Auto+Repair/data=!4m7!3m6!1s0x88d929296fd5a0b9:0x743b5cb111ac9246!8m2!3d26.7021812!4d-80.13154!16s%2Fg%2F11qh2z2_v5!19sChIJuaDVbykp2YgRRpKsEbFcO3Q?authuser=0&hl=en&rclk=1
"Automotive Repair in West Palm Beach, Florida",Auto Tech Plus,4.9,9,,Auto repair shop,1960 W 9th St,26.7714056,-80.0889698,Open,Closes 6 PM,,2025-03-07 13:35:01,(561) 841-8080,,https://www.google.com/maps/place/Auto+Tech+Plus/data=!4m7!3m6!1s0x88d8d58492d988d1:0x64941775033935ba!8m2!3d26.7714056!4d-80.0889698!16s%2Fg%2F1tgkj22s!19sChIJ0YjZkoTV2IgRujU5A3UXlGQ?authuser=0&hl=en&rclk=1
"Automotive Repair in West Palm Beach, Florida",P & A Auto Repair,4.7,25,,Auto repair shop,7310 Georgia Ave,26.6507337,-80.0589241,Open,Closes 5 PM,,2025-03-07 13:35:02,(561) 588-0832," 
""Good prices, good work and very friendly.""",https://www.google.com/maps/place/P+%26+A+Auto+Repair/data=!4m7!3m6!1s0x88d8d79bf8a7abfd:0x17bda95a1c7679b7!8m2!3d26.6507337!4d-80.0589241!16s%2Fg%2F1v6qjds4!19sChIJ_aun-JvX2IgRt3l2HFqpvRc?authuser=0&hl=en&rclk=1
"Automotive Repair in West Palm Beach, Florida",Midas,4.5,854,,Auto repair shop,2253 N Military Trl,26.7106794,-80.1114513,Open,Closes 6 PM,https://www.midas.com/store/fl/west-palm-beach/2253-north-military-trail-33409?shopnum=3359&utm_source=google&utm_medium=maps&utm_campaign=google+maps&y_source=1_MTE1ODYzNzMtNzE1LWxvY2F0aW9uLndlYnNpdGU%3D,2025-03-07 13:35:04,(561) 899-7872," 
Onsite services
 
BOOK ONLINE",https://www.google.com/maps/place/Midas/data=!4m7!3m6!1s0x88d929e824d55281:0xb5b730388ef2b90a!8m2!3d26.7106794!4d-80.1114513!16s%2Fg%2F1tkbz06_!19sChIJgVLVJOgp2YgRCrnyjjgwt7U?authuser=0&hl=en&rclk=1
"Automotive Repair in West Palm Beach, Florida",A & W Auto Repair,3.7,39,,Auto repair shop,4805 Broadway,26.7547089,-80.0562394,Open,Closes 6 PM,http://www.facebook.com/awautorepairwpb,2025-03-07 13:35:05,(561) 581-6197," 
Onsite services",https://www.google.com/maps/place/A+%26+W+Auto+Repair/data=!4m7!3m6!1s0x88d8d5b509e81fb7:0xe356a2a03832eed4!8m2!3d26.7547089!4d-80.0562394!16s%2Fg%2F11b5wrrn1l!19sChIJtx_oCbXV2IgR1O4yOKCiVuM?authuser=0&hl=en&rclk=1
"Automotive Repair in West Palm Beach, Florida",Pinar Auto Repair,4.2,58,,Auto repair shop,1974 S Congress Ave,26.6477768,-80.087612,Open,Closes 6 PM,,2025-03-07 13:35:06,(561) 248-8020," 
""Very fast service and good prices.""",https://www.google.com/maps/place/Pinar+Auto+Repair/data=!4m7!3m6!1s0x88d8d7fa85aa174d:0x5dee3707d9fc054a!8m2!3d26.6477768!4d-80.087612!16s%2Fg%2F11hd9synjk!19sChIJTReqhfrX2IgRSgX82Qc37l0?authuser=0&hl=en&rclk=1
"Automotive Repair in West Palm Beach, Florida",JFM Motorcars Inc.,4.7,55,,Auto repair shop,1023 Old Okeechobee Rd,26.7026456,-80.063336,Open,Closes 5 PM,https://jfmmotorcars.com/,2025-03-07 13:35:07,(561) 629-5705," 
""On time fast service right parts and professional staff!""",https://www.google.com/maps/place/JFM+Motorcars+Inc./data=!4m7!3m6!1s0x88d8d7c3d2525cdb:0x17547eaf025ccadf!8m2!3d26.7026456!4d-80.063336!16s%2Fg%2F11hf7_t7r_!19sChIJ21xS0sPX2IgR38pcAq9-VBc?authuser=0&hl=en&rclk=1
"Automotive Repair in West Palm Beach, Florida",Good Guys Auto Repair LLC,4.9,43,,Auto repair shop,1700 Avenue L,26.777737,-80.0672481,Open,Closes 5:30 PM,http://www.goodguysautorepair.com/,2025-03-07 13:35:08,(561) 631-8898," 
""Pleasant, clean shop and timely on the repairs.""",https://www.google.com/maps/place/Good+Guys+Auto+Repair+LLC/data=!4m7!3m6!1s0x88d8d5abced991dd:0x1184fdaa56cbe8a6!8m2!3d26.777737!4d-80.0672481!16s%2Fg%2F11szbr31rb!19sChIJ3ZHZzqvV2IgRpujLVqr9hBE?authuser=0&hl=en&rclk=1
"Automotive Repair in West Palm Beach, Florida",VicSan Auto Services inc.,5.0,64,,Auto repair shop,2820 E Tamarind Ave Suite B,26.7391259,-80.0611131,Opens soon,9 AM,https://www.vicsanauto.com/,2025-03-07 13:35:10,(561) 377-2354," 
""Honest and reliable service at a reasonable price.""",https://www.google.com/maps/place/VicSan+Auto+Services+inc./data=!4m7!3m6!1s0x88d8d71e2a1ba719:0x45ad293a4904e9c5!8m2!3d26.7391259!4d-80.0611131!16s%2Fg%2F11td33s700!19sChIJGacbKh7X2IgRxekESToprUU?authuser=0&hl=en&rclk=1
"Automotive Repair in West Palm Beach, Florida",Pman Automotive Repair Inc,4.1,55,,Auto repair shop,1106 6th Ave N UNIT 17,26.6221626,-80.059531,Open,Closes 8 PM,,2025-03-07 13:35:11,(561) 762-5701," 
""Reasonable prices, quick service, and trustworthy owner.""",https://www.google.com/maps/place/Pman+Automotive+Repair+Inc/data=!4m7!3m6!1s0x88d8d63ed99ecfa3:0xc644e9bd775611!8m2!3d26.6221626!4d-80.059531!16s%2Fg%2F1tnmsj50!19sChIJo8-e2T7W2IgREVZ3velExgA?authuser=0&hl=en&rclk=1
"Automotive Repair in West Palm Beach, Florida",Johnny Auto & Boat Repair inc,4.6,61,,Auto repair shop,5414 Georgia Ave,26.66495,-80.0586849,Open,Closes 5 PM,http://johnnyautoboat.com/,2025-03-07 13:35:15,(561) 444-3288," 
""Fantastic, honest, reasonably priced and a great service.""",https://www.google.com/maps/place/Johnny+Auto+%26+Boat+Repair+inc/data=!4m7!3m6!1s0x88d8d7a1516331e7:0xc879c3f353c3d792!8m2!3d26.66495!4d-80.0586849!16s%2Fg%2F12614z_zr!19sChIJ5zFjUaHX2IgRktfDU_PDecg?authuser=0&hl=en&rclk=1
"Automotive Repair in West Palm Beach, Florida",All Star Auto Service,4.6,131,,Auto repair shop,1420 10th Ct,26.8057403,-80.0758743,Open,Closes 5 PM,https://allstarautoservice.net/,2025-03-07 13:35:17,(561) 844-1106," 
""Needed new battery, in and out in half hour.""",https://www.google.com/maps/place/All+Star+Auto+Service/data=!4m7!3m6!1s0x88d8d53f66d088fb:0xe5d61de8152a5a10!8m2!3d26.8057403!4d-80.0758743!16s%2Fg%2F1thy0lm7!19sChIJ-4jQZj_V2IgREFoqFegd1uU?authuser=0&hl=en&rclk=1
"Automotive Repair in West Palm Beach, Florida",Palm Beach AC Auto,4.4,20,,Auto repair shop,2625 Mercer Ave,26.6922043,-80.0702664,Open,Closes 5:30 PM,,2025-03-07 13:35:18,(561) 557-8164," 
""He worked with me on payment, gave a fair and great price.""",https://www.google.com/maps/place/Palm+Beach+AC+Auto/data=!4m7!3m6!1s0x88d929e5a2c414eb:0xb2d457d47a61761e!8m2!3d26.6922043!4d-80.0702664!16s%2Fg%2F11t607942s!19sChIJ6xTEouUp2YgRHnZhetRX1LI?authuser=0&hl=en&rclk=1
"Automotive Repair in West Palm Beach, Florida","D and R Automotive Specialties, Inc.",4.9,94,,Auto repair shop,3651 Prospect Ave,26.7905803,-80.0930023,Open,Closes 5 PM,http://dandrautomotive.net/,2025-03-07 13:35:19,(561) 842-6192," 
Onsite services","https://www.google.com/maps/place/D+and+R+Automotive+Specialties,+Inc./data=!4m7!3m6!1s0x88d8d57cb34ca249:0xe292b989c1487f18!8m2!3d26.7905803!4d-80.0930023!16s%2Fg%2F1s04dqk_7!19sChIJSaJMs3zV2IgRGH9IwYm5kuI?authuser=0&hl=en&rclk=1"
"Automotive Repair in West Palm Beach, Florida",Certified Auto Care - Car Repair Service & Maintenance,5.0,2,,Auto repair shop,922 26th St,26.7372177,-80.0616792,Open,Closes 5:30 PM,http://ventos.site/,2025-03-07 13:35:20,(561) 398-6010,,https://www.google.com/maps/place/Certified+Auto+Care+-+Car+Repair+Service+%26+Maintenance/data=!4m7!3m6!1s0x88d8d5d11f7532c7:0x61d1a8d922b69b15!8m2!3d26.7372177!4d-80.0616792!16s%2Fg%2F1pycf6s11!19sChIJxzJ1H9HV2IgRFZu2Itmo0WE?authuser=0&hl=en&rclk=1
"Automotive Repair in West Palm Beach, Florida",Euro Repair Pros,4.8,63,,Auto repair shop,2188 N Military Trl B,26.7095274,-80.110084,Open,Closes 6 PM,https://eurorepairpros.com/?utm_source=google&utm_medium=gbp&utm_campaign=gbp,2025-03-07 13:35:21,(561) 220-2333," 
""Quick appointment, fast servicing, reasonable pricing.""",https://www.google.com/maps/place/Euro+Repair+Pros/data=!4m7!3m6!1s0x88d92903b80d2e49:0xcfcef10cc0b04423!8m2!3d26.7095274!4d-80.110084!16s%2Fg%2F11w1djd24q!19sChIJSS4NuAMp2YgRI0SwwAzxzs8?authuser=0&hl=en&rclk=1
"Automotive Repair in West Palm Beach, Florida",Firestone Complete Auto Care,3.9,424,,Tire shop,4070 Okeechobee Blvd,26.7063363,-80.1039837,Open,Closes 7 PM,https://www.firestonecompleteautocare.com/florida/west-palm-beach/4070-okeechobee-blvd/?utm_source=google&utm_medium=organic&utm_campaign=localmaps&cmp=oloc_google_localmaps_maps,2025-03-07 13:35:23,(561) 246-4944," 
""... kept informed and able to give verbal approval to complete repairs.""
 
BOOK ONLINE",https://www.google.com/maps/place/Firestone+Complete+Auto+Care/data=!4m7!3m6!1s0x88d929dc2bed5c17:0xc93531497925ab10!8m2!3d26.7063363!4d-80.1039837!16s%2Fg%2F1thl1nql!19sChIJF1ztK9wp2YgREKsleUkxNck?authuser=0&hl=en&rclk=1
"Automotive Repair in West Palm Beach, Florida",Damas Auto Repair,5.0,10,,Auto repair shop,1721 Donna Rd,26.7024942,-80.0811246,Open,Closes 6 PM,,2025-03-07 13:35:24,(561) 252-3209," 
""Very honest and fair pricing.""",https://www.google.com/maps/place/Damas+Auto+Repair/data=!4m7!3m6!1s0x88d8d7f851a9944b:0xefbc31dfbcb54ade!8m2!3d26.7024942!4d-80.0811246!16s%2Fg%2F11rsbjx8z6!19sChIJS5SpUfjX2IgR3kq1vN8xvO8?authuser=0&hl=en&rclk=1
"Automotive Repair in West Palm Beach, Florida",I & A Repair Services Inc.,5.0,10,,Auto repair shop,4349 Okeechobee Blvd,26.7088068,-80.1087062,Open,Closes 5 PM,https://www.facebook.com/IAutorepairs,2025-03-07 13:35:25,(561) 294-1870," 
""Luis is an experienced technician who is prompt, honest, and reliable.""",https://www.google.com/maps/place/I+%26+A+Repair+Services+Inc./data=!4m7!3m6!1s0x88d92926dabcb179:0xe3d05624f5642fb!8m2!3d26.7088068!4d-80.1087062!16s%2Fg%2F11qn84zblj!19sChIJebG82iYp2YgR-0JWT2IFPQ4?authuser=0&hl=en&rclk=1
"Automotive Repair in West Palm Beach, Florida",DCP/ Mobile Mechanic,4.9,74,,Mechanic,757 W 4th St,26.7662753,-80.0650829,Open,Closes 10 PM,https://www.facebook.com/DennisCarParts,2025-03-07 13:35:26,(954) 465-5515," 
""He expertly fixed my car and charged me a VERY REASONABLE fee!!""",https://www.google.com/maps/place/DCP%2F+Mobile+Mechanic/data=!4m7!3m6!1s0x88d8d5fa8b89cbe9:0x30ce9bbd57c0f672!8m2!3d26.7662753!4d-80.0650829!16s%2Fg%2F11l6qhf0px!19sChIJ6cuJi_rV2IgRcvbAV72bzjA?authuser=0&hl=en&rclk=1
"Automotive Repair in West Palm Beach, Florida",Palm Beach Auto Care,4.8,36,,Auto repair shop,6557 Garden Rd #6,26.7734146,-80.0952657,Closed,Opens 9:30 AM,,2025-03-07 13:35:27,(561) 429-5520," 
Onsite services",https://www.google.com/maps/place/Palm+Beach+Auto+Care/data=!4m7!3m6!1s0x88d8d5518a6791cf:0x17c43ef151e02eb7!8m2!3d26.7734146!4d-80.0952657!16s%2Fg%2F11j1bn5dls!19sChIJz5FnilHV2IgRty7gUfE-xBc?authuser=0&hl=en&rclk=1
"Automotive Repair in West Palm Beach, Florida",UFix Self Service Auto Garage,5.0,29,,Auto repair shop,2354 N Military Trl #201,26.7121217,-80.1096398,Open,Closes 6 PM,https://ufixselfserviceauto.com/,2025-03-07 13:35:29,(561) 425-5528," 
Onsite services",https://www.google.com/maps/place/UFix+Self+Service+Auto+Garage/data=!4m7!3m6!1s0x88d929f4050551d9:0x99224bd525cfc6a2!8m2!3d26.7121217!4d-80.1096398!16s%2Fg%2F11w1k64h3q!19sChIJ2VEFBfQp2YgRosbPJdVLIpk?authuser=0&hl=en&rclk=1
"Automotive Repair in West Palm Beach, Florida",Goodyear Auto Service,4.3,111,,Tire shop,515 S Dixie Hwy,26.7088146,-80.0539394,Open,Closes 5 PM,https://www.goodyearautoservice.com/en-US/shop/FL/West-Palm-Beach/000906649-33401-5809,2025-03-07 13:35:30,(561) 832-4181," 
In-store shopping
·
In-store pickup
 
BOOK ONLINE",https://www.google.com/maps/place/Goodyear+Auto+Service/data=!4m7!3m6!1s0x88d8d6602b5fde4d:0x70e50596e491ad22!8m2!3d26.7088146!4d-80.0539394!16s%2Fg%2F1thnpknd!19sChIJTd5fK2DW2IgRIq2R5JYF5XA?authuser=0&hl=en&rclk=1
"Automotive Repair in Boca Raton, Florida",MAZEL AUTO REPAIR,4.9,584,,Auto repair shop,802 N Dixie Hwy,26.3579692,-80.0861892,Open,Closes 5 PM,https://www.mazelautorepair.com/,2025-03-07 13:35:37,(561) 756-8446," 
""wonderful customer service & top tier work, done fast at an affordable rate.""",https://www.google.com/maps/place/MAZEL+AUTO+REPAIR/data=!4m7!3m6!1s0x88d8e1f7e3100001:0x672255676cafecda!8m2!3d26.3579692!4d-80.0861892!16s%2Fg%2F11c40q5gfw!19sChIJAQAQ4_fh2IgR2uyvbGdVImc?authuser=0&hl=en&rclk=1
"Automotive Repair in Boca Raton, Florida","Boca Auto Service, LLC",4.8,316,,Auto repair shop,303 NW 1st Ave,26.3533721,-80.0878902,Open,Closes 5:30 PM,https://bocaautoservice.com/,2025-03-07 13:35:39,(561) 750-2200," 
""They identified the issue & repaired it quickly.""","https://www.google.com/maps/place/Boca+Auto+Service,+LLC/data=!4m7!3m6!1s0x88d8e203442ad1d3:0xef9046678a0a9a60!8m2!3d26.3533721!4d-80.0878902!16s%2Fg%2F1v76_gbr!19sChIJ09EqRAPi2IgRYJoKimdGkO8?authuser=0&hl=en&rclk=1"
"Automotive Repair in Boca Raton, Florida",Elite Auto Repair,4.6,141,,Auto repair shop,4756 NW Boca Raton Blvd Ste B2,26.3924082,-80.0825091,Open,Closes 5 PM,https://www.eliteautorepair.org/,2025-03-07 13:35:40,(561) 245-8553," 
Onsite services",https://www.google.com/maps/place/Elite+Auto+Repair/data=!4m7!3m6!1s0x88d8e16ff908e6e7:0xb52a7c8ed5bc376e!8m2!3d26.3924082!4d-80.0825091!16s%2Fg%2F11flgnlb_d!19sChIJ5-YI-W_h2IgRbje81Y58KrU?authuser=0&hl=en&rclk=1
"Automotive Repair in Boca Raton, Florida",Bill Tyson's Auto Repair,4.9,180,,Auto repair shop,90 Spanish River Blvd Ste 5,26.3857126,-80.0835677,Open,Closes 6 PM,https://www.billtysonautocenters.com/boca-raton-fl,2025-03-07 13:35:41,(561) 672-1281," 
""Awesome staff, they did a great job at a reasonable price.""",https://www.google.com/maps/place/Bill+Tyson%27s+Auto+Repair/data=!4m7!3m6!1s0x88d8e1d7b7e1153b:0xdc6df91984a65046!8m2!3d26.3857126!4d-80.0835677!16s%2Fg%2F11j906kcw4!19sChIJOxXht9fh2IgRRlCmhBn5bdw?authuser=0&hl=en&rclk=1
"Automotive Repair in Boca Raton, Florida",Tech 1 Auto Repair,4.9,118,,Auto repair shop,175 NW 28th St #15,26.3770826,-80.0846295,Open,Closes 4:30 PM,https://www.tech1autofl.com/,2025-03-07 13:35:42,(561) 482-7944," 
Onsite services",https://www.google.com/maps/place/Tech+1+Auto+Repair/data=!4m7!3m6!1s0x88d91922ffffffff:0xb87848f709d3e78!8m2!3d26.3770826!4d-80.0846295!16s%2Fg%2F11cspvgwqh!19sChIJ_____yIZ2YgReD6dcI-Ehws?authuser=0&hl=en&rclk=1
"Automotive Repair in Boca Raton, Florida",Shores Automotive (European Auto Repair),4.9,173,,Auto repair shop,2544 NW 2nd Ave,26.3736287,-80.0868863,Open,Closes 4 PM,https://shoresautomotive.com/,2025-03-07 13:35:43,(561) 391-0260," 
Onsite services
 
BOOK ONLINE",https://www.google.com/maps/place/Shores+Automotive+%28European+Auto+Repair%29/data=!4m7!3m6!1s0x88d8e2034647aed3:0x12de82b3f363457e!8m2!3d26.3736287!4d-80.0868863!16s%2Fg%2F1t_hzshb!19sChIJ065HRgPi2IgRfkVj87OC3hI?authuser=0&hl=en&rclk=1
"Automotive Repair in Boca Raton, Florida",Autobahn Auto Center,4.9,396,,Auto repair shop,2540 NW Boca Raton Blvd,26.3737346,-80.0870218,Open,Closes 5 PM,https://autobahnofboca.com/,2025-03-07 13:35:44,(561) 821-3501," 
Onsite services
 
BOOK ONLINE",https://www.google.com/maps/place/Autobahn+Auto+Center/data=!4m7!3m6!1s0x88d8e1e589d3d35b:0xf48575dede8e0bf8!8m2!3d26.3737346!4d-80.0870218!16s%2Fg%2F11b7hf3hwj!19sChIJW9PTieXh2IgR-AuO3t51hfQ?authuser=0&hl=en&rclk=1
"Automotive Repair in Boca Raton, Florida",Boca's Best European & Domestic Auto Repair,4.7,228,,Auto repair shop,810 NW 1st Ave,26.3576267,-80.087681,Open,Closes 5 PM,http://bocasbestauto.com/,2025-03-07 13:35:46,(561) 391-0520," 
""Super knowledgeable, very transparent, fairly priced, and quick turnarounds.""
 
BOOK ONLINE",https://www.google.com/maps/place/Boca%27s+Best+European+%26+Domestic+Auto+Repair/data=!4m7!3m6!1s0x88d8e1f80746d7b3:0x1e33f4692967a974!8m2!3d26.3576267!4d-80.087681!16s%2Fg%2F1261tkwvn!19sChIJs9dGB_jh2IgRdKlnKWn0Mx4?authuser=0&hl=en&rclk=1
"Automotive Repair in Boca Raton, Florida",Bill's Auto Repair,4.9,144,,Auto repair shop,5331 N Dixie Hwy,26.3969562,-80.0800738,Open,Closes 6 PM,,2025-03-07 13:35:47,(561) 998-8656," 
""Their customer service and quality of work exceeded any expectations.""",https://www.google.com/maps/place/Bill%27s+Auto+Repair/data=!4m7!3m6!1s0x88d8e1c96aa533b5:0x6c089bb316402220!8m2!3d26.3969562!4d-80.0800738!16s%2Fg%2F1tj7x4_g!19sChIJtTOlasnh2IgRICJAFrObCGw?authuser=0&hl=en&rclk=1
"Automotive Repair in Boca Raton, Florida",Absolute Automotive,4.9,189,,Auto repair shop,4756 NW Boca Raton Blvd,26.3925776,-80.0824313,Open,Closes 5 PM,https://absoluteautoboca.com/,2025-03-07 13:35:48,(561) 241-6011," 
""Got it all fixed up and it's now running better than it was before!""",https://www.google.com/maps/place/Absolute+Automotive/data=!4m7!3m6!1s0x88d8e1e9f29940fd:0xf975f0c712ee8a93!8m2!3d26.3925776!4d-80.0824313!16s%2Fg%2F1tgcsp7x!19sChIJ_UCZ8unh2IgRk4ruEsfwdfk?authuser=0&hl=en&rclk=1
"Automotive Repair in Boca Raton, Florida",Beach Auto Service,4.8,138,,Auto repair shop,199 NW 28th St Bay 6,26.3768244,-80.0849835,Open,Closes 3 PM,https://www.instagram.com/beach_auto_bocaraton/,2025-03-07 13:35:49,(561) 826-7849," 
""Carlos and his team are great, quality work and fair prices.""",https://www.google.com/maps/place/Beach+Auto+Service/data=!4m7!3m6!1s0x88d8e1e8dd75f72b:0x4f01f73f5c2e2b7c!8m2!3d26.3768244!4d-80.0849835!16s%2Fg%2F11cs69q4gw!19sChIJK_d13ejh2IgRfCsuXD_3AU8?authuser=0&hl=en&rclk=1
"Automotive Repair in Boca Raton, Florida",Boca Tech Auto Center,4.4,99,,Auto repair shop,2501 NW 1st Ave #3,26.372817,-80.087108,Open,Closes 4 PM,https://www.bocatechautocenter.com/?utm_source=GMB&utm_medium=organic,2025-03-07 13:35:50,(561) 395-0087," 
""Fair prices, for quality, fast work.""",https://www.google.com/maps/place/Boca+Tech+Auto+Center/data=!4m7!3m6!1s0x88d8e1e58b020921:0xe1440430f7a899a2!8m2!3d26.372817!4d-80.087108!16s%2Fg%2F1tfcjkcz!19sChIJIQkCi-Xh2IgRopmo9zAEROE?authuser=0&hl=en&rclk=1
"Automotive Repair in Boca Raton, Florida",Certified Auto Service,5.0,48,,Auto repair shop,2501 NW 1st Ave,26.3728198,-80.0871464,Open,Closes 5 PM,,2025-03-07 13:35:51,(561) 394-4044," 
""Always fair prices, great work and amazing service!""",https://www.google.com/maps/place/Certified+Auto+Service/data=!4m7!3m6!1s0x88d8e1ef7f8a91a7:0xbcff34d9d064f0b1!8m2!3d26.3728198!4d-80.0871464!16s%2Fg%2F1t_hzsh6!19sChIJp5GKf-_h2IgRsfBk0Nk0_7w?authuser=0&hl=en&rclk=1
"Automotive Repair in Boca Raton, Florida",Tune Rite Auto,4.8,238,,Auto repair shop,1990 NW 1st Ave,26.3668817,-80.0857498,Open,Closes 5:30 PM,https://tuneriteauto.com/,2025-03-07 13:35:53,(561) 338-9192," 
""Great people, great work, great prices.""
 
BOOK ONLINE",https://www.google.com/maps/place/Tune+Rite+Auto/data=!4m7!3m6!1s0x88d8e12080077a1f:0x938ccc4a2092ab3c!8m2!3d26.3668817!4d-80.0857498!16s%2Fg%2F11p6581kl8!19sChIJH3oHgCDh2IgRPKuSIErMjJM?authuser=0&hl=en&rclk=1
"Automotive Repair in Boca Raton, Florida",World Class Auto Repairs,4.5,547,,Auto repair shop,9787 Glades Rd,26.3684481,-80.199493,Open,Closes 5:30 PM,https://worldclassautorepaircenter.com/,2025-03-07 13:35:54,(561) 451-0502," 
Onsite services",https://www.google.com/maps/place/World+Class+Auto+Repairs/data=!4m7!3m6!1s0x88d919a7ea03c7fd:0xdf9ddad7314f0a49!8m2!3d26.3684481!4d-80.199493!16s%2Fg%2F11j987fskr!19sChIJ_ccD6qcZ2YgRSQpPMdfand8?authuser=0&hl=en&rclk=1
"Automotive Repair in Boca Raton, Florida",Spanish River Auto Repair,4.8,78,,Auto repair shop,4000 NW 1st Ave,26.3866794,-80.0826556,Open,Closes 5 PM,http://spanishriverautorepair.com/,2025-03-07 13:35:55,(561) 395-6968," 
""These guys are wonderful, honest , reasonable and knowledgeable.""",https://www.google.com/maps/place/Spanish+River+Auto+Repair/data=!4m7!3m6!1s0x88d8e1c38c1dc1a7:0xca75493f1ce11a9f!8m2!3d26.3866794!4d-80.0826556!16s%2Fg%2F1tdpmwj9!19sChIJp8EdjMPh2IgRnxrhHD9Jdco?authuser=0&hl=en&rclk=1
"Automotive Repair in Boca Raton, Florida",Kramer's Auto Repair,4.9,36,,Auto repair shop,4020 NW 1st Ave,26.3869274,-80.0825889,Open,Closes 5 PM,,2025-03-07 13:35:56,(561) 368-8474," 
""He has repaired my vehicle many times and is trust worthy and fair pricing""",https://www.google.com/maps/place/Kramer%27s+Auto+Repair/data=!4m7!3m6!1s0x88d8e1c38b843725:0xb67a0320f8b000cb!8m2!3d26.3869274!4d-80.0825889!16s%2Fg%2F1w96hjnf!19sChIJJTeEi8Ph2IgRywCw-CADerY?authuser=0&hl=en&rclk=1
"Automotive Repair in Boca Raton, Florida",Boca Auto Fix - Boca Raton Auto Repair,5.0,203,,Auto repair shop,4301 Oak Cir # 27,26.3882377,-80.0840963,Closed,Opens 8 AM Mon,https://www.bocaautofix.com/,2025-03-07 13:35:57,(561) 826-8834," 
Onsite services
 
BOOK ONLINE",https://www.google.com/maps/place/Boca+Auto+Fix+-+Boca+Raton+Auto+Repair/data=!4m7!3m6!1s0x88d8e130529790bf:0x42da3ec8b6b0cbeb!8m2!3d26.3882377!4d-80.0840963!16s%2Fg%2F11t17__k8h!19sChIJv5CXUjDh2IgR68uwtsg-2kI?authuser=0&hl=en&rclk=1
"Automotive Repair in Boca Raton, Florida",Auto Clinic of Boca,3.9,159,,Auto repair shop,171 NW 16th St,26.3649218,-80.0893939,Open,Closes 6 PM,https://autoclinicofbocaraton.godaddysites.com/,2025-03-07 13:35:58,(561) 487-2626," 
""Excellent customer service, knowledgeable and quick to get fixed.""",https://www.google.com/maps/place/Auto+Clinic+of+Boca/data=!4m7!3m6!1s0x88d91c1d92248fc9:0xfe6e731974bf5194!8m2!3d26.3649218!4d-80.0893939!16s%2Fg%2F1trch6ns!19sChIJyY8kkh0c2YgRlFG_dBlzbv4?authuser=0&hl=en&rclk=1
"Automotive Repair in Boca Raton, Florida",Japanese Auto Care,4.8,179,,Auto repair shop,23193 Sandalfoot Plaza Dr,26.3313992,-80.2022321,Open,Closes 6 PM,http://www.japaneseautocare.net/,2025-03-07 13:35:59,(561) 483-2003," 
""Excellent job, excellent service, excellent value!""",https://www.google.com/maps/place/Japanese+Auto+Care/data=!4m7!3m6!1s0x88d91b9084850941:0xd7554dcde375915f!8m2!3d26.3313992!4d-80.2022321!16s%2Fg%2F1tdc1fk3!19sChIJQQmFhJAb2YgRX5F1481NVdc?authuser=0&hl=en&rclk=1
"Automotive Repair in Hollywood, Florida",MAZEL AUTO REPAIR,4.9,584,,Auto repair shop,802 N Dixie Hwy,26.3579692,-80.0861892,Open,Closes 5 PM,https://www.mazelautorepair.com/,2025-03-07 13:36:11,(561) 756-8446," 
""wonderful customer service & top tier work, done fast at an affordable rate.""",https://www.google.com/maps/place/MAZEL+AUTO+REPAIR/data=!4m7!3m6!1s0x88d8e1f7e3100001:0x672255676cafecda!8m2!3d26.3579692!4d-80.0861892!16s%2Fg%2F11c40q5gfw!19sChIJAQAQ4_fh2IgR2uyvbGdVImc?authuser=0&hl=en&rclk=1
"Automotive Repair in Hollywood, Florida",Auto Repair Pros Hollywood West,4.8,737,,Auto repair shop,6031 Hollywood Blvd,26.0105477,-80.208809,Open,Closes 5 PM,https://autorepairpros.com/loc/hollywood-west/?utm_source=gmb&utm_medium=organic&utm_campaign=hollywoodwest,2025-03-07 13:36:13,(954) 266-0690," 
Onsite services
 
BOOK ONLINE",https://www.google.com/maps/place/Auto+Repair+Pros+Hollywood+West/data=!4m7!3m6!1s0x88d9a940ba63c8ed:0xa658cfc7dfab6667!8m2!3d26.0105477!4d-80.208809!16s%2Fg%2F1td1kssz!19sChIJ7chjukCp2YgRZ2ar38fPWKY?authuser=0&hl=en&rclk=1
"Automotive Repair in Hollywood, Florida",Jumbo Automotive Inc.,4.6,889,,Auto repair shop,1205 N 21st Ave,26.0217438,-80.1489944,Open,Closes 6 PM,http://www.jumboautorepair.com/,2025-03-07 13:36:14,(954) 926-2500," 
Onsite services",https://www.google.com/maps/place/Jumbo+Automotive+Inc./data=!4m7!3m6!1s0x88d9aba5c2d4dc05:0x216a3eca1d9dae4d!8m2!3d26.0217438!4d-80.1489944!16s%2Fg%2F113d_qrrh!19sChIJBdzUwqWr2YgRTa6dHco-aiE?authuser=0&hl=en&rclk=1
"Automotive Repair in Hollywood, Florida",RG Auto Repair,4.6,147,,Auto repair shop,2130 Johnson St,26.0184941,-80.1505189,Open,Closes 5 PM,http://rgautorepairhollywood.com/,2025-03-07 13:36:15,(954) 967-1927,,https://www.google.com/maps/place/RG+Auto+Repair/data=!4m7!3m6!1s0x88d9aba46f42b2dd:0xdec332fb3762332b!8m2!3d26.0184941!4d-80.1505189!16s%2Fg%2F11c5s7q8bf!19sChIJ3bJCb6Sr2YgRKzNiN_syw94?authuser=0&hl=en&rclk=1
"Automotive Repair in Hollywood, Florida",Discount Automotive Repair Center,4.8,303,,Auto repair shop,6400 Taft St,26.0244121,-80.216568,Open,Closes 5 PM,,2025-03-07 13:36:16,(954) 322-7779," 
Onsite services",https://www.google.com/maps/place/Discount+Automotive+Repair+Center/data=!4m7!3m6!1s0x88d9a91172502f41:0x8b1cf09358b56252!8m2!3d26.0244121!4d-80.216568!16s%2Fg%2F1tfpqh78!19sChIJQS9QchGp2YgRUmK1WJPwHIs?authuser=0&hl=en&rclk=1
"Automotive Repair in Hollywood, Florida",Auto Repair Pros Hollywood East,4.9,277,,Auto repair shop,1190 N Dixie Hwy,26.0213107,-80.149967,Open,Closes 6 PM,https://autorepairpros.com/loc/hollywood-east/?utm_source=gmb&utm_medium=organic&utm_campaign=hollywoodeast,2025-03-07 13:36:18,(954) 758-7929," 
BOOK ONLINE",https://www.google.com/maps/place/Auto+Repair+Pros+Hollywood+East/data=!4m7!3m6!1s0x88d9ab250b80373b:0x75ce2814124e08ab!8m2!3d26.0213107!4d-80.149967!16s%2Fg%2F11vr45kbg8!19sChIJOzeACyWr2YgRqwhOEhQoznU?authuser=0&hl=en&rclk=1
"Automotive Repair in Hollywood, Florida",JNL Auto Repair,4.8,136,,Auto repair shop,400 N State Rd 7,26.0130236,-80.2080828,Open,Closes 5 PM,https://www.jnlautorepair.com/,2025-03-07 13:36:19,(954) 987-9160," 
BOOK ONLINE",https://www.google.com/maps/place/JNL+Auto+Repair/data=!4m7!3m6!1s0x88d9a9405de9ae59:0x5c87a3787d0bc006!8m2!3d26.0130236!4d-80.2080828!16s%2Fg%2F1v1kqnm5!19sChIJWa7pXUCp2YgRBsALfXijh1w?authuser=0&hl=en&rclk=1
"Automotive Repair in Hollywood, Florida",Ferrara Automotive Service,4.7,574,,Auto repair shop,2000 Sheridan St #1,26.0331257,-80.1479827,Open,Closes 6 PM,http://www.ferraraauto.com/,2025-03-07 13:36:20,(954) 927-5255," 
Onsite services",https://www.google.com/maps/place/Ferrara+Automotive+Service/data=!4m7!3m6!1s0x88d9abab66f0f627:0xc677155e083f9afd!8m2!3d26.0331257!4d-80.1479827!16s%2Fg%2F1tg516ts!19sChIJJ_bwZqur2YgR_Zo_CF4Vd8Y?authuser=0&hl=en&rclk=1
"Automotive Repair in Hollywood, Florida",Circle Car Care,4.7,300,,Auto repair shop,1002 N Federal Hwy,26.0200981,-80.1434188,Open,Closes 5 PM,http://www.circlecarcare.com/,2025-03-07 13:36:21,(954) 925-8058," 
Onsite services",https://www.google.com/maps/place/Circle+Car+Care/data=!4m7!3m6!1s0x88d9aba782e09217:0x296b0f3423133460!8m2!3d26.0200981!4d-80.1434188!16s%2Fg%2F1w2yvpkq!19sChIJF5Lggqer2YgRYDQTIzQPayk?authuser=0&hl=en&rclk=1
"Automotive Repair in Hollywood, Florida","Xtreme Automotive Repairs, Inc",4.8,120,,Auto repair shop,5934 Funston St,26.0002651,-80.2064514,Open,Closes 5:30 PM,http://xautorepairs.com/,2025-03-07 13:36:22,(954) 534-9138,,"https://www.google.com/maps/place/Xtreme+Automotive+Repairs,+Inc/data=!4m7!3m6!1s0x88d9a94922a1489d:0x4ae7f4c3e16e7829!8m2!3d26.0002651!4d-80.2064514!16s%2Fg%2F1ttdnspf!19sChIJnUihIkmp2YgRKXhu4cP050o?authuser=0&hl=en&rclk=1"
"Automotive Repair in Hollywood, Florida","Preferred Automotive, Inc.",4.8,146,,Auto repair shop,5935 W Park Rd,26.0287086,-80.2068404,Open,Closes 5 PM,http://www.preferredautomotiveinc.com/,2025-03-07 13:36:23,(954) 989-8060,,"https://www.google.com/maps/place/Preferred+Automotive,+Inc./data=!4m7!3m6!1s0x88d9a9725f83f685:0xa3bfdcc77c0edf60!8m2!3d26.0287086!4d-80.2068404!16s%2Fg%2F1tgpc1ys!19sChIJhfaDX3Kp2YgRYN8OfMfcv6M?authuser=0&hl=en&rclk=1"
"Automotive Repair in Hollywood, Florida",A Choice Auto,4.9,125,,Auto repair shop,4815 Pembroke Rd,25.9960441,-80.1910705,Open,Closes 5 PM,http://achoiceautocare.com/,2025-03-07 13:36:24,(954) 251-1747," 
Onsite services",https://www.google.com/maps/place/A+Choice+Auto/data=!4m7!3m6!1s0x88d9a9d3e821dddd:0x59e1b92fb41ed80c!8m2!3d25.9960441!4d-80.1910705!16s%2Fg%2F1tmz7r18!19sChIJ3d0h6NOp2YgRDNgetC-54Vk?authuser=0&hl=en&rclk=1
"Automotive Repair in Hollywood, Florida",National Tires & Auto Repairs,4.4,"2,942",,Auto repair shop,1050 N State Rd 7,26.0192647,-80.2082676,Open,Closes 9 PM,https://nationaltireshollywood441.com/,2025-03-07 13:36:25,(954) 987-2390," 
Onsite services",https://www.google.com/maps/place/National+Tires+%26+Auto+Repairs/data=!4m7!3m6!1s0x88d9a96b1824da1b:0x4dca69c1b455ee80!8m2!3d26.0192647!4d-80.2082676!16s%2Fg%2F1vzg30r6!19sChIJG9okGGup2YgRgO5VtMFpyk0?authuser=0&hl=en&rclk=1
"Automotive Repair in Hollywood, Florida",Car Service Unlimited Mobile Mechanic,4.8,367,,Auto repair shop,2719 Hollywood Blvd #245A,26.0112487,-80.1619114,Open,Closes 12 AM,,2025-03-07 13:36:27,(954) 323-6707," 
Onsite services",https://www.google.com/maps/place/Car+Service+Unlimited+Mobile+Mechanic/data=!4m7!3m6!1s0x88d9ab228ae7c9b5:0xb4d53c46735788f2!8m2!3d26.0112487!4d-80.1619114!16s%2Fg%2F11rxpdj5pb!19sChIJtcnniiKr2YgR8ohXc0Y81bQ?authuser=0&hl=en&rclk=1
"Automotive Repair in Hollywood, Florida",Armstrong Auto Care,4.8,"1,439",,Auto repair shop,3201 N University Dr,26.0375539,-80.2481537,Open,Closes 6 PM,http://www.armstrongautocare.com/,2025-03-07 13:36:29,(954) 417-7125," 
Onsite services",https://www.google.com/maps/place/Armstrong+Auto+Care/data=!4m7!3m6!1s0x88d9a8f69778455d:0x6290fd6b7e0184d4!8m2!3d26.0375539!4d-80.2481537!16s%2Fg%2F11b66fjvz1!19sChIJXUV4l_ao2YgR1IQBfmv9kGI?authuser=0&hl=en&rclk=1
"Automotive Repair in Hollywood, Florida",German Car Depot,4.8,"1,545",,Auto repair shop,2130 Fillmore St,26.0148537,-80.1506696,Open,Closes 5:30 PM,http://germancardepot.com/,2025-03-07 13:36:30,(954) 921-1515," 
Onsite services
 
BOOK ONLINE",https://www.google.com/maps/place/German+Car+Depot/data=!4m7!3m6!1s0x88d9aba3ac5f4831:0xc93e1f1db283c5d1!8m2!3d26.0148537!4d-80.1506696!16s%2Fg%2F1thd2lrh!19sChIJMUhfrKOr2YgR0cWDsh0fPsk?authuser=0&hl=en&rclk=1
"Automotive Repair in Hollywood, Florida",University Auto Center,4.7,458,,Auto repair shop,3303 N University Dr,26.0387123,-80.2480197,Open,Closes 5 PM,http://autocenterhollywood.com/,2025-03-07 13:36:31,(954) 450-3696," 
Onsite services",https://www.google.com/maps/place/University+Auto+Center/data=!4m7!3m6!1s0x88d9a8f683ed0db3:0xaf3233b17ff9cab3!8m2!3d26.0387123!4d-80.2480197!16s%2Fg%2F1td141ts!19sChIJsw3tg_ao2YgRs8r5f7EzMq8?authuser=0&hl=en&rclk=1
"Automotive Repair in Hollywood, Florida",Mike's Great Bear Auto,4.0,161,,Auto repair shop,2804 Hollywood Blvd,26.01057,-80.16381,Open,Closes 5 PM,http://mikesgbear.com/,2025-03-07 13:36:32,(954) 922-4105,,https://www.google.com/maps/place/Mike%27s+Great+Bear+Auto/data=!4m7!3m6!1s0x88d9ab953d7bfff7:0xf5667d140e7a79eb!8m2!3d26.01057!4d-80.16381!16s%2Fg%2F1tcv73dz!19sChIJ9_97PZWr2YgR63l6DhR9ZvU?authuser=0&hl=en&rclk=1
"Automotive Repair in Hollywood, Florida",C & C Parts & Repair Inc,5.0,53,,Auto repair shop,500 N Dixie Hwy #6,26.0153662,-80.1498808,Open,Closes 3 PM,,2025-03-07 13:36:33,(954) 251-3236,,https://www.google.com/maps/place/C+%26+C+Parts+%26+Repair+Inc/data=!4m7!3m6!1s0x88d9aba3c5d3b60f:0x3533dbcf330798de!8m2!3d26.0153662!4d-80.1498808!16s%2Fg%2F1tdq_j2x!19sChIJD7bTxaOr2YgR3pgHM8_bMzU?authuser=0&hl=en&rclk=1
"Automotive Repair in Hollywood, Florida",B & W Auto Repairs,4.7,37,,Auto repair shop,4807 Pembroke Rd,25.9957229,-80.1908109,Open,Closes 5 PM,,2025-03-07 13:36:34,(954) 964-8707,,https://www.google.com/maps/place/B+%26+W+Auto+Repairs/data=!4m7!3m6!1s0x88d9a954400f3787:0x697ed3ef2f462083!8m2!3d25.9957229!4d-80.1908109!16s%2Fg%2F1tk7099d!19sChIJhzcPQFSp2YgRgyBGL-_Tfmk?authuser=0&hl=en&rclk=1
"Automotive Repair in Hollywood, Florida",Auto Exotic,5.0,179,,Auto body shop,2108 Mayo St,25.9979591,-80.1495361,Open,Closes 6 PM,,2025-03-07 13:36:38,(954) 257-1118,,https://www.google.com/maps/place/Auto+Exotic/data=!4m7!3m6!1s0x88d9ab8279a561e5:0x69ff0c6530d3f3e2!8m2!3d25.9979591!4d-80.1495361!16s%2Fg%2F11h4ym7h23!19sChIJ5WGleYKr2YgR4vPTMGUM_2k?authuser=0&hl=en&rclk=1
"Automotive Repair in Hollywood, Florida",I-TECH Complete Car Care LLC,4.8,211,,Auto repair shop,4007 Pembroke Rd,25.9960272,-80.1839756,Open,Closes 6 PM,https://itechccc.com/,2025-03-07 13:36:39,(954) 399-9919," 
Onsite services
 
BOOK ONLINE",https://www.google.com/maps/place/I-TECH+Complete+Car+Care+LLC/data=!4m7!3m6!1s0x88d9abfe85b2cdbd:0xb3952250d89423b0!8m2!3d25.9960272!4d-80.1839756!16s%2Fg%2F11f54kd7d9!19sChIJvc2yhf6r2YgRsCOU2FAilbM?authuser=0&hl=en&rclk=1
"Automotive Repair in Hollywood, Florida",Luis' Auto Repair,4.5,40,,Auto repair shop,5944 Thomas St,26.0302192,-80.2076003,Open,Closes 4 AM,https://www.fiverr.com/localcitationsb/create-top-200-usa-local-listing-citations?context_referrer=seller_page&ref_ctx_id=2e32e336b6c34e8ea3a6bb526e8efc4b&pckg_id=1&pos=1&seller_online=true&imp_id=f0b53dee-77e2-41b0-8ce7-b98abcb8c9c6,2025-03-07 13:36:40,(954) 983-3365,,https://www.google.com/maps/place/Luis%27+Auto+Repair/data=!4m7!3m6!1s0x88d9a972fd83e495:0xd3d1b2fc0fd1e2a0!8m2!3d26.0302192!4d-80.2076003!16s%2Fg%2F1tg9th65!19sChIJleSD_XKp2YgRoOLRD_yy0dM?authuser=0&hl=en&rclk=1
"Automotive Repair in Hollywood, Florida","Tripple RRR O Automotive, Inc.",4.8,66,,Auto repair shop,2223 W Pembroke Rd suit A,25.9966857,-80.1515716,Open,Closes 7:30 PM,,2025-03-07 13:36:41,(407) 300-2258,,"https://www.google.com/maps/place/Tripple+RRR+O+Automotive,+Inc./data=!4m7!3m6!1s0x88d9ac7931647deb:0xcafde40c498f03f!8m2!3d25.9966857!4d-80.1515716!16s%2Fg%2F11gdw3l663!19sChIJ631kMXms2YgRP_CYxEDerww?authuser=0&hl=en&rclk=1"
"Automotive Repair in Hollywood, Florida",South Park Auto Repair,4.8,56,,Auto repair shop,3325 Pembroke Rd,25.9961831,-80.1765428,Open,Closes 5 PM,,2025-03-07 13:36:42,(954) 962-3896,,https://www.google.com/maps/place/South+Park+Auto+Repair/data=!4m7!3m6!1s0x88d9abfa010bad13:0xf95e293cabe90bba!8m2!3d25.9961831!4d-80.1765428!16s%2Fg%2F11bzypr7r_!19sChIJE60LAfqr2YgRugvpqzwpXvk?authuser=0&hl=en&rclk=1
"Automotive Repair in Hollywood, Florida",AUTO REPAIRS PLUS,4.7,20,,Auto repair shop,1318 S State Rd 7,25.9984778,-80.2074444,Open,Closes 4 PM,,2025-03-07 13:36:43,(954) 966-8941,,https://www.google.com/maps/place/AUTO+REPAIRS+PLUS/data=!4m7!3m6!1s0x88d9a93aff86720d:0x57ed6a5d12a0746c!8m2!3d25.9984778!4d-80.2074444!16s%2Fg%2F11kp_8d5nv!19sChIJDXKG_zqp2YgRbHSgEl1q7Vc?authuser=0&hl=en&rclk=1
"Automotive Repair in Hollywood, Florida",VJ Tires Auto Repair,4.7,614,,Tire shop,1000 N State Rd 7,26.0187286,-80.2082123,Open,Closes 7 PM,https://www.vjtirecoastalcollision.com/,2025-03-07 13:36:44,(954) 967-8867," 
In-store pickup
·
Delivery",https://www.google.com/maps/place/VJ+Tires+Auto+Repair/data=!4m7!3m6!1s0x88d9a96b21003f6f:0xe10e383a295168e!8m2!3d26.0187286!4d-80.2082123!16s%2Fg%2F1tfln74g!19sChIJbz8AIWup2YgRjhaVooPjEA4?authuser=0&hl=en&rclk=1
"Automotive Repair in Hollywood, Florida",Mobile Auto Mechanic & Vehicle Inspection Services,5.0,696,,Car repair and maintenance service,,25.7809925,-80.4482804,Open,Closes 9 PM,http://www.ernestomobilemechanic.com/,2025-03-07 13:36:45,(786) 705-1341,,https://www.google.com/maps/place/Mobile+Auto+Mechanic+%26+Vehicle+Inspection+Services/data=!4m7!3m6!1s0x88d9b1902e1ae8ed:0xb11c50cd12f6b58e!8m2!3d25.7809925!4d-80.4482804!16s%2Fg%2F11gltk4fyj!19sChIJ7egaLpCx2YgRjrX2Es1QHLE?authuser=0&hl=en&rclk=1
"Automotive Repair in Hollywood, Florida",Prestige Auto Repairs & Tires,4.9,212,,Auto repair shop,2425 Pembroke Rd,25.9966317,-80.1546667,Open,Closes 8 PM,http://www.prestigefix.com/,2025-03-07 13:36:46,(954) 589-5295," 
Onsite services",https://www.google.com/maps/place/Prestige+Auto+Repairs+%26+Tires/data=!4m7!3m6!1s0x88d9abfdc07b2375:0xfe960b4e7f245c58!8m2!3d25.9966317!4d-80.1546667!16s%2Fg%2F11wmvf9fcw!19sChIJdSN7wP2r2YgRWFwkf04Llv4?authuser=0&hl=en&rclk=1
"Automotive Repair in Hollywood, Florida",Carfix Auto Repair,4.8,219,,Auto body shop,1148 S Dixie Hwy,26.002046,-80.1491443,Open,Closes 4:30 PM,,2025-03-07 13:36:48,(954) 920-4686,,https://www.google.com/maps/place/Carfix+Auto+Repair/data=!4m7!3m6!1s0x88d9ab9b65588e9f:0x858fc0e6cd2d4ba7!8m2!3d26.002046!4d-80.1491443!16s%2Fg%2F1tdq6tmj!19sChIJn45YZZur2YgRp0stzebAj4U?authuser=0&hl=en&rclk=1
"Automotive Repair in Hollywood, Florida",On Site Auto Services,4.9,66,,Auto repair shop,4837 Pembroke Rd,25.9961046,-80.1916224,Open,Closes 5:30 PM,,2025-03-07 13:36:49,(954) 251-1037,,https://www.google.com/maps/place/On+Site+Auto+Services/data=!4m7!3m6!1s0x88d9a9546b25e6db:0xf31149722315253f!8m2!3d25.9961046!4d-80.1916224!16s%2Fg%2F11b6dtkgsq!19sChIJ2-Yla1Sp2YgRPyUVI3JJEfM?authuser=0&hl=en&rclk=1
"Automotive Repair in Hollywood, Florida",Goodyear Auto Service,4.3,204,,Tire shop,2825 Hollywood Blvd,26.0112867,-80.1646419,Open,Closes 6:30 PM,https://www.goodyearautoservice.com/en-US/shop/FL/Hollywood/000902544-33020-4226,2025-03-07 13:36:50,(954) 923-6521," 
In-store shopping
·
In-store pickup
 
BOOK ONLINE",https://www.google.com/maps/place/Goodyear+Auto+Service/data=!4m7!3m6!1s0x88d9ab95487b0fdb:0xd54f9a9c62ebbc73!8m2!3d26.0112867!4d-80.1646419!16s%2Fg%2F1tdhmmfr!19sChIJ2w97SJWr2YgRc7zrYpyaT9U?authuser=0&hl=en&rclk=1
"Automotive Repair in Hollywood, Florida","German Vehicles Service, Inc.",4.4,250,,Auto repair shop,3841 Pembroke Rd,25.9959428,-80.183198,Open,Closes 5 PM,https://germanvehiclesservice.com/,2025-03-07 13:36:51,(954) 241-7038,,"https://www.google.com/maps/place/German+Vehicles+Service,+Inc./data=!4m7!3m6!1s0x88d9abfeae129bbb:0x171cb979887314fd!8m2!3d25.9959428!4d-80.183198!16s%2Fg%2F1tf43rww!19sChIJu5sSrv6r2YgR_RRziHm5HBc?authuser=0&hl=en&rclk=1"
"Automotive Repair in Hollywood, Florida",World Tire Auto Repair Inc.,3.9,137,,Auto repair shop,1314 N Federal Hwy,26.0231283,-80.1435695,Open,Closes 6 PM,http://worldtirerepair.com/,2025-03-07 13:36:53,(954) 922-0650,,https://www.google.com/maps/place/World+Tire+Auto+Repair+Inc./data=!4m7!3m6!1s0x88d9aba80727064d:0x4338362aeb3db7b6!8m2!3d26.0231283!4d-80.1435695!16s%2Fg%2F1tgcn2f9!19sChIJTQYnB6ir2YgRtrc96yo2OEM?authuser=0&hl=en&rclk=1
"Automotive Repair in Hollywood, Florida",Din’s Cars,4.7,294,,Auto repair shop,1100 N State Rd 7,26.0197004,-80.2082736,Open,Closes 7 PM,http://www.dinscars.com/,2025-03-07 13:36:54,(954) 478-5953,,https://www.google.com/maps/place/Din%E2%80%99s+Cars/data=!4m7!3m6!1s0x88d9a9fa192e2ac3:0x7b1a4bae03a76510!8m2!3d26.0197004!4d-80.2082736!16s%2Fg%2F11srkdmw8m!19sChIJwyouGfqp2YgREGWnA65LGns?authuser=0&hl=en&rclk=1
"Automotive Repair in Hollywood, Florida",Master Mechanix Auto Repair,4.9,37,,Auto repair shop,5620 Johnson St,26.0175304,-80.2004669,Open,Closes 5:30 PM,,2025-03-07 13:36:55,(954) 508-5800," 
Onsite services",https://www.google.com/maps/place/Master+Mechanix+Auto+Repair/data=!4m7!3m6!1s0x88d9a9e36ba4ac75:0xc0e32cd4edca17b4!8m2!3d26.0175304!4d-80.2004669!16s%2Fg%2F11w4jpzwt6!19sChIJdayka-Op2YgRtBfK7dQs48A?authuser=0&hl=en&rclk=1
"Automotive Repair in Hollywood, Florida",Auto Repair Pros Hollywood North,5.0,18,,Oil change service,1631 N State Rd 7,26.0246123,-80.2076782,Open,Closes 6 PM,https://autorepairpros.com/loc/hollywood-north/?utm_source=gmb&utm_medium=organic&utm_campaign=hollywoodnorth,2025-03-07 13:36:56,(954) 710-8216," 
BOOK ONLINE",https://www.google.com/maps/place/Auto+Repair+Pros+Hollywood+North/data=!4m7!3m6!1s0x88d9a95fe9f96f09:0xfc65e4d2216c22fb!8m2!3d26.0246123!4d-80.2076782!16s%2Fg%2F11wc209jdw!19sChIJCW_56V-p2YgR-yJsIdLkZfw?authuser=0&hl=en&rclk=1
"Automotive Repair in Hollywood, Florida",Ken's Automotive,5.0,67,,Auto repair shop,2080 S Harbor Isles Dr,26.0500372,-80.166254,Open,Closes 5 PM,,2025-03-07 13:36:57,(954) 927-4434,,https://www.google.com/maps/place/Ken%27s+Automotive/data=!4m7!3m6!1s0x88d9aa38ce805d89:0x389eee46684c471c!8m2!3d26.0500372!4d-80.166254!16s%2Fg%2F119wp7s9r!19sChIJiV2Azjiq2YgRHEdMaEbunjg?authuser=0&hl=en&rclk=1
"Automotive Repair in Hollywood, Florida",Discount Auto Repairs #2,4.5,54,,Auto repair shop,6490 Stirling Rd,26.0459526,-80.2200841,Open,Closes 5 PM,https://instagram.com/discountautorepair_2?igshid=MzRlODBiNWFlZA==,2025-03-07 13:36:58,(754) 214-6132,,https://www.google.com/maps/place/Discount+Auto+Repairs+%232/data=!4m7!3m6!1s0x88d9a9a5e3712001:0x348d016c8cc8cece!8m2!3d26.0459526!4d-80.2200841!16s%2Fg%2F11c5_0htq8!19sChIJASBx46Wp2YgRzs7IjGwBjTQ?authuser=0&hl=en&rclk=1
"Automotive Repair in Hollywood, Florida",Franco's Auto Repair Inc,4.6,180,,Auto repair shop,167 N Federal Hwy,26.0556408,-80.1440274,Open,Closes 5 PM,,2025-03-07 13:36:59,(954) 922-8333,,https://www.google.com/maps/place/Franco%27s+Auto+Repair+Inc/data=!4m7!3m6!1s0x88d9aa5f98fa17ed:0x2ad46e9a04c70c62!8m2!3d26.0556408!4d-80.1440274!16s%2Fg%2F1tgcn2f3!19sChIJ7Rf6mF-q2YgRYgzHBJpu1Co?authuser=0&hl=en&rclk=1
"Automotive Repair in Hollywood, Florida",Imported Cars Repair,4.5,32,,Auto repair shop,5766 Dawson St,26.0008112,-80.2029674,Open,Closes 6 PM,https://importedcarsrepair.com/,2025-03-07 13:37:03,(954) 966-5571," 
""You can trust they will give the correct diagnosis and reliable repair.""",https://www.google.com/maps/place/Imported+Cars+Repair/data=!4m7!3m6!1s0x88d9a94f21b106d1:0xb37c42d63b515bef!8m2!3d26.0008112!4d-80.2029674!16s%2Fg%2F1th0c73x!19sChIJ0QaxIU-p2YgR71tRO9ZCfLM?authuser=0&hl=en&rclk=1
"Automotive Repair in Hollywood, Florida",Ortega Auto Repair,3.8,48,,Auto repair shop,3939 Pembroke Rd,25.9965182,-80.183551,Open,Closes 6 PM,https://ortegaautotech1.com/,2025-03-07 13:37:04,(954) 962-3747," 
""... service very detailed and knowledgeable efficient great service""",https://www.google.com/maps/place/Ortega+Auto+Repair/data=!4m7!3m6!1s0x88d9abfe9eea635f:0xc7ec51af296aced4!8m2!3d25.9965182!4d-80.183551!16s%2Fg%2F11f63yhsg5!19sChIJX2Pqnv6r2YgR1M5qKa9R7Mc?authuser=0&hl=en&rclk=1
"Automotive Repair in Hollywood, Florida",Uncle D's Transmissions & Auto Repair,4.2,434,,Auto repair shop,6596 Taft St,26.024295,-80.2200662,Open,Closes 5:30 PM,http://www.uncleds.com/,2025-03-07 13:37:05,(954) 961-1555," 
""Excellent service, fixed all the issues in my car highly recommend.""",https://www.google.com/maps/place/Uncle+D%27s+Transmissions+%26+Auto+Repair/data=!4m7!3m6!1s0x88d9a91091adacff:0xa1567855de18a41e!8m2!3d26.024295!4d-80.2200662!16s%2Fg%2F1tg7stm5!19sChIJ_6ytkRCp2YgRHqQY3lV4VqE?authuser=0&hl=en&rclk=1
"Automotive Repair in Hollywood, Florida",Marka Tires & Auto Repair,4.0,265,,Auto repair shop,300 N State Rd 7,26.0126014,-80.2080855,Open,Closes 6 PM,,2025-03-07 13:37:06,(954) 989-2807," 
""They found the issue from my A/C car, ordered part and replaced it.""",https://www.google.com/maps/place/Marka+Tires+%26+Auto+Repair/data=!4m7!3m6!1s0x88d9a940f5dff23f:0x38dcf892ed73e4b5!8m2!3d26.0126014!4d-80.2080855!16s%2Fg%2F1th5_lr6!19sChIJP_Lf9UCp2YgRteRz7ZL43Dg?authuser=0&hl=en&rclk=1
"Automotive Repair in Hollywood, Florida",The Guaranteed Best Choice,5.0,21,,Auto repair shop,5601 Plunkett St Unit #2,25.9992017,-80.1993041,Open,Closes 6 PM,https://www.gbchoiceautoservice.com/,2025-03-07 13:37:07,(305) 393-9922," 
""They were wonderful, did great work and were personable and efficient.""",https://www.google.com/maps/place/The+Guaranteed+Best+Choice/data=!4m7!3m6!1s0x88d9a9225301a4f1:0xb408379fed3fd256!8m2!3d25.9992017!4d-80.1993041!16s%2Fg%2F11ft_dfn9l!19sChIJ8aQBUyKp2YgRVtI_7Z83CLQ?authuser=0&hl=en&rclk=1
"Automotive Repair in Hollywood, Florida",Dania Motors,4.6,219,,Auto repair shop,157 Phippen Waiters Rd,26.049392,-80.148535,Open,Closes 5 PM,http://www.daniamotors.com/,2025-03-07 13:37:08,(954) 920-7550," 
""Great work at a fair price.""",https://www.google.com/maps/place/Dania+Motors/data=!4m7!3m6!1s0x88d9aa5a2a60fc5b:0xe16a9941ac98009c!8m2!3d26.049392!4d-80.148535!16s%2Fg%2F1tgxvbv1!19sChIJW_xgKlqq2YgRnACYrEGZauE?authuser=0&hl=en&rclk=1
"Automotive Repair in Hollywood, Florida",Davie Motorsport European Auto Repair Specialist,4.8,326,,Auto repair shop,4320 Davie Rd,26.0670881,-80.2317883,Open,Closes 6 PM,http://www.daviemotorsport.com/,2025-03-07 13:37:10,(954) 236-5500," 
""Their pricing was fair, and the service was completed on time as promised.""
 
BOOK ONLINE",https://www.google.com/maps/place/Davie+Motorsport+European+Auto+Repair+Specialist/data=!4m7!3m6!1s0x88d9078406f1f6d5:0x3129d6626da02707!8m2!3d26.0670881!4d-80.2317883!16s%2Fg%2F1tdzxj57!19sChIJ1fbxBoQH2YgRByegbWLWKTE?authuser=0&hl=en&rclk=1
"Automotive Repair in Hollywood, Florida",Chuck's Auto Air Inc,4.5,113,,Auto repair shop,5690 Johnson St,26.0176105,-80.2014389,Open,Closes 5 PM,,2025-03-07 13:37:11,(954) 962-8475," 
""Professional, competitive prices, honest and accurate estimates.""",https://www.google.com/maps/place/Chuck%27s+Auto+Air+Inc/data=!4m7!3m6!1s0x88d9a968533348e9:0x15e6cdb449c00756!8m2!3d26.0176105!4d-80.2014389!16s%2Fg%2F1tf9tmng!19sChIJ6UgzU2ip2YgRVgfASbTN5hU?authuser=0&hl=en&rclk=1
"Automotive Repair in Hollywood, Florida",HALLANDALE AUTO ELECTRIC,4.2,305,,Auto repair shop,719 N Dixie Hwy,25.9936498,-80.1490384,Open,Closes 5 PM,http://www.hallandaleautoelectricfl.com/,2025-03-07 13:37:13,(954) 454-7305," 
""I brought my car to Walter to fix it he found my problem in no time.""",https://www.google.com/maps/place/HALLANDALE+AUTO+ELECTRIC/data=!4m7!3m6!1s0x88d9ab86aec07c0b:0xc2ba3c1b987a6a33!8m2!3d25.9936498!4d-80.1490384!16s%2Fg%2F1tkc2xk1!19sChIJC3zAroar2YgRM2p6mBs8usI?authuser=0&hl=en&rclk=1
"Automotive Repair in Hollywood, Florida",On Demand Mobile Autocare LLC,5.0,112,,Auto repair shop,,26.0099231,-80.182478,Open,Closes 7 PM,https://ondemandmobileautocare.godaddysites.com/,2025-03-07 13:37:14,(954) 483-9236," 
""He went above and beyond in his service and my car is now running smooth!""",https://www.google.com/maps/place/On+Demand+Mobile+Autocare+LLC/data=!4m7!3m6!1s0x88d9ab99ba10a457:0x5b5fdf6b55724a8f!8m2!3d26.0099231!4d-80.182478!16s%2Fg%2F11jygtvmzr!19sChIJV6QQupmr2YgRj0pyVWvfX1s?authuser=0&hl=en&rclk=1
"Automotive Repair in Hollywood, Florida",Dylan's Tire and Auto,4.9,533,,Auto repair shop,5600 Washington St,26.0022951,-80.199493,Open,Closes 6 PM,https://www.dylanstireandauto.com/,2025-03-07 13:37:15,(305) 389-5853," 
Onsite services",https://www.google.com/maps/place/Dylan%27s+Tire+and+Auto/data=!4m7!3m6!1s0x88d9a9a87b278ca1:0x4bd8647ce4033fa!8m2!3d26.0022951!4d-80.199493!16s%2Fg%2F11qpzqtxc0!19sChIJoYwne6ip2YgR-jNAzkeGvQQ?authuser=0&hl=en&rclk=1
"Automotive Repair in Hollywood, Florida",Star Motors,4.4,64,,Auto repair shop,614 N State Rd 7,26.0155428,-80.2081139,Open,Closes 6 PM,,2025-03-07 13:37:16,(954) 966-0511," 
""Great service attitude, excellent results, honest bills!""",https://www.google.com/maps/place/Star+Motors/data=!4m7!3m6!1s0x88d9a94020d95837:0x6e2ae0c9ed134f9c!8m2!3d26.0155428!4d-80.2081139!16s%2Fg%2F1td_j17k!19sChIJN1jZIECp2YgRnE8T7cngKm4?authuser=0&hl=en&rclk=1
"Automotive Repair in Hollywood, Florida",Donny's Auto Body Shop,4.4,183,,Auto body shop,1400 S Dixie Hwy,25.9995394,-80.1490606,Open,Closes 5 PM,,2025-03-07 13:37:17,(954) 921-6737," 
""They did exceptional work at a fair price.""
 
BOOK ONLINE",https://www.google.com/maps/place/Donny%27s+Auto+Body+Shop/data=!4m7!3m6!1s0x88d9ab84ae754849:0x995720210e056cb1!8m2!3d25.9995394!4d-80.1490606!16s%2Fg%2F1tglzsnk!19sChIJSUh1roSr2YgRsWwFDiEgV5k?authuser=0&hl=en&rclk=1
"Automotive Repair in Hollywood, Florida",Chads Mobile Mechanics,4.9,312,,Car repair and maintenance service,,26.1906675,-80.255922,Open,Closes 6 PM,https://chadsmobilemechanics.godaddysites.com/,2025-03-07 13:37:19,(786) 357-8944,"  ""Great service and knowledgeable  fixed my truck quickly and affordably.""",https://www.google.com/maps/place/Chads+Mobile+Mechanics/data=!4m7!3m6!1s0x88d9ab646cf5dc05:0x2faa93cbef853c22!8m2!3d26.1906675!4d-80.255922!16s%2Fg%2F11fy1pjmrx!19sChIJBdz1bGSr2YgRIjyF78uTqi8?authuser=0&hl=en&rclk=1
"Automotive Repair in Hollywood, Florida",Yan Auto Repair,4.4,39,,Auto repair shop,901 N State Rd 7,26.0180068,-80.2077082,Opens soon,9 AM,https://yanautorepair.com/,2025-03-07 13:37:21,(954) 997-0127," 
""In just a few short minutes my car was running perfectly again.""",https://www.google.com/maps/place/Yan+Auto+Repair/data=!4m7!3m6!1s0x88d9a9e45b3714f5:0x93daafe383bbb315!8m2!3d26.0180068!4d-80.2077082!16s%2Fg%2F11rk57bzry!19sChIJ9RQ3W-Sp2YgRFbO7g-Ov2pM?authuser=0&hl=en&rclk=1
"Automotive Repair in Hollywood, Florida",Jap Tech Inc,4.8,174,,Car repair and maintenance service,7701 Pines Blvd,26.0097154,-80.2415635,Open,Closes 6 PM,http://www.japtech.com/,2025-03-07 13:37:22,(954) 985-9855," 
""They fixed my brake light switch which was causing issues with my battery.""",https://www.google.com/maps/place/Jap+Tech+Inc/data=!4m7!3m6!1s0x88d9a8db19afe223:0x3d95a8bd24d9cc11!8m2!3d26.0097154!4d-80.2415635!16s%2Fg%2F1tf87wwt!19sChIJI-KvGduo2YgREczZJL2olT0?authuser=0&hl=en&rclk=1
"Automotive Repair in Hollywood, Florida",Tune Rite Auto,4.7,794,,Auto repair shop,5460 Reese Rd,26.0903349,-80.219658,Open,Closes 5:30 PM,http://www.tuneriteauto.com/,2025-03-07 13:37:23,(954) 584-4104," 
""Work was performed flawlessly and car was back on time!""
 
BOOK ONLINE",https://www.google.com/maps/place/Tune+Rite+Auto/data=!4m7!3m6!1s0x88d9076317bc0e07:0xe40a705b28d3e41d!8m2!3d26.0903349!4d-80.219658!16s%2Fg%2F1tdkn08x!19sChIJBw68F2MH2YgRHeTTKFtwCuQ?authuser=0&hl=en&rclk=1
"Automotive Repair in Hollywood, Florida",Robin Service Auto Repair,5.0,13,,Auto repair shop,728 S Dixie Hwy,26.0053566,-80.1492903,Open,Closes 5 PM,,2025-03-07 13:37:24,(954) 822-5483," 
""Very professional and reasonable prices.""",https://www.google.com/maps/place/Robin+Service+Auto+Repair/data=!4m7!3m6!1s0x88d9ab9be4859487:0x165cb3991c144bdc!8m2!3d26.0053566!4d-80.1492903!16s%2Fg%2F11c7sz3yd5!19sChIJh5SF5Jur2YgR3EsUHJmzXBY?authuser=0&hl=en&rclk=1
"Automotive Repair in Hollywood, Florida",Fixar Garage,5.0,21,,Auto repair shop,1010 N 20th Ave,26.0204056,-80.1474585,Open,Closes 6 PM,https://www.fixargarage.com/,2025-03-07 13:37:25,(754) 295-7720," 
""Excellent experience, great prices and great work.""",https://www.google.com/maps/place/Fixar+Garage/data=!4m7!3m6!1s0x88d9a9e32d860e5b:0xa48e16236cf5bc77!8m2!3d26.0204056!4d-80.1474585!16s%2Fg%2F11tp7v2hdf!19sChIJWw6GLeOp2YgRd7z1bCMWjqQ?authuser=0&hl=en&rclk=1
"Automotive Repair in Hollywood, Florida",Mike's Automotive,4.9,189,,Auto repair shop,202 NW 2nd St,25.9879692,-80.1506429,Opens soon,9 AM,http://www.mikesautomotive3.com/,2025-03-07 13:37:26,(954) 589-2284," 
""Mike repaired it in 1 week and the car looks brand new.""",https://www.google.com/maps/place/Mike%27s+Automotive/data=!4m7!3m6!1s0x88d9ac7884bcf609:0x11a37ff007c928a2!8m2!3d25.9879692!4d-80.1506429!16s%2Fg%2F12ltv3mvg!19sChIJCfa8hHis2YgRoijJB_B_oxE?authuser=0&hl=en&rclk=1
"Automotive Repair in Hollywood, Florida",Aaron's Automotive Service,4.8,58,,Auto repair shop,4171 W Hallandale Beach Blvd,25.9847093,-80.184295,Opens soon,9 AM,https://www.instagram.com/aarons_automotive_service/,2025-03-07 13:37:33,(954) 985-9675," 
""He quickly helped me diagnose my car and take care of the maintenance.""",https://www.google.com/maps/place/Aaron%27s+Automotive+Service/data=!4m7!3m6!1s0x88d9ac03d635d421:0xb9bb58f0d5f9f35f!8m2!3d25.9847093!4d-80.184295!16s%2Fg%2F11fct5n7cy!19sChIJIdQ11gOs2YgRX_P51fBYu7k?authuser=0&hl=en&rclk=1
"Automotive Repair in Hollywood, Florida",Jumbo Service Center,5.0,14,,Auto repair shop,760 S State Rd 7,26.005136,-80.2079966,Open,Closes 5 PM,http://www.jumboservicecenter.com/,2025-03-07 13:37:34,(954) 900-1052," 
""Amazing service and 5 star customer treatment!""",https://www.google.com/maps/place/Jumbo+Service+Center/data=!4m7!3m6!1s0x88d9aff93905c1f3:0xd09788c86252bd88!8m2!3d26.005136!4d-80.2079966!16s%2Fg%2F11fsq0z0tl!19sChIJ88EFOfmv2YgRiL1SYsiIl9A?authuser=0&hl=en&rclk=1
"Automotive Repair in Hollywood, Florida",ISH Hybrids,4.6,49,,Auto repair shop,3625 Pembroke Rd Unit c4,25.9962164,-80.179486,Open,Closes 6:30 PM,https://ishhybrids.com/,2025-03-07 13:37:36,(954) 801-5434," 
""We dropped off the car in the am and got it back in pm.""",https://www.google.com/maps/place/ISH+Hybrids/data=!4m7!3m6!1s0x88d908af9fb3f4ad:0x3171121f741edb36!8m2!3d25.9962164!4d-80.179486!16s%2Fg%2F11bytn0sxx!19sChIJrfSzn68I2YgRNtsedB8ScTE?authuser=0&hl=en&rclk=1
"Automotive Repair in Hollywood, Florida",Pro Tech Auto Repair,4.4,37,,Auto repair shop,6455 Pembroke Rd,25.9955664,-80.2176442,Open,Closes 6 PM,,2025-03-07 13:37:37,(954) 639-7644," 
""They offered an affordable price & timely service.""",https://www.google.com/maps/place/Pro+Tech+Auto+Repair/data=!4m7!3m6!1s0x88d9a93306502ce5:0x34509774df1ffdad!8m2!3d25.9955664!4d-80.2176442!16s%2Fg%2F1trc5rvg!19sChIJ5SxQBjOp2YgRrf0f33SXUDQ?authuser=0&hl=en&rclk=1
"Automotive Repair in Hollywood, Florida",Fleet Tire Truck And Auto Center Inc,4.6,172,,Tire shop,5911 Pembroke Rd,25.9954543,-80.2053287,Open,Closes 5 PM,http://fleettire.net/,2025-03-07 13:37:38,(954) 989-2600," 
In-store pickup
·
Delivery",https://www.google.com/maps/place/Fleet+Tire+Truck+And+Auto+Center+Inc/data=!4m7!3m6!1s0x88d9a94b9965e681:0xf35d46bdd133e0a5!8m2!3d25.9954543!4d-80.2053287!16s%2Fg%2F1tj2jptd!19sChIJgeZlmUup2YgRpeAz0b1GXfM?authuser=0&hl=en&rclk=1
"Automotive Repair in Hollywood, Florida",Toyota of Hollywood Service,4.6,"6,799",,Car repair and maintenance service,1841 FL-7,26.0265971,-80.2074899,Open,Closes 6 PM,https://www.toyotaofhollywood.com/,2025-03-07 13:37:39,(844) 848-9479," 
Onsite services",https://www.google.com/maps/place/Toyota+of+Hollywood+Service/data=!4m7!3m6!1s0x88d9a957f64ce4c3:0x404f9dd3e953f2d4!8m2!3d26.0265971!4d-80.2074899!16s%2Fg%2F11hds0fkbh!19sChIJw-RM9lep2YgR1PJT6dOdT0A?authuser=0&hl=en&rclk=1
"Automotive Repair in Hollywood, Florida",Bacchus Auto Repair,5.0,5,,Auto repair shop,2001 Pembroke Rd,25.9968879,-80.1469922,Open,Closes 5:30 PM,,2025-03-07 13:37:40,(954) 981-5737," 
""We couldn't ask for more.""",https://www.google.com/maps/place/Bacchus+Auto+Repair/data=!4m7!3m6!1s0x88d9abfeae0aa7a5:0x1afede550f6935e0!8m2!3d25.9968879!4d-80.1469922!16s%2Fg%2F1xgzcl2n!19sChIJpacKrv6r2YgR4DVpD1Xe_ho?authuser=0&hl=en&rclk=1
"Automotive Repair in Hollywood, Florida",Hollywood Tires,4.5,240,,Auto repair shop,2922 Johnson St,26.0181584,-80.166474,Open,Closes 5 PM,http://hollywoodtires.net/,2025-03-07 13:37:42,(954) 927-6421," 
""Took care of my brakes and brake sensor same day !!!""",https://www.google.com/maps/place/Hollywood+Tires/data=!4m7!3m6!1s0x88d9abc0b7c7eee3:0xed17971a080fe1ba!8m2!3d26.0181584!4d-80.166474!16s%2Fg%2F1tgd7b4f!19sChIJ4-7Ht8Cr2YgRuuEPCBqXF-0?authuser=0&hl=en&rclk=1
"Automotive Repair in Hollywood, Florida",Hollywood circle mobile mechanic,5.0,22,,Auto repair shop,1930 Jackson St,26.008414,-80.1459536,Open 24 hours,,,2025-03-07 13:37:43,(954) 505-6869,"  ""My  car had a starter problem, came quickly and fixed it""",https://www.google.com/maps/place/Hollywood+circle+mobile+mechanic/data=!4m7!3m6!1s0x88d9ab8336767373:0xeecef3e6df7916ed!8m2!3d26.008414!4d-80.1459536!16s%2Fg%2F11w86l85cj!19sChIJc3N2NoOr2YgR7RZ53-bzzu4?authuser=0&hl=en&rclk=1
"Automotive Repair in Hollywood, Florida",Pro Tech Auto,4.7,101,,Auto repair shop,5421 W Hallandale Beach Blvd,25.984553,-80.1971766,Closed,Opens 9:30 AM,,2025-03-07 13:37:44,(954) 983-8300," 
""Quality work at honest prices.""",https://www.google.com/maps/place/Pro+Tech+Auto/data=!4m7!3m6!1s0x88d9aeae6b602491:0xfafdec42261856c0!8m2!3d25.984553!4d-80.1971766!16s%2Fg%2F125_zcc0q!19sChIJkSRga66u2YgRwFYYJkLs_fo?authuser=0&hl=en&rclk=1
"Automotive Repair in Hollywood, Florida",Eddie's Auto Clinic,4.5,82,,Auto repair shop,7400 Davie Road Extension,26.0379389,-80.2369842,,,,2025-03-07 13:37:46,," 
""He only fixes what needs to be fixed and he does it at a very fair price.""",https://www.google.com/maps/place/Eddie%27s+Auto+Clinic/data=!4m7!3m6!1s0x88d9a8fed78d4779:0xc331396557b3389c!8m2!3d26.0379389!4d-80.2369842!16s%2Fg%2F1td0tpnq!19sChIJeUeN1_6o2YgRnDizV2U5McM?authuser=0&hl=en&rclk=1
"Automotive Repair in Hollywood, Florida",Hollywood Car Shop,4.5,23,,Auto repair shop,2104 SW 59th Terrace,25.991215,-80.206253,,,http://www.hollywoodcarshop.net/,2025-03-07 13:37:47,," 
Onsite services",https://www.google.com/maps/place/Hollywood+Car+Shop/data=!4m7!3m6!1s0x88d9ab5530caf78d:0x98f34e37c8a579f4!8m2!3d25.991215!4d-80.206253!16s%2Fg%2F11k4zmhy7n!19sChIJjffKMFWr2YgR9HmlyDdO85g?authuser=0&hl=en&rclk=1
"Automotive Repair in Hollywood, Florida",Simonson Foreign Car Service,4.6,49,,Auto repair shop,720 S Dixie Hwy,26.0056047,-80.1493838,Open,Closes 5:30 PM,,2025-03-07 13:37:48,(954) 554-7860," 
""Very satisfied by the work performed - on schedule and on price quoted.""",https://www.google.com/maps/place/Simonson+Foreign+Car+Service/data=!4m7!3m6!1s0x88d9ab9be25f2e7f:0xba35b18e23e0231b!8m2!3d26.0056047!4d-80.1493838!16s%2Fg%2F1tfg3x16!19sChIJfy5f4pur2YgRGyPgI46xNbo?authuser=0&hl=en&rclk=1
"Automotive Repair in Miami Beach, Florida",Flame Auto Repair,4.9,199,,Auto repair shop,2105 Fletcher St Unit B,25.9975897,-80.1495108,Open,Closes 5:30 PM,http://www.flameautorepairs.com/,2025-03-07 13:37:57,(754) 400-0738,,https://www.google.com/maps/place/Flame+Auto+Repair/data=!4m7!3m6!1s0x88d9abe44b3cb195:0xef5eff8f6c0c3a95!8m2!3d25.9975897!4d-80.1495108!16s%2Fg%2F11trjzmdp4!19sChIJlbE8S-Sr2YgRlToMbI__Xu8?authuser=0&hl=en&rclk=1
"Automotive Repair in Miami Beach, Florida",Auto Repair Pros Hollywood West,4.8,737,,Auto repair shop,6031 Hollywood Blvd,26.0105477,-80.208809,Open,Closes 5 PM,https://autorepairpros.com/loc/hollywood-west/?utm_source=gmb&utm_medium=organic&utm_campaign=hollywoodwest,2025-03-07 13:38:00,(954) 266-0690," 
Onsite services
 
BOOK ONLINE",https://www.google.com/maps/place/Auto+Repair+Pros+Hollywood+West/data=!4m7!3m6!1s0x88d9a940ba63c8ed:0xa658cfc7dfab6667!8m2!3d26.0105477!4d-80.208809!16s%2Fg%2F1td1kssz!19sChIJ7chjukCp2YgRZ2ar38fPWKY?authuser=0&hl=en&rclk=1
"Automotive Repair in Miami Beach, Florida","I T Car Service, Inc",4.9,197,,Auto repair shop,16082 NE 21st Ave,25.924105,-80.1581251,Open,Closes 5:30 PM,,2025-03-07 13:38:03,(305) 947-5773," 
""Great service, fair prices, nice team, quick completion.""","https://www.google.com/maps/place/I+T+Car+Service,+Inc/data=!4m7!3m6!1s0x88d9adbc7400f739:0xd4aeeaf2f6c60cc6!8m2!3d25.924105!4d-80.1581251!16s%2Fg%2F1ttq2xj8!19sChIJOfcAdLyt2YgRxgzG9vLqrtQ?authuser=0&hl=en&rclk=1"
"Automotive Repair in Miami Beach, Florida",Prestige Auto Tech,4.8,192,,Auto repair shop,16058 NE 21st Ave,25.9238299,-80.1581534,Open,Closes 6 PM,https://prestigeautotech.net/prestige-auto-tech-north/,2025-03-07 13:38:04,(305) 945-3279," 
""They were able to evaluate and fix my problem the same day .""
 
BOOK ONLINE",https://www.google.com/maps/place/Prestige+Auto+Tech/data=!4m7!3m6!1s0x88d9ad0bf499fa91:0x2c913e0a349bee53!8m2!3d25.9238299!4d-80.1581534!16s%2Fg%2F11t1cl43vp!19sChIJkfqZ9Aut2YgRU-6bNAo-kSw?authuser=0&hl=en&rclk=1
"Automotive Repair in Miami Beach, Florida",Oil Change North Miami Beach -Friendly Motor- Car Repair Shop,4.5,219,,Auto repair shop,153 NE 167th St,25.9284709,-80.1974857,Open,Closes 6 PM,https://www.friendlymotor.com/,2025-03-07 13:38:05,(305) 249-3838," 
""Honest reliable and fairly priced for the service you get.""",https://www.google.com/maps/place/Oil+Change+North+Miami+Beach+-Friendly+Motor-+Car+Repair+Shop/data=!4m7!3m6!1s0x88d9af44a8442ee3:0x87ed3be8993c96c0!8m2!3d25.9284709!4d-80.1974857!16s%2Fg%2F11g1nrw0k9!19sChIJ4y5EqESv2YgRwJY8meg77Yc?authuser=0&hl=en&rclk=1
"Automotive Repair in Miami Beach, Florida",Rey's Auto Repair Services,4.9,556,,Auto repair shop,527 SW 15th Ave 2nd ENTRANCE,25.7677892,-80.2192258,Open,Closes 4 PM,,2025-03-07 13:38:07,(305) 541-7339," 
""They diagnosed the problem hella quick and fixed it under an hour.""",https://www.google.com/maps/place/Rey%27s+Auto+Repair+Services/data=!4m7!3m6!1s0x88d9b6f0f593c7d3:0x87bb1ec01374f8d5!8m2!3d25.7677892!4d-80.2192258!16s%2Fg%2F1thxlwc9!19sChIJ08eT9fC22YgR1fh0E8Aeu4c?authuser=0&hl=en&rclk=1
"Automotive Repair in Miami Beach, Florida",Mechanics in Motion LLC Mobile Mechanics,4.6,242,,Auto repair shop,1065 SW 8th St Unit 584,25.7660753,-80.2124912,Open,Closes 6 PM,http://mechanicsinmotionfl.com/,2025-03-07 13:38:08,(305) 290-1572," 
Onsite services",https://www.google.com/maps/place/Mechanics+in+Motion+LLC+Mobile+Mechanics/data=!4m7!3m6!1s0x88d9af83cb1509f3:0x833df4c41e5e9ed8!8m2!3d25.7660753!4d-80.2124912!16s%2Fg%2F11ddxt_yyp!19sChIJ8wkVy4Ov2YgR2J5eHsT0PYM?authuser=0&hl=en&rclk=1
"Automotive Repair in Miami Beach, Florida",Sierra Auto Center & Deli,3.8,47,,Auto repair shop,331 23rd St,25.7992,-80.129614,Open 24 hours,,,2025-03-07 13:38:09,(305) 531-4355," 
""Dropped it off in the morning and by the afternoon it was ready.""",https://www.google.com/maps/place/Sierra+Auto+Center+%26+Deli/data=!4m7!3m6!1s0x88d9b49d64ac6a1d:0x5d3c6261b473d89a!8m2!3d25.7992!4d-80.129614!16s%2Fg%2F1td1w7k9!19sChIJHWqsZJ202YgRmthztGFiPF0?authuser=0&hl=en&rclk=1
"Automotive Repair in Miami Beach, Florida",E T Auto Repair,4.7,292,,Auto repair shop,773 NW 21st Terrace,25.7972023,-80.2084686,Open,Closes 5 PM,http://elt711.wixsite.com/etautorepair,2025-03-07 13:38:10,(305) 637-8492," 
""The problem was fixed quickly and got a fair price.""",https://www.google.com/maps/place/E+T+Auto+Repair/data=!4m7!3m6!1s0x88d9b6b5cf69310d:0x250e6402fc2b22cf!8m2!3d25.7972023!4d-80.2084686!16s%2Fg%2F1vfp4fpf!19sChIJDTFpz7W22YgRzyIr_AJkDiU?authuser=0&hl=en&rclk=1
"Automotive Repair in Miami Beach, Florida",Ferreiras Auto repairs,4.3,100,,Auto repair shop,2599 NE 163rd St,25.9266741,-80.1477201,Open,Closes 6 PM,https://m.facebook.com/autozervice/,2025-03-07 13:38:11,(305) 974-4056," 
""They had my car in and out promptly, restoring it to optimal condition.""",https://www.google.com/maps/place/Ferreiras+Auto+repairs/data=!4m7!3m6!1s0x88d9ada689cadfa7:0x909988ccf99abeb3!8m2!3d25.9266741!4d-80.1477201!16s%2Fg%2F11csp7n0pv!19sChIJp9_Kiaat2YgRs76a-cyImZA?authuser=0&hl=en&rclk=1
"Automotive Repair in Miami Beach, Florida",Green's Garage,4.6,659,,Auto repair shop,2221 SW 32nd Ave,25.7495784,-80.2462346,Open,Closes 6 PM,https://www.greensgaragemiami.com/,2025-03-07 13:38:12,(305) 444-8881," 
Onsite services
 
BOOK ONLINE",https://www.google.com/maps/place/Green%27s+Garage/data=!4m7!3m6!1s0x88d9b7a4d6356979:0xb2c38377a2974489!8m2!3d25.7495784!4d-80.2462346!16s%2Fg%2F1tfxyvbk!19sChIJeWk11qS32YgRiUSXoneDw7I?authuser=0&hl=en&rclk=1
"Automotive Repair in Miami Beach, Florida",Auto Services of North Miami Beach,4.5,28,,Auto repair shop,15620 W Dixie Hwy,25.9198823,-80.1586472,Open,Closes 6 PM,https://autoservicesnmb.com/,2025-03-07 13:38:13,(305) 944-4958," 
""Experts, quick & effective service, fair costs""",https://www.google.com/maps/place/Auto+Services+of+North+Miami+Beach/data=!4m7!3m6!1s0x88d9adbde988ecd9:0xa3a74138cfe12ed5!8m2!3d25.9198823!4d-80.1586472!16s%2Fg%2F11f3xg0_q8!19sChIJ2eyI6b2t2YgR1S7hzzhBp6M?authuser=0&hl=en&rclk=1
"Automotive Repair in Miami Beach, Florida",Phoenix Complete Auto Care,3.7,433,,Auto repair shop,1561 NE 163rd St,25.9259955,-80.1685474,Open,Closes 7 PM,,2025-03-07 13:38:15,(305) 957-0087," 
Onsite services",https://www.google.com/maps/place/Phoenix+Complete+Auto+Care/data=!4m7!3m6!1s0x88d9adc6daed4729:0x8498ecd06f847cd!8m2!3d25.9259955!4d-80.1685474!16s%2Fg%2F11c5zrjc2h!19sChIJKUft2sat2YgRzUf4Bs2OSQg?authuser=0&hl=en&rclk=1
"Automotive Repair in Miami Beach, Florida",NGR AUTO SERVICES,4.6,115,,Auto repair shop,1950 NE 154th St,25.916861,-80.1597711,Open,Closes 5:30 PM,http://www.ngrautoservices.com/,2025-03-07 13:38:17,(305) 944-0505," 
""He diagnosed the issue and went to fix it right away.""",https://www.google.com/maps/place/NGR+AUTO+SERVICES/data=!4m7!3m6!1s0x88d9ad96410912df:0x50882404a268942!8m2!3d25.916861!4d-80.1597711!16s%2Fg%2F1tk23r2c!19sChIJ3xIJQZat2YgRQokmSkCCCAU?authuser=0&hl=en&rclk=1
"Automotive Repair in Miami Beach, Florida",Ojus Automotive,4.4,160,,Auto repair shop,"18310 W Dixie Hwy, N Miami Beach Blvd",25.9451157,-80.1489155,Open,Closes 6 PM,,2025-03-07 13:38:18,(305) 931-6868," 
""No appointment and next day repair, it doesn’t get much better than that.""",https://www.google.com/maps/place/Ojus+Automotive/data=!4m7!3m6!1s0x88d9ac538f4211df:0x700f2704af1854ef!8m2!3d25.9451157!4d-80.1489155!16s%2Fg%2F1td1w7hw!19sChIJ3xFCj1Os2YgR71QYrwQnD3A?authuser=0&hl=en&rclk=1
"Automotive Repair in Miami Beach, Florida",Playa Auto Care,4.7,120,,Auto repair shop,14260 NE 18th Ave,25.9073026,-80.1634463,Open,Closes 6 PM,,2025-03-07 13:38:19,(305) 948-3500," 
""He kept me posted throughout the repair which was done in a timely manner.""",https://www.google.com/maps/place/Playa+Auto+Care/data=!4m7!3m6!1s0x88d9ada68851b3ef:0x71fcf7509483a9f5!8m2!3d25.9073026!4d-80.1634463!16s%2Fg%2F1tp1zm52!19sChIJ77NRiKat2YgR9amDlFD3_HE?authuser=0&hl=en&rclk=1
"Automotive Repair in Miami Beach, Florida",Miami Shores Auto Repair Inc,4.6,94,,Auto repair shop,9734 NE 2nd Ave,25.8650658,-80.1937831,Open,Closes 4:30 PM,http://www.miamishoresautorepair.com/,2025-03-07 13:38:20,(305) 759-4988,"  ""Cj fixed my air conditioner,  did a great job.""",https://www.google.com/maps/place/Miami+Shores+Auto+Repair+Inc/data=!4m7!3m6!1s0x88d9a40f140ac2ab:0xfe92b7182e69b9d6!8m2!3d25.8650658!4d-80.1937831!16s%2Fg%2F1v3kj9fv!19sChIJq8IKFA-k2YgR1rlpLhi3kv4?authuser=0&hl=en&rclk=1
"Automotive Repair in Miami Beach, Florida",Motoro Cars,4.6,464,,Auto repair shop,875 W Flagler St,25.7739487,-80.2091524,Open,Closes 6 PM,http://www.motorocars.com/,2025-03-07 13:38:21,(305) 563-7272," 
Onsite services
 
BOOK ONLINE",https://www.google.com/maps/place/Motoro+Cars/data=!4m7!3m6!1s0x88d9b781f256b347:0x8e1eb59585395b0f!8m2!3d25.7739487!4d-80.2091524!16s%2Fg%2F11hd_wwdlv!19sChIJR7NW8oG32YgRD1s5hZW1Ho4?authuser=0&hl=en&rclk=1
"Automotive Repair in Miami Beach, Florida",BMA Automotive,4.9,87,,Auto repair shop,8020 N Miami Ave,25.848309,-80.1971853,Open,Closes 5 PM,,2025-03-07 13:38:22,(305) 754-7731," 
""My car was fixed within five hours and I was on my way again.""",https://www.google.com/maps/place/BMA+Automotive/data=!4m7!3m6!1s0x88d9b12a1637e317:0x7d6798baf1aa3be0!8m2!3d25.848309!4d-80.1971853!16s%2Fg%2F11h6rqnzjm!19sChIJF-M3Fiqx2YgR4Duq8bqYZ30?authuser=0&hl=en&rclk=1
"Automotive Repair in Miami Beach, Florida",Touch of Class Body Shop,4.7,128,,Auto body shop,1801 Bay Rd,25.7936701,-80.1434731,Open,Closes 5 PM,http://www.touchofclassmiami.com/,2025-03-07 13:38:23,(305) 532-9800," 
""They fixed a deep scratch and dent on my Porsche in less than two days.""",https://www.google.com/maps/place/Touch+of+Class+Body+Shop/data=!4m7!3m6!1s0x88d9b47df588d4d1:0xc0162f3fec9371f!8m2!3d25.7936701!4d-80.1434731!16s%2Fg%2F1td0h99m!19sChIJ0dSI9X202YgRHzfJ_vNiAQw?authuser=0&hl=en&rclk=1
"Automotive Repair in Miami Beach, Florida",Miami's Quality Auto Repair,4.7,727,,Auto repair shop,4555 SW 71st Ave,25.7284848,-80.3084442,Open,Closes 6 PM,http://qualityautorepairfl.com/?utm_campaign=gmb,2025-03-07 13:38:29,(305) 459-3662," 
""Quality work, very friendly staff and reasonable price.""
 
BOOK ONLINE",https://www.google.com/maps/place/Miami%27s+Quality+Auto+Repair/data=!4m7!3m6!1s0x88d9b8703e276f05:0x411b8bc27e5cf1bf!8m2!3d25.7284848!4d-80.3084442!16s%2Fg%2F1tjkglqh!19sChIJBW8nPnC42YgRv_FcfsKLG0E?authuser=0&hl=en&rclk=1
"Automotive Repair in Miami Beach, Florida",Tire Choice Auto Service Centers,4.2,535,,Tire shop,8291 Biscayne Blvd,25.8510986,-80.1844179,Open,Closes 7 PM,https://locations.thetirechoice.com/fl/miami/8291-biscayne-blvd?&utm_source=google&utm_medium=organic&utm_campaign=gbp-listing-store_1447,2025-03-07 13:38:30,(786) 826-9801," 
In-store shopping
·
Curbside pickup",https://www.google.com/maps/place/Tire+Choice+Auto+Service+Centers/data=!4m7!3m6!1s0x88d9b22b2688df13:0xfe764da088ac430c!8m2!3d25.8510986!4d-80.1844179!16s%2Fg%2F1tdvfcky!19sChIJE9-IJiuy2YgRDEOsiKBNdv4?authuser=0&hl=en&rclk=1
"Automotive Repair in Miami Beach, Florida",Firestone Complete Auto Care,4.0,619,,Tire shop,16251 Miami Dr,25.9252723,-80.1693356,Open,Closes 7 PM,https://www.firestonecompleteautocare.com/florida/north-miami-beach/16251-miami-dr/?utm_source=google&utm_medium=organic&utm_campaign=localmaps&cmp=oloc_google_localmaps_maps,2025-03-07 13:38:31,(305) 521-1743," 
""helpful assistance, courteous employees reasonable price for repair""
 
BOOK ONLINE",https://www.google.com/maps/place/Firestone+Complete+Auto+Care/data=!4m7!3m6!1s0x88d9adc6b5596887:0x2c1826c88be64bf6!8m2!3d25.9252723!4d-80.1693356!16s%2Fg%2F1tg5_fhk!19sChIJh2hZtcat2YgR9kvmi8gmGCw?authuser=0&hl=en&rclk=1
"Automotive Repair in Miami Beach, Florida",Gonzalez Auto Service Inc,3.6,122,,Auto repair shop,18180 W Dixie Hwy,25.9430977,-80.1493947,Open,Closes 6 PM,,2025-03-07 13:38:32,(305) 931-9709," 
Onsite services",https://www.google.com/maps/place/Gonzalez+Auto+Service+Inc/data=!4m7!3m6!1s0x88d9ac53697a7fe1:0xc243c3f63650889d!8m2!3d25.9430977!4d-80.1493947!16s%2Fg%2F1tctmlkk!19sChIJ4X96aVOs2YgRnYhQNvbDQ8I?authuser=0&hl=en&rclk=1
"Automotive Repair in Miami Beach, Florida",Klammers Automotive Repair,4.6,45,,Auto repair shop,2033 NE 160th St,25.9235596,-80.1592105,,,,2025-03-07 13:38:33,," 
""They found the problem and replaced with a quality replacement coil pack.""",https://www.google.com/maps/place/Klammers+Automotive+Repair/data=!4m7!3m6!1s0x88d9adbc191703e9:0x4bbacbadcd98647b!8m2!3d25.9235596!4d-80.1592105!16s%2Fg%2F1ttdz7j0!19sChIJ6QMXGbyt2YgRe2SYza3Luks?authuser=0&hl=en&rclk=1
"Automotive Repair in Miami Beach, Florida",Mario Busto Auto Repair,4.9,102,,Auto repair shop,1160 SW 5th St,25.768561,-80.214058,Open,Closes 5 PM,http://www.miamimarioautorepair.com/,2025-03-07 13:38:34,(305) 815-1067," 
""Mario fit me in right away and fixed my ac and explained the whole process.""",https://www.google.com/maps/place/Mario+Busto+Auto+Repair/data=!4m7!3m6!1s0x88d9b6f23fb4249d:0x47b1899353ab9d3a!8m2!3d25.768561!4d-80.214058!16s%2Fg%2F1tdh4n_r!19sChIJnSS0P_K22YgROp2rU5OJsUc?authuser=0&hl=en&rclk=1
"Automotive Repair in Miami Beach, Florida",Magic Car Care Center,4.5,106,,Auto repair shop,625 NE 79th St,25.8481878,-80.1840082,Open,Closes 5 PM,,2025-03-07 13:38:36,(305) 751-0663," 
""The service was top-notch—fast, efficient, and done with real care.""",https://www.google.com/maps/place/Magic+Car+Care+Center/data=!4m7!3m6!1s0x88d9b3d4e57b937b:0x830bd562587980cd!8m2!3d25.8481878!4d-80.1840082!16s%2Fg%2F1vzqt1g4!19sChIJe5N75dSz2YgRzYB5WGLVC4M?authuser=0&hl=en&rclk=1
"Automotive Repair in Miami Beach, Florida",Mueller's Foreign Car Service,4.5,85,,Auto repair shop,13475 NE 17th Ave,25.9000502,-80.1639427,Open,Closes 4 PM,http://northmianiautorepairservice.com/,2025-03-07 13:38:37,(305) 891-9965," 
""Great service honest hard working mechanics""",https://www.google.com/maps/place/Mueller%27s+Foreign+Car+Service/data=!4m7!3m6!1s0x88d9ad8b407f1a69:0x7a476beaa726cd18!8m2!3d25.9000502!4d-80.1639427!16s%2Fg%2F1tffkl13!19sChIJaRp_QIut2YgRGM0mp-prR3o?authuser=0&hl=en&rclk=1
"Automotive Repair in Miami Beach, Florida",Tire Streets Garage (Auto Repair),4.9,771,,Auto repair shop,20307 Biscayne Blvd,25.9639574,-80.1452792,Open,Closes 6 PM,http://www.tirestreetsgarage.com/,2025-03-07 13:38:38,(305) 614-9318," 
""The team was very professional and did the repair in a short time.""",https://www.google.com/maps/place/Tire+Streets+Garage+%28Auto+Repair%29/data=!4m7!3m6!1s0x88d9ad800f6781d3:0xb89e5f9c5bcf2f4f!8m2!3d25.9639574!4d-80.1452792!16s%2Fg%2F11q9wdv8yx!19sChIJ04FnD4Ct2YgRTy_PW5xfnrg?authuser=0&hl=en&rclk=1
"Automotive Repair in Miami Beach, Florida",MasterClass Automotive,4.8,163,,Auto repair shop,1800 NW 23rd St,25.7981513,-80.2257492,Open,Closes 5:30 PM,https://masterclassauto.com/,2025-03-07 13:38:39,(305) 351-2012," 
Onsite services",https://www.google.com/maps/place/MasterClass+Automotive/data=!4m7!3m6!1s0x88d9b6d17535385b:0x37aa32b2e9f737ac!8m2!3d25.7981513!4d-80.2257492!16s%2Fg%2F1tplr3hh!19sChIJWzg1ddG22YgRrDf36bIyqjc?authuser=0&hl=en&rclk=1
"Automotive Repair in Miami Beach, Florida",R & M Auto & Truck Repair Inc,4.9,72,,Auto repair shop,13431 NE 17th Ave,25.8993465,-80.1647416,Open,Closes 5 PM,,2025-03-07 13:38:40,(305) 899-0016," 
""He did the work quickly at a very reasonable rate.""",https://www.google.com/maps/place/R+%26+M+Auto+%26+Truck+Repair+Inc/data=!4m7!3m6!1s0x88d9ad8b38773a4b:0xf6a9f2080a129f09!8m2!3d25.8993465!4d-80.1647416!16s%2Fg%2F1v2ky6wx!19sChIJSzp3OIut2YgRCZ8SCgjyqfY?authuser=0&hl=en&rclk=1
"Automotive Repair in Miami Beach, Florida",Hector Fong Auto Repair,4.8,35,,Auto repair shop,999 W Flagler St,25.7738476,-80.2112081,Open,Closes 5:30 PM,,2025-03-07 13:38:41,," 
""Professional and honest mechanic.""",https://www.google.com/maps/place/Hector+Fong+Auto+Repair/data=!4m7!3m6!1s0x88d9b702d75dcf0d:0xf9a032427d1d2cff!8m2!3d25.7738476!4d-80.2112081!16s%2Fg%2F11gycqzz2x!19sChIJDc9d1wK32YgR_ywdfUIyoPk?authuser=0&hl=en&rclk=1
"Automotive Repair in Miami Beach, Florida",Salum's Mobile Mechanic,4.8,122,,Car repair and maintenance service,1200 Brickell Ave,25.7619992,-80.1923449,Open,Closes 6 PM,http://www.salumsmobilemechanic.com/,2025-03-07 13:38:42,(305) 303-6830," 
Onsite services",https://www.google.com/maps/place/Salum%27s+Mobile+Mechanic/data=!4m7!3m6!1s0x88d9a9dc3b547069:0xa6c7a3bb1c8b7b6e!8m2!3d25.7619992!4d-80.1923449!16s%2Fg%2F11shnqy_t4!19sChIJaXBUO9yp2YgRbnuLHLujx6Y?authuser=0&hl=en&rclk=1
"Automotive Repair in Miami Beach, Florida",Five Star Alignment & Auto Repair,4.8,314,,Auto repair shop,2664 NE 189th St,25.9500273,-80.1474524,Open,Closes 5 PM,http://5staralignment.com/,2025-03-07 13:38:44,(305) 937-4523," 
""They took care of me quickly and knew exactly how to fix it!""",https://www.google.com/maps/place/Five+Star+Alignment+%26+Auto+Repair/data=!4m7!3m6!1s0x88d9ac57213acb9d:0xcdb901416fc4c771!8m2!3d25.9500273!4d-80.1474524!16s%2Fg%2F1tfvh_qv!19sChIJncs6IVes2YgRccfEb0EBuc0?authuser=0&hl=en&rclk=1
"Automotive Repair in Miami Beach, Florida",Rodriguez Brother Auto Services,4.4,88,,Auto repair shop,669 NW 26th St,25.8014372,-80.2065868,Open,Closes 6 PM,https://rodriguezbrothersautoservice.com/,2025-03-07 13:38:45,(305) 456-6374," 
""A day later my car was fixed and I could take it back home.""",https://www.google.com/maps/place/Rodriguez+Brother+Auto+Services/data=!4m7!3m6!1s0x88d9b6b4511b72ab:0x5f3d465e74dfc24a!8m2!3d25.8014372!4d-80.2065868!16s%2Fg%2F1w456dqy!19sChIJq3IbUbS22YgRSsLfdF5GPV8?authuser=0&hl=en&rclk=1
"Automotive Repair in Miami Beach, Florida",Brickell Complete Auto Services,4.5,81,,Auto repair shop,795 SW 6th St,25.7681312,-80.2072507,Open,Closes 5 PM,https://brickellcompleteauto.com/,2025-03-07 13:38:46,(305) 854-5491," 
Onsite services",https://www.google.com/maps/place/Brickell+Complete+Auto+Services/data=!4m7!3m6!1s0x88d9b68d0b0ad903:0x6c10c1320b5ffe1!8m2!3d25.7681312!4d-80.2072507!16s%2Fg%2F1thsgqsy!19sChIJA9kKC4222YgR4f-1IBMMwQY?authuser=0&hl=en&rclk=1
"Automotive Repair in Miami Beach, Florida",Skylake Auto Center LLC,4.2,73,,Auto repair shop,"North Miami Beach Boulevard, 5033, 18499 NE 19th Ave",25.9457541,-80.1624567,Open,Closes 6 PM,,2025-03-07 13:38:47,(305) 932-4242," 
""Done fast, prices are extremely fair!""",https://www.google.com/maps/place/Skylake+Auto+Center+LLC/data=!4m7!3m6!1s0x88d9ac4bb00ac043:0x450706350ffc0a64!8m2!3d25.9457541!4d-80.1624567!16s%2Fg%2F113jlf6sp!19sChIJQ8AKsEus2YgRZAr8DzUGB0U?authuser=0&hl=en&rclk=1
"Automotive Repair in Miami Beach, Florida",Car Repair Masters,4.9,112,,Auto repair shop,3136 John P Curci Dr bay7,25.9874318,-80.1724809,Open,Closes 8 PM,https://carrepairhollywood.com/,2025-03-07 13:38:48,(786) 906-7143," 
Onsite services",https://www.google.com/maps/place/Car+Repair+Masters/data=!4m7!3m6!1s0x88d9ad25f812a739:0x8159ec59ea48b3c6!8m2!3d25.9874318!4d-80.1724809!16s%2Fg%2F11vwjyk_nv!19sChIJOacS-CWt2YgRxrNI6lnsWYE?authuser=0&hl=en&rclk=1
"Automotive Repair in Miami Beach, Florida",STO Auto Care,5.0,32,,Auto repair shop,15431 W Dixie Hwy Bay 4b,25.9179362,-80.1571488,Closed,Opens 10 AM,,2025-03-07 13:38:50,," 
""Professional, fast and decent prices""",https://www.google.com/maps/place/STO+Auto+Care/data=!4m7!3m6!1s0x88d9ad5d5682a2fd:0x2d3a427fe8bf55b0!8m2!3d25.9179362!4d-80.1571488!16s%2Fg%2F11t4dx022b!19sChIJ_aKCVl2t2YgRsFW_6H9COi0?authuser=0&hl=en&rclk=1
"Automotive Repair in Miami Beach, Florida",79th Street Auto Center,4.0,91,,Auto repair shop,830 NE 79th St,25.8476956,-80.1798631,Open,Closes 5 PM,http://79stautocenter.com/,2025-03-07 13:38:51,(305) 756-6999,"  ""Fast, reasonable,  quality service.""",https://www.google.com/maps/place/79th+Street+Auto+Center/data=!4m7!3m6!1s0x88d9b3d31aa74143:0xd779c0f7cac616e5!8m2!3d25.8476956!4d-80.1798631!16s%2Fg%2F1tgcyw1q!19sChIJQ0GnGtOz2YgR5RbGyvfAedc?authuser=0&hl=en&rclk=1
"Automotive Repair in Miami Beach, Florida",PW Auto Sales and Service,3.0,13,,Tire shop,7125 Abbott Ave,25.8563317,-80.1222194,Open,Closes 6 PM,,2025-03-07 13:38:54,," 
""Great mechanic and super honest and reliable""",https://www.google.com/maps/place/PW+Auto+Sales+and+Service/data=!4m7!3m6!1s0x88d9b371f42fdc2f:0x19693db529c71771!8m2!3d25.8563317!4d-80.1222194!16s%2Fg%2F11ft10gv5m!19sChIJL9wv9HGz2YgRcRfHKbU9aRk?authuser=0&hl=en&rclk=1
"Automotive Repair in Miami Beach, Florida",DJ Car Care,5.0,17,,Mechanic,,25.815255,-80.3019155,Opens soon,9 AM,https://dj-carcare.com/,2025-03-07 13:38:56,(305) 684-3220," 
""David, did an amazing job of fixing my starter and oil change.""",https://www.google.com/maps/place/DJ+Car+Care/data=!4m7!3m6!1s0xa10cdd98d7f66afd:0xc851a692b8951991!8m2!3d25.815255!4d-80.3019155!16s%2Fg%2F11y3vk76jb!19sChIJ_Wr215jdDKERkRmVuJKmUcg?authuser=0&hl=en&rclk=1
"Automotive Repair in Miami Beach, Florida",Swedish Motors Inc,4.8,67,,Auto repair shop,334 NW 171st St,25.931154,-80.207341,Open,Closes 5 PM,http://www.swedishmotorsnorthmiami.com/,2025-03-07 13:38:57,(305) 653-5588," 
""Got my car back in 2-3 days and it's running like new again.""",https://www.google.com/maps/place/Swedish+Motors+Inc/data=!4m7!3m6!1s0x88d9ae68509176b7:0xdd7c2e23b3724a2!8m2!3d25.931154!4d-80.207341!16s%2Fg%2F1tdqccgd!19sChIJt3aRUGiu2YgRoiQ3O-LC1w0?authuser=0&hl=en&rclk=1
"Automotive Repair in Miami Beach, Florida",Tire Kingdom,4.5,986,,Tire shop,1700 NE 163rd St,25.9255703,-80.1656838,Open,Closes 6 PM,https://www.mavis.com/locations/miami-north-miami-fl/?utm_source=yext&utm_medium=organic&utm_campaign=gmb&stnum=4100,2025-03-07 13:38:58,(786) 598-7604," 
""... professionally and helped me diagnose my problem with my car.""
 
BOOK ONLINE",https://www.google.com/maps/place/Tire+Kingdom/data=!4m7!3m6!1s0x88d9adc750f11b3b:0x75fba7d939569727!8m2!3d25.9255703!4d-80.1656838!16s%2Fg%2F1pp2x5hr8!19sChIJOxvxUMet2YgRJ5dWOdmn-3U?authuser=0&hl=en&rclk=1
"Automotive Repair in Miami Beach, Florida",AutoShop General Mechanic,4.8,45,,Car repair and maintenance service,685 NW 29th St,25.8038603,-80.2069523,Open,Closes 5:30 PM,,2025-03-07 13:38:59,(786) 346-0666," 
""Fixed my car and had her ready in no time at all.""",https://www.google.com/maps/place/AutoShop+General+Mechanic/data=!4m7!3m6!1s0x88d9b6b4d8935367:0x75c9062bbd231bbd!8m2!3d25.8038603!4d-80.2069523!16s%2Fg%2F11c6_crrp8!19sChIJZ1OT2LS22YgRvRsjvSsGyXU?authuser=0&hl=en&rclk=1
"Automotive Repair in Miami Beach, Florida",Dade Mechanics,4.7,65,,Auto repair shop,1430 NE 131st St,25.8961527,-80.1699505,Open,Closes 5 PM,,2025-03-07 13:39:00,(305) 893-8202," 
""Diagnosed and fixed my a/c on my ford ranger, good as new.""",https://www.google.com/maps/place/Dade+Mechanics/data=!4m7!3m6!1s0x88d9adf5f709c52d:0xa5512af636c6f7ec!8m2!3d25.8961527!4d-80.1699505!16s%2Fg%2F1td7zwv_!19sChIJLcUJ9_Wt2YgR7PfGNvYqUaU?authuser=0&hl=en&rclk=1
"Automotive Repair in Miami Beach, Florida",Auto Tech Import,4.5,60,,Auto repair shop,3401 NW 7th Ave,25.8085084,-80.2072283,Open,Closes 5 PM,,2025-03-07 13:39:01,(305) 638-3066," 
""Job well done and reasonably priced.""",https://www.google.com/maps/place/Auto+Tech+Import/data=!4m7!3m6!1s0x88d9b14a527bffff:0xc084a75281797eff!8m2!3d25.8085084!4d-80.2072283!16s%2Fg%2F11fx7wnjh8!19sChIJ__97Ukqx2YgR_355gVKnhMA?authuser=0&hl=en&rclk=1
"Automotive Repair in Miami Beach, Florida",Aventura Auto Specialist,4.3,269,,Auto repair shop,19130 W Dixie Hwy,25.9524964,-80.149291,Open,Closes 5:30 PM,http://www.aventuraautospecialist.com/,2025-03-07 13:39:02,(305) 705-4280," 
""They fixed my car quick and amazing prices""",https://www.google.com/maps/place/Aventura+Auto+Specialist/data=!4m7!3m6!1s0x88d9ac50a516108d:0x5a77b68cd66ded19!8m2!3d25.9524964!4d-80.149291!16s%2Fg%2F1thy0lw3!19sChIJjRAWpVCs2YgRGe1t1oy2d1o?authuser=0&hl=en&rclk=1
"Automotive Repair in Miami Beach, Florida",Flagler Auto Repair,4.7,133,,Auto repair shop,1690 Red Rd,25.7551505,-80.2876661,Open,Closes 5 PM,,2025-03-07 13:39:03,(305) 269-3080," 
""Very friendly staff, fair pricing, and excellent service.""",https://www.google.com/maps/place/Flagler+Auto+Repair/data=!4m7!3m6!1s0x88d9b82e29b50a77:0x7019141e78b5a0d8!8m2!3d25.7551505!4d-80.2876661!16s%2Fg%2F1261gxdb0!19sChIJdwq1KS642YgR2KC1eB4UGXA?authuser=0&hl=en&rclk=1
"Automotive Repair in Miami Beach, Florida",Goodyear Auto Service Center,4.0,192,,Tire shop,1098 N Miami Beach Blvd,25.9255064,-80.1784577,Open,Closes 6 PM,http://www.miamiautotires.com/,2025-03-07 13:39:05,(305) 627-3427," 
In-store shopping",https://www.google.com/maps/place/Goodyear+Auto+Service+Center/data=!4m7!3m6!1s0x88d9ad35e07d2fdd:0xc78f704479726af!8m2!3d25.9255064!4d-80.1784577!16s%2Fg%2F11cn3w2frn!19sChIJ3S994DWt2YgRryaXRwT3eAw?authuser=0&hl=en&rclk=1
"Automotive Repair in Miami Beach, Florida","Munich European Auto, Inc. BAY #5",4.7,78,,Auto repair shop,12050 NE 14th Ave 5 N,25.8868495,-80.1712022,Open,Closes 5 PM,http://www.bmw-mini-repair.com/,2025-03-07 13:39:06,(305) 893-5958," 
""The price was fair, and the repair was done quick and professionally.""","https://www.google.com/maps/place/Munich+European+Auto,+Inc.+BAY+%235/data=!4m7!3m6!1s0x88d9b20eada12e67:0x5f379d45cd533752!8m2!3d25.8868495!4d-80.1712022!16s%2Fg%2F1tdgw5xp!19sChIJZy6hrQ6y2YgRUjdTzUWdN18?authuser=0&hl=en&rclk=1"
"Automotive Repair in Miami Beach, Florida",Miami Euro Auto Center,4.8,53,,Car repair and maintenance service,7100 NE 2nd Ave,25.8403724,-80.1928898,Opens soon,9 AM,https://www.instagram.com/miamieuroautocenter/,2025-03-07 13:39:07,(305) 440-0587," 
""He educated me on the repairs I needed and provided a reasonable estimate.""",https://www.google.com/maps/place/Miami+Euro+Auto+Center/data=!4m7!3m6!1s0x88d9b1db9e27537d:0x4dc8b2228700501b!8m2!3d25.8403724!4d-80.1928898!16s%2Fg%2F11sx0yxf8p!19sChIJfVMnntux2YgRG1AAhyKyyE0?authuser=0&hl=en&rclk=1
"Automotive Repair in Miami Beach, Florida",MEDINA AUTO REPAIR,4.5,121,,Auto machine shop,3296 NW 36th St,25.8085879,-80.2502001,Open,Closes 5:30 PM,,2025-03-07 13:39:08,(305) 634-6545," 
""I took my car here and received quality service at a good price.""",https://www.google.com/maps/place/MEDINA+AUTO+REPAIR/data=!4m7!3m6!1s0x88d9b0cb479492e9:0xf85332e971c6884f!8m2!3d25.8085879!4d-80.2502001!16s%2Fg%2F11cjj0wh7m!19sChIJ6ZKUR8uw2YgRT4jGcekyU_g?authuser=0&hl=en&rclk=1
"Automotive Repair in Miami Beach, Florida",Coast to Coast paint and body shop,4.9,231,,Auto repair shop,15551 W Dixie Hwy,25.918986,-80.1588786,Opens soon,9 AM,,2025-03-07 13:39:10,(305) 458-3079," 
""Mike was very professional and fixed my car in less than 30 mins.""",https://www.google.com/maps/place/Coast+to+Coast+paint+and+body+shop/data=!4m7!3m6!1s0x88d9ad4d9347426f:0x92b01eafef520423!8m2!3d25.918986!4d-80.1588786!16s%2Fg%2F11qpjh9pm0!19sChIJb0JHk02t2YgRIwRS768esJI?authuser=0&hl=en&rclk=1
"Automotive Repair in Miami Beach, Florida",Champion Auto Clinic,4.0,88,,Auto repair shop,1643 SW 8th St,25.765865,-80.222011,Open,Closes 5 PM,https://www.facebook.com/Champion-Auto-Clinic-162600590435736/?ref=hl,2025-03-07 13:39:11,(305) 644-1191," 
""They fixed my car extremely fast and gave me back my car looking brand new.""",https://www.google.com/maps/place/Champion+Auto+Clinic/data=!4m7!3m6!1s0x88d9b6fa113459e5:0x674244cff58b78e4!8m2!3d25.765865!4d-80.222011!16s%2Fg%2F1tdc60ff!19sChIJ5Vk0Efq22YgR5HiL9c9EQmc?authuser=0&hl=en&rclk=1
"Automotive Repair in Miami Beach, Florida",The Miami Mobile Auto Mechanics,5.0,1,,Auto repair shop,133 E Flagler St,25.774347,-80.1912131,Open,Closes 7 PM,https://miamiflmobilemechanic.com/,2025-03-07 13:39:12,(305) 615-5243," 
Onsite services",https://www.google.com/maps/place/The+Miami+Mobile+Auto+Mechanics/data=!4m7!3m6!1s0x88d9b700509a121d:0x70a7f4bd6d9cf3e8!8m2!3d25.774347!4d-80.1912131!16s%2Fg%2F11y29t8v1_!19sChIJHRKaUAC32YgR6POcbb30p3A?authuser=0&hl=en&rclk=1
"Automotive Repair in Miami Beach, Florida",Mobile Auto Mechanic & Vehicle Inspection Services,5.0,696,,Car repair and maintenance service,,25.7809925,-80.4482804,Open,Closes 9 PM,http://www.ernestomobilemechanic.com/,2025-03-07 13:39:13,(786) 705-1341," 
""I got my brakes replaced and it feels like I’m driving a brand new car!""",https://www.google.com/maps/place/Mobile+Auto+Mechanic+%26+Vehicle+Inspection+Services/data=!4m7!3m6!1s0x88d9b1902e1ae8ed:0xb11c50cd12f6b58e!8m2!3d25.7809925!4d-80.4482804!16s%2Fg%2F11gltk4fyj!19sChIJ7egaLpCx2YgRjrX2Es1QHLE?authuser=0&hl=en&rclk=1
"Automotive Repair in Miami Beach, Florida",Ives Auto Repair,4.9,46,,Auto repair shop,20050 NE 15th Ct,25.9605581,-80.1712265,Opens soon,9 AM,http://ives-auto-repair.keeq.io/,2025-03-07 13:39:15,(305) 652-3851," 
""Steve does top notch work, is very honest and fair price.""",https://www.google.com/maps/place/Ives+Auto+Repair/data=!4m7!3m6!1s0x88d9ac3c0857d775:0x50bee99d1509bfc9!8m2!3d25.9605581!4d-80.1712265!16s%2Fg%2F1tf2ylq4!19sChIJdddXCDys2YgRyb8JFZ3pvlA?authuser=0&hl=en&rclk=1
"Automotive Repair in Miami Beach, Florida","Manny's Auto Service, Inc.",4.5,181,,Auto repair shop,5609 NW 6th St,25.7774066,-80.2863916,Open,Closes 6 PM,http://www.mannysautoservice.com/,2025-03-07 13:39:16,(305) 262-9921," 
""Love the service, great prices, great service and knowledgeable mechanics.""","https://www.google.com/maps/place/Manny%27s+Auto+Service,+Inc./data=!4m7!3m6!1s0x88d9b9dac317715b:0xcfeae8b18dd7c883!8m2!3d25.7774066!4d-80.2863916!16s%2Fg%2F1tc_lyv0!19sChIJW3EXw9q52YgRg8jXjbHo6s8?authuser=0&hl=en&rclk=1"
"Automotive Repair in Miami Beach, Florida",Tropical Auto Repairs LLC,5.0,21,,Auto repair shop,374 NW 171st St,25.9311204,-80.2081754,Open,Closes 5:30 PM,https://www.tropicalautorepairs.com/,2025-03-07 13:39:17,(305) 816-6010," 
Onsite services",https://www.google.com/maps/place/Tropical+Auto+Repairs+LLC/data=!4m7!3m6!1s0x88d9af1e438286fb:0x7add483b52ce8536!8m2!3d25.9311204!4d-80.2081754!16s%2Fg%2F11vk_6dvwf!19sChIJ-4aCQx6v2YgRNoXOUjtI3Xo?authuser=0&hl=en&rclk=1
"Automotive Repair in Miami Beach, Florida",Braman Miami Parts & Service Center,3.6,169,,Auto repair shop,2060 NE 2nd Ave,25.7965487,-80.1910881,Open,Closes 7 PM,https://www.bramanmiami.com/service/index.htm,2025-03-07 13:39:22,(305) 571-1215," 
Onsite services
 
BOOK ONLINE",https://www.google.com/maps/place/Braman+Miami+Parts+%26+Service+Center/data=!4m7!3m6!1s0x88d9b7f84687eb79:0x59a6020038a0b526!8m2!3d25.7965487!4d-80.1910881!16s%2Fg%2F11cmcww94f!19sChIJeeuHRvi32YgRJrWgOAACplk?authuser=0&hl=en&rclk=1
"Automotive Repair in Miami Beach, Florida",La Ganga General Mechanic Inc,4.4,253,,Auto repair shop,2353 NW 17th Ave,25.7991769,-80.2232431,Open,Closes 6 PM,https://lagangageneralmechanic.com/?utm_source=omg-gbp&utm_medium=webclick,2025-03-07 13:39:23,(305) 635-9770," 
Onsite services",https://www.google.com/maps/place/La+Ganga+General+Mechanic+Inc/data=!4m7!3m6!1s0x88d9b07cdccbd84f:0x3f3580256bed2e4a!8m2!3d25.7991769!4d-80.2232431!16s%2Fg%2F1tfpqhb4!19sChIJT9jL3Hyw2YgRSi7tayWANT8?authuser=0&hl=en&rclk=1
"Automotive Repair in Miami Beach, Florida",AAA Radiator and Auto Air Conditioning,4.3,769,,Auto repair shop,15570 W Dixie Hwy,25.9194903,-80.1590397,Open,Closes 6 PM,https://www.autoacservice.com/,2025-03-07 13:39:24,(305) 947-3501," 
""i left my car in the morning and by 3pm it was ready!""",https://www.google.com/maps/place/AAA+Radiator+and+Auto+Air+Conditioning/data=!4m7!3m6!1s0x88d9adbde52394ff:0x2b331bb1456bd5ff!8m2!3d25.9194903!4d-80.1590397!16s%2Fg%2F1tgcn2fq!19sChIJ_5Qj5b2t2YgR_9VrRbEbMys?authuser=0&hl=en&rclk=1
"Automotive Repair in Miami Beach, Florida","Reliable Automotive Care, Inc",4.6,33,,Auto repair shop,342 NW 171st St,25.9311566,-80.2074946,Open,Closes 6 PM,,2025-03-07 13:39:25,(305) 948-3331," 
""Very honest and reliable mecanics.""","https://www.google.com/maps/place/Reliable+Automotive+Care,+Inc/data=!4m7!3m6!1s0x88d9ae7695026b45:0x26c134aab809c473!8m2!3d25.9311566!4d-80.2074946!16s%2Fg%2F1tfzsqjq!19sChIJRWsClXau2YgRc8QJuKo0wSY?authuser=0&hl=en&rclk=1"
"Automotive Repair in Miami Beach, Florida",Miami Auto Repair Shop Brakes Tune Ups Multiser Versailles,3.9,35,,Auto repair shop,3231 SW 8th St,25.7651521,-80.2478759,Open,Closes 7 PM,,2025-03-07 13:39:27,(786) 474-1311,"  ""Quality  Repair Shop  indeed no over charges or up-sales.""",https://www.google.com/maps/place/Miami+Auto+Repair+Shop+Brakes+Tune+Ups+Multiser+Versailles/data=!4m7!3m6!1s0x88d9b71ca4343793:0xc0a1e852c9687be!8m2!3d25.7651521!4d-80.2478759!16s%2Fg%2F11ppk71f9b!19sChIJkzc0pBy32YgRvoeWLIUeCgw?authuser=0&hl=en&rclk=1
"Automotive Repair in Miami Beach, Florida",Affordable Auto Repair,4.6,86,,Auto repair shop,8288 NW 64th St,25.8313759,-80.33158,Open,Closes 6 PM,https://www.affordableautorepairmiamifl.net/,2025-03-07 13:39:28,(305) 594-0034," 
""Neil & his staff diagnosed & repaired my Ford Escape quickly.""",https://www.google.com/maps/place/Affordable+Auto+Repair/data=!4m7!3m6!1s0x88d9bbc8baca9c45:0xd65a3908a5bc59e6!8m2!3d25.8313759!4d-80.33158!16s%2Fg%2F1tfpqhcn!19sChIJRZzKusi72YgR5lm8pQg5WtY?authuser=0&hl=en&rclk=1
"Automotive Repair in Miami Beach, Florida",Euromotive Performance,4.6,451,,Auto repair shop,208 NW 1st Ave,25.9882816,-80.149246,Open,Closes 5:30 PM,https://www.euromotiveperformance.com/,2025-03-07 13:39:29,(954) 284-0742," 
Onsite services
 
BOOK ONLINE",https://www.google.com/maps/place/Euromotive+Performance/data=!4m7!3m6!1s0x88d9b6aa62f4e615:0xc3a342232cd66b48!8m2!3d25.9882816!4d-80.149246!16s%2Fg%2F11bbx18nc3!19sChIJFeb0Yqq22YgRSGvWLCNCo8M?authuser=0&hl=en&rclk=1
"Automotive Repair in Miami Beach, Florida",Miami Elite Auto Care,5.0,12,,Auto repair shop,917 N Dixie Hwy,25.9952978,-80.1491944,Open,Closes 5 PM,https://miamieliteautocare.com/,2025-03-07 13:39:31,(954) 458-0043," 
Onsite services",https://www.google.com/maps/place/Miami+Elite+Auto+Care/data=!4m7!3m6!1s0x88d9abe9bcf72dbb:0x5f3c2d1a407c557b!8m2!3d25.9952978!4d-80.1491944!16s%2Fg%2F11y9zx0snl!19sChIJuy33vOmr2YgRe1V8QBotPF8?authuser=0&hl=en&rclk=1
"Automotive Repair in Miami Beach, Florida",BLANCO MOBILE MECHANIC,4.9,79,,Mechanic,7825 NE Bayshore Ct,25.8467909,-80.1729778,Open,Closes 7 PM,https://gratis-5236143.webadorsite.com/,2025-03-07 13:39:32,(786) 516-4914," 
""I’m extremely happy with the service and the price—it was worth every penny.""",https://www.google.com/maps/place/BLANCO+MOBILE+MECHANIC/data=!4m7!3m6!1s0x2a146debcf186f1f:0xc09b095395fefe6c!8m2!3d25.8467909!4d-80.1729778!16s%2Fg%2F11vr488s9m!19sChIJH28Yz-ttFCoRbP7-lVMJm8A?authuser=0&hl=en&rclk=1
"Automotive Repair in Miami Beach, Florida",Phoenix Automotive Services,3.8,27,,Auto repair shop,1923 NE 153rd St,25.9164561,-80.1605338,Open,Closes 6 PM,,2025-03-07 13:39:34,(305) 788-4585," 
""Got car back looking like new when promised.""",https://www.google.com/maps/place/Phoenix+Automotive+Services/data=!4m7!3m6!1s0x88d9ad95d1d6d87d:0x76f2d6512f6c528f!8m2!3d25.9164561!4d-80.1605338!16s%2Fg%2F1vhly_7r!19sChIJfdjW0ZWt2YgRj1JsL1HW8nY?authuser=0&hl=en&rclk=1
"Automotive Repair in Miami Beach, Florida",Pep Boys,3.7,923,,Tire shop,295 NE 167th St,25.929051,-80.194911,Open,Closes 7 PM,https://pepboys.com/stores/fl/north-miami-beach/295-ne-167th-st?storeCode=0173,2025-03-07 13:39:35,(305) 655-3000," 
""Fixed the alternator and put back my original battery - car now drives fine.""
 
BOOK ONLINE",https://www.google.com/maps/place/Pep+Boys/data=!4m7!3m6!1s0x88d9ae7111251691:0x4dcd70e0d63ac201!8m2!3d25.929051!4d-80.194911!16s%2Fg%2F1tdbrnyt!19sChIJkRYlEXGu2YgRAcI61uBwzU0?authuser=0&hl=en&rclk=1
"Automotive Repair in Miami Beach, Florida",Elite Auto Repair,4.8,109,,Auto repair shop,12212 SW 129th Ct,25.6548218,-80.4053765,Open,Closes 5 PM,https://www.eliteautorepairmiami.com/,2025-03-07 13:39:36,(305) 234-9770," 
Onsite services",https://www.google.com/maps/place/Elite+Auto+Repair/data=!4m7!3m6!1s0x88d9c10cac786e25:0xf5ddd78976d2fc33!8m2!3d25.6548218!4d-80.4053765!16s%2Fg%2F11c1wt44z4!19sChIJJW54rAzB2YgRM_zSdonX3fU?authuser=0&hl=en&rclk=1
"Automotive Repair in Miami Beach, Florida",Mike's Automotive,4.9,189,,Auto repair shop,202 NW 2nd St,25.9879692,-80.1506429,Opens soon,9 AM,http://www.mikesautomotive3.com/,2025-03-07 13:39:38,(954) 589-2284," 
""Mike repaired it in 1 week and the car looks brand new.""",https://www.google.com/maps/place/Mike%27s+Automotive/data=!4m7!3m6!1s0x88d9ac7884bcf609:0x11a37ff007c928a2!8m2!3d25.9879692!4d-80.1506429!16s%2Fg%2F12ltv3mvg!19sChIJCfa8hHis2YgRoijJB_B_oxE?authuser=0&hl=en&rclk=1
"Automotive Repair in Miami Beach, Florida",The Good Mechanic - Mobile Mechanic,4.7,74,,Auto repair shop,4792 NW 4th Terrace,25.7762043,-80.2737122,Opens soon,9 AM,http://www.thegoodmechanic.com/,2025-03-07 13:39:39,(786) 977-2779," 
Onsite services",https://www.google.com/maps/place/The+Good+Mechanic+-+Mobile+Mechanic/data=!4m7!3m6!1s0x88d9b9979e6b3cf5:0x48c466624ae029c6!8m2!3d25.7762043!4d-80.2737122!16s%2Fg%2F11s2ndzbd2!19sChIJ9Txrnpe52YgRxingSmJmxEg?authuser=0&hl=en&rclk=1
"Automotive Repair in Miami Beach, Florida",Martin Tire & Auto Service,4.7,124,,Tire shop,12270 NE 13th Ct,25.8889139,-80.1712087,Open,Closes 6 PM,,2025-03-07 13:39:41,(305) 892-8865," 
""They do great work and price fairly.""",https://www.google.com/maps/place/Martin+Tire+%26+Auto+Service/data=!4m7!3m6!1s0x88d9b20eacec37eb:0x43d1709136f64f4d!8m2!3d25.8889139!4d-80.1712087!16s%2Fg%2F1tjyvdld!19sChIJ6zfsrA6y2YgRTU_2NpFw0UM?authuser=0&hl=en&rclk=1
"Automotive Repair in Miami Beach, Florida",Lucas Auto Repair,4.8,39,,Auto repair shop,6972 SW 4th St,25.765723,-80.3084513,Open,Closes 5 PM,,2025-03-07 13:39:42,(305) 264-0220," 
""Replace my Hub bearing on my Volvo xc90 same day!""",https://www.google.com/maps/place/Lucas+Auto+Repair/data=!4m7!3m6!1s0x88d9b9b2948db52d:0xfc47e9819d765269!8m2!3d25.765723!4d-80.3084513!16s%2Fg%2F1q6kk4h6d!19sChIJLbWNlLK52YgRaVJ2nYHpR_w?authuser=0&hl=en&rclk=1
"Automotive Repair in Miami Beach, Florida",Expert-Auto-Care,No reviews,,,Car repair and maintenance service,,25.8396184,-80.1916914,Open 24 hours,,,2025-03-07 13:39:43,(954) 551-2444,,https://www.google.com/maps/place/Expert-Auto-Care/data=!4m7!3m6!1s0x85bfdc99e3b0757d:0xdfefa1588d252a95!8m2!3d25.8396184!4d-80.1916914!16s%2Fg%2F11t9_tyfnr!19sChIJfXWw45ncv4URlSoljVih798?authuser=0&hl=en&rclk=1
"Automotive Repair in Miami Beach, Florida",Mobile mechanic basic auto repair,5.0,14,,Mechanic,,25.832238,-80.252993,Open,Closes 8 PM,,2025-03-07 13:39:44,(786) 479-1944," 
""Great mechanic showed up and knocked out the job quick 10/10""",https://www.google.com/maps/place/Mobile+mechanic+basic+auto+repair/data=!4m7!3m6!1s0x201d6f1a2431d443:0x6cf8a59078ab53f1!8m2!3d25.832238!4d-80.252993!16s%2Fg%2F11kjql_3_4!19sChIJQ9QxJBpvHSAR8VOreJCl-Gw?authuser=0&hl=en&rclk=1
"Automotive Repair in Miami Beach, Florida",All Pro European,4.6,77,,Auto repair shop,1062 NW 1st Ct,25.986292,-80.16355,Open,Closes 5 PM,https://allproeuropean.com/,2025-03-07 13:39:45,(305) 924-5594," 
""My car was fixed promptly and runs perfectly now.""",https://www.google.com/maps/place/All+Pro+European/data=!4m7!3m6!1s0x88d9ad9630949e5f:0x1494b5ceadcc80c!8m2!3d25.986292!4d-80.16355!16s%2Fg%2F11b75n14nl!19sChIJX56UMJat2YgRDMjc6lxLSQE?authuser=0&hl=en&rclk=1
"Automotive Repair in Miami Beach, Florida",Miami Ignition Repair & Replace,4.0,2,,Car repair and maintenance service,3470 E Coast Ave,25.8092798,-80.1919913,Open 24 hours,,,2025-03-07 13:39:46,(305) 831-4105,,https://www.google.com/maps/place/Miami+Ignition+Repair+%26+Replace/data=!4m7!3m6!1s0x88d9b1ed6b167bef:0xebb47891ad342280!8m2!3d25.8092798!4d-80.1919913!16s%2Fg%2F11mvw9rn9b!19sChIJ73sWa-2x2YgRgCI0rZF4tOs?authuser=0&hl=en&rclk=1
"Automotive Repair in Hialeah, Florida",Larry's Service Center,4.8,356,,Auto repair shop,1861 Bay Rd,25.794611,-80.143391,Open,Closes 5:30 PM,http://www.larrysautocarrepairshop.com/,2025-03-07 13:39:56,(305) 673-2770," 
Onsite services",https://www.google.com/maps/place/Larry%27s+Service+Center/data=!4m7!3m6!1s0x88d9b47dbe4f45df:0x53abaca6427033b1!8m2!3d25.794611!4d-80.143391!16s%2Fg%2F1ptypb0xf!19sChIJ30VPvn202YgRsTNwQqasq1M?authuser=0&hl=en&rclk=1
"Automotive Repair in Hialeah, Florida",Palm Ave Auto Tech,4.6,609,,Auto repair shop,3110 Palm Ave,25.8505091,-80.2827223,Open,Closes 5 PM,,2025-03-07 13:39:58,(305) 883-0717," 
""Excellent service, reasonably priced, high quality work!!""",https://www.google.com/maps/place/Palm+Ave+Auto+Tech/data=!4m7!3m6!1s0x88d9ba7bfb96522d:0x2d9148a82932abd0!8m2!3d25.8505091!4d-80.2827223!16s%2Fg%2F1hc7r7j0l!19sChIJLVKW-3u62YgR0KsyKahIkS0?authuser=0&hl=en&rclk=1
"Automotive Repair in Hialeah, Florida",1 Auto Center Corp,4.5,201,,Auto repair shop,1010 E 49th St,25.8669965,-80.2627774,Open,Closes 6:30 PM,http://autocentercorp.com/,2025-03-07 13:40:00,(786) 409-6265," 
""I recently went through a lengthy repair, and my car feels brand new.""
 
BOOK ONLINE",https://www.google.com/maps/place/1+Auto+Center+Corp/data=!4m7!3m6!1s0x88d9b1a7c97cdfb1:0xe27e14d1e1879135!8m2!3d25.8669965!4d-80.2627774!16s%2Fg%2F11j920kfmw!19sChIJsd98yaex2YgRNZGH4dEUfuI?authuser=0&hl=en&rclk=1
"Automotive Repair in Hialeah, Florida",Westland Auto Center,4.5,349,,Auto repair shop,4000 W 16th Ave,25.8584755,-80.3149998,Open,Closes 6:30 PM,http://www.westlandautocenter.com/,2025-03-07 13:40:01,(305) 557-8888,"  ""Honest, Quick and very reasonable  priced service!""",https://www.google.com/maps/place/Westland+Auto+Center/data=!4m7!3m6!1s0x88d9ba561b30b7ef:0x806224911017ab14!8m2!3d25.8584755!4d-80.3149998!16s%2Fg%2F1vd723mf!19sChIJ77cwG1a62YgRFKsXEJEkYoA?authuser=0&hl=en&rclk=1
"Automotive Repair in Hialeah, Florida",Manolo Auto Repair,4.8,58,,Auto repair shop,9500 NW 77th Ave #5,25.8600878,-80.3238639,Open,Closes 6 PM,,2025-03-07 13:40:02,(305) 558-8752," 
""Excellent service at a fair price!""",https://www.google.com/maps/place/Manolo+Auto+Repair/data=!4m7!3m6!1s0x88d9bb04748fb92b:0x86e76ad3a8c0f84e!8m2!3d25.8600878!4d-80.3238639!16s%2Fg%2F1tgff4z7!19sChIJK7mPdAS72YgRTvjAqNNq54Y?authuser=0&hl=en&rclk=1
"Automotive Repair in Hialeah, Florida",Lakes Auto Center,4.6,294,,Auto repair shop,698 W 84th St,25.8984887,-80.2982677,Open,Closes 5 PM,https://lakesautocenter.com/,2025-03-07 13:40:04,(305) 558-4351," 
""They identified the problem quickly and made the repairs efficiently.""",https://www.google.com/maps/place/Lakes+Auto+Center/data=!4m7!3m6!1s0x88d9bab60bcad703:0xe4f5b7b6ae57063a!8m2!3d25.8984887!4d-80.2982677!16s%2Fg%2F1tdl2c8s!19sChIJA9fKC7a62YgROgZXrra39eQ?authuser=0&hl=en&rclk=1
"Automotive Repair in Hialeah, Florida",Eddy Auto Center & Body Shop,4.9,169,,Auto repair shop,795 W 83rd St,25.8980974,-80.2999191,Open,Closes 5 PM,,2025-03-07 13:40:05,(305) 819-8496," 
""Fixed my Audi after running it through express lane poles.""",https://www.google.com/maps/place/Eddy+Auto+Center+%26+Body+Shop/data=!4m7!3m6!1s0x88d9bac9eee7cce7:0x8ce7fb96754176fa!8m2!3d25.8980974!4d-80.2999191!16s%2Fg%2F11b7ck_lvy!19sChIJ58zn7sm62YgR-nZBdZb754w?authuser=0&hl=en&rclk=1
"Automotive Repair in Hialeah, Florida",Pineiro Auto Care,5.0,953,,Auto repair shop,3623 E 4th Ave,25.8553143,-80.2742992,Open,Closes 5 PM,,2025-03-07 13:40:06,(305) 456-6807," 
""The mechanics are serious and meticulous with their work.""",https://www.google.com/maps/place/Pineiro+Auto+Care/data=!4m7!3m6!1s0x88d9b1438694e9f3:0xb02b76059e4204fc!8m2!3d25.8553143!4d-80.2742992!16s%2Fg%2F11h05c42jg!19sChIJ8-mUhkOx2YgR_ARCngV2K7A?authuser=0&hl=en&rclk=1
"Automotive Repair in Hialeah, Florida",Roger Auto Repair,4.8,63,,Auto repair shop,253 W 24th St,25.843781,-80.2872008,Open,Closes 5:30 PM,,2025-03-07 13:40:07,(305) 885-6074," 
""He will charge you an honest and fair price.""",https://www.google.com/maps/place/Roger+Auto+Repair/data=!4m7!3m6!1s0x88d9ba703cc940e3:0x3fa4064390683522!8m2!3d25.843781!4d-80.2872008!16s%2Fg%2F1tk8pd6_!19sChIJ40DJPHC62YgRIjVokEMGpD8?authuser=0&hl=en&rclk=1
"Automotive Repair in Hialeah, Florida",Rey's Auto Repair Inc,4.9,57,,Auto repair shop,1080 E 45th St,25.863646,-80.261121,Open,Closes 5:30 PM,,2025-03-07 13:40:08,(786) 399-0034," 
""They also took care of the full fleet of cars of my company.""",https://www.google.com/maps/place/Rey%27s+Auto+Repair+Inc/data=!4m7!3m6!1s0x88d9b1dd15b13e51:0x8b0ff4e3712527ce!8m2!3d25.863646!4d-80.261121!16s%2Fg%2F11g1kv91yl!19sChIJUT6xFd2x2YgRziclceP0D4s?authuser=0&hl=en&rclk=1
"Automotive Repair in Hialeah, Florida",Sharp Deal Auto Repair Inc,4.8,125,,Auto repair shop,1730 W 31st Pl,25.849952,-80.316695,Open,Closes 6 PM,https://sharpdealautomobiles.com/service/,2025-03-07 13:40:09,(305) 821-0101," 
""I found Sharp Deal Auto Repair and he figured it out in less than 24 hours.""",https://www.google.com/maps/place/Sharp+Deal+Auto+Repair+Inc/data=!4m7!3m6!1s0x88d9ba52333ee1c3:0x2b9290a60ad5e060!8m2!3d25.849952!4d-80.316695!16s%2Fg%2F1tdng1hj!19sChIJw-E-M1K62YgRYODVCqaQkis?authuser=0&hl=en&rclk=1
"Automotive Repair in Hialeah, Florida",Chichi's Auto Repair,4.7,39,,Auto repair shop,2901 E 10th Ave,25.8493417,-80.2621559,Open,Closes 5 PM,https://chichisautorepair.com/,2025-03-07 13:40:10,(786) 564-4577," 
Onsite services",https://www.google.com/maps/place/Chichi%27s+Auto+Repair/data=!4m7!3m6!1s0x88d9b1aded00cf55:0x959026661675a9fd!8m2!3d25.8493417!4d-80.2621559!16s%2Fg%2F11g3g17f_d!19sChIJVc8A7a2x2YgR_al1FmYmkJU?authuser=0&hl=en&rclk=1
"Automotive Repair in Hialeah, Florida",Maxman Auto Repair,4.9,57,,Auto repair shop,1750 W 41st St,25.8586502,-80.3174257,,,http://maxman-auto-repair.jany.io/,2025-03-07 13:40:11,," 
""Best mechanic in Hialeah you can't get a better job at an honest price.""",https://www.google.com/maps/place/Maxman+Auto+Repair/data=!4m7!3m6!1s0x88d9ba55893078a3:0x9977554157e52c55!8m2!3d25.8586502!4d-80.3174257!16s%2Fg%2F1tgn5jx2!19sChIJo3gwiVW62YgRVSzlV0FVd5k?authuser=0&hl=en&rclk=1
"Automotive Repair in Hialeah, Florida",1STOP Car Care #1,4.6,123,,Auto repair shop,80 E 4th St,25.825262,-80.2798979,Open,Closes 5:30 PM,http://www.onestopcarcaremiami.com/,2025-03-07 13:40:13,(305) 888-1070," 
""Just did my clutch and My mustang is running like new.""",https://www.google.com/maps/place/1STOP+Car+Care+%231/data=!4m7!3m6!1s0x88d9ba090f530971:0xf73d374259189cb5!8m2!3d25.825262!4d-80.2798979!16s%2Fg%2F1hcb31zfl!19sChIJcQlTDwm62YgRtZwYWUI3Pfc?authuser=0&hl=en&rclk=1
"Automotive Repair in Hialeah, Florida",Fusion Auto Repair,4.4,90,,Auto repair shop,435 E 9th St,25.8303399,-80.2727537,Open,Closes 5:30 PM,,2025-03-07 13:40:14,(305) 863-7958," 
""Work was done quickly and efficiently.""",https://www.google.com/maps/place/Fusion+Auto+Repair/data=!4m7!3m6!1s0x88d9b0a1a301e66b:0xd42b4592531a5fd7!8m2!3d25.8303399!4d-80.2727537!16s%2Fg%2F1tdvfckf!19sChIJa-YBo6Gw2YgR118aU5JFK9Q?authuser=0&hl=en&rclk=1
"Automotive Repair in Hialeah, Florida",Trebol Auto Services,5.0,73,,Auto repair shop,1710 W 41st St Bay 1&2,25.8586563,-80.3169391,Opens soon,9 AM,http://www.trebolautoservice.com/,2025-03-07 13:40:15,(305) 825-8144," 
""Very knowledgeable mechanic with extremely high customer service quality""",https://www.google.com/maps/place/Trebol+Auto+Services/data=!4m7!3m6!1s0x88d9ba55f4210001:0xe5e8132bf76d762!8m2!3d25.8586563!4d-80.3169391!16s%2Fg%2F1tg87g2h!19sChIJAQAh9FW62YgRYtd2vzKBXg4?authuser=0&hl=en&rclk=1
"Automotive Repair in Hialeah, Florida",Carrazana Auto Repair & Services,4.7,53,,Auto repair shop,9551 NW 79th Ave # 3,25.8603828,-80.3250948,Open,Closes 6 PM,http://carrazanaautorepair.com/,2025-03-07 13:40:17,(305) 828-2877," 
""Great shop for any repair needed big or small.""",https://www.google.com/maps/place/Carrazana+Auto+Repair+%26+Services/data=!4m7!3m6!1s0x88d9bb0097dd7b37:0x681f4909b817ee43!8m2!3d25.8603828!4d-80.3250948!16s%2Fg%2F1tfscn98!19sChIJN3vdlwC72YgRQ-4XuAlJH2g?authuser=0&hl=en&rclk=1
"Automotive Repair in Hialeah, Florida","A 1 Plus Full Services, Auto Repair and Tire Shop",4.5,67,,Auto repair shop,666 W 84th St,25.8984864,-80.2977969,Open,Closes 6 PM,,2025-03-07 13:40:18,(786) 542-5192," 
""They work very fast and the quality they provide is amazing.""","https://www.google.com/maps/place/A+1+Plus+Full+Services,+Auto+Repair+and+Tire+Shop/data=!4m7!3m6!1s0x88d9bb0e44a1fd75:0xc894c1378c485ec3!8m2!3d25.8984864!4d-80.2977969!16s%2Fg%2F11gmjjv_bn!19sChIJdf2hRA672YgRw15IjDfBlMg?authuser=0&hl=en&rclk=1"
"Automotive Repair in Hialeah, Florida",Awesome Auto Repair,4.6,8,,Auto repair shop,2746 W 77th Pl,25.8925196,-80.3390742,Open,Closes 6 PM,,2025-03-07 13:40:19,(305) 826-2826,,https://www.google.com/maps/place/Awesome+Auto+Repair/data=!4m7!3m6!1s0x88d9bb397621d227:0x88670b4e71af95fc!8m2!3d25.8925196!4d-80.3390742!16s%2Fg%2F1tdy0pn8!19sChIJJ9Ihdjm72YgR_JWvcU4LZ4g?authuser=0&hl=en&rclk=1
"Automotive Repair in Hialeah, Florida",Artemisa Auto Air Inc,4.6,684,,Auto air conditioning service,261 W 23rd St,25.842939,-80.287513,Open,Closes 9 PM,https://www.acautorepairmiami.com/,2025-03-07 13:40:20,(305) 888-8427," 
Onsite services",https://www.google.com/maps/place/Artemisa+Auto+Air+Inc/data=!4m7!3m6!1s0x88d9ba702bfe3b95:0x97d770df16684ce0!8m2!3d25.842939!4d-80.287513!16s%2Fg%2F1wzt355p!19sChIJlTv-K3C62YgR4ExoFt9w15c?authuser=0&hl=en&rclk=1
"Automotive Repair in Hialeah, Florida",R & R Auto Repair,4.9,18,,Auto repair shop,10104 NW 80th Ave,25.8665839,-80.3272305,Open,Closes 5 PM,,2025-03-07 13:40:26,(305) 646-1880,"  ""The best mecanic in town,  like few""",https://www.google.com/maps/place/R+%26+R+Auto+Repair/data=!4m7!3m6!1s0x88d9bb06aabc82c3:0x4eed20447a0338e7!8m2!3d25.8665839!4d-80.3272305!16s%2Fg%2F1tg_xx09!19sChIJw4K8qga72YgR5zgDekQg7U4?authuser=0&hl=en&rclk=1
"Automotive Repair in Hialeah, Florida",Firestone Complete Auto Care,3.5,480,,Tire shop,1595 W 49th St,25.8672757,-80.3141293,Open,Closes 7 PM,https://www.firestonecompleteautocare.com/florida/hialeah/1595-w-49th-st/?utm_source=google&utm_medium=organic&utm_campaign=localmaps&cmp=oloc_google_localmaps_maps,2025-03-07 13:40:28,(305) 423-2062," 
In-store shopping
·
Curbside pickup
 
BOOK ONLINE",https://www.google.com/maps/place/Firestone+Complete+Auto+Care/data=!4m7!3m6!1s0x88d9bafba3f9be03:0xfb7ffd7d21df1bac!8m2!3d25.8672757!4d-80.3141293!16s%2Fg%2F1td43915!19sChIJA775o_u62YgRrBvfIX39f_s?authuser=0&hl=en&rclk=1
"Automotive Repair in Hialeah, Florida",Soler Auto Repair since 1962 inc.,4.7,133,,Auto repair shop,4520 E 10th Ct,25.8642667,-80.262475,Opens soon,9 AM,,2025-03-07 13:40:29,(786) 457-4233," 
""They solve all my problems at an affordable price!""",https://www.google.com/maps/place/Soler+Auto+Repair+since+1962+inc./data=!4m7!3m6!1s0x88d9b065acc1300d:0x51bde12c9eab176a!8m2!3d25.8642667!4d-80.262475!16s%2Fg%2F12632z12l!19sChIJDTDBrGWw2YgRahernizhvVE?authuser=0&hl=en&rclk=1
"Automotive Repair in Hialeah, Florida",Silva Auto Services,5.0,28,,Auto repair shop,505 W 28th St,25.8472469,-80.2924229,Open,Closes 5:30 PM,,2025-03-07 13:40:30,(305) 888-2821," 
""Exceptional results and point on troubleshooting both times.""",https://www.google.com/maps/place/Silva+Auto+Services/data=!4m7!3m6!1s0x88d9ba65c21017a9:0xb0af7c28a529e33b!8m2!3d25.8472469!4d-80.2924229!16s%2Fg%2F1tdb9n18!19sChIJqRcQwmW62YgRO-MppSh8r7A?authuser=0&hl=en&rclk=1
"Automotive Repair in Hialeah, Florida",Abatar Auto Shop,4.7,68,,Auto repair shop,637 E Okeechobee Rd,25.8135015,-80.2676637,Open,Closes 5 PM,,2025-03-07 13:40:31,(786) 277-3557," 
""Great team, fast service, fair prices.""",https://www.google.com/maps/place/Abatar+Auto+Shop/data=!4m7!3m6!1s0x88d9b0adc7d69b7f:0xb26acd96abd84298!8m2!3d25.8135015!4d-80.2676637!16s%2Fg%2F11byykl8c5!19sChIJf5vWx62w2YgRmELYq5bNarI?authuser=0&hl=en&rclk=1
"Automotive Repair in Hialeah, Florida",Diaz Family Inc,4.7,162,,Auto repair shop,2990 Palm Ave,25.8489235,-80.2826662,Open,Closes 6 PM,,2025-03-07 13:40:32,(305) 887-4746," 
""Fast service, with courtesy and great price !!""",https://www.google.com/maps/place/Diaz+Family+Inc/data=!4m7!3m6!1s0x88d9ba7bdbd579c1:0xc188a014eb06db24!8m2!3d25.8489235!4d-80.2826662!16s%2Fg%2F1thqhkkn!19sChIJwXnV23u62YgRJNsG6xSgiME?authuser=0&hl=en&rclk=1
"Automotive Repair in Hialeah, Florida","Bayamo General Auto Repair,Inc.",4.3,90,,Auto repair shop,5195 E 10th Ave,25.869845,-80.262799,Open,Closes 5 PM,,2025-03-07 13:40:33,(305) 769-9911," 
""Quality workmanship and parts at a reasonable price""","https://www.google.com/maps/place/Bayamo+General+Auto+Repair,Inc./data=!4m7!3m6!1s0x88d9b06faa761b47:0xce89b3e682652ced!8m2!3d25.869845!4d-80.262799!16s%2Fg%2F1tg5_fhz!19sChIJRxt2qm-w2YgR7Sxlguazic4?authuser=0&hl=en&rclk=1"
"Automotive Repair in Hialeah, Florida",Camilo Automotive Garage Inc.,4.8,112,,Auto repair shop,9605 NW 79th Ave Bay 23,25.860755,-80.3254283,Open,Closes 6 PM,http://www.camiloautomotivegarage.com/,2025-03-07 13:40:35,(305) 824-3060," 
""Very good pricing and fast and good service.""",https://www.google.com/maps/place/Camilo+Automotive+Garage+Inc./data=!4m7!3m6!1s0x88d9bb00bdc42973:0xb274597d34dd225!8m2!3d25.860755!4d-80.3254283!16s%2Fg%2F11b7gdq3y8!19sChIJcynEvQC72YgRJdJN05dFJws?authuser=0&hl=en&rclk=1
"Automotive Repair in Hialeah, Florida",Quisqueya Auto Repair,4.7,12,,Auto repair shop,8284 W 8th Ave,25.8977662,-80.3010575,Open,Closes 6:30 PM,,2025-03-07 13:40:36,(305) 821-5618," 
""Excellent warranty and seriousness!""",https://www.google.com/maps/place/Quisqueya+Auto+Repair/data=!4m7!3m6!1s0x88d9bac9eb859049:0x4bf427a011c817b7!8m2!3d25.8977662!4d-80.3010575!16s%2Fg%2F1tfgf0vd!19sChIJSZCF68m62YgRtxfIEaAn9Es?authuser=0&hl=en&rclk=1
"Automotive Repair in Hialeah, Florida",Lpn auto repair,4.4,31,,Mechanic,1550 W 84th St 69 A,25.8968775,-80.3142753,Open,Closes 5 PM,,2025-03-07 13:40:37,(305) 821-7409," 
""Quality work with warranty.""",https://www.google.com/maps/place/Lpn+auto+repair/data=!4m7!3m6!1s0x88d9bad137aa7db1:0xdadc3cb048e8e4f7!8m2!3d25.8968775!4d-80.3142753!16s%2Fg%2F1tph2jpf!19sChIJsX2qN9G62YgR9-ToSLA83No?authuser=0&hl=en&rclk=1
"Automotive Repair in Hialeah, Florida",“Mecánico a domicilio “Rivera Autos Repair LLC,4.7,86,,Car repair and maintenance service,5170 E 10th Ct,25.8699301,-80.2625295,Open,Closes 5 PM,https://riveraautosrepair.com/,2025-03-07 13:40:38,(305) 849-2808," 
""Excellent work, professional and well prepared, 100% recommended""",https://www.google.com/maps/place/%E2%80%9CMec%C3%A1nico+a+domicilio+%E2%80%9CRivera+Autos+Repair+LLC/data=!4m7!3m6!1s0x88d9b1ff3043377b:0x9de66b1cd13595e0!8m2!3d25.8699301!4d-80.2625295!16s%2Fg%2F11m0t556yj!19sChIJezdDMP-x2YgR4JU10Rxr5p0?authuser=0&hl=en&rclk=1
"Automotive Repair in Hialeah, Florida",Dave's Kar Kare,4.9,40,,Auto repair shop,4102 E 4th Ave,25.8600333,-80.2749253,Open,Closes 4 PM,,2025-03-07 13:40:39,(305) 823-7371," 
""The mechanics are Professional, honest and very friendly.""",https://www.google.com/maps/place/Dave%27s+Kar+Kare/data=!4m7!3m6!1s0x88d9b07f11e88603:0x804b70fe8def50c3!8m2!3d25.8600333!4d-80.2749253!16s%2Fg%2F1wn_6xgm!19sChIJA4boEX-w2YgRw1Dvjf5wS4A?authuser=0&hl=en&rclk=1
"Automotive Repair in Hialeah, Florida",Top Mechanic Services,4.9,25,,Auto repair shop,1890 W 8th Ave,25.8386766,-80.2982063,,,,2025-03-07 13:40:40,," 
""Top Mechanic finally found the problem to the noises my car was making.""",https://www.google.com/maps/place/Top+Mechanic+Services/data=!4m7!3m6!1s0x88d9ba6a134428c1:0x28263c83e67eed5a!8m2!3d25.8386766!4d-80.2982063!16s%2Fg%2F1tl1p7k7!19sChIJwShEE2q62YgRWu1-5oM8Jig?authuser=0&hl=en&rclk=1
"Automotive Repair in Hialeah, Florida",Vales Auto Services,4.6,20,,Auto repair shop,1541 W 40th St,25.8582607,-80.3135846,Open,Closes 6 PM,,2025-03-07 13:40:42,(305) 821-1231," 
""Amazing car and understanding care""",https://www.google.com/maps/place/Vales+Auto+Services/data=!4m7!3m6!1s0x88d9ba5630033abf:0x4219c65dc476fb3e!8m2!3d25.8582607!4d-80.3135846!16s%2Fg%2F1thx9f6p!19sChIJvzoDMFa62YgRPvt2xF3GGUI?authuser=0&hl=en&rclk=1
"Automotive Repair in Hialeah, Florida",Krankenwagen European Automobile Repair Shop & Performance Engineering,4.9,115,,Auto repair shop,7360 W 20th Ave Bays 133 & 134,25.8893957,-80.3256608,Opens soon,9 AM,,2025-03-07 13:40:44,(305) 231-3344," 
""By 3pm my problem was solved with upgraded parts so this won't happen again.""",https://www.google.com/maps/place/Krankenwagen+European+Automobile+Repair+Shop+%26+Performance+Engineering/data=!4m7!3m6!1s0x88d9bb26b3fd10bf:0xc3258d63c9d89514!8m2!3d25.8893957!4d-80.3256608!16s%2Fg%2F11b7w2_cry!19sChIJvxD9sya72YgRFJXYyWONJcM?authuser=0&hl=en&rclk=1
"Automotive Repair in Hialeah, Florida",A&C Auto Service,4.9,10,,Car repair and maintenance service,800 Hialeah Dr,25.8228646,-80.2645594,Open,Closes 4 PM,,2025-03-07 13:40:45,(305) 915-9990," 
""Quick Diagnosis and Honest on His pricing.""",https://www.google.com/maps/place/A%26C+Auto+Service/data=!4m7!3m6!1s0x88d9b0badb860f17:0x95c81d5c67896d4a!8m2!3d25.8228646!4d-80.2645594!16s%2Fg%2F11bz_8k863!19sChIJFw-G27qw2YgRSm2JZ1wdyJU?authuser=0&hl=en&rclk=1
"Automotive Repair in Hialeah, Florida",Mandarin Transmission RC Auto Center,4.4,107,,Transmission shop,4017 W 18th Ave,25.8587425,-80.318367,Open,Closes 6 PM,,2025-03-07 13:40:46,(305) 557-0574," 
""Will always come back for all services and repairs.""",https://www.google.com/maps/place/Mandarin+Transmission+RC+Auto+Center/data=!4m7!3m6!1s0x88d9ba5582726a0d:0xd277c7e2a3f6a435!8m2!3d25.8587425!4d-80.318367!16s%2Fg%2F1td7t_60!19sChIJDWpyglW62YgRNaT2o-LHd9I?authuser=0&hl=en&rclk=1
"Automotive Repair in Hialeah, Florida",OK David Auto Repair,4.5,33,,Auto repair shop,1710 W 41st St,25.8586513,-80.3170604,Open,Closes 6 PM,,2025-03-07 13:40:47,(305) 822-2946," 
""Great work and honest with his customers.""",https://www.google.com/maps/place/OK+David+Auto+Repair/data=!4m7!3m6!1s0x88d9ba55f6b10315:0xb2c018d9bf38347a!8m2!3d25.8586513!4d-80.3170604!16s%2Fg%2F11cmdjwgv_!19sChIJFQOx9lW62YgRejQ4v9kYwLI?authuser=0&hl=en&rclk=1
"Automotive Repair in Hialeah, Florida",Chabon Auto Care & Service,4.6,39,,Auto repair shop,2740 W 6th Ave,25.84649,-80.2944349,Open,Closes 5 PM,http://www.chabonautocare.com/,2025-03-07 13:40:48,(305) 805-0998," 
""honest work at a very fair price.""",https://www.google.com/maps/place/Chabon+Auto+Care+%26+Service/data=!4m7!3m6!1s0x88d9ba661a3bf7bf:0x1ab048e816d19c55!8m2!3d25.84649!4d-80.2944349!16s%2Fg%2F1tjv49qj!19sChIJv_c7Gma62YgRVZzRFuhIsBo?authuser=0&hl=en&rclk=1
"Automotive Repair in Hialeah, Florida",ET Auto Repair and Tires,4.0,47,,Auto machine shop,1020 E 25th St #3704,25.8450829,-80.2619021,Open,Closes 5:30 PM,,2025-03-07 13:40:49,(305) 696-0226," 
""Very fast,and efficiency, service""",https://www.google.com/maps/place/ET+Auto+Repair+and+Tires/data=!4m7!3m6!1s0x88d9b08e389aaaab:0xe81fe286c15c6dbb!8m2!3d25.8450829!4d-80.2619021!16s%2Fg%2F1tdc60ct!19sChIJq6qaOI6w2YgRu21cwYbiH-g?authuser=0&hl=en&rclk=1
"Automotive Repair in Hialeah, Florida",Pastoriza Auto Repair,4.9,30,,Auto repair shop,9752 NW 79th Ave,25.8620279,-80.3258217,,,,2025-03-07 13:40:53,," 
""A good service at good price.""",https://www.google.com/maps/place/Pastoriza+Auto+Repair/data=!4m7!3m6!1s0x88d9bb00dc82ebad:0x727ed7dc44b1b056!8m2!3d25.8620279!4d-80.3258217!16s%2Fg%2F11b_025m2v!19sChIJreuC3AC72YgRVrCxRNzXfnI?authuser=0&hl=en&rclk=1
"Automotive Repair in Hialeah, Florida",Automaster Mechanic Inc,4.6,25,,Auto repair shop,1663 W 40th St,25.8583977,-80.3161519,Open,Closes 6 PM,,2025-03-07 13:40:54,(305) 364-0173," 
""Would definitely recommend him to anyone looking for an honest mechanic.""",https://www.google.com/maps/place/Automaster+Mechanic+Inc/data=!4m7!3m6!1s0x88d9ba55e47ebc13:0xde7453465720c3c5!8m2!3d25.8583977!4d-80.3161519!16s%2Fg%2F1tj80sd3!19sChIJE7x-5FW62YgRxcMgV0ZTdN4?authuser=0&hl=en&rclk=1
"Automotive Repair in Hialeah, Florida",Best For Less Auto Services,4.5,36,,Auto repair shop,2590 Palm Ave,25.8453032,-80.2826273,Open,Closes 5 PM,,2025-03-07 13:40:55,(305) 885-7799,,https://www.google.com/maps/place/Best+For+Less+Auto+Services/data=!4m7!3m6!1s0x88d9ba7a010da2d1:0xd0a3116775abe184!8m2!3d25.8453032!4d-80.2826273!16s%2Fg%2F1tdk1d4y!19sChIJ0aINAXq62YgRhOGrdWcRo9A?authuser=0&hl=en&rclk=1
"Automotive Repair in Hialeah, Florida",Linper Auto Repair,4.5,37,,Auto repair shop,745 W 83rd St #3613,25.8980485,-80.2983025,Opens soon,9 AM,,2025-03-07 13:40:57,(305) 557-5593," 
""Fast and furious service
Extremely easy to work with""",https://www.google.com/maps/place/Linper+Auto+Repair/data=!4m7!3m6!1s0x88d9bab61a5fc82b:0x62649603f0ae82f4!8m2!3d25.8980485!4d-80.2983025!16s%2Fg%2F1thn69p5!19sChIJK8hfGra62YgR9IKu8AOWZGI?authuser=0&hl=en&rclk=1
"Automotive Repair in Hialeah, Florida",Red Road Tire & Auto Center,4.1,192,,Auto repair shop,410 W 29th St # H,25.8476377,-80.2906141,Open,Closes 5 PM,,2025-03-07 13:40:58,(305) 888-5858," 
""Excellent service, great staff, reasonable prices.""",https://www.google.com/maps/place/Red+Road+Tire+%26+Auto+Center/data=!4m7!3m6!1s0x88d9ba65a853ad0b:0x8991db9b46f8bea9!8m2!3d25.8476377!4d-80.2906141!16s%2Fg%2F1vyk39cy!19sChIJC61TqGW62YgRqb74RpvbkYk?authuser=0&hl=en&rclk=1
"Automotive Repair in Hialeah, Florida",Mito Brakes,4.8,207,,Brake shop,118 W 21st St,25.8405952,-80.2844894,Open,Closes 5 PM,,2025-03-07 13:40:59,(305) 884-5017," 
""I brought my VW GTI, and they did a quick and clean work!""",https://www.google.com/maps/place/Mito+Brakes/data=!4m7!3m6!1s0x88d9ba7172f34e9f:0xa81fd5da961271c8!8m2!3d25.8405952!4d-80.2844894!16s%2Fg%2F1wcxdx7c!19sChIJn07zcnG62YgRyHESltrVH6g?authuser=0&hl=en&rclk=1
"Automotive Repair in Hialeah, Florida",Tony & Son Auto Center,4.8,23,,Auto repair shop,8278 W 8th Ave,25.8977407,-80.3008925,,,,2025-03-07 13:41:00,," 
""Honest, quick and very reasonable prices""",https://www.google.com/maps/place/Tony+%26+Son+Auto+Center/data=!4m7!3m6!1s0x88d9bac9eb9aa323:0x4f389bedbf5163bd!8m2!3d25.8977407!4d-80.3008925!16s%2Fg%2F1tvr_j6m!19sChIJI6Oa68m62YgRvWNRv-2bOE8?authuser=0&hl=en&rclk=1
"Automotive Repair in Hialeah, Florida",PIZZANO TIRE AND AUTOMOTIVE CENTER,4.7,103,,Tire shop,4040 E 10th Ct,25.8598175,-80.2616707,Open,Closes 5 PM,http://pizzanotires.com/,2025-03-07 13:41:01,(305) 836-4200," 
Delivery",https://www.google.com/maps/place/PIZZANO+TIRE+AND+AUTOMOTIVE+CENTER/data=!4m7!3m6!1s0x88d9b063be075877:0x93c4671456cad279!8m2!3d25.8598175!4d-80.2616707!16s%2Fg%2F11bwyy6xvn!19sChIJd1gHvmOw2YgRedLKVhRnxJM?authuser=0&hl=en&rclk=1
"Automotive Repair in Hialeah, Florida",Father & Son,4.4,22,,Auto repair shop,669 W 25th St,25.8445148,-80.2955178,Open,Closes 5 PM,,2025-03-07 13:41:03,(305) 885-8832," 
""They take the time to explain what they did and did a great job.""",https://www.google.com/maps/place/Father+%26+Son/data=!4m7!3m6!1s0x88d9ba688d5c765d:0xcfe3fbe5c3dfbefe!8m2!3d25.8445148!4d-80.2955178!16s%2Fg%2F1w347dsm!19sChIJXXZcjWi62YgR_r7fw-X7488?authuser=0&hl=en&rclk=1
"Automotive Repair in Hialeah, Florida",Pete's Auto Air,4.8,98,,Auto air conditioning service,1592 W 39th Pl,25.8571322,-80.3139394,Open,Closes 4:30 PM,,2025-03-07 13:41:04,(305) 556-0471," 
""They get the job done right the first time and guarantee it.""",https://www.google.com/maps/place/Pete%27s+Auto+Air/data=!4m7!3m6!1s0x88d9ba566aeecb83:0xaeb512f8770261bc!8m2!3d25.8571322!4d-80.3139394!16s%2Fg%2F1tr7k5r3!19sChIJg8vuala62YgRvGECd_gSta4?authuser=0&hl=en&rclk=1
"Automotive Repair in Hialeah, Florida",H B Arco Automobile,4.8,56,,Auto repair shop,1100 E 21st St,25.8414351,-80.2598005,Open,Closes 6 PM,http://h-b-arco-automobile.jany.io/,2025-03-07 13:41:05,(305) 887-6086," 
""Great mechanic very honest and does the job right.""",https://www.google.com/maps/place/H+B+Arco+Automobile/data=!4m7!3m6!1s0x88d9b0922637c047:0xc3ea2a25f8f786da!8m2!3d25.8414351!4d-80.2598005!16s%2Fg%2F1v2jdq7s!19sChIJR8A3JpKw2YgR2ob3-CUq6sM?authuser=0&hl=en&rclk=1
"Automotive Repair in Hialeah, Florida",El autorepair,4.9,38,,Auto repair shop,5165 E 10th Ave,25.8697684,-80.262849,Opens soon,9 AM,,2025-03-07 13:41:06,(786) 815-0841,,https://www.google.com/maps/place/El+autorepair/data=!4m7!3m6!1s0x88d9b1141f2930b7:0x8f454c49f47493f4!8m2!3d25.8697684!4d-80.262849!16s%2Fg%2F11wfhps9_m!19sChIJtzApHxSx2YgR9JN09ElMRY8?authuser=0&hl=en&rclk=1
"Automotive Repair in Hialeah, Florida","Auto Transmission Repairs Usa, Inc.",5.0,60,,Auto repair shop,8040 NW 103rd St unit 43,25.8676115,-80.3281942,Open 24 hours,,http://www.autotransmissionsrepair.com/,2025-03-07 13:41:07,(786) 768-1410," 
""Great place for fixing your car, great service and quality of knowledge.""","https://www.google.com/maps/place/Auto+Transmission+Repairs+Usa,+Inc./data=!4m7!3m6!1s0x88d9bbd6d64d0171:0x7c3c1dc0c49e1486!8m2!3d25.8676115!4d-80.3281942!16s%2Fg%2F11ld14r4qx!19sChIJcQFN1ta72YgRhhSexMAdPHw?authuser=0&hl=en&rclk=1"
"Automotive Repair in Hialeah, Florida",Mr Mechanic,4.3,43,,Auto repair shop,2645 W 76th St,25.8921246,-80.3368081,Open,Closes 5:30 PM,,2025-03-07 13:41:09,(305) 822-1387," 
""Small shop, they work fast, and price fairly.""",https://www.google.com/maps/place/Mr+Mechanic/data=!4m7!3m6!1s0x88d9bb3bc381d783:0x22357ac69ac8f0c1!8m2!3d25.8921246!4d-80.3368081!16s%2Fg%2F1tcv_6r1!19sChIJg9eBwzu72YgRwfDImsZ6NSI?authuser=0&hl=en&rclk=1
"Automotive Repair in Hialeah, Florida",FRANKS AUTO REPAIR,5.0,16,,Car repair and maintenance service,8284 W 8th Ave,25.8977976,-80.3006789,Open,Closes 6 PM,,2025-03-07 13:41:10,(786) 759-3303," 
""Got a great price and fast service would 100% recommend""",https://www.google.com/maps/place/FRANKS+AUTO+REPAIR/data=!4m7!3m6!1s0x56ed84fc86ee931:0x903bc591f803d3a1!8m2!3d25.8977976!4d-80.3006789!16s%2Fg%2F11sc9h229r!19sChIJMeluyE_YbgURodMD-JHFO5A?authuser=0&hl=en&rclk=1
"Automotive Repair in Hialeah, Florida",Auto Repair Miami LLC,5.0,63,,Auto machine shop,8726 NW 119th St bay 1,25.8813828,-80.3405907,Opens soon,9 AM,http://www.autorepairmiamiusa.com/,2025-03-07 13:41:12,(786) 813-3888," 
""Amazing service great customer service and prices are really really good""",https://www.google.com/maps/place/Auto+Repair+Miami+LLC/data=!4m7!3m6!1s0x88d9bb4cda6a299d:0x803e3156fc3516b7!8m2!3d25.8813828!4d-80.3405907!16s%2Fg%2F11vr530wz6!19sChIJnSlq2ky72YgRtxY1_FYxPoA?authuser=0&hl=en&rclk=1
"Automotive Repair in Hialeah, Florida",JIMAGUA AUTO SERVICES,3.8,31,,Auto repair shop,4102 E 11th Ave,25.860321,-80.2607771,Open,Closes 5 PM,https://jimaguaautoservices.godaddysites.com/,2025-03-07 13:41:13,(305) 688-4282," 
""I am satisfied there Job Quality.""",https://www.google.com/maps/place/JIMAGUA+AUTO+SERVICES/data=!4m7!3m6!1s0x88d9b06582686aa3:0x10d77be30c000c50!8m2!3d25.860321!4d-80.2607771!16s%2Fg%2F1th1vvz2!19sChIJo2pogmWw2YgRUAwADON71xA?authuser=0&hl=en&rclk=1
"Automotive Repair in Hialeah, Florida",J C Auto Repair,4.9,9,,Auto repair shop,4656 E 10th Ct,25.8652475,-80.2622936,Open,Closes 6 PM,,2025-03-07 13:41:14,(786) 740-1349," 
""Carlos was great, very attentive & went out of his way to help me out.""",https://www.google.com/maps/place/J+C+Auto+Repair/data=!4m7!3m6!1s0x88d9b065a4c0bb31:0x967be13ac5fc67d2!8m2!3d25.8652475!4d-80.2622936!16s%2Fg%2F1262c893f!19sChIJMbvApGWw2YgR0mf8xTrhe5Y?authuser=0&hl=en&rclk=1
"Automotive Repair in Hialeah, Florida",Eagle Overhauling Inc,4.1,553,,Auto repair shop,500 W 27th St,25.8459398,-80.2924513,Open,Closes 5 PM,,2025-03-07 13:41:16,(305) 887-7349," 
""I dropped off my car at 8:30am and it was ready before 10am!""",https://www.google.com/maps/place/Eagle+Overhauling+Inc/data=!4m7!3m6!1s0x88d9ba65f9ddfc49:0x4be2b84f7b012790!8m2!3d25.8459398!4d-80.2924513!16s%2Fg%2F113flyb56!19sChIJSfzd-WW62YgRkCcBe0-44ks?authuser=0&hl=en&rclk=1
"Automotive Repair in Hialeah, Florida",Andrade Car Service Miami LLC,5.0,12,,Auto repair shop,NW 87th Ct 11750 #4,25.8799978,-80.3401854,Open,Closes 6 PM,https://andradecarservice.com/,2025-03-07 13:41:17,(786) 917-9032," 
""Wonderful service given to the car and customer care.""",https://www.google.com/maps/place/Andrade+Car+Service+Miami+LLC/data=!4m7!3m6!1s0x88d9bbfbbb65ca43:0x177dccbf1d4c1cdc!8m2!3d25.8799978!4d-80.3401854!16s%2Fg%2F11y3h7crnn!19sChIJQ8plu_u72YgR3BxMHb_MfRc?authuser=0&hl=en&rclk=1
"Automotive Repair in Hialeah, Florida",Billy's Auto Repair,4.1,20,,Auto repair shop,8725 NW 117th St 1 & 2,25.879857,-80.3421066,Open,Closes 6 PM,,2025-03-07 13:41:22,(786) 203-2048," 
""Excellent work, professional and experience quality""",https://www.google.com/maps/place/Billy%27s+Auto+Repair/data=!4m7!3m6!1s0x88d9bb14c22df5cd:0x838df52433ec0966!8m2!3d25.879857!4d-80.3421066!16s%2Fg%2F1tz725v3!19sChIJzfUtwhS72YgRZgnsMyT1jYM?authuser=0&hl=en&rclk=1
"Automotive Repair in Hialeah, Florida",Umeleito's Tires & More Inc.,4.7,51,,Auto repair shop,172 W 29th St,25.8480672,-80.2855663,Open,Closes 6 PM,,2025-03-07 13:41:23,(305) 885-0300," 
""Very honest, same excellent price and service""",https://www.google.com/maps/place/Umeleito%27s+Tires+%26+More+Inc./data=!4m7!3m6!1s0x88d9ba7afdb074d7:0xf1bfb9c557500e!8m2!3d25.8480672!4d-80.2855663!16s%2Fg%2F11c5wlxn1g!19sChIJ13Sw_Xq62YgRDlBXxbm_8QA?authuser=0&hl=en&rclk=1
"Automotive Repair in Hialeah, Florida",Hi Tech Lube,4.7,176,,Oil change service,1804 W 68th St #2,25.8835552,-80.3199237,Open,Closes 6 PM,http://www.hitechlubeoil.net/,2025-03-07 13:41:24,(305) 828-7898," 
""Great job fast service number 1 in professional car care""",https://www.google.com/maps/place/Hi+Tech+Lube/data=!4m7!3m6!1s0x88d9badfb15868f3:0xedaee707bf154ff8!8m2!3d25.8835552!4d-80.3199237!16s%2Fg%2F1tjh055r!19sChIJ82hYsd-62YgR-E8Vvwfnru0?authuser=0&hl=en&rclk=1
"Automotive Repair in Hialeah, Florida",Saguero Tires,4.6,681,,Tire shop,1548 W 41st St,25.8584366,-80.3136541,Open,Closes 6 PM,https://saguerotires.com/,2025-03-07 13:41:25,(305) 557-6011," 
In-store shopping
·
In-store pickup",https://www.google.com/maps/place/Saguero+Tires/data=!4m7!3m6!1s0x88d9ba56279a8b1d:0x561d7221b5f78072!8m2!3d25.8584366!4d-80.3136541!16s%2Fg%2F1hc5qwwr6!19sChIJHYuaJ1a62YgRcoD3tSFyHVY?authuser=0&hl=en&rclk=1
"Automotive Repair in Hialeah, Florida",Best Auto Services 2,4.6,41,,Mechanic,1651 W 37th St,25.855545,-80.3154144,Open,Closes 11 PM,,2025-03-07 13:41:27,(786) 285-2613," 
""These guys are awesome great service and prices""",https://www.google.com/maps/place/Best+Auto+Services+2/data=!4m7!3m6!1s0x88d9bb4b0003ba1b:0x1572a1622eb8dd9e!8m2!3d25.855545!4d-80.3154144!16s%2Fg%2F11q314_s4x!19sChIJG7oDAEu72YgRnt24LmKhchU?authuser=0&hl=en&rclk=1
"Automotive Repair in Hialeah, Florida",R/T Auto Service,4.7,10,,Auto repair shop,W 5th Ave,25.846763,-80.2920761,,,,2025-03-07 13:41:28,," 
""Highly recommend for quick and good customer service.""",https://www.google.com/maps/place/R%2FT+Auto+Service/data=!4m7!3m6!1s0x88d9ba65ecba03df:0x2120ecd5fec40137!8m2!3d25.846763!4d-80.2920761!16s%2Fg%2F11g6lw_8z5!19sChIJ3wO67GW62YgRNwHE_tXsICE?authuser=0&hl=en&rclk=1
"Automotive Repair in Hialeah, Florida",Express Tires & Services,4.7,226,,Tire shop,1401 E 10th Ave,25.8356293,-80.2614056,Open,Closes 6 PM,http://express-tires.com/,2025-03-07 13:41:29,(305) 885-7907," 
""Professional service priced right and never a long wait.""",https://www.google.com/maps/place/Express+Tires+%26+Services/data=!4m7!3m6!1s0x88d9b096ed5a093d:0xe89760779ff8b44a!8m2!3d25.8356293!4d-80.2614056!16s%2Fg%2F1td_ch4l!19sChIJPQla7Zaw2YgRSrT4n3dgl-g?authuser=0&hl=en&rclk=1
"Automotive Repair in Hialeah, Florida",AAMCO Transmissions & Total Car Care,4.4,125,,Transmission shop,420 W 29th St,25.847765,-80.291116,Open,Closes 12 PM,http://www.aamcohialeahfl.com/?utm_source=G&utm_medium=local&utm_campaign=google-local,2025-03-07 13:41:30,(305) 755-4784," 
""Reliable, Excellent Job and good service 😊""",https://www.google.com/maps/place/AAMCO+Transmissions+%26+Total+Car+Care/data=!4m7!3m6!1s0x88d9ba65a595b39b:0x5ef1c5b79c17fe6e!8m2!3d25.847765!4d-80.291116!16s%2Fg%2F1tx1t_6b!19sChIJm7OVpWW62YgRbv4XnLfF8V4?authuser=0&hl=en&rclk=1
"Automotive Repair in Hialeah, Florida",J & C Auto Electric,4.6,242,,Auto electrical service,1659 W 40th St,25.858358,-80.3162185,Open,Closes 5 PM,http://j-c-auto-electric.poi.place/,2025-03-07 13:41:31,(305) 823-6756," 
""Professional, quick, knowledgeable and great prices!""",https://www.google.com/maps/place/J+%26+C+Auto+Electric/data=!4m7!3m6!1s0x88d9ba55e39ce78f:0x3d4091781bcb1377!8m2!3d25.858358!4d-80.3162185!16s%2Fg%2F1tg7str2!19sChIJj-ec41W62YgRdxPLG3iRQD0?authuser=0&hl=en&rclk=1
"Automotive Repair in Hialeah, Florida",Jose Capote Auto Repair,4.7,15,,Auto repair shop,2575 W 3rd Ave,25.8452693,-80.2880121,,,,2025-03-07 13:41:33,," 
""Reliable and fair prices.""",https://www.google.com/maps/place/Jose+Capote+Auto+Repair/data=!4m7!3m6!1s0x88d9ba6fff07a7f9:0x53fa0c8761a643dc!8m2!3d25.8452693!4d-80.2880121!16s%2Fg%2F1trtw3fw!19sChIJ-acH_2-62YgR3EOmYYcM-lM?authuser=0&hl=en&rclk=1
"Automotive Repair in Hialeah, Florida",I & Y AUTO TECH,5.0,23,,Auto repair shop,2791 W 3rd Ave,25.8470284,-80.2880863,Opens soon,9 AM,https://iandyautotech.com/,2025-03-07 13:41:34,(305) 389-0996," 
""The team was professional, knowledgeable, and fixed the problem quickly.""",https://www.google.com/maps/place/I+%26+Y+AUTO+TECH/data=!4m7!3m6!1s0x88d9bb44cd8665b7:0x16c8c9c6b97f81dc!8m2!3d25.8470284!4d-80.2880863!16s%2Fg%2F11kydwb374!19sChIJt2WGzUS72YgR3IF_ucbJyBY?authuser=0&hl=en&rclk=1
"Automotive Repair in Hialeah, Florida",Joma Auto Center Corporation,4.5,40,,Auto repair shop,2760 W 3rd Ave,25.8469902,-80.2884487,Closed,Opens 9:30 AM,,2025-03-07 13:41:35,(305) 887-1016," 
""Best price and they realy are very detailed in their work .""",https://www.google.com/maps/place/Joma+Auto+Center+Corporation/data=!4m7!3m6!1s0x88d9ba6537c98b5f:0x9e84a8c0e07fda6f!8m2!3d25.8469902!4d-80.2884487!16s%2Fg%2F1td4qhvn!19sChIJX4vJN2W62YgRb9p_4MCohJ4?authuser=0&hl=en&rclk=1
"Automotive Repair in Hialeah, Florida",Import Auto Tech,4.9,9,,Auto repair shop,2175 W 73rd St,25.8890761,-80.3272834,Open,Closes 5:30 PM,,2025-03-07 13:41:36,(305) 822-0569," 
""Very efficient and attentive to detail with honest and excellent pricing!""",https://www.google.com/maps/place/Import+Auto+Tech/data=!4m7!3m6!1s0x88d9bb23e6b9b523:0xf26cf37df2a323a!8m2!3d25.8890761!4d-80.3272834!16s%2Fg%2F1w0j4_9b!19sChIJI7W55iO72YgROjIq3zfPJg8?authuser=0&hl=en&rclk=1
"Automotive Repair in Hialeah, Florida",RAPID 3T CUSTOMS - SUSPENSION AND PERFORMANCE SPECIALISTS,4.7,214,,Truck repair shop,72 W 21st St,25.8405853,-80.2833818,Open,Closes 5:30 PM,https://r3tcustoms.com/,2025-03-07 13:41:39,(786) 420-5862," 
In-store shopping
·
Curbside pickup",https://www.google.com/maps/place/RAPID+3T+CUSTOMS+-+SUSPENSION+AND+PERFORMANCE+SPECIALISTS/data=!4m7!3m6!1s0x88d9ba714125f7ab:0xa3d9840e1c9bc11d!8m2!3d25.8405853!4d-80.2833818!16s%2Fg%2F1w0p6fj7!19sChIJq_clQXG62YgRHcGbHA6E2aM?authuser=0&hl=en&rclk=1
"Automotive Repair in Hialeah, Florida",Brakes Special and Auto Repair Hialeah,2.4,5,,Auto repair shop,4405 E 10th Ave,25.8629949,-80.2626667,Open,Closes 6 PM,,2025-03-07 13:41:40,,,https://www.google.com/maps/place/Brakes+Special+and+Auto+Repair+Hialeah/data=!4m7!3m6!1s0x88d9b0645f06dac7:0x6c8b84ae83af823e!8m2!3d25.8629949!4d-80.2626667!16s%2Fg%2F1tgptdxr!19sChIJx9oGX2Sw2YgRPoKvg66Ei2w?authuser=0&hl=en&rclk=1
"Automotive Repair in Hialeah, Florida",Junior's Auto Tires,4.9,89,,Tire shop,347 W 21st St,25.8408731,-80.2888208,Open,Closes 6 PM,,2025-03-07 13:41:41,(305) 863-1601," 
In-store shopping",https://www.google.com/maps/place/Junior%27s+Auto+Tires/data=!4m7!3m6!1s0x88d9ba6e112535ed:0x15b5d79e7d42ee0f!8m2!3d25.8408731!4d-80.2888208!16s%2Fg%2F1tlbvj44!19sChIJ7TUlEW662YgRD-5CfZ7XtRU?authuser=0&hl=en&rclk=1
"Automotive Repair in Hialeah, Florida",S & O Automotive Services,5.0,4,,Auto repair shop,4499 E 10th Ave,25.8636781,-80.2625905,,,,2025-03-07 13:41:42,,,https://www.google.com/maps/place/S+%26+O+Automotive+Services/data=!4m7!3m6!1s0x88d9b064f8f21cb9:0x133bc5ced1980357!8m2!3d25.8636781!4d-80.2625905!16s%2Fg%2F1tf325j7!19sChIJuRzy-GSw2YgRVwOY0c7FOxM?authuser=0&hl=en&rclk=1
"Automotive Repair in Hialeah, Florida",Alignment Center,4.5,24,,Auto repair shop,3883 W 16th Ave,25.8570894,-80.3143307,Open,Closes 6 PM,,2025-03-07 13:41:43,(786) 285-2613," 
""great service and staff at a good price""",https://www.google.com/maps/place/Alignment+Center/data=!4m7!3m6!1s0x88d9ba566bdc0327:0x2b384f394cd9325d!8m2!3d25.8570894!4d-80.3143307!16s%2Fg%2F1q65ylg4r!19sChIJJwPca1a62YgRXTLZTDlPOCs?authuser=0&hl=en&rclk=1
"Automotive Repair in Hialeah, Florida","best auto services,corp",4.0,8,,Auto repair shop,3879w W 16th Ave,25.8569597,-80.3143398,Open,Closes 6 PM,,2025-03-07 13:41:45,," 
""Very professional & they allow you to bring your own parts.""","https://www.google.com/maps/place/best+auto+services,corp/data=!4m7!3m6!1s0x88d9bba929344a19:0x7caed0453bf2eb08!8m2!3d25.8569597!4d-80.3143398!16s%2Fg%2F11fmybqwxm!19sChIJGUo0Kam72YgRCOvyO0XQrnw?authuser=0&hl=en&rclk=1"
"Automotive Repair in Hialeah, Florida",Gus Auto Tech,4.0,10,,Auto repair shop,3724 NW 82nd St,25.8480909,-80.2587753,Open,Closes 6 PM,,2025-03-07 13:41:46,(786) 258-4334," 
""He's great, nice and explained what was wrong with my car.""",https://www.google.com/maps/place/Gus+Auto+Tech/data=!4m7!3m6!1s0x88d9ba662906f06b:0x2b4f4cb2e8a57693!8m2!3d25.8480909!4d-80.2587753!16s%2Fg%2F1thcnl2b!19sChIJa_AGKWa62YgRk3al6LJMTys?authuser=0&hl=en&rclk=1
"Automotive Repair in Coral Springs, Florida",Prestige Autowerks Automotive Repair,4.8,415,,Auto repair shop,7890 Wiles Rd,26.2863889,-80.2316667,Open,Closes 5:30 PM,http://prestigeautowerksfl.com/,2025-03-07 13:41:56,(954) 340-5253," 
""They quickly diagnosed the issue and provided a clear explanation.""
 
BOOK ONLINE",https://www.google.com/maps/place/Prestige+Autowerks+Automotive+Repair/data=!4m7!3m6!1s0x88d91b2800b65791:0x9f9ea05637f659f3!8m2!3d26.2863889!4d-80.2316667!16s%2Fg%2F1tf43rsn!19sChIJkVe2ACgb2YgR81n2N1agnp8?authuser=0&hl=en&rclk=1
"Automotive Repair in Coral Springs, Florida",Dr. Brakes Auto Service Coral Springs,4.9,"1,045",,Auto repair shop,11590 Wiles Rd,26.2869328,-80.2816749,Open,Closes 5 PM,https://www.drbrakesusa.com/,2025-03-07 13:41:59,(954) 345-7887," 
""Very knowledgeable and efficient service at a reasonable price.""",https://www.google.com/maps/place/Dr.+Brakes+Auto+Service+Coral+Springs/data=!4m7!3m6!1s0x88d91006632bae29:0x2adaf6218e88511e!8m2!3d26.2869328!4d-80.2816749!16s%2Fg%2F1w97w58l!19sChIJKa4rYwYQ2YgRHlGIjiH22io?authuser=0&hl=en&rclk=1
"Automotive Repair in Coral Springs, Florida",VIP AUTO C,4.8,321,,Auto repair shop,11532 Wiles Rd,26.2870679,-80.279927,Open,Closes 6 PM,https://thevipauto.com/,2025-03-07 13:42:00,(754) 229-6221," 
""They are honest, reliable, fairly priced, and do great work.""",https://www.google.com/maps/place/VIP+AUTO+C/data=!4m7!3m6!1s0x88d91aaf36e18fa1:0x27656ee235e2b02b!8m2!3d26.2870679!4d-80.279927!16s%2Fg%2F11bwf8w7hp!19sChIJoY_hNq8a2YgRK7DiNeJuZSc?authuser=0&hl=en&rclk=1
"Automotive Repair in Coral Springs, Florida",Triple J Automotive,4.8,165,,Auto repair shop,1351 N University Dr,26.2475373,-80.2524096,Open,Closes 5 PM,http://triplejautorepair.com/,2025-03-07 13:42:01,(954) 213-9649," 
""Excellent communication, good workmanship and reasonable price.""
 
BOOK ONLINE",https://www.google.com/maps/place/Triple+J+Automotive/data=!4m7!3m6!1s0x88d905cb1bc5ef63:0x8f1029f5c2fe9db7!8m2!3d26.2475373!4d-80.2524096!16s%2Fg%2F11t_qsxylj!19sChIJY-_FG8sF2YgRt53-wvUpEI8?authuser=0&hl=en&rclk=1
"Automotive Repair in Coral Springs, Florida",USP Euro Car Care,4.8,"1,170",,Auto repair shop,7716 Wiles Rd,26.286293,-80.228802,Open,Closes 6 PM,https://www.uspeurocarcare.com/?utm_source=google&utm_medium=gpb&utm_campaign=websitebutton,2025-03-07 13:42:02,(954) 228-8287," 
Onsite services",https://www.google.com/maps/place/USP+Euro+Car+Care/data=!4m7!3m6!1s0x88d91b262cce289f:0xa8e6a8933edaebf8!8m2!3d26.286293!4d-80.228802!16s%2Fg%2F1tl4dv09!19sChIJnyjOLCYb2YgR-OvaPpOo5qg?authuser=0&hl=en&rclk=1
"Automotive Repair in Coral Springs, Florida",General Auto & Tire Service Center,4.5,155,,Auto repair shop,11690 Wiles Rd,26.286877,-80.28301,Open,Closes 5:30 PM,http://www.generalautoservicecenter.com/,2025-03-07 13:42:03,(954) 726-8000," 
Delivery",https://www.google.com/maps/place/General+Auto+%26+Tire+Service+Center/data=!4m7!3m6!1s0x88d91005cd1cba6b:0xb159b7f7113a7807!8m2!3d26.286877!4d-80.28301!16s%2Fg%2F1tklrbqk!19sChIJa7oczQUQ2YgRB3g6Efe3WbE?authuser=0&hl=en&rclk=1
"Automotive Repair in Coral Springs, Florida",BrakesXpress Total Car Care,5.0,510,,Auto repair shop,10910 Wiles Rd,26.2868053,-80.2717467,Open,Closes 5 PM,https://www.brakesxpresstcc.com/,2025-03-07 13:42:04,(954) 755-2122," 
""The work was done right, on time, and at a reasonable price.""",https://www.google.com/maps/place/BrakesXpress+Total+Car+Care/data=!4m7!3m6!1s0x88d91b49aabd7765:0xe167bc54773035d8!8m2!3d26.2868053!4d-80.2717467!16s%2Fg%2F11h0_mcg99!19sChIJZXe9qkkb2YgR2DUwd1S8Z-E?authuser=0&hl=en&rclk=1
"Automotive Repair in Coral Springs, Florida",Mr. Auto Clinic Inc,4.7,90,,Auto repair shop,7810 Wiles Rd,26.2862707,-80.23057,Open,Closes 5 PM,https://mrautoclinic.net/,2025-03-07 13:42:06,(954) 345-6935," 
""He had parts ordered and repairs complete in 3 days!!""",https://www.google.com/maps/place/Mr.+Auto+Clinic+Inc/data=!4m7!3m6!1s0x88d91b27de9f17c5:0x30e9e9548d9b4492!8m2!3d26.2862707!4d-80.23057!16s%2Fg%2F1v8y4tym!19sChIJxRef3icb2YgRkkSbjVTp6TA?authuser=0&hl=en&rclk=1
"Automotive Repair in Coral Springs, Florida",Triple J Automotive West,4.4,119,,Auto repair shop,11491 W Sample Rd,26.2735368,-80.2798472,Open,Closes 5 PM,http://www.triplejautorepair.com/,2025-03-07 13:42:07,(754) 704-7284," 
""fast, affordable and reliable!""
 
BOOK ONLINE",https://www.google.com/maps/place/Triple+J+Automotive+West/data=!4m7!3m6!1s0x88d90ffed9096d09:0x478de9c586a5c496!8m2!3d26.2735368!4d-80.2798472!16s%2Fg%2F1tczfpvw!19sChIJCW0J2f4P2YgRlsSlhsXpjUc?authuser=0&hl=en&rclk=1
"Automotive Repair in Coral Springs, Florida",Quality Auto Service,4.3,78,,Auto repair shop,11810 Wiles Rd,26.2870766,-80.2844168,Open,Closes 6 PM,https://qualityautoservice.co/,2025-03-07 13:42:08,(954) 344-6708," 
""Excellent service and great prices.""",https://www.google.com/maps/place/Quality+Auto+Service/data=!4m7!3m6!1s0x88d91005b2a4b023:0x77a8274a05d53ea9!8m2!3d26.2870766!4d-80.2844168!16s%2Fg%2F1v_nd96t!19sChIJI7CksgUQ2YgRqT7VBUonqHc?authuser=0&hl=en&rclk=1
"Automotive Repair in Coral Springs, Florida",M.A.R.S. Auto Repair Services,4.7,106,,Auto repair shop,10758 Wiles Rd,26.2867937,-80.2697327,Open,Closes 6 PM,http://www.marsautoperformance.com/?src=gmb,2025-03-07 13:42:09,(954) 572-8585," 
Onsite services",https://www.google.com/maps/place/M.A.R.S.+Auto+Repair+Services/data=!4m7!3m6!1s0x88d90f52e34c51bd:0x111e069c7439c9ee!8m2!3d26.2867937!4d-80.2697327!16s%2Fg%2F1tcy9px_!19sChIJvVFM41IP2YgR7sk5dJwGHhE?authuser=0&hl=en&rclk=1
"Automotive Repair in Coral Springs, Florida",Performance Auto,4.9,66,,Auto repair shop,12130 Wiles Rd,26.2868623,-80.288782,Open,Closes 5 PM,https://www.performancepluscs.com/,2025-03-07 13:42:11,(954) 341-8252," 
""Fixed my electrical issue within only hours.""",https://www.google.com/maps/place/Performance+Auto/data=!4m7!3m6!1s0x88d9101b282e6005:0x3c47143783ca43c3!8m2!3d26.2868623!4d-80.288782!16s%2Fg%2F1thmg5qg!19sChIJBWAuKBsQ2YgRw0PKgzcURzw?authuser=0&hl=en&rclk=1
"Automotive Repair in Coral Springs, Florida",Precision Tune Auto Care,4.7,185,,Auto repair shop,11900 Wiles Rd,26.2870826,-80.2862167,Open,Closes 5:30 PM,https://www.precisiontune.com/locations/coral-springs-fl/,2025-03-07 13:42:12,(954) 753-0700," 
Onsite services
 
BOOK ONLINE",https://www.google.com/maps/place/Precision+Tune+Auto+Care/data=!4m7!3m6!1s0x88d91004e1cf90f3:0xee3192be87e0286!8m2!3d26.2870826!4d-80.2862167!16s%2Fg%2F1w2y_7dk!19sChIJ85DP4QQQ2YgRhgJ-6CsZ4w4?authuser=0&hl=en&rclk=1
"Automotive Repair in Coral Springs, Florida",Expert Car Care,4.9,200,,Tire shop,10820 Wiles Rd,26.2866642,-80.2706798,Open,Closes 6 PM,https://www.expertcarcare.com/coral-springs-auto-repairs,2025-03-07 13:42:14,(954) 688-9240," 
In-store shopping
·
Delivery",https://www.google.com/maps/place/Expert+Car+Care/data=!4m7!3m6!1s0x88d91b4efcd91a41:0x71826440c8a8b4ae!8m2!3d26.2866642!4d-80.2706798!16s%2Fg%2F11jg1brccp!19sChIJQRrZ_E4b2YgRrrSoyEBkgnE?authuser=0&hl=en&rclk=1
"Automotive Repair in Coral Springs, Florida",Tire Choice Auto Service Centers,4.7,487,,Tire shop,4620 Coral Ridge Dr,26.2878608,-80.2839126,Open,Closes 7 PM,https://locations.thetirechoice.com/fl/coral-springs/4620-coral-ridge-dr?&utm_source=google&utm_medium=organic&utm_campaign=gbp-listing-store_1291,2025-03-07 13:42:15,(954) 603-4091," 
In-store shopping
·
In-store pickup",https://www.google.com/maps/place/Tire+Choice+Auto+Service+Centers/data=!4m7!3m6!1s0x88d91005b80e8e77:0xc58f275fed6434e5!8m2!3d26.2878608!4d-80.2839126!16s%2Fg%2F1tcx_mr5!19sChIJd44OuAUQ2YgR5TRk7V8nj8U?authuser=0&hl=en&rclk=1
"Automotive Repair in Coral Springs, Florida","Pop's Garage, Inc.",4.4,80,,Auto repair shop,10750 Wiles Rd,26.2867991,-80.2696459,Open,Closes 5 PM,,2025-03-07 13:42:16,(954) 800-7441," 
""This was a big job and they did a terrific job for which I am grateful .""","https://www.google.com/maps/place/Pop%27s+Garage,+Inc./data=!4m7!3m6!1s0x88d91aaf3c9214b5:0xbd7d638bb7428400!8m2!3d26.2867991!4d-80.2696459!16s%2Fg%2F11b6xh9q_s!19sChIJtRSSPK8a2YgRAIRCt4tjfb0?authuser=0&hl=en&rclk=1"
"Automotive Repair in Coral Springs, Florida",AUTO REPAIR KINGS,5.0,10,,Auto repair shop,10934 Wiles Rd,26.2869113,-80.2720569,Open,Closes 6 PM,http://autorepairkings.com/,2025-03-07 13:42:17,(954) 906-5673," 
""Reliable..knowledgeable..fair prices.""",https://www.google.com/maps/place/AUTO+REPAIR+KINGS/data=!4m7!3m6!1s0x88d911a0ffa7c96b:0x72add84b74658511!8m2!3d26.2869113!4d-80.2720569!16s%2Fg%2F11fslhqx6m!19sChIJa8mn_6AR2YgREYVldEvYrXI?authuser=0&hl=en&rclk=1
"Automotive Repair in Coral Springs, Florida",Northbrook Automotive & Tire,4.8,109,,Tire shop,11220 Wiles Rd,26.2869505,-80.2753922,Open,Closes 5 PM,https://www.northbrookautomotive.com/,2025-03-07 13:42:18,(954) 345-9925," 
""Fast and great service, honest repair shop""",https://www.google.com/maps/place/Northbrook+Automotive+%26+Tire/data=!4m7!3m6!1s0x88d91aa847032de7:0xae6450fbce684303!8m2!3d26.2869505!4d-80.2753922!16s%2Fg%2F1vwlpy0c!19sChIJ5y0DR6ga2YgRA0NozvtQZK4?authuser=0&hl=en&rclk=1
"Automotive Repair in Coral Springs, Florida",City Wide Auto,4.8,36,,Auto repair shop,11030 Wiles Rd,26.2868564,-80.2736547,Open,Closes 5 PM,,2025-03-07 13:42:20,(954) 755-4890," 
""They fix what's wrong the first time.""",https://www.google.com/maps/place/City+Wide+Auto/data=!4m7!3m6!1s0x88d91aa8f9969a85:0xd874f8b8d925f140!8m2!3d26.2868564!4d-80.2736547!16s%2Fg%2F1vvr6_qm!19sChIJhZqW-aga2YgRQPEl2bj4dNg?authuser=0&hl=en&rclk=1
"Automotive Repair in Coral Springs, Florida",Coral Springs Auto Collision Inc.,4.7,257,,Auto body shop,11750 Wiles Rd,26.2870635,-80.2837829,Open,Closes 5:30 PM,http://coralspringsautocollisions.com/,2025-03-07 13:42:21,(954) 341-8966," 
""Great service, small job, great quality, fast and clean.""",https://www.google.com/maps/place/Coral+Springs+Auto+Collision+Inc./data=!4m7!3m6!1s0x88d91005b5434a71:0x2f5b89dbea3e87c3!8m2!3d26.2870635!4d-80.2837829!16s%2Fg%2F113g2hb1d!19sChIJcUpDtQUQ2YgRw4c-6tuJWy8?authuser=0&hl=en&rclk=1
"Automotive Repair in Coral Springs, Florida",Sierra Auto Center,4.2,35,,Auto repair shop,9550 W Sample Rd,26.2719511,-80.2536163,Open,Closes 5 PM,,2025-03-07 13:42:27,(954) 255-7556," 
""Took the car to Javier and back in the road in less than 3 hours.""",https://www.google.com/maps/place/Sierra+Auto+Center/data=!4m7!3m6!1s0x88d9053592074ed5:0x362422b3698bc3de!8m2!3d26.2719511!4d-80.2536163!16s%2Fg%2F1261dxy0r!19sChIJ1U4HkjUF2YgR3sOLabMiJDY?authuser=0&hl=en&rclk=1
"Automotive Repair in Coral Springs, Florida",Auto Repair Pros Margate,4.9,642,,Auto repair shop,5700 Royal Palm Blvd,26.2540393,-80.2021952,Open,Closes 6 PM,https://autorepairpros.com/loc/margate?utm_source=gmb&utm_medium=organic&utm_campaign=margate,2025-03-07 13:42:28,(954) 280-1968," 
""They fixed my car perfectly and it was cheaper than most places like vw""
 
BOOK ONLINE",https://www.google.com/maps/place/Auto+Repair+Pros+Margate/data=!4m7!3m6!1s0x88d905854889b385:0xff277f3d135296a3!8m2!3d26.2540393!4d-80.2021952!16s%2Fg%2F11t1b36l12!19sChIJhbOJSIUF2YgRo5ZSEz1_J_8?authuser=0&hl=en&rclk=1
"Automotive Repair in Coral Springs, Florida",Zippy Lube & Car Care,4.8,276,,Auto repair shop,11070 Wiles Rd b,26.286748,-80.2741812,Open,Closes 5:30 PM,http://zippylubeandcarcare.com/,2025-03-07 13:42:30,(954) 753-8667," 
""The price was reasonable and the work was completed the same day.""",https://www.google.com/maps/place/Zippy+Lube+%26+Car+Care/data=!4m7!3m6!1s0x88d91aa85986b4ef:0xe7bbf25ea6a1b56e!8m2!3d26.286748!4d-80.2741812!16s%2Fg%2F1thbxgch!19sChIJ77SGWaga2YgRbrWhpl7yu-c?authuser=0&hl=en&rclk=1
"Automotive Repair in Coral Springs, Florida",Midas,4.5,796,,Tire shop,8080 Wiles Rd,26.2863008,-80.2332205,Open,Closes 6 PM,https://www.midas.com/store/fl/coral-springs/8080-wiles-road-33065?shopnum=3300&utm_source=google&utm_medium=maps&utm_campaign=google+maps&y_source=1_MTE1ODYzNjAtNzE1LWxvY2F0aW9uLndlYnNpdGU%3D,2025-03-07 13:42:31,(954) 800-8554," 
""We got in same day & our car was fixed within a couple of hours.""
 
BOOK ONLINE",https://www.google.com/maps/place/Midas/data=!4m7!3m6!1s0x88d91ad81e68597d:0xc287e903d59bbeba!8m2!3d26.2863008!4d-80.2332205!16s%2Fg%2F1tgh8b_d!19sChIJfVloHtga2YgRur6b1QPph8I?authuser=0&hl=en&rclk=1
"Automotive Repair in Coral Springs, Florida",Tire Choice Auto Service Centers,4.4,451,,Tire shop,8090 Wiles Rd,26.2863306,-80.2336562,Open,Closes 7 PM,https://locations.thetirechoice.com/fl/coral-springs/8090-wiles-road?&utm_source=google&utm_medium=organic&utm_campaign=gbp-listing-store_1290,2025-03-07 13:42:32,(754) 241-8625," 
In-store shopping
·
In-store pickup",https://www.google.com/maps/place/Tire+Choice+Auto+Service+Centers/data=!4m7!3m6!1s0x88d91ad78a694a5d:0x6baa772a02ad2b51!8m2!3d26.2863306!4d-80.2336562!16s%2Fg%2F1td2n8nk!19sChIJXUppitca2YgRUSutAip3qms?authuser=0&hl=en&rclk=1
"Automotive Repair in Coral Springs, Florida",An Honest Auto Repair Inc.,5.0,216,,Auto repair shop,1980 NW 55th Ave,26.2532176,-80.1980569,Open,Closes 5:30 PM,http://www.anhonestautorepairinc.com/,2025-03-07 13:42:33,(954) 969-8007," 
Onsite services",https://www.google.com/maps/place/An+Honest+Auto+Repair+Inc./data=!4m7!3m6!1s0x88d904a331a9a673:0xc8f025b4f2d7351c!8m2!3d26.2532176!4d-80.1980569!16s%2Fg%2F1thgc7lt!19sChIJc6apMaME2YgRHDXX8rQl8Mg?authuser=0&hl=en&rclk=1
"Automotive Repair in Coral Springs, Florida",Ocello's Automotive Center,4.5,308,,Auto repair shop,8151 N Pine Island Rd,26.225906,-80.2702231,Open,Closes 6 PM,http://www.ocellosautomotive.com/,2025-03-07 13:42:35,(954) 722-0110," 
""Replaced my battery under warranty with an appropriate one for my Tiguan.""",https://www.google.com/maps/place/Ocello%27s+Automotive+Center/data=!4m7!3m6!1s0x88d90583f30d6a5d:0x9dd3f9fcac5f756!8m2!3d26.225906!4d-80.2702231!16s%2Fg%2F1thvthf3!19sChIJXWoN84MF2YgRVvfFyp8_3Qk?authuser=0&hl=en&rclk=1
"Automotive Repair in Coral Springs, Florida",North Springs Japanese Car Care,4.7,59,,Mechanic,12294 Wiles Rd,26.2871665,-80.2908311,Opens soon,9 AM,,2025-03-07 13:42:36,(954) 752-5552," 
""Felipe and his team never rush into the most expensive repair options.""",https://www.google.com/maps/place/North+Springs+Japanese+Car+Care/data=!4m7!3m6!1s0x88d9101baacd865b:0x871c5c4f18b79674!8m2!3d26.2871665!4d-80.2908311!16s%2Fg%2F1v_s6p62!19sChIJW4bNqhsQ2YgRdJa3GE9cHIc?authuser=0&hl=en&rclk=1
"Automotive Repair in Coral Springs, Florida",A1 Quality Autoworks,3.9,28,,Auto repair shop,11810 Wiles Rd,26.2869995,-80.2844292,Open,Closes 5:30 PM,https://a1-autoworks.com/,2025-03-07 13:42:37,(954) 344-6708," 
""It was Saturday late noon and they got it done.""",https://www.google.com/maps/place/A1+Quality+Autoworks/data=!4m7!3m6!1s0x88d91b7d6b70e85d:0x462202741e3084a8!8m2!3d26.2869995!4d-80.2844292!16s%2Fg%2F11gjt160ny!19sChIJXehwa30b2YgRqIQwHnQCIkY?authuser=0&hl=en&rclk=1
"Automotive Repair in Coral Springs, Florida",Bisbee Automotive & Tire,4.9,345,,Auto repair shop,2936 N State Rd 7,26.2624947,-80.2012325,Open,Closes 6 PM,http://www.bisbeeauto.com/,2025-03-07 13:42:38,(954) 366-3632," 
""Car was repaired quickly at a fair price.""",https://www.google.com/maps/place/Bisbee+Automotive+%26+Tire/data=!4m7!3m6!1s0x88d905d15434c8bf:0x11e18eb58067506!8m2!3d26.2624947!4d-80.2012325!16s%2Fg%2F11sbhplp7_!19sChIJv8g0VNEF2YgRBnUGWOsYHgE?authuser=0&hl=en&rclk=1
"Automotive Repair in Coral Springs, Florida",A-1 Presto Auto Body Inc,4.9,320,,Auto body shop,12292 Wiles Rd,26.2871569,-80.2907358,Open,Closes 6 PM,http://www.a1prestoautobody.com/,2025-03-07 13:42:39,(954) 345-7784," 
Onsite services",https://www.google.com/maps/place/A-1+Presto+Auto+Body+Inc/data=!4m7!3m6!1s0x88d9101b00a3e2ad:0xb77e4fca3211e642!8m2!3d26.2871569!4d-80.2907358!16s%2Fg%2F1tfx5prq!19sChIJreKjABsQ2YgRQuYRMspPfrc?authuser=0&hl=en&rclk=1
"Automotive Repair in Coral Springs, Florida",Expert Auto Repair Inc,4.7,224,,Auto repair shop,5633 NW 8th St,26.2387355,-80.203952,Open,Closes 5 PM,https://www.expertauto.net/,2025-03-07 13:42:41,(954) 935-0202," 
""They will diagnose and repair your car properly and for a fair price.""",https://www.google.com/maps/place/Expert+Auto+Repair+Inc/data=!4m7!3m6!1s0x88d904a331c9af81:0x46c917834919fc4f!8m2!3d26.2387355!4d-80.203952!16s%2Fg%2F11fsxjzhvz!19sChIJga_JMaME2YgRT_wZSYMXyUY?authuser=0&hl=en&rclk=1
"Automotive Repair in Coral Springs, Florida",Audi Coral Springs - Service Department,4.4,75,,Auto repair shop,5555 N State Rd 7 suite #100,26.2981975,-80.2024627,Open,Closes 6 PM,https://www.audicoralsprings.com/schedule-service-a?utm_source=google&utm_medium=organic&utm_campaign=google_my_business&utm_content=service,2025-03-07 13:42:42,(954) 509-8960," 
""They stand behind customers even when brand new cars break.""",https://www.google.com/maps/place/Audi+Coral+Springs+-+Service+Department/data=!4m7!3m6!1s0x88d91be6e40e0201:0x8ad059576a95eb93!8m2!3d26.2981975!4d-80.2024627!16s%2Fg%2F11fnypvj0d!19sChIJAQIO5OYb2YgRk-uValdZ0Io?authuser=0&hl=en&rclk=1
"Automotive Repair in Coral Springs, Florida",Firestone Complete Auto Care,3.7,448,,Tire shop,2020 N University Dr,26.25652,-80.2519795,Open,Closes 7 PM,https://www.firestonecompleteautocare.com/florida/coral-springs/2020-n-university-dr/?utm_source=google&utm_medium=organic&utm_campaign=localmaps&cmp=oloc_google_localmaps_maps,2025-03-07 13:42:44,(954) 840-8591," 
In-store shopping
·
Curbside pickup
 
BOOK ONLINE",https://www.google.com/maps/place/Firestone+Complete+Auto+Care/data=!4m7!3m6!1s0x88d9053f1c063bed:0x2dfb2aadb8b5c541!8m2!3d26.25652!4d-80.2519795!16s%2Fg%2F1tdw8w25!19sChIJ7TsGHD8F2YgRQcW1uK0q-y0?authuser=0&hl=en&rclk=1
"Automotive Repair in Coral Springs, Florida",J & C Car Repair,4.7,168,,Auto repair shop,5415 NW 15th St Ste 1,26.2483194,-80.1978534,Open,Closes 5:30 PM,https://www.jccarrepair.com/,2025-03-07 13:42:45,(954) 642-2288," 
Onsite services",https://www.google.com/maps/place/J+%26+C+Car+Repair/data=!4m7!3m6!1s0x88d904983d1ac53b:0xbaff11aca2ccc37d!8m2!3d26.2483194!4d-80.1978534!16s%2Fg%2F11ggr5pqm6!19sChIJO8UaPZgE2YgRfcPMoqwR_7o?authuser=0&hl=en&rclk=1
"Automotive Repair in Coral Springs, Florida",RQ Automotive,4.6,213,,Auto repair shop,5415 NW 15th St STE 17,26.2470085,-80.1978993,Open,Closes 5 PM,http://www.rqautomotive.com/,2025-03-07 13:42:46,(954) 970-3015," 
""Kind, on time, affordable, and great service!""",https://www.google.com/maps/place/RQ+Automotive/data=!4m7!3m6!1s0x88d9049816243bc3:0xa0311a43860d20b5!8m2!3d26.2470085!4d-80.1978993!16s%2Fg%2F11bx4c3thy!19sChIJwzskFpgE2YgRtSANhkMaMaA?authuser=0&hl=en&rclk=1
"Automotive Repair in Coral Springs, Florida",AA One Transmissions - Coral Springs,4.8,142,,Transmission shop,11910 Wiles Rd Bldg A,26.287115,-80.2863693,Open,Closes 5 PM,https://www.aaonetransmissionrepair.com/,2025-03-07 13:42:47,(954) 752-0444," 
""He helped me with my car without charging me which is unheard of.""",https://www.google.com/maps/place/AA+One+Transmissions+-+Coral+Springs/data=!4m7!3m6!1s0x88d910051eb3c109:0x5c257dc20d7a543e!8m2!3d26.287115!4d-80.2863693!16s%2Fg%2F1tj9csz5!19sChIJCcGzHgUQ2YgRPlR6DcJ9JVw?authuser=0&hl=en&rclk=1
"Automotive Repair in Coral Springs, Florida",A1 Body And Glass of Coral Springs,4.4,264,,Auto body shop,12150 Wiles Rd,26.28696,-80.289611,Open,Closes 5 PM,http://www.a1bodyandglass.com/,2025-03-07 13:42:48,(954) 974-4479," 
""The repair staff always does a great job on fixing my cars.""
 
BOOK ONLINE",https://www.google.com/maps/place/A1+Body+And+Glass+of+Coral+Springs/data=!4m7!3m6!1s0x88d9101b1eec2ce5:0x586dd8dc758713f6!8m2!3d26.28696!4d-80.289611!16s%2Fg%2F1tfln71b!19sChIJ5SzsHhsQ2YgR9hOHddzYbVg?authuser=0&hl=en&rclk=1
"Automotive Repair in Coral Springs, Florida",Carl's Automotive,5.0,7,,Car repair and maintenance service,7801 W Sample Rd,26.2725732,-80.2301003,Closed,Opens 8 AM Mon,,2025-03-07 13:42:50,," 
""He does great work and the price, in my opinion, is very affordable.""",https://www.google.com/maps/place/Carl%27s+Automotive/data=!4m7!3m6!1s0x88d904d510babf3d:0x636b18638e7e5467!8m2!3d26.2725732!4d-80.2301003!16s%2Fg%2F11fll6jxp6!19sChIJPb-6ENUE2YgRZ1R-jmMYa2M?authuser=0&hl=en&rclk=1
"Automotive Repair in Coral Springs, Florida",Tires Plus,4.2,378,,Tire shop,10510 Wiles Rd,26.2866772,-80.2668475,Open,Closes 7 PM,https://www.tiresplus.com/florida/coral-springs/10510-wiles-rd/?utm_source=google&utm_medium=organic&utm_campaign=localmaps&cmp=oloc_google_localmaps_maps,2025-03-07 13:42:51,(954) 271-2577," 
""Always treated well, car serviced promptly and with competitive pricing.""
 
BOOK ONLINE",https://www.google.com/maps/place/Tires+Plus/data=!4m7!3m6!1s0x88d91aafc7393c83:0x69f4c85243301f67!8m2!3d26.2866772!4d-80.2668475!16s%2Fg%2F1v16r2r4!19sChIJgzw5x68a2YgRZx8wQ1LI9Gk?authuser=0&hl=en&rclk=1
"Automotive Repair in Coral Springs, Florida",Mike's Auto Repair,4.8,121,,Auto repair shop,1933 Mears Pkwy,26.2525247,-80.1987204,Open,Closes 5 PM,http://mikes-automotive.com/,2025-03-07 13:42:56,(954) 973-9589," 
""Mike's provided me with a quick repair and honest pricing.""",https://www.google.com/maps/place/Mike%27s+Auto+Repair/data=!4m7!3m6!1s0x88d904bd2c7ec5e9:0xcb9929d3d8e78538!8m2!3d26.2525247!4d-80.1987204!16s%2Fg%2F1tdzmbt0!19sChIJ6cV-LL0E2YgROIXn2NMpmcs?authuser=0&hl=en&rclk=1
"Automotive Repair in Coral Springs, Florida",Coral Springs Lube Express,4.2,125,,Oil change service,11590 Wiles Rd,26.2869328,-80.2816749,Open,Closes 6 PM,http://www.lube-express.com/,2025-03-07 13:42:58,(954) 510-7001," 
""These guys are honest and you can trust them with any car or truck.""",https://www.google.com/maps/place/Coral+Springs+Lube+Express/data=!4m7!3m6!1s0x88d91006632ba58b:0xd04ef7e96f331c51!8m2!3d26.2869328!4d-80.2816749!16s%2Fg%2F1tk68gvj!19sChIJi6UrYwYQ2YgRURwzb-n3TtA?authuser=0&hl=en&rclk=1
"Automotive Repair in Coral Springs, Florida",Margate Auto Repair,4.6,94,,Auto repair shop,2099 FL-7,26.2540447,-80.2020007,Open,Closes 9 PM,https://margateautorepair.com/,2025-03-07 13:42:59,(954) 532-4896," 
Onsite services",https://www.google.com/maps/place/Margate+Auto+Repair/data=!4m7!3m6!1s0x88d905064a765035:0x1a033b51715955a8!8m2!3d26.2540447!4d-80.2020007!16s%2Fg%2F11fv67xkm6!19sChIJNVB2SgYF2YgRqFVZcVE7Axo?authuser=0&hl=en&rclk=1
"Automotive Repair in Coral Springs, Florida",Broward Bimmers,4.3,46,,Auto repair shop,11560 Wiles Rd,26.2870621,-80.2810843,Opens soon,9 AM,,2025-03-07 13:43:00,(954) 344-2297," 
""Has quickly diagnosed and resolved All issues for us.""",https://www.google.com/maps/place/Broward+Bimmers/data=!4m7!3m6!1s0x88d91aa8c556d981:0xaf30af3b569663f1!8m2!3d26.2870621!4d-80.2810843!16s%2Fg%2F11c3ssff_y!19sChIJgdlWxaga2YgR8WOWVjuvMK8?authuser=0&hl=en&rclk=1
"Automotive Repair in Coral Springs, Florida",Japanese Auto Care Specialists (JACS),4.6,52,,Auto repair shop,5992 NW 7th St,26.237358,-80.2053486,Open,Closes 7 PM,https://jacsmargatefl.com/,2025-03-07 13:43:02,(954) 971-5411," 
""He worked on my car until he identified and fixed the problem.""",https://www.google.com/maps/place/Japanese+Auto+Care+Specialists+%28JACS%29/data=!4m7!3m6!1s0x88d9048df43bcc03:0xe27b6a2d9e4894e!8m2!3d26.237358!4d-80.2053486!16s%2Fg%2F1tg9th1x!19sChIJA8w79I0E2YgRTonk2aK2Jw4?authuser=0&hl=en&rclk=1
"Automotive Repair in Coral Springs, Florida",Fountain Auto Repair,5.0,105,,Auto repair shop,202 Margate Ct,26.2317206,-80.2037478,Open,Closes 5 PM,http://fountainautorepair.com/,2025-03-07 13:43:03,(954) 979-9462," 
""My car feels new whenever I pull off after having work done .""",https://www.google.com/maps/place/Fountain+Auto+Repair/data=!4m7!3m6!1s0x88d9048eac8caf11:0x8218b08fff88a832!8m2!3d26.2317206!4d-80.2037478!16s%2Fg%2F1wv_s_v5!19sChIJEa-MrI4E2YgRMqiI_4-wGII?authuser=0&hl=en&rclk=1
"Automotive Repair in Coral Springs, Florida","Auto Works Collision & Paint, Inc.",4.6,161,,Auto body shop,11850 Wiles Rd,26.2870189,-80.2853052,Open,Closes 5:30 PM,http://autoworkscoralsprings.com/,2025-03-07 13:43:04,(954) 752-4557," 
""They did an amazing job on my car in the timeframe they promised.""","https://www.google.com/maps/place/Auto+Works+Collision+%26+Paint,+Inc./data=!4m7!3m6!1s0x88d9100501d527f1:0xda5821367db60311!8m2!3d26.2870189!4d-80.2853052!16s%2Fg%2F1tfscn2l!19sChIJ8SfVAQUQ2YgREQO2fTYhWNo?authuser=0&hl=en&rclk=1"
"Automotive Repair in Coral Springs, Florida",Quick & Easy Auto Repair Mobile Shop,4.4,108,,Auto repair shop,2501 N Rock Island Rd,26.2588979,-80.2238095,Open 24 hours,,https://app.shopmonkey.cloud/public/quote-request/47657c42-43e0-431d-bea9-bf8898f4d1f4?noExternalScripts=1,2025-03-07 13:43:05,(754) 802-5898," 
""Quick, professional and efficient, and my car is running like new.""",https://www.google.com/maps/place/Quick+%26+Easy+Auto+Repair+Mobile+Shop/data=!4m7!3m6!1s0x88d9adc8e8c863dd:0xcc81a5c93014bcea!8m2!3d26.2588979!4d-80.2238095!16s%2Fg%2F11h27y9vnh!19sChIJ3WPI6Mit2YgR6rwUMMmlgcw?authuser=0&hl=en&rclk=1
"Automotive Repair in Coral Springs, Florida",Electrified Automotive Solutions,5.0,1,,Auto repair shop,12140 Wiles Rd,26.2869946,-80.2889946,Open,Closes 6:30 PM,https://www.elecautosolutions.com/contact-us,2025-03-07 13:43:06,,,https://www.google.com/maps/place/Electrified+Automotive+Solutions/data=!4m7!3m6!1s0x88d911efbdcb575f:0x9b777b2df24bd6d3!8m2!3d26.2869946!4d-80.2889946!16s%2Fg%2F11rzq_y58w!19sChIJX1fLve8R2YgR09ZL8i17d5s?authuser=0&hl=en&rclk=1
"Automotive Repair in Coral Springs, Florida",strategix mobile auto,5.0,18,,Car repair and maintenance service,,26.243172,-80.255922,Opens soon,9 AM,https://smartwebz.us/best-strategix-mobile-services-in-coral-springs-fl/,2025-03-07 13:43:08,(954) 682-1643," 
""He fixed my car within very less time and he provides great service!!""",https://www.google.com/maps/place/strategix+mobile+auto/data=!4m7!3m6!1s0xa449eb845c214dff:0x4dc5de252c6001ea!8m2!3d26.243172!4d-80.255922!16s%2Fg%2F11nx20fjj_!19sChIJ_00hXITrSaQR6gFgLCXexU0?authuser=0&hl=en&rclk=1
"Automotive Repair in Coral Springs, Florida",A-1 Body Repair Center,5.0,1,,Auto repair shop,12150 Wiles Rd,26.2869459,-80.2896105,Open,Closes 8 PM,,2025-03-07 13:43:09,,,https://www.google.com/maps/place/A-1+Body+Repair+Center/data=!4m7!3m6!1s0x88d9101b1e38cf5f:0x9491442d246632ba!8m2!3d26.2869459!4d-80.2896105!16s%2Fg%2F1262jscrk!19sChIJX884HhsQ2YgRujJmJC1EkZQ?authuser=0&hl=en&rclk=1
"Automotive Repair in Coral Springs, Florida",TuneRS Motorsports,4.9,69,,Auto repair shop,11510 Wiles Rd,26.287048,-80.2795127,Open,Closes 6 PM,http://www.tunersmotorsports.com/,2025-03-07 13:43:10,(954) 345-7877," 
""They've consistently gone above and beyond for all my car needs.""",https://www.google.com/maps/place/TuneRS+Motorsports/data=!4m7!3m6!1s0x88d91007ab44ec1d:0x57c5e02c099783df!8m2!3d26.287048!4d-80.2795127!16s%2Fg%2F1tg87fw9!19sChIJHexEqwcQ2YgR34OXCSzgxVc?authuser=0&hl=en&rclk=1
"Automotive Repair in Coral Springs, Florida",S & S Car Care,4.6,161,,Auto repair shop,214 Margate Ct,26.2328387,-80.2037509,Open,Closes 5 PM,https://www.sandscarcare.com/,2025-03-07 13:43:11,(954) 620-3492," 
""Great price save quality work.""",https://www.google.com/maps/place/S+%26+S+Car+Care/data=!4m7!3m6!1s0x88d9048ea3f13561:0x902cb943f686ffff!8m2!3d26.2328387!4d-80.2037509!16s%2Fg%2F1v2f19k7!19sChIJYTXxo44E2YgR__-G9kO5LJA?authuser=0&hl=en&rclk=1
"Automotive Repair in Coral Springs, Florida",Tires Pro,4.8,163,,Tire shop,10936 Wiles Rd,26.2868622,-80.2722475,Open,Closes 10 PM,http://tirespro10936.com/,2025-03-07 13:43:13,(954) 688-9884," 
""Fast and friendly service, same day service within an hour and cheap price!""",https://www.google.com/maps/place/Tires+Pro/data=!4m7!3m6!1s0x88d91b4a3d7ca5e3:0x7c510fa462607bf2!8m2!3d26.2868622!4d-80.2722475!16s%2Fg%2F11y5mjg6m8!19sChIJ46V8PUob2YgR8ntgYqQPUXw?authuser=0&hl=en&rclk=1
"Automotive Repair in Coral Springs, Florida",Precision Tune Auto Care,4.6,121,,Auto repair shop,151 FL-7,26.2318166,-80.205022,Open,Closes 5 PM,http://www.precisiontune.com/MargateFL,2025-03-07 13:43:14,(954) 970-4996," 
Onsite services",https://www.google.com/maps/place/Precision+Tune+Auto+Care/data=!4m7!3m6!1s0x88d9048c082eb179:0xf4b0cae3f658cce3!8m2!3d26.2318166!4d-80.205022!16s%2Fg%2F1thmlsqy!19sChIJebEuCIwE2YgR48xY9uPKsPQ?authuser=0&hl=en&rclk=1
"Automotive Repair in Coral Springs, Florida",Coral Springs Nissan Service Center,3.6,45,,Auto repair shop,9350 W Atlantic Blvd,26.2388949,-80.2517635,Open,Closes 7 PM,https://www.coralspringsnissan.com/Service.html,2025-03-07 13:43:16,(954) 388-2343," 
""Fast service and kind staff.""",https://www.google.com/maps/place/Coral+Springs+Nissan+Service+Center/data=!4m7!3m6!1s0x88d9050d085af76d:0xc0c4d5bbd780c4d1!8m2!3d26.2388949!4d-80.2517635!16s%2Fg%2F11g9q94fyg!19sChIJbfdaCA0F2YgR0cSA17vVxMA?authuser=0&hl=en&rclk=1
"Automotive Repair in Coral Springs, Florida","CAD'S Auto Body, Inc.",4.7,20,,Auto body shop,12448 Wiles Rd,26.2871651,-80.2928287,Open,Closes 6:30 PM,,2025-03-07 13:43:17,(954) 345-3556," 
""He fixed it beautifully, in record time, at an amazingly low cost.""","https://www.google.com/maps/place/CAD%27S+Auto+Body,+Inc./data=!4m7!3m6!1s0x88d9101bcce2269b:0x1998d27dc0083c3a!8m2!3d26.2871651!4d-80.2928287!16s%2Fg%2F1tt0ry0b!19sChIJmybizBsQ2YgROjwIwH3SmBk?authuser=0&hl=en&rclk=1"
"Automotive Repair in Coral Springs, Florida",Kramer's Auto Electric & A/C,4.2,94,,Auto repair shop,7413 NW 88th Ave,26.2124053,-80.2707879,Open,Closes 5 PM,https://kramersautomotive.com/,2025-03-07 13:43:18,(954) 726-8135," 
""Kramers easily diagnosed and made the necessary repairs.""",https://www.google.com/maps/place/Kramer%27s+Auto+Electric+%26+A%2FC/data=!4m7!3m6!1s0x88d9058c1d240d13:0x82b0320eed10737a!8m2!3d26.2124053!4d-80.2707879!16s%2Fg%2F1tg87fvb!19sChIJEw0kHYwF2YgRenMQ7Q4ysII?authuser=0&hl=en&rclk=1
"Automotive Repair in Coral Springs, Florida",SunMotive Towings & Auto Savers,5.0,1,,Tire shop,1704 N University Dr,26.252564,-80.2536266,Open 24 hours,,,2025-03-07 13:43:19,(754) 799-5723," 
Delivery",https://www.google.com/maps/place/SunMotive+Towings+%26+Auto+Savers/data=!4m7!3m6!1s0x88d905b3bc4b5b71:0xafdf63d9f5582983!8m2!3d26.252564!4d-80.2536266!16s%2Fg%2F11tp5t_n5m!19sChIJcVtLvLMF2YgRgylY9dlj368?authuser=0&hl=en&rclk=1
"Automotive Repair in Coral Springs, Florida",Pep Boys,3.9,960,,Tire shop,2100 N University Dr,26.257252,-80.251754,Open,Closes 7 PM,https://pepboys.com/stores/fl/coral-springs/2100-university-dr?storeCode=0292,2025-03-07 13:43:21,(954) 346-4041," 
""Took the car back, fixed the problem immediately, and got me on my way.""
 
BOOK ONLINE",https://www.google.com/maps/place/Pep+Boys/data=!4m7!3m6!1s0x88d9053f207011ef:0x538a011eb2b46153!8m2!3d26.257252!4d-80.251754!16s%2Fg%2F1ttdz7bw!19sChIJ7xFwID8F2YgRU2G0sh4BilM?authuser=0&hl=en&rclk=1
"Automotive Repair in Coral Springs, Florida",Off the Hook Auto Accessories,4.7,80,,Auto parts store,4640 Coral Ridge Dr,26.2884294,-80.2835673,Opens soon,9 AM,,2025-03-07 13:43:29,(954) 752-6018," 
""He was able to remove all of the door dings in my Subaru.""",https://www.google.com/maps/place/Off+the+Hook+Auto+Accessories/data=!4m7!3m6!1s0x88d91005e4709771:0xe773aa467e55d507!8m2!3d26.2884294!4d-80.2835673!16s%2Fg%2F1wn34gf0!19sChIJcZdw5AUQ2YgRB9VVfkaqc-c?authuser=0&hl=en&rclk=1
"Automotive Repair in Coral Springs, Florida",Euro Car Care Performance,4.8,33,,Auto repair shop,4900 NW 15th St,26.249154,-80.1960104,Open,Closes 8 PM,http://www.eurocarperformance.wordpress.com/,2025-03-07 13:43:32,(954) 636-0633," 
""He replaced my tires and did maintenance work on my 2022 car.""",https://www.google.com/maps/place/Euro+Car+Care+Performance/data=!4m7!3m6!1s0x88d9055d8cf497d1:0xdd14e982b12b5cf7!8m2!3d26.249154!4d-80.1960104!16s%2Fg%2F11qq3yk916!19sChIJ0Zf0jF0F2YgR91wrsYLpFN0?authuser=0&hl=en&rclk=1
"Automotive Repair in Coral Springs, Florida",Coral Springs Auto Mall,3.9,"1,611",,Auto repair shop,9300 W Atlantic Blvd,26.2392024,-80.2523574,Opens soon,9 AM,https://www.coralspringsautomall.com/,2025-03-07 13:43:33,(954) 369-1016," 
Delivery",https://www.google.com/maps/place/Coral+Springs+Auto+Mall/data=!4m7!3m6!1s0x88d9050d95200165:0xeb533da091cfa79e!8m2!3d26.2392024!4d-80.2523574!16s%2Fg%2F11r9mk9kz!19sChIJZQEglQ0F2YgRnqfPkaA9U-s?authuser=0&hl=en&rclk=1
"Automotive Repair in Coral Springs, Florida",Coral Springs Diesel Repair,5.0,1,,Auto repair shop,3227 Coral Lake Dr,26.2706351,-80.2374608,,,,2025-03-07 13:43:34,,,https://www.google.com/maps/place/Coral+Springs+Diesel+Repair/data=!4m7!3m6!1s0x88d905b010afeb67:0xd7b62709ea9f5f19!8m2!3d26.2706351!4d-80.2374608!16s%2Fg%2F11sw6msktf!19sChIJZ-uvELAF2YgRGV-f6gknttc?authuser=0&hl=en&rclk=1
"Automotive Repair in Coral Springs, Florida",Coral Springs Auto Body inc,5.0,1,,Auto body shop,1667 Banks Rd,26.2499994,-80.1962441,Open,Closes 4:30 PM,,2025-03-07 13:43:35,(954) 972-3132," 
""They’ve been in business for over 30 years.""",https://www.google.com/maps/place/Coral+Springs+Auto+Body+inc/data=!4m7!3m6!1s0x88d9053fb43d96d3:0x2e75c89a04ee68c3!8m2!3d26.2499994!4d-80.1962441!16s%2Fg%2F11wr1w2y96!19sChIJ05Y9tD8F2YgRw2juBJrIdS4?authuser=0&hl=en&rclk=1
"Automotive Repair in Coral Springs, Florida",Coral Springs Buick GMC Service Center,3.5,11,,Car repair and maintenance service,9300 W Atlantic Blvd,26.2382134,-80.2492952,Open,Closes 7 PM,https://www.coralspringsgmcbuick.com/,2025-03-07 13:43:37,(954) 507-4938," 
""Great customer service and did great working on our truck""",https://www.google.com/maps/place/Coral+Springs+Buick+GMC+Service+Center/data=!4m7!3m6!1s0x88d9051c9953e199:0xf9e0544f1745f4c3!8m2!3d26.2382134!4d-80.2492952!16s%2Fg%2F11j352g8s1!19sChIJmeFTmRwF2YgRw_RFF09U4Pk?authuser=0&hl=en&rclk=1
"Automotive Repair in Coral Springs, Florida",Triple J Automotive West,4.7,6,,Car repair and maintenance service,11491 W Sample Rd,26.2735368,-80.2798472,Open,Closes 5 PM,http://www.triplejautorepair.com/,2025-03-07 13:43:38,(754) 704-7284," 
""Great service, honest and friendly.""",https://www.google.com/maps/place/Triple+J+Automotive+West/data=!4m7!3m6!1s0x88d90f004f1c830d:0xba1672c1e5ca13f8!8m2!3d26.2735368!4d-80.2798472!16s%2Fg%2F11wxym0pyb!19sChIJDYMcTwAP2YgR-BPK5cFyFro?authuser=0&hl=en&rclk=1
"Automotive Repair in Coral Springs, Florida",Autow Support & Towings,5.0,1,,Tire shop,2752 N University Dr,26.2644107,-80.2508032,Open 24 hours,,,2025-03-07 13:43:39,(754) 310-2513,,https://www.google.com/maps/place/Autow+Support+%26+Towings/data=!4m7!3m6!1s0x88d9058888f2f14b:0x17024c6419d0c6dc!8m2!3d26.2644107!4d-80.2508032!16s%2Fg%2F11k4wbk3lv!19sChIJS_HyiIgF2YgR3MbQGWRMAhc?authuser=0&hl=en&rclk=1
"Automotive Repair in Coral Springs, Florida",Tire Kingdom,4.0,354,,Tire shop,8181 Wiles Rd,26.2872444,-80.2361262,Open,Closes 6 PM,https://www.mavis.com/locations/pompano-beach-coral-springs-fl?utm_source=yext&utm_medium=organic&utm_campaign=gmb&stnum=4020,2025-03-07 13:43:40,(954) 408-0258," 
""Yes, I had a huge smile on my face driving my fixed car away😄😄.""
 
BOOK ONLINE",https://www.google.com/maps/place/Tire+Kingdom/data=!4m7!3m6!1s0x88d91ad9dcdf89b1:0x1d6bf75e9246da60!8m2!3d26.2872444!4d-80.2361262!16s%2Fg%2F1tlgyrcy!19sChIJsYnf3Nka2YgRYNpGkl73ax0?authuser=0&hl=en&rclk=1
"Automotive Repair in Coral Springs, Florida",Dr Brakes Complete Auto Repair,4.8,186,,Auto repair shop,3109 W Atlantic Blvd,26.2329123,-80.1661195,Open,Closes 5 PM,http://doctorbrakes.com/,2025-03-07 13:43:42,(954) 971-2343," 
Onsite services",https://www.google.com/maps/place/Dr+Brakes+Complete+Auto+Repair/data=!4m7!3m6!1s0x88d90373aaa8620b:0xeac63601eeca6b0!8m2!3d26.2329123!4d-80.1661195!16s%2Fg%2F1tfc7dn4!19sChIJC2KoqnMD2YgRsKbsHmBjrA4?authuser=0&hl=en&rclk=1
"Automotive Repair in Coral Springs, Florida",Coral Springs Honda Service Center,3.6,92,,Auto repair shop,9400 W Atlantic Blvd,26.2386335,-80.2527798,Open,Closes 7 PM,https://www.coralspringshonda.com/service.html?utm_source=google&utm_medium=organic&utm_campaign=google_my_business_service,2025-03-07 13:43:43,(954) 388-2307," 
""Fast service, helpful staff, excellent shuttle service""",https://www.google.com/maps/place/Coral+Springs+Honda+Service+Center/data=!4m7!3m6!1s0x88d9055ed34dcf9b:0x5848cb162ad9c371!8m2!3d26.2386335!4d-80.2527798!16s%2Fg%2F11hf801w29!19sChIJm89N014F2YgRccPZKhbLSFg?authuser=0&hl=en&rclk=1
"Automotive Repair in Coral Springs, Florida",Roadside Emergency Service Corp/ Mobile Tire Repair / New & Used Tire Sales/ Specialize In Commercial Vehicles,4.8,92,,Tire shop,9900 W Sample Rd suite 300-b,26.2719864,-80.2590082,Open 24 hours,,,2025-03-07 13:43:44,(954) 773-3116," 
""Prompt, swiftly repaired my tire at fair prices.""",https://www.google.com/maps/place/Roadside+Emergency+Service+Corp%2F+Mobile+Tire+Repair+%2F+New+%26+Used+Tire+Sales%2F+Specialize+In+Commercial+Vehicles/data=!4m7!3m6!1s0x88d90324d52ff231:0x78c3b998611112bf!8m2!3d26.2719864!4d-80.2590082!16s%2Fg%2F11j0j0c11z!19sChIJMfIv1SQD2YgRvxIRYZi5w3g?authuser=0&hl=en&rclk=1
"Automotive Repair in Coral Springs, Florida",Solution Tire,4.0,166,,Tire shop,10714 Wiles Rd,26.2868314,-80.2691121,Open,Closes 5 PM,https://solutiontires.com/,2025-03-07 13:43:45,(954) 757-6733," 
In-store shopping",https://www.google.com/maps/place/Solution+Tire/data=!4m7!3m6!1s0x88d91aaf12f8ef15:0x2d7798ead682255c!8m2!3d26.2868314!4d-80.2691121!16s%2Fg%2F1vd95x7q!19sChIJFe_4Eq8a2YgRXCWC1uqYdy0?authuser=0&hl=en&rclk=1
"Automotive Repair in Coral Springs, Florida",Tires Plus,3.7,343,,Tire shop,630 Riverside Dr,26.2404574,-80.2440244,Open,Closes 7 PM,https://www.tiresplus.com/florida/coral-springs/630-riverside-dr/?utm_source=google&utm_medium=organic&utm_campaign=localmaps&cmp=oloc_google_localmaps_maps,2025-03-07 13:43:47,(954) 372-1026," 
In-store shopping
·
Curbside pickup
 
BOOK ONLINE",https://www.google.com/maps/place/Tires+Plus/data=!4m7!3m6!1s0x88d9050fa2458e89:0xf920eb1db2c98e53!8m2!3d26.2404574!4d-80.2440244!16s%2Fg%2F1tg16jch!19sChIJiY5Fog8F2YgRU47Jsh3rIPk?authuser=0&hl=en&rclk=1
"Automotive Repair in Coral Springs, Florida",Lue Rolled It Fender Rolling,5.0,6,,Auto body shop,#100,26.2706853,-80.2600101,Open 24 hours,,,2025-03-07 13:43:48,(954) 687-2968," 
""Stan did an excellent job fender rolling my Civic!""",https://www.google.com/maps/place/Lue+Rolled+It+Fender+Rolling/data=!4m7!3m6!1s0x88d905a30bcbec71:0x30becef898d84e25!8m2!3d26.2706853!4d-80.2600101!16s%2Fg%2F11wxl77kvn!19sChIJcezLC6MF2YgRJU7YmPjOvjA?authuser=0&hl=en&rclk=1
"Automotive Repair in Coral Springs, Florida",D1 Auto Repair,4.2,21,,Auto repair shop,"1840 North, 1840 FL-7",26.2504975,-80.2008223,Open,Closes 6 PM,http://d1autorepair.com/,2025-03-07 13:43:49,(954) 366-5005," 
""Friendly staff, trusted people and fairly prices""",https://www.google.com/maps/place/D1+Auto+Repair/data=!4m7!3m6!1s0x88d90586ad505c67:0x497d1fd657fb7731!8m2!3d26.2504975!4d-80.2008223!16s%2Fg%2F11flzj1qn2!19sChIJZ1xQrYYF2YgRMXf7V9YffUk?authuser=0&hl=en&rclk=1
"Automotive Repair in Coral Springs, Florida",E Z Lube,4.5,116,,Auto repair shop,7401 NW 88th Ave,26.2122369,-80.2705362,Open,Closes 5:30 PM,http://e-z-lube.keeq.io/,2025-03-07 13:43:51,(954) 720-1390," 
""Fast, courteous , and fair pricing.""",https://www.google.com/maps/place/E+Z+Lube/data=!4m7!3m6!1s0x88d9058c067f2519:0xd7d30a914ab38190!8m2!3d26.2122369!4d-80.2705362!16s%2Fg%2F1tctmldy!19sChIJGSV_BowF2YgRkIGzSpEK09c?authuser=0&hl=en&rclk=1
"Automotive Repair in Coral Springs, Florida",Signature Autohaus,4.8,24,,Wheel store,3650 Coral Ridge Dr STE 110,26.2754613,-80.2831966,Open,Closes 5 PM,http://www.signatureautohaus.com/,2025-03-07 13:43:52,(954) 477-0443," 
Onsite services",https://www.google.com/maps/place/Signature+Autohaus/data=!4m7!3m6!1s0x88d9022f0f27b5c5:0x6b5e5f1561fb429d!8m2!3d26.2754613!4d-80.2831966!16s%2Fg%2F11hbn20r6n!19sChIJxbUnDy8C2YgRnUL7YRVfXms?authuser=0&hl=en&rclk=1
"Automotive Repair in Coral Springs, Florida",Coral Springs Kia Service Center,3.2,32,,Auto repair shop,9330 W Atlantic Blvd,26.2386488,-80.250994,Open,Closes 7 PM,https://www.coralspringskia.com/service?utm_source=google&utm_medium=organic&utm_campaign=gmb-listing,2025-03-07 13:43:53,(954) 519-7110," 
""Checked in at 11:50 to have a chrome piece fixed.""",https://www.google.com/maps/place/Coral+Springs+Kia+Service+Center/data=!4m7!3m6!1s0x88d905933dc588c7:0x5191646b9ce3bb21!8m2!3d26.2386488!4d-80.250994!16s%2Fg%2F11j8w3bl14!19sChIJx4jFPZMF2YgRIbvjnGtkkVE?authuser=0&hl=en&rclk=1
"Automotive Repair in Coral Springs, Florida",Auto Repair Shop Marketing,5.0,2,,Marketing agency,,46.423669,-129.9427086,Closed,Opens 10 AM,,2025-03-07 13:43:55,(305) 791-5247,,https://www.google.com/maps/place/Auto+Repair+Shop+Marketing/data=!4m7!3m6!1s0x88d905a57d224027:0xba8f18df9dfb7956!8m2!3d46.423669!4d-129.9427086!16s%2Fg%2F11mbqjnh44!19sChIJJ0AifaUF2YgRVnn7nd8Yj7o?authuser=0&hl=en&rclk=1
"Automotive Repair in Coral Springs, Florida",Rod's Mobile Auto Mechanic,5.0,10,,Mechanic,,26.0541815,-80.4301795,Opens soon,9 AM,https://rodsmobile.com/,2025-03-07 13:44:01,(954) 805-2075," 
""Rod is an experienced mechanic with great service and value.""",https://www.google.com/maps/place/Rod%27s+Mobile+Auto+Mechanic/data=!4m7!3m6!1s0xaf4cb25a834a752f:0x9f7877e0a03101ad!8m2!3d26.0541815!4d-80.4301795!16s%2Fg%2F11lnz3qj93!19sChIJL3VKg1qyTK8RrQExoOB3eJ8?authuser=0&hl=en&rclk=1
"Automotive Repair in Coral Springs, Florida",509 Auto Maintenance LLc,5.0,7,,Mechanic,,25.7464834,-80.4482804,Open,Closes 5 PM,http://www.509auto.com/,2025-03-07 13:44:04,(954) 305-2521," 
""Great service and rates.""",https://www.google.com/maps/place/509+Auto+Maintenance+LLc/data=!4m7!3m6!1s0x4b6322b7193372f1:0xd5723cc38e7ca86c!8m2!3d25.7464834!4d-80.4482804!16s%2Fg%2F11lv53v73g!19sChIJ8XIzGbciY0sRbKh8jsM8ctU?authuser=0&hl=en&rclk=1
"Automotive Repair in Coral Springs, Florida",NeighborHood Automotive Group,No reviews,,,Auto machine shop,"STE100, 3301 N University Dr",26.2719844,-80.2496001,Closed,Opens 10 AM,,2025-03-07 13:44:05,,,https://www.google.com/maps/place/NeighborHood+Automotive+Group/data=!4m7!3m6!1s0x88d905b6777e50cf:0x9ad7026f2817b118!8m2!3d26.2719844!4d-80.2496001!16s%2Fg%2F11vc4ct19c!19sChIJz1B-d7YF2YgRGLEXKG8C15o?authuser=0&hl=en&rclk=1
"Automotive Repair in Coral Springs, Florida",AutoZone Auto Parts,4.9,371,,Auto parts store,2120 N University Dr,26.257005,-80.2508951,Open,Closes 8 PM,https://www.autozone.com/locations/fl/coral-springs/2120-n-university-dr.html?cmpid=LOC:US:EN:AD:NL:1000000:GEN:5360,2025-03-07 13:44:06,(954) 688-5752," 
In-store shopping
·
Curbside pickup
·
Delivery",https://www.google.com/maps/place/AutoZone+Auto+Parts/data=!4m7!3m6!1s0x88d9059a066cbb75:0x535affd237b00686!8m2!3d26.257005!4d-80.2508951!16s%2Fg%2F11t71r8788!19sChIJdbtsBpoF2YgRhgawN9L_WlM?authuser=0&hl=en&rclk=1
"Automotive Repair in Coral Springs, Florida",Coral Springs Honda,4.7,"10,741",,Auto repair shop,9400 W Atlantic Blvd,26.2393816,-80.2524782,Opens soon,9 AM,https://www.coralspringshonda.com/?utm_source=google&utm_medium=organic&utm_campaign=google_my_business,2025-03-07 13:44:08,(954) 369-4679," 
Delivery",https://www.google.com/maps/place/Coral+Springs+Honda/data=!4m7!3m6!1s0x88d9050d230f03c9:0x5534221cc79c4fca!8m2!3d26.2393816!4d-80.2524782!16s%2Fg%2F1td0ntqg!19sChIJyQMPIw0F2YgRyk-cxxwiNFU?authuser=0&hl=en&rclk=1
"Automotive Repair in Coral Springs, Florida",Dent Medic,5.0,76,,Auto dent removal service,,26.264535,-80.4482804,Open,Closes 7 PM,http://dentmedicfl.com/,2025-03-07 13:44:09,(954) 234-3368," 
""He came on time and looked at my car, fixed it in no time.""",https://www.google.com/maps/place/Dent+Medic/data=!4m7!3m6!1s0x88d90556c209a35b:0xf2e37d04bee0ab38!8m2!3d26.264535!4d-80.4482804!16s%2Fg%2F11b5yn5lyw!19sChIJW6MJwlYF2YgROKvgvgR94_I?authuser=0&hl=en&rclk=1
"Automotive Repair in Coral Springs, Florida",Coral Springs Buick GMC,4.6,"2,181",,Car repair and maintenance service,9300 W Atlantic Blvd,26.2384877,-80.2492093,Opens soon,9 AM,https://www.coralspringsgmcbuick.com/??utm_source=google&utm_medium=organic&utm_campaign=google_my_business_sales,2025-03-07 13:44:10,(954) 507-4938," 
In-store pickup
·
Delivery",https://www.google.com/maps/place/Coral+Springs+Buick+GMC/data=!4m7!3m6!1s0x88d9050dd061250b:0x395d65573e221a70!8m2!3d26.2384877!4d-80.2492093!16s%2Fg%2F1tfhh612!19sChIJCyVh0A0F2YgRcBoiPldlXTk?authuser=0&hl=en&rclk=1
"Automotive Repair in Coral Springs, Florida","Luft-Technik, LLC",5.0,11,,Metal fabricator,3700 NW 124th Ave # 124,26.2762369,-80.292146,Opens soon,9 AM,http://www.teamluft.com/,2025-03-07 13:44:11,(954) 800-3849," 
""Took my car for a transmission swap, new suspensión, full maintenance.""","https://www.google.com/maps/place/Luft-Technik,+LLC/data=!4m7!3m6!1s0x88d90fafb6957639:0xe9a04596e2746d8a!8m2!3d26.2762369!4d-80.292146!16s%2Fg%2F11gy4y5z4p!19sChIJOXaVtq8P2YgRim104pZFoOk?authuser=0&hl=en&rclk=1"
"Automotive Repair in Coral Springs, Florida",Coral Springs PAY&PULL Towing Service,4.4,7,,Towing service,,26.2702585,-80.249643,Open 24 hours,,,2025-03-07 13:44:12,(954) 376-8788," 
""Good and fast service""",https://www.google.com/maps/place/Coral+Springs+PAY%26PULL+Towing+Service/data=!4m7!3m6!1s0x88d90535b4c9d6bb:0xb317558b2189ba57!8m2!3d26.2702585!4d-80.249643!16s%2Fg%2F11kywzh8v6!19sChIJu9bJtDUF2YgRV7qJIYtVF7M?authuser=0&hl=en&rclk=1
"Automotive Repair in Coral Springs, Florida",Tint Magic Window Tinting,5.0,681,,Auto window tinting service,11344 Wiles Rd,26.286857,-80.277922,Open,Closes 5 PM,http://www.tintmagic.net/,2025-03-07 13:44:14,(954) 840-7883," 
Onsite services",https://www.google.com/maps/place/Tint+Magic+Window+Tinting/data=!4m7!3m6!1s0x88d91007992dc5b3:0x6f83a8c3dadbd6e6!8m2!3d26.286857!4d-80.277922!16s%2Fg%2F11b7cxtqnc!19sChIJs8UtmQcQ2YgR5tbb2sOog28?authuser=0&hl=en&rclk=1
"Automotive Repair in Coral Springs, Florida",NZ Mobile Mechanic Coral Springs,No reviews,,,Mechanic,,26.223772,-80.2203245,Opens soon,9 AM,,2025-03-07 13:44:15,(954) 247-1040,,https://www.google.com/maps/place/NZ+Mobile+Mechanic+Coral+Springs/data=!4m7!3m6!1s0x88d90f167429540f:0xc8302d073172271e!8m2!3d26.223772!4d-80.2203245!16s%2Fg%2F11vxk91s6r!19sChIJD1QpdBYP2YgRHidyMQctMMg?authuser=0&hl=en&rclk=1
"Automotive Repair in Coral Springs, Florida",Coral Springs Kia,4.6,"4,993",,Auto repair shop,9330 W Atlantic Blvd,26.2389491,-80.2509305,Opens soon,9 AM,https://www.coralspringskia.com/?utm_source=google&utm_medium=organic&utm_campaign=googlemybusiness,2025-03-07 13:44:16,(954) 603-7952," 
In-store shopping
·
In-store pickup
·
Delivery",https://www.google.com/maps/place/Coral+Springs+Kia/data=!4m7!3m6!1s0x88d9050d98708b73:0xedbe6e9da187ae95!8m2!3d26.2389491!4d-80.2509305!16s%2Fg%2F12cnsf689!19sChIJc4twmA0F2YgRla6HoZ1uvu0?authuser=0&hl=en&rclk=1
"Automotive Repair in Coral Springs, Florida",O'Reilly Auto Parts,4.4,124,,Auto parts store,11525 W Sample Rd,26.2733948,-80.2810435,Open,Closes 9 PM,https://locations.oreillyauto.com/fl/coralsprings/autoparts-5444.html,2025-03-07 13:44:17,(754) 702-3966," 
In-store shopping
·
Curbside pickup
·
Delivery",https://www.google.com/maps/place/O%27Reilly+Auto+Parts/data=!4m7!3m6!1s0x88d90f75626daad7:0xafef39046d868b2f!8m2!3d26.2733948!4d-80.2810435!16s%2Fg%2F11h3kwrdt4!19sChIJ16ptYnUP2YgRL4uGbQQ5768?authuser=0&hl=en&rclk=1
"Automotive Repair in Coral Springs, Florida",Mobile Detailers Inc,4.9,34,,Car detailing service,4613 N University Dr # 327,26.2877519,-80.2477775,Open,Closes 5 PM,http://www.mobiledetailersinc.com/,2025-03-07 13:44:19,(954) 997-0301," 
Onsite services",https://www.google.com/maps/place/Mobile+Detailers+Inc/data=!4m7!3m6!1s0x88d91ac5f3e5335f:0xd4005110deb2a9b2!8m2!3d26.2877519!4d-80.2477775!16s%2Fg%2F11c5xf4k_1!19sChIJXzPl88Ua2YgRsqmy3hBRANQ?authuser=0&hl=en&rclk=1
"Automotive Repair in Coral Springs, Florida",Tints and Car Wraps,5.0,1,,Car repair and maintenance service,,26.1561484,-80.4482804,Open 24 hours,,,2025-03-07 13:44:20,(954) 348-5650," 
""They exceeded my expectations, and I'm extremely satisfied with the outcome.""",https://www.google.com/maps/place/Tints+and+Car+Wraps/data=!4m7!3m6!1s0x242292628fd59305:0xbaa7c02f18428cc1!8m2!3d26.1561484!4d-80.4482804!16s%2Fg%2F11t7s96dhq!19sChIJBZPVj2KSIiQRwYxCGC_Ap7o?authuser=0&hl=en&rclk=1
"Automotive Repair in Coral Springs, Florida",AWD Motorsports,3.1,34,,Auto repair shop,12070 NW 40th St,26.2806217,-80.2875314,Closed,Opens 10 AM,http://www.awdmotorsports.com/,2025-03-07 13:44:22,(954) 753-6006," 
""Excellent customer service.""",https://www.google.com/maps/place/AWD+Motorsports/data=!4m7!3m6!1s0x88d91006574daab9:0x93a0a0cc107019f4!8m2!3d26.2806217!4d-80.2875314!16s%2Fg%2F1tgb84bd!19sChIJuapNVwYQ2YgR9BlwEMygoJM?authuser=0&hl=en&rclk=1
"Automotive Repair in Coral Springs, Florida",Main Street Auto Glass,No reviews,,,Auto repair shop,11905 NW 35th St,26.2745852,-80.2856265,Open,Closes 9 PM,,2025-03-07 13:44:23,(941) 200-3167,,https://www.google.com/maps/place/Main+Street+Auto+Glass/data=!4m7!3m6!1s0x88d90ffcf1bda7e3:0x760ae29719addaa7!8m2!3d26.2745852!4d-80.2856265!16s%2Fg%2F11c5xp016k!19sChIJ46e98fwP2YgRp9qtGZfiCnY?authuser=0&hl=en&rclk=1
"Automotive Repair in Coral Springs, Florida",Tri County RV Repair,No reviews,,,RV repair shop,10100 W Sample Rd #255,26.2720313,-80.2610131,Open,Closes 8 PM,,2025-03-07 13:44:24,(954) 379-5707," 
Onsite services",https://www.google.com/maps/place/Tri+County+RV+Repair/data=!4m7!3m6!1s0x88d905baf3d31d21:0x69795a3dc602801d!8m2!3d26.2720313!4d-80.2610131!16s%2Fg%2F11ww7yn0lk!19sChIJIR3T87oF2YgRHYACxj1aeWk?authuser=0&hl=en&rclk=1
"Automotive Repair in Coral Springs, Florida",Chevron Coral Springs,4.0,66,,Auto repair shop,11491 W Sample Rd,26.273148,-80.2798738,Open,Closes 9:30 PM,https://www.chevronwithtechron.com/station/,2025-03-07 13:44:25,(954) 752-6007," 
""Nice place for you buy gasoline or emergency miscellaneous""",https://www.google.com/maps/place/Chevron+Coral+Springs/data=!4m7!3m6!1s0x88d90ffed90bda7d:0x9ffff0e19d75f068!8m2!3d26.273148!4d-80.2798738!16s%2Fg%2F1td1qpc1!19sChIJfdoL2f4P2YgRaPB1neHw_58?authuser=0&hl=en&rclk=1
"Automotive Repair in Coral Springs, Florida",U DO IT Lift Rentals,4.9,60,,Auto repair shop,12290 Wiles Rd,26.287042,-80.290544,Temporarily closed,,,2025-03-07 13:44:26,(954) 532-2778," 
""Wonderful place to work on my car.""",https://www.google.com/maps/place/U+DO+IT+Lift+Rentals/data=!4m7!3m6!1s0x88d903c43022a903:0xb42b2ca89c25b435!8m2!3d26.287042!4d-80.290544!16s%2Fg%2F11f632mtb6!19sChIJA6kiMMQD2YgRNbQlnKgsK7Q?authuser=0&hl=en&rclk=1
"Automotive Repair in Pompano Beach, Florida",Sunshine Auto Center,4.8,202,,Auto repair shop,484 S Dixie Hwy W,26.2248709,-80.1294114,Open,Closes 5 PM,https://sunshineautocenter.com/,2025-03-07 13:44:37,(954) 785-4848," 
Onsite services",https://www.google.com/maps/place/Sunshine+Auto+Center/data=!4m7!3m6!1s0x88d902f7173f4fa3:0x6bf2ac0dca08f243!8m2!3d26.2248709!4d-80.1294114!16s%2Fg%2F1td5mhjy!19sChIJo08_F_cC2YgRQ_IIyg2s8ms?authuser=0&hl=en&rclk=1
"Automotive Repair in Pompano Beach, Florida",Primetune Auto Repair,5.0,164,,Auto repair shop,2620 NE 5th Ave,26.2634809,-80.115357,Open,Closes 5 PM,http://primetuneauto.com/,2025-03-07 13:44:39,(954) 785-7779,,https://www.google.com/maps/place/Primetune+Auto+Repair/data=!4m7!3m6!1s0x88d902b480caf2ed:0x27c41074715387f0!8m2!3d26.2634809!4d-80.115357!16s%2Fg%2F1tdhmm8d!19sChIJ7fLKgLQC2YgR8IdTcXQQxCc?authuser=0&hl=en&rclk=1
"Automotive Repair in Pompano Beach, Florida",Jim's Auto Repair,4.7,162,,Auto repair shop,2641 Hammondville Rd,26.2456912,-80.158493,Open,Closes 4:30 PM,,2025-03-07 13:44:40,(954) 977-8995,,https://www.google.com/maps/place/Jim%27s+Auto+Repair/data=!4m7!3m6!1s0x88d903153986ea8d:0x843235ad312a6a56!8m2!3d26.2456912!4d-80.158493!16s%2Fg%2F1tgnsg45!19sChIJjeqGORUD2YgRVmoqMa01MoQ?authuser=0&hl=en&rclk=1
"Automotive Repair in Pompano Beach, Florida",EF TIRE & AUTO REPAIR,4.6,610,,Auto repair shop,3725 N Federal Hwy,26.2768981,-80.0975277,Open,Closes 6 PM,https://www.eftireandautorepair.com/,2025-03-07 13:44:42,(954) 426-9926,,https://www.google.com/maps/place/EF+TIRE+%26+AUTO+REPAIR/data=!4m7!3m6!1s0x88d8e29e88f4140b:0x2426870a4d341e60!8m2!3d26.2768981!4d-80.0975277!16s%2Fg%2F1tj22bgj!19sChIJCxT0iJ7i2IgRYB40TQqHJiQ?authuser=0&hl=en&rclk=1
"Automotive Repair in Pompano Beach, Florida",Auto Spot,4.8,196,,Auto repair shop,302 Federal Hwy,26.2287743,-80.1024405,Open,Closes 5 PM,https://autospotfl.com/,2025-03-07 13:44:43,(954) 946-3380,,https://www.google.com/maps/place/Auto+Spot/data=!4m7!3m6!1s0x88d902836b669b7b:0xf09fdd4319b0b403!8m2!3d26.2287743!4d-80.1024405!16s%2Fg%2F1tj2jpnl!19sChIJe5tma4MC2YgRA7SwGUPdn_A?authuser=0&hl=en&rclk=1
"Automotive Repair in Pompano Beach, Florida",Poirier's Auto Service,4.8,358,,Auto repair shop,601 S Dixie Hwy E,26.2222655,-80.1294157,Open,Closes 5:30 PM,http://www.poiriersservicecenter.com/,2025-03-07 13:44:44,(954) 943-1445,,https://www.google.com/maps/place/Poirier%27s+Auto+Service/data=!4m7!3m6!1s0x88d902f7b47a45a9:0xfda4f9d202a05a3e!8m2!3d26.2222655!4d-80.1294157!16s%2Fg%2F1tmy5vph!19sChIJqUV6tPcC2YgRPlqgAtL5pP0?authuser=0&hl=en&rclk=1
"Automotive Repair in Pompano Beach, Florida",Fountain Auto Repair,5.0,105,,Auto repair shop,202 Margate Ct,26.2317206,-80.2037478,Open,Closes 5 PM,http://fountainautorepair.com/,2025-03-07 13:44:45,(954) 979-9462,,https://www.google.com/maps/place/Fountain+Auto+Repair/data=!4m7!3m6!1s0x88d9048eac8caf11:0x8218b08fff88a832!8m2!3d26.2317206!4d-80.2037478!16s%2Fg%2F1wv_s_v5!19sChIJEa-MrI4E2YgRMqiI_4-wGII?authuser=0&hl=en&rclk=1
"Automotive Repair in Pompano Beach, Florida",Complete Auto Care,4.7,97,,Auto repair shop,2511 W Sample Rd B,26.2753627,-80.1574795,Open,Closes 5 PM,,2025-03-07 13:44:46,(954) 956-1650,,https://www.google.com/maps/place/Complete+Auto+Care/data=!4m7!3m6!1s0x88d91cce826daffb:0x80cf0546f0e2b576!8m2!3d26.2753627!4d-80.1574795!16s%2Fg%2F1tdyrl9v!19sChIJ-69tgs4c2YgRdrXi8EYFz4A?authuser=0&hl=en&rclk=1
"Automotive Repair in Pompano Beach, Florida",Dr Brakes Complete Auto Repair,4.8,186,,Auto repair shop,3109 W Atlantic Blvd,26.2329123,-80.1661195,Open,Closes 5 PM,http://doctorbrakes.com/,2025-03-07 13:44:47,(954) 971-2343," 
Onsite services",https://www.google.com/maps/place/Dr+Brakes+Complete+Auto+Repair/data=!4m7!3m6!1s0x88d90373aaa8620b:0xeac63601eeca6b0!8m2!3d26.2329123!4d-80.1661195!16s%2Fg%2F1tfc7dn4!19sChIJC2KoqnMD2YgRsKbsHmBjrA4?authuser=0&hl=en&rclk=1
"Automotive Repair in Pompano Beach, Florida",Euro Asian Auto Repair & Service,4.8,59,,Auto repair shop,111 SW 5th Ct,26.2236726,-80.1251441,Open,Closes 5 PM,https://www.eurasianauto.net/,2025-03-07 13:44:48,(954) 941-8001,,https://www.google.com/maps/place/Euro+Asian+Auto+Repair+%26+Service/data=!4m7!3m6!1s0x88d902f43ea88d23:0x46aec4726613287c!8m2!3d26.2236726!4d-80.1251441!16s%2Fg%2F1hm5msn6g!19sChIJI42oPvQC2YgRfCgTZnLErkY?authuser=0&hl=en&rclk=1
"Automotive Repair in Pompano Beach, Florida",Dave's Automotive,4.8,123,,Auto repair shop,324 SW 5th St,26.2245615,-80.1292276,Open,Closes 5 PM,http://daves-automotive-pompano-beach.edan.io/,2025-03-07 13:44:49,(954) 782-4444,,https://www.google.com/maps/place/Dave%27s+Automotive/data=!4m7!3m6!1s0x88d902f71b550993:0xf06e239658801fea!8m2!3d26.2245615!4d-80.1292276!16s%2Fg%2F1v9gkt2c!19sChIJkwlVG_cC2YgR6h-AWJYjbvA?authuser=0&hl=en&rclk=1
"Automotive Repair in Pompano Beach, Florida",Meineke Car Care Center,4.6,349,,Auto repair shop,2667 W Atlantic Blvd,26.2317501,-80.1590624,Open,Closes 6 PM,https://www.meineke.com/locations/fl/pompano-beach-2840/?utm_source=google&utm_medium=organic&utm_campaign=gbp_website,2025-03-07 13:44:51,(954) 773-8653,,https://www.google.com/maps/place/Meineke+Car+Care+Center/data=!4m7!3m6!1s0x88d9034568fada83:0x14a8a8601ba0b927!8m2!3d26.2317501!4d-80.1590624!16s%2Fg%2F11qmr_cc9k!19sChIJg9r6aEUD2YgRJ7mgG2CoqBQ?authuser=0&hl=en&rclk=1
"Automotive Repair in Pompano Beach, Florida",Allstar Autoworks Inc,5.0,252,,Auto repair shop,2641 NE 5th Ave Ste D,26.263707,-80.1157704,Open,Closes 6 PM,https://66eb2ba1d19ed.site123.me/,2025-03-07 13:44:52,(954) 366-1583,,https://www.google.com/maps/place/Allstar+Autoworks+Inc/data=!4m7!3m6!1s0x88d902b36ed619d5:0x473f3ab3f1b2811c!8m2!3d26.263707!4d-80.1157704!16s%2Fg%2F11g9npqzgr!19sChIJ1RnWbrMC2YgRHIGy8bM6P0c?authuser=0&hl=en&rclk=1
"Automotive Repair in Pompano Beach, Florida",Thompson Auto Repair,5.0,30,,Brake shop,501 NE 27th St,26.2648702,-80.1149088,Open,Closes 5 PM,,2025-03-07 13:44:53,(954) 942-6189,,https://www.google.com/maps/place/Thompson+Auto+Repair/data=!4m7!3m6!1s0x88d902b360f45af5:0xe68b944d697b569c!8m2!3d26.2648702!4d-80.1149088!16s%2Fg%2F1tm13dc6!19sChIJ9Vr0YLMC2YgRnFZ7aU2Ui-Y?authuser=0&hl=en&rclk=1
"Automotive Repair in Pompano Beach, Florida",Gold Coast Auto Works,4.9,128,,Auto repair shop,2790 NE 7th Ave,26.2655052,-80.1134042,Open,Closes 5:30 PM,http://gcautoworks.com/,2025-03-07 13:44:54,(754) 205-2248,,https://www.google.com/maps/place/Gold+Coast+Auto+Works/data=!4m7!3m6!1s0x88d902b3388569a1:0xa33a830519e07dc1!8m2!3d26.2655052!4d-80.1134042!16s%2Fg%2F11b638_zjt!19sChIJoWmFOLMC2YgRwX3gGQWDOqM?authuser=0&hl=en&rclk=1
"Automotive Repair in Pompano Beach, Florida",Germantech Automotive LLC.,4.7,76,,Auto repair shop,1015 N Dixie Hwy,26.2416903,-80.1235599,Open,Closes 5 PM,http://www.germantechautomotive.com/,2025-03-07 13:44:55,(954) 984-2910,,https://www.google.com/maps/place/Germantech+Automotive+LLC./data=!4m7!3m6!1s0x88d904983d1ac53b:0xf843b863746f8add!8m2!3d26.2416903!4d-80.1235599!16s%2Fg%2F11_rccgmx!19sChIJO8UaPZgE2YgR3YpvdGO4Q_g?authuser=0&hl=en&rclk=1
"Automotive Repair in Pompano Beach, Florida",Jacko's Complete Auto Service,4.5,57,,Auto repair shop,1141 W McNab Rd,26.2112402,-80.1406058,Open,Closes 5 PM,,2025-03-07 13:44:56,(954) 783-1999,,https://www.google.com/maps/place/Jacko%27s+Complete+Auto+Service/data=!4m7!3m6!1s0x88d902528d188faf:0x6974a2e734a3d0e1!8m2!3d26.2112402!4d-80.1406058!16s%2Fg%2F11cm3z1hhv!19sChIJr48YjVIC2YgR4dCjNOeidGk?authuser=0&hl=en&rclk=1
"Automotive Repair in Pompano Beach, Florida",Firrim Auto Repair,4.6,65,,Auto repair shop,434 S Dixie Hwy,26.2252124,-80.1279533,Open,Closes 5:30 PM,,2025-03-07 13:44:57,(954) 941-8120,,https://www.google.com/maps/place/Firrim+Auto+Repair/data=!4m7!3m6!1s0x88d902f6dd6c5cb3:0xc9db459734108449!8m2!3d26.2252124!4d-80.1279533!16s%2Fg%2F1tfwl4jj!19sChIJs1xs3fYC2YgRSYQQNJdF28k?authuser=0&hl=en&rclk=1
"Automotive Repair in Pompano Beach, Florida",Joe's Automotive Repair,4.8,61,,Auto repair shop,4200/4201 N Dixie Hwy,26.2829172,-80.1119108,Closed,Opens 11 AM,https://dnaautodeals.com/,2025-03-07 13:44:59,(954) 946-1755,,https://www.google.com/maps/place/Joe%27s+Automotive+Repair/data=!4m7!3m6!1s0x88d91d4488d041f7:0x888803993587c31f!8m2!3d26.2829172!4d-80.1119108!16s%2Fg%2F1td1f6bc!19sChIJ90HQiEQd2YgRH8OHNZkDiIg?authuser=0&hl=en&rclk=1
"Automotive Repair in Pompano Beach, Florida",Leonardi Auto Performance & Repair,5.0,148,,Auto repair shop,2501 W Sample Rd C,26.274905,-80.156556,Open,Closes 6 PM,http://leonardiperformance.com/,2025-03-07 13:45:00,(954) 984-1909," 
Onsite services
 
BOOK ONLINE",https://www.google.com/maps/place/Leonardi+Auto+Performance+%26+Repair/data=!4m7!3m6!1s0x88d91ccc31f73019:0x37af385eea4f4174!8m2!3d26.274905!4d-80.156556!16s%2Fg%2F1yg4tsd2m!19sChIJGTD3Mcwc2YgRdEFP6l44rzc?authuser=0&hl=en&rclk=1
"Automotive Repair in Pompano Beach, Florida",OK Tire Of Pompano,4.6,328,,Tire shop,3381 N Dixie Hwy,26.2728475,-80.1146058,Open,Closes 5 PM,//www.googleadservices.com/pagead/aclk?sa=L&ai=DChcSEwiE1NOhjfiLAxW2IkQIHb5uJVwYABAAGgJkeg&co=1&gclid=EAIaIQobChMIhNTToY34iwMVtiJECB2-biVcEBAYASAAEgLFjfD_BwE&ohost=www.google.com&cid=CAASEuRoXsbrL4fc6Qucw3AyhDqdhw&sig=AOD64_3JiDy9QLPg6HhaY8eTbyWDAi1HfA&adurl&q&ctype=99,2025-03-07 13:45:04,(954) 781-8220," 
In-store pickup",https://www.google.com/maps/place/OK+Tire+Of+Pompano/data=!4m7!3m6!1s0x88d91d4eac2c8b1d:0x227b04f951178188!8m2!3d26.2728475!4d-80.1146058!16s%2Fg%2F1v6p9n4_!19sChIJHYssrE4d2YgRiIEXUfkEeyI?authuser=0&hl=en&rclk=1
"Automotive Repair in Pompano Beach, Florida",Grease Monkey Auto Repair & Transmission,4.8,89,,Auto repair shop,5391 N Federal Hwy,26.2971489,-80.0946742,Open,Closes 6 PM,,2025-03-07 13:45:05,(561) 251-7983,,https://www.google.com/maps/place/Grease+Monkey+Auto+Repair+%26+Transmission/data=!4m7!3m6!1s0x88d8e33fe5be25f9:0x1339973253377627!8m2!3d26.2971489!4d-80.0946742!16s%2Fg%2F11kf53js6d!19sChIJ-SW-5T_j2IgRJ3Y3UzKXORM?authuser=0&hl=en&rclk=1
"Automotive Repair in Pompano Beach, Florida",Leo's Auto Shop,4.7,77,,Auto repair shop,2011 N Dixie Hwy Suite B,26.255893,-80.1195761,Open,Closes 5 PM,https://www.leosautoshop.com/,2025-03-07 13:45:06,(954) 371-4498," 
Onsite services",https://www.google.com/maps/place/Leo%27s+Auto+Shop/data=!4m7!3m6!1s0x88d91d98b13e99ad:0x5b5af90aff2580bc!8m2!3d26.255893!4d-80.1195761!16s%2Fg%2F11j53n6r5s!19sChIJrZk-sZgd2YgRvIAl_wr5Wls?authuser=0&hl=en&rclk=1
"Automotive Repair in Pompano Beach, Florida",Precision Auto Works,4.9,53,,Auto repair shop,1441 SW 30th Ave #23,26.2117364,-80.1646249,Open,Closes 5 PM,https://precisionautoworksfl.com/,2025-03-07 13:45:07,(954) 247-9362,,https://www.google.com/maps/place/Precision+Auto+Works/data=!4m7!3m6!1s0x88d902b36a7463fb:0x2917448465b3808b!8m2!3d26.2117364!4d-80.1646249!16s%2Fg%2F11b5wktpwq!19sChIJ-2N0arMC2YgRi4CzZYREFyk?authuser=0&hl=en&rclk=1
"Automotive Repair in Pompano Beach, Florida",Mad Hatter Muffler & Tire,4.8,469,,Auto repair shop,919 S Dixie Hwy E,26.2175721,-80.1306901,Open,Closes 5 PM,https://www.instagram.com/madhatterpompano/,2025-03-07 13:45:09,(954) 946-8606," 
Onsite services",https://www.google.com/maps/place/Mad+Hatter+Muffler+%26+Tire/data=!4m7!3m6!1s0x88d90259cacdc8a5:0x1b356fb24ab2613!8m2!3d26.2175721!4d-80.1306901!16s%2Fg%2F1ts3gdn8!19sChIJpcjNylkC2YgREyarJPtWswE?authuser=0&hl=en&rclk=1
"Automotive Repair in Pompano Beach, Florida",Fast Lane Auto Repairs,4.7,80,,Auto repair shop,1901 N Dixie Hwy,26.254362,-80.120019,Closed,Opens 9:30 AM,,2025-03-07 13:45:10,(954) 942-8920,,https://www.google.com/maps/place/Fast+Lane+Auto+Repairs/data=!4m7!3m6!1s0x88d902b80f95af6b:0x943ed80acca085ea!8m2!3d26.254362!4d-80.120019!16s%2Fg%2F1td77cjq!19sChIJa6-VD7gC2YgR6oWgzArYPpQ?authuser=0&hl=en&rclk=1
"Automotive Repair in Pompano Beach, Florida",Jon's Auto Air,4.9,160,,Car repair and maintenance service,600 NE 26th Ct,26.26375,-80.114065,Open,Closes 5 PM,http://www.jonsautoair.com/,2025-03-07 13:45:11,(954) 783-6811,,https://www.google.com/maps/place/Jon%27s+Auto+Air/data=!4m7!3m6!1s0x88d902b48288960f:0xbdf9a35313f6da51!8m2!3d26.26375!4d-80.114065!16s%2Fg%2F1tlqqsln!19sChIJD5aIgrQC2YgRUdr2E1Oj-b0?authuser=0&hl=en&rclk=1
"Automotive Repair in Pompano Beach, Florida",DenRod's Auto Service,4.9,51,,Auto repair shop,3218 N Powerline Rd,26.2703342,-80.1517602,Open,Closes 5 PM,http://denrodsauto.com/,2025-03-07 13:45:12,(954) 979-8556,,https://www.google.com/maps/place/DenRod%27s+Auto+Service/data=!4m7!3m6!1s0x88d91cd2c2ccc441:0xd571b807cdf399ae!8m2!3d26.2703342!4d-80.1517602!16s%2Fg%2F1vr3dzf7!19sChIJQcTMwtIc2YgRrpnzzQe4cdU?authuser=0&hl=en&rclk=1
"Automotive Repair in Pompano Beach, Florida",K and W Auto Repair,4.4,58,,Auto repair shop,1970 NW 44th St,26.2841205,-80.1503129,Open,Closes 6 PM,,2025-03-07 13:45:13,(954) 971-4288,,https://www.google.com/maps/place/K+and+W+Auto+Repair/data=!4m7!3m6!1s0x88d91cdba5b91c6f:0xd3cb382078cf824d!8m2!3d26.2841205!4d-80.1503129!16s%2Fg%2F1xtf2c8d!19sChIJbxy5pdsc2YgRTYLPeCA4y9M?authuser=0&hl=en&rclk=1
"Automotive Repair in Pompano Beach, Florida",Exotic Auto Repair and Transmission LLC,5.0,28,,Auto repair shop,412 S Dixie Hwy,26.2258441,-80.1291229,Open,Closes 7 PM,,2025-03-07 13:45:14,(954) 516-8802,,https://www.google.com/maps/place/Exotic+Auto+Repair+and+Transmission+LLC/data=!4m7!3m6!1s0x88d903ec84f166fb:0xf5e2ccf69ec6972c!8m2!3d26.2258441!4d-80.1291229!16s%2Fg%2F11vszx45fb!19sChIJ-2bxhOwD2YgRLJfGnvbM4vU?authuser=0&hl=en&rclk=1
"Automotive Repair in Pompano Beach, Florida",PL Auto Repair,4.7,34,,Auto repair shop,140 NW 14th St unit F,26.244848,-80.1240214,Open,Closes 6 PM,,2025-03-07 13:45:16,(404) 789-1854,,https://www.google.com/maps/place/PL+Auto+Repair/data=!4m7!3m6!1s0x88d902c1c5f6048f:0xc225b03f8cc73cf4!8m2!3d26.244848!4d-80.1240214!16s%2Fg%2F1tdg8lpm!19sChIJjwT2xcEC2YgR9DzHjD-wJcI?authuser=0&hl=en&rclk=1
"Automotive Repair in Pompano Beach, Florida",HG Auto Repair,5.0,15,,Auto repair shop,870 NE 41st Ct,26.2819691,-80.1128261,Open,Closes 6 PM,,2025-03-07 13:45:17,(754) 235-5337,,https://www.google.com/maps/place/HG+Auto+Repair/data=!4m7!3m6!1s0x88d91ddcb57b09ab:0x22e0ef6ef5bf5f55!8m2!3d26.2819691!4d-80.1128261!16s%2Fg%2F11ptv2zpmh!19sChIJqwl7tdwd2YgRVV-_9W7v4CI?authuser=0&hl=en&rclk=1
"Automotive Repair in Pompano Beach, Florida",County Line Auto Repair,4.9,63,,Auto repair shop,4850 N Powerline Rd,26.2880247,-80.1519938,Open,Closes 5 PM,,2025-03-07 13:45:18,(954) 968-2823,,https://www.google.com/maps/place/County+Line+Auto+Repair/data=!4m7!3m6!1s0x88d91cdcebe104e3:0xd51a112e26ac14fc!8m2!3d26.2880247!4d-80.1519938!16s%2Fg%2F1tnl25xt!19sChIJ4wTh69wc2YgR_BSsJi4RGtU?authuser=0&hl=en&rclk=1
"Automotive Repair in Pompano Beach, Florida",MAGNETTI AUTO REPAIR LLC,4.5,57,,Auto repair shop,5127 N Dixie Hwy,26.2947574,-80.1085084,Open,Closes 6 PM,,2025-03-07 13:45:19,(954) 573-7121,,https://www.google.com/maps/place/MAGNETTI+AUTO+REPAIR+LLC/data=!4m7!3m6!1s0x88d91d65c095d699:0x2699d533b274dd34!8m2!3d26.2947574!4d-80.1085084!16s%2Fg%2F1pzs6k292!19sChIJmdaVwGUd2YgRNN10sjPVmSY?authuser=0&hl=en&rclk=1
"Automotive Repair in Pompano Beach, Florida",Just Tires and Auto Service,4.5,308,,Tire shop,601 NW 31st Ave,26.236409,-80.166162,Open,Closes 7 PM,http://www.justtiresandauto.net/,2025-03-07 13:45:20,(954) 974-4800," 
In-store pickup",https://www.google.com/maps/place/Just+Tires+and+Auto+Service/data=!4m7!3m6!1s0x88d9036d37eda565:0xba66d15b45325e00!8m2!3d26.236409!4d-80.166162!16s%2Fg%2F1tdw8w1w!19sChIJZaXtN20D2YgRAF4yRVvRZro?authuser=0&hl=en&rclk=1
"Automotive Repair in Pompano Beach, Florida",Performance Plus Motorsports,4.9,212,,Auto repair shop,2501 W Sample Rd D,26.2749044,-80.156708,Open,Closes 6 PM,https://performanceplusmotorsports.com/,2025-03-07 13:45:22,(954) 366-1531,,https://www.google.com/maps/place/Performance+Plus+Motorsports/data=!4m7!3m6!1s0x88d91d7c345f0c23:0xcc54ed411f2195d!8m2!3d26.2749044!4d-80.156708!16s%2Fg%2F11flkhjg0g!19sChIJIwxfNHwd2YgRXRnyEdROxQw?authuser=0&hl=en&rclk=1
"Automotive Repair in Pompano Beach, Florida",Vava Auto Repair,4.5,108,,Auto repair shop,"bay A,B,C, 4260 NW 19th Ave BLD 6",26.2822745,-80.1490877,Open,Closes 6 PM,https://www.facebook.com/vavaautorepair/,2025-03-07 13:45:23,(754) 366-6279,,https://www.google.com/maps/place/Vava+Auto+Repair/data=!4m7!3m6!1s0x88d9032974ca21ef:0xb8a69bed790145be!8m2!3d26.2822745!4d-80.1490877!16s%2Fg%2F11c59p2nzw!19sChIJ7yHKdCkD2YgRvkUBee2bprg?authuser=0&hl=en&rclk=1
"Automotive Repair in Pompano Beach, Florida",CP Auto Tech,4.8,46,,Auto repair shop,1251 N Dixie Hwy #6,26.2440545,-80.1232667,Opens soon,9 AM,,2025-03-07 13:45:24,(954) 822-2357,,https://www.google.com/maps/place/CP+Auto+Tech/data=!4m7!3m6!1s0x88d902c02b5b9ea7:0x4ee6fff65281e87a!8m2!3d26.2440545!4d-80.1232667!16s%2Fg%2F11bz0lbyzs!19sChIJp55bK8AC2YgReuiBUvb_5k4?authuser=0&hl=en&rclk=1
"Automotive Repair in Pompano Beach, Florida",Maurice Auto Repair,4.2,79,,Auto repair shop,5137 N Dixie Hwy,26.2950423,-80.1085053,Open,Closes 5 PM,,2025-03-07 13:45:25,(954) 360-7979,,https://www.google.com/maps/place/Maurice+Auto+Repair/data=!4m7!3m6!1s0x88d91d65e26c88e1:0xb996229e46dff9a1!8m2!3d26.2950423!4d-80.1085053!16s%2Fg%2F1thy0lrj!19sChIJ4Yhs4mUd2YgRofnfRp4ilrk?authuser=0&hl=en&rclk=1
"Automotive Repair in Pompano Beach, Florida",Faustino's auto repair,4.9,89,,Auto repair shop,1700 NW 22nd Ct St #1,26.2582469,-80.1458426,Opens soon,9 AM,http://www.classiccruisn.com/,2025-03-07 13:45:27,(774) 463-6228,,https://www.google.com/maps/place/Faustino%27s+auto+repair/data=!4m7!3m6!1s0x88d903b50fc8b993:0xb798efbae3a0bba8!8m2!3d26.2582469!4d-80.1458426!16s%2Fg%2F11q94vjn1z!19sChIJk7nID7UD2YgRqLug47rvmLc?authuser=0&hl=en&rclk=1
"Automotive Repair in Pompano Beach, Florida",Empire Auto Care,4.7,683,,Auto repair shop,5317 Powerline Rd,26.1928742,-80.1556652,Open,Closes 6 PM,https://empireautocare.com/,2025-03-07 13:45:28,(954) 738-2539," 
Onsite services
 
BOOK ONLINE",https://www.google.com/maps/place/Empire+Auto+Care/data=!4m7!3m6!1s0x88d903c5dc11e5c7:0xc9252a72fb45cfa4!8m2!3d26.1928742!4d-80.1556652!16s%2Fg%2F11bz_yyz2p!19sChIJx-UR3MUD2YgRpM9F-3IqJck?authuser=0&hl=en&rclk=1
"Automotive Repair in Pompano Beach, Florida",Collision Care Xpress,4.8,"1,511",,Auto body shop,3041 W McNab Rd,26.2108364,-80.1650197,Open,Closes 5 PM,http://www.collisioncarexpress.com/,2025-03-07 13:45:36,(954) 590-8015," 
""They do excellent work, great communication, and timely repairs.""
 
BOOK ONLINE",https://www.google.com/maps/place/Collision+Care+Xpress/data=!4m7!3m6!1s0x88d903bd59aaa40f:0x448531062638ebc3!8m2!3d26.2108364!4d-80.1650197!16s%2Fg%2F1wk4dvr_!19sChIJD6SqWb0D2YgRw-s4JgYxhUQ?authuser=0&hl=en&rclk=1
"Automotive Repair in Pompano Beach, Florida",Zeca's Auto Repair,4.6,45,,Auto repair shop,1200 NE 48th St Ste 7,26.2896069,-80.1073843,Opens soon,9 AM,,2025-03-07 13:45:37,(954) 942-8003," 
""Excellent work, good prices and service with a smile.""",https://www.google.com/maps/place/Zeca%27s+Auto+Repair/data=!4m7!3m6!1s0x88d91d6789c78a59:0xf5fe29a092027f53!8m2!3d26.2896069!4d-80.1073843!16s%2Fg%2F1tgx7dg1!19sChIJWYrHiWcd2YgRU38CkqAp_vU?authuser=0&hl=en&rclk=1
"Automotive Repair in Pompano Beach, Florida",Auto & Truck Repairs,4.2,56,,Auto repair shop,327 N Dixie Hwy,26.2349762,-80.1256306,Open,Closes 6 PM,,2025-03-07 13:45:38,(954) 943-1911," 
""Great Mechanics, fast, reliable and fair price.""",https://www.google.com/maps/place/Auto+%26+Truck+Repairs/data=!4m7!3m6!1s0x88d902edcc4e1a69:0x1595b3f3621f1a6!8m2!3d26.2349762!4d-80.1256306!16s%2Fg%2F1w97w570!19sChIJaRpOzO0C2YgRpvEhNj9bWQE?authuser=0&hl=en&rclk=1
"Automotive Repair in Pompano Beach, Florida",German Auto's,4.8,51,,Auto repair shop,3401 NE 6th Terrace,26.2731068,-80.113709,,,,2025-03-07 13:45:39,," 
""Very knowledgeable, honest and excellent pricing.👍""",https://www.google.com/maps/place/German+Auto%27s/data=!4m7!3m6!1s0x88d91d4ebd1ef9bf:0xe51b5db8373c3dde!8m2!3d26.2731068!4d-80.113709!16s%2Fg%2F1tcyg7xj!19sChIJv_kevU4d2YgR3j08N7hdG-U?authuser=0&hl=en&rclk=1
"Automotive Repair in Pompano Beach, Florida",Pompano Auto Services Inc,4.7,46,,Auto repair shop,1531 SW 7th Ave B,26.2099282,-80.1316853,Opens soon,9 AM,,2025-03-07 13:45:40,(954) 941-0111," 
""Very happy to get it fixed and not get ripped off like the dealer.""",https://www.google.com/maps/place/Pompano+Auto+Services+Inc/data=!4m7!3m6!1s0x88d9025aa80292fd:0x6b6cb42f72f09022!8m2!3d26.2099282!4d-80.1316853!16s%2Fg%2F1tdq1y3q!19sChIJ_ZICqFoC2YgRIpDwci-0bGs?authuser=0&hl=en&rclk=1
"Automotive Repair in Pompano Beach, Florida",Foreign Affairs Motorsport - European Auto Repair - Car Repair & Spare Parts,4.7,280,,Auto repair shop,2821 Center Port Cir,26.2647999,-80.1361497,Open,Closes 5:30 PM,https://foreignaffairsmotorsports.com/?utm_source=google&utm_medium=gmb_listing&utm_campaign=main_url,2025-03-07 13:45:41,(954) 746-0488," 
Onsite services",https://www.google.com/maps/place/Foreign+Affairs+Motorsport+-+European+Auto+Repair+-+Car+Repair+%26+Spare+Parts/data=!4m7!3m6!1s0x88d91cd0a9b94cef:0xdb8f8952a9441d64!8m2!3d26.2647999!4d-80.1361497!16s%2Fg%2F1tdvw2y2!19sChIJ70y5qdAc2YgRZB1EqVKJj9s?authuser=0&hl=en&rclk=1
"Automotive Repair in Pompano Beach, Florida",Our Shop Auto Repairs Inc,3.7,82,,Auto repair shop,801 S Dixie Hwy E,26.2197494,-80.1302103,Open,Closes 5:30 PM,,2025-03-07 13:45:42,(954) 788-7484," 
""They repaired it like brand new - it actually drives better than when new.""",https://www.google.com/maps/place/Our+Shop+Auto+Repairs+Inc/data=!4m7!3m6!1s0x88d9025810ea934f:0xf1e8e81dab43f961!8m2!3d26.2197494!4d-80.1302103!16s%2Fg%2F1tdq6tgn!19sChIJT5PqEFgC2YgRYflDqx3o6PE?authuser=0&hl=en&rclk=1
"Automotive Repair in Pompano Beach, Florida",Royal performance and auto repair LLC,5.0,48,,Auto repair shop,1329 S Dixie Hwy W,26.2132604,-80.1325345,Opens soon,9 AM,,2025-03-07 13:45:44,(954) 663-0187," 
""They did a quality job, saved us money and provided great service.""",https://www.google.com/maps/place/Royal+performance+and+auto+repair+LLC/data=!4m7!3m6!1s0x88d90389029142ed:0x60cb885e4030f621!8m2!3d26.2132604!4d-80.1325345!16s%2Fg%2F11jchz3_jm!19sChIJ7UKRAokD2YgRIfYwQF6Iy2A?authuser=0&hl=en&rclk=1
"Automotive Repair in Pompano Beach, Florida",Cam Automotive,4.7,300,,Auto repair shop,80 NW 1st Terrace,26.319451,-80.1036801,Open,Closes 6 PM,http://camautomotivefl.com/,2025-03-07 13:45:45,(954) 427-9100," 
Onsite services",https://www.google.com/maps/place/Cam+Automotive/data=!4m7!3m6!1s0x88d91d86a72aff91:0xf829b581f0467eb8!8m2!3d26.319451!4d-80.1036801!16s%2Fg%2F1tz76sb_!19sChIJkf8qp4Yd2YgRuH5G8IG1Kfg?authuser=0&hl=en&rclk=1
"Automotive Repair in Pompano Beach, Florida",Complete Auto Service & Trailer Hitches,5.0,120,,Auto repair shop,3991 N Dixie Hwy,26.2792146,-80.1129746,Open,Closes 6 PM,https://completeautoserviceandtrailorhitches.com/,2025-03-07 13:45:46,(954) 942-2400," 
""Amazing services , thorough and highly professional and fast and affordable.""",https://www.google.com/maps/place/Complete+Auto+Service+%26+Trailer+Hitches/data=!4m7!3m6!1s0x88d91d459762d547:0x781c8f14a5816d04!8m2!3d26.2792146!4d-80.1129746!16s%2Fg%2F1td_zdbp!19sChIJR9Vil0Ud2YgRBG2BpRSPHHg?authuser=0&hl=en&rclk=1
"Automotive Repair in Pompano Beach, Florida",Trackside Automotive,5.0,26,,Auto repair shop,343 SW 14th Ave,26.2254314,-80.141777,Open,Closes 5 PM,http://www.autorepairspompanobeach.com/,2025-03-07 13:45:47,(954) 946-4043," 
""Great stuff very professional service""",https://www.google.com/maps/place/Trackside+Automotive/data=!4m7!3m6!1s0x88d902fe3a3715b9:0x224124c2d9362d9c!8m2!3d26.2254314!4d-80.141777!16s%2Fg%2F1vfwdnjq!19sChIJuRU3Ov4C2YgRnC022cIkQSI?authuser=0&hl=en&rclk=1
"Automotive Repair in Pompano Beach, Florida",Midas,3.7,199,,Auto repair shop,1400 S Federal Hwy,26.2123345,-80.1062385,Open,Closes 5 PM,https://www.midas.com/store/fl/pompano-beach/1400-south-federal-highway-33062?shopnum=3159&utm_source=google&utm_medium=maps&utm_campaign=google+maps&y_source=1_MTE1ODYzMjYtNzE1LWxvY2F0aW9uLndlYnNpdGU%3D,2025-03-07 13:45:48,(954) 543-1125," 
Onsite services
 
BOOK ONLINE",https://www.google.com/maps/place/Midas/data=!4m7!3m6!1s0x88d9027b9c129f03:0xf4d287316a359c1c!8m2!3d26.2123345!4d-80.1062385!16s%2Fg%2F1tnjkc6r!19sChIJA58SnHsC2YgRHJw1ajGH0vQ?authuser=0&hl=en&rclk=1
"Automotive Repair in Pompano Beach, Florida",Merc-Werks,4.8,119,,Auto repair shop,373 SW 14th Ave,26.224739,-80.1418509,Opens soon,9 AM,http://mercwerks.net/,2025-03-07 13:45:50,(954) 532-2005," 
""Fair prices and work done efficiently quick.""",https://www.google.com/maps/place/Merc-Werks/data=!4m7!3m6!1s0x88d902fe3382c14f:0x519bf8d7d5399a18!8m2!3d26.224739!4d-80.1418509!16s%2Fg%2F11bttbrn5s!19sChIJT8GCM_4C2YgRGJo51df4m1E?authuser=0&hl=en&rclk=1
"Automotive Repair in Pompano Beach, Florida",Deerfield Auto Repair,4.7,99,,Auto repair shop,20 SE 9th St,26.305535,-80.102904,Open,Closes 5 PM,,2025-03-07 13:45:51,(954) 426-1921," 
""Great service, great price, very reliable!!""",https://www.google.com/maps/place/Deerfield+Auto+Repair/data=!4m7!3m6!1s0x88d91d7c11be72fd:0x1506cdbc3d56ee9e!8m2!3d26.305535!4d-80.102904!16s%2Fg%2F1vzqt19n!19sChIJ_XK-EXwd2YgRnu5WPbzNBhU?authuser=0&hl=en&rclk=1
"Automotive Repair in Pompano Beach, Florida",Auto Maia Corp,4.6,100,,Auto repair shop,711 S Dixie Hwy E,26.2205751,-80.1299043,Open,Closes 6 PM,https://automaiacorp.com/,2025-03-07 13:45:52,(754) 235-4066," 
""The repairs were flawless, and the paint matched perfectly.""",https://www.google.com/maps/place/Auto+Maia+Corp/data=!4m7!3m6!1s0x88d903288e4e27c1:0xf1590e13936902bb!8m2!3d26.2205751!4d-80.1299043!16s%2Fg%2F11bbyfbh37!19sChIJwSdOjigD2YgRuwJpkxMOWfE?authuser=0&hl=en&rclk=1
"Automotive Repair in Pompano Beach, Florida",GE Repair Auto,5.0,107,,Auto repair shop,555 NE 28th Ct,26.266401,-80.1145622,Opens soon,9 AM,,2025-03-07 13:45:54,(786) 494-0129," 
""The repair work was completed efficiently and to the highest standard.""",https://www.google.com/maps/place/GE+Repair+Auto/data=!4m7!3m6!1s0x88d903229024f84f:0x490d64f33d205e9e!8m2!3d26.266401!4d-80.1145622!16s%2Fg%2F11s3xxww1p!19sChIJT_gkkCID2YgRnl4gPfNkDUk?authuser=0&hl=en&rclk=1
"Automotive Repair in Pompano Beach, Florida",Auto Critic Inc.,4.5,46,,Auto repair shop,1336 Federal Hwy,26.2136043,-80.1059477,Open,Closes 5 PM,,2025-03-07 13:45:55,(954) 786-7086," 
""Repairs completed on time as agreed with fair pricing.""",https://www.google.com/maps/place/Auto+Critic+Inc./data=!4m7!3m6!1s0x88d9027c796314d7:0x84c0d8dbec6bf222!8m2!3d26.2136043!4d-80.1059477!16s%2Fg%2F1vnrltjx!19sChIJ1xRjeXwC2YgRIvJr7NvYwIQ?authuser=0&hl=en&rclk=1
"Automotive Repair in Pompano Beach, Florida","Fleetworx Truck and Auto Repair, LLC.",4.9,44,,Truck repair shop,441 S Dixie Hwy E,26.224966,-80.128683,Open,Closes 5 PM,http://fleetworxtruckandauto.com/,2025-03-07 13:45:56,(954) 366-6696," 
""Saved me a lot of $""","https://www.google.com/maps/place/Fleetworx+Truck+and+Auto+Repair,+LLC./data=!4m7!3m6!1s0x88d902f6de020273:0xbb641969934c66a!8m2!3d26.224966!4d-80.128683!16s%2Fg%2F1hc14k823!19sChIJcwIC3vYC2YgRasY0mZZBtgs?authuser=0&hl=en&rclk=1"
"Automotive Repair in Pompano Beach, Florida",Mr. B's Auto and Transmission,4.6,36,,Transmission shop,561 S Flagler Ave,26.2233519,-80.1276314,Open,Closes 5 PM,,2025-03-07 13:45:57,(954) 781-6000," 
Onsite services",https://www.google.com/maps/place/Mr.+B%27s+Auto+and+Transmission/data=!4m7!3m6!1s0x88d902f65ec1147d:0x688aa9a000b0e194!8m2!3d26.2233519!4d-80.1276314!16s%2Fg%2F12621np85!19sChIJfRTBXvYC2YgRlOGwAKCpimg?authuser=0&hl=en&rclk=1
"Automotive Repair in Pompano Beach, Florida",Avant's Automotive Repair Inc,4.7,109,,Auto repair shop,40 NW 2nd Ave,26.3193149,-80.104473,Open,Closes 5 PM,http://avantsautomotive.com/,2025-03-07 13:45:58,(954) 480-6056," 
""They were willing to work on it and had it diagnosed in a minute.""",https://www.google.com/maps/place/Avant%27s+Automotive+Repair+Inc/data=!4m7!3m6!1s0x88d91d840e07813b:0x1909eddec35b544!8m2!3d26.3193149!4d-80.104473!16s%2Fg%2F1tsjffl_!19sChIJO4EHDoQd2YgRRLU17N2ekAE?authuser=0&hl=en&rclk=1
"Automotive Repair in Pompano Beach, Florida",High Pressure Auto repair Inc.,5.0,10,,Auto repair shop,4371 NW 19th Ave,26.2835958,-80.1498666,Open,Closes 6 PM,,2025-03-07 13:46:02,(954) 793-3724," 
""He will take the Pepsi challenge and make sure the car is really fixed.""",https://www.google.com/maps/place/High+Pressure+Auto+repair+Inc./data=!4m7!3m6!1s0x88d9034e85eb5689:0xabe3017d4ba47995!8m2!3d26.2835958!4d-80.1498666!16s%2Fg%2F11g2zy78fw!19sChIJiVbrhU4D2YgRlXmkS30B46s?authuser=0&hl=en&rclk=1
"Automotive Repair in Pompano Beach, Florida",Side Mission Garage Auto Repair & Maintenance,4.9,41,,Auto repair shop,250 S Dixie Hwy E,26.2268871,-80.1275527,Closed,Opens 10 AM,http://facebook.com/sidemissiongarage,2025-03-07 13:46:04,(954) 654-4092," 
""Highly recommended""",https://www.google.com/maps/place/Side+Mission+Garage+Auto+Repair+%26+Maintenance/data=!4m7!3m6!1s0x88d903296ed8b45f:0x4b2b6d7ddf888db0!8m2!3d26.2268871!4d-80.1275527!16s%2Fg%2F11g8v_n709!19sChIJX7TYbikD2YgRsI2I331tK0s?authuser=0&hl=en&rclk=1
"Automotive Repair in Pompano Beach, Florida",Boca drive service,4.7,31,,Auto repair shop,201A SW 5th St,26.2244863,-80.1264033,Open,Closes 8 PM,https://bocadriveservice.com/,2025-03-07 13:46:05,(954) 790-5767," 
Onsite services",https://www.google.com/maps/place/Boca+drive+service/data=!4m7!3m6!1s0x88d903f7ced2ae41:0xb62da75a5ed7b10!8m2!3d26.2244863!4d-80.1264033!16s%2Fg%2F11l73wb5s3!19sChIJQa7SzvcD2YgREHvtpXXaYgs?authuser=0&hl=en&rclk=1
"Automotive Repair in Pompano Beach, Florida",Performance Car of Pompano Bch,5.0,13,,Auto repair shop,2490 NE 4th Ave,26.2615664,-80.1163114,Open,Closes 5 PM,,2025-03-07 13:46:06,(954) 946-7566," 
""He gets the job done, and there is never an extra fee or charge.""",https://www.google.com/maps/place/Performance+Car+of+Pompano+Bch/data=!4m7!3m6!1s0x88d902b417ef569b:0x9d87b6a085f7b968!8m2!3d26.2615664!4d-80.1163114!16s%2Fg%2F1tf5r0g_!19sChIJm1bvF7QC2YgRaLn3haC2h50?authuser=0&hl=en&rclk=1
"Automotive Repair in Pompano Beach, Florida",Broward's Best Auto Repair and Service,5.0,4,,Auto repair shop,541 S Flagler Ave Unit 5,26.2235461,-80.1275766,Open,Closes 5 PM,,2025-03-07 13:46:07,(954) 404-4333," 
""Give them a call if you’re looking for a great mechanic.""",https://www.google.com/maps/place/Broward%27s+Best+Auto+Repair+and+Service/data=!4m7!3m6!1s0x88d903eb3fec8faf:0x7f62c046d68defff!8m2!3d26.2235461!4d-80.1275766!16s%2Fg%2F11mv37r19s!19sChIJr4_sP-sD2YgR_--N1kbAYn8?authuser=0&hl=en&rclk=1
"Automotive Repair in Pompano Beach, Florida",Life Line Automotive Fla,4.9,142,,Auto repair shop,1865 S Powerline Rd UNIT A,26.2903599,-80.1530809,Open,Closes 5 PM,https://lifelineautomotivefla.com/,2025-03-07 13:46:08,(954) 531-6319," 
""Fixed the issue perfectly for a very fair price.""
 
BOOK ONLINE",https://www.google.com/maps/place/Life+Line+Automotive+Fla/data=!4m7!3m6!1s0x88d91d7f1c2ca38d:0xe3e592807cccf9e5!8m2!3d26.2903599!4d-80.1530809!16s%2Fg%2F11h_zjtjs_!19sChIJjaMsHH8d2YgR5fnMfICS5eM?authuser=0&hl=en&rclk=1
"Automotive Repair in Pompano Beach, Florida",Fast Car Auto Repair,4.7,15,,Auto repair shop,4862 N Powerline Rd,26.2881951,-80.1519807,Open,Closes 5 PM,,2025-03-07 13:46:10,(754) 235-0124," 
""I got my AC compressor replaced, and they did a great job.""",https://www.google.com/maps/place/Fast+Car+Auto+Repair/data=!4m7!3m6!1s0x88d91cdcecb1f3e7:0x49ec0e258ac35e44!8m2!3d26.2881951!4d-80.1519807!16s%2Fg%2F11c607r9dx!19sChIJ5_Ox7Nwc2YgRRF7DiiUO7Ek?authuser=0&hl=en&rclk=1
"Automotive Repair in Pompano Beach, Florida",Luciano's Auto Repair,5.0,4,,Auto repair shop,851 NE 41st Ct,26.2822043,-80.1129925,Open,Closes 6 PM,http://www.lucianosautorepair.com/,2025-03-07 13:46:11,(954) 501-0065," 
""Luciano has rebuilted my transmission for fair price.""",https://www.google.com/maps/place/Luciano%27s+Auto+Repair/data=!4m7!3m6!1s0x88d91dde82d6bb47:0xbb18781dd20ba9b7!8m2!3d26.2822043!4d-80.1129925!16s%2Fg%2F11pxsbd6q9!19sChIJR7vWgt4d2YgRt6kL0h14GLs?authuser=0&hl=en&rclk=1
"Automotive Repair in Pompano Beach, Florida",Miro Performance Auto Services,4.7,30,,Auto repair shop,1841 NW 22nd St,26.2577317,-80.1486785,Open,Closes 4 PM,,2025-03-07 13:46:12,(754) 366-6546," 
""Their prices are fair and reasonable and most of all, they are honest.""",https://www.google.com/maps/place/Miro+Performance+Auto+Services/data=!4m7!3m6!1s0x88d90323fc42ed97:0x91491272b0110617!8m2!3d26.2577317!4d-80.1486785!16s%2Fg%2F1pzyn5nzt!19sChIJl-1C_CMD2YgRFwYRsHISSZE?authuser=0&hl=en&rclk=1
"Automotive Repair in Pompano Beach, Florida",Pompano Import Services Inc,4.6,10,,Auto repair shop,600 NE 33rd St A,26.2713999,-80.1142227,Open,Closes 5:30 PM,,2025-03-07 13:46:13,(954) 781-2443," 
""Does work on time and reasonable prices.""",https://www.google.com/maps/place/Pompano+Import+Services+Inc/data=!4m7!3m6!1s0x88d91d4c11d54999:0x91152cd0fafbead4!8m2!3d26.2713999!4d-80.1142227!16s%2Fg%2F1tdz0rmb!19sChIJmUnVEUwd2YgR1Or7-tAsFZE?authuser=0&hl=en&rclk=1
"Automotive Repair in Pompano Beach, Florida",Auto Body Mania - Pompano Beach,5.0,239,,Auto body shop,201B SW 5th St,26.2244863,-80.1264033,Open,Closes 5:30 PM,https://www.autobodymania.com/,2025-03-07 13:46:14,(561) 929-9832," 
Onsite services
 
BOOK ONLINE",https://www.google.com/maps/place/Auto+Body+Mania+-+Pompano+Beach/data=!4m7!3m6!1s0x88d8dfdf1de75899:0x2586ccfad26c9304!8m2!3d26.2244863!4d-80.1264033!16s%2Fg%2F1yglpdlny!19sChIJmVjnHd_f2IgRBJNs0vrMhiU?authuser=0&hl=en&rclk=1
"Automotive Repair in Pompano Beach, Florida",Brandon's Auto & Truck Sales & Service,4.6,133,,Truck repair shop,530 S Dixie Hwy W,26.2238086,-80.1297829,Open,Closes 5 PM,http://www.brandonsautoandtruck.com/,2025-03-07 13:46:15,(954) 781-4400," 
Onsite services",https://www.google.com/maps/place/Brandon%27s+Auto+%26+Truck+Sales+%26+Service/data=!4m7!3m6!1s0x88d902f7094928ed:0x9f5efd0b018db43c!8m2!3d26.2238086!4d-80.1297829!16s%2Fg%2F1tjyphxr!19sChIJ7ShJCfcC2YgRPLSNAQv9Xp8?authuser=0&hl=en&rclk=1
"Automotive Repair in Pompano Beach, Florida",Prince Auto Repair,4.9,103,,Auto repair shop,54 SW 9th St,26.3053496,-80.1043574,Open,Closes 5 PM,,2025-03-07 13:46:17,(954) 421-7117," 
""They got me in quickly and were able to do the job in under an hour.""",https://www.google.com/maps/place/Prince+Auto+Repair/data=!4m7!3m6!1s0x88d91d8723c6a803:0x112090ecc045007e!8m2!3d26.3053496!4d-80.1043574!16s%2Fg%2F1tfvh_n6!19sChIJA6jGI4cd2YgRfgBFwOyQIBE?authuser=0&hl=en&rclk=1
"Automotive Repair in Pompano Beach, Florida",Banner Car Care & Tire Center / Banner Tire,4.5,223,,Auto repair shop,4141 N Federal Hwy,26.2825316,-80.0966955,Open,Closes 5:30 PM,https://www.banner-car-care.com/,2025-03-07 13:46:18,(954) 545-5151," 
""Jim is able to solve problems that no one else is able to solve.""",https://www.google.com/maps/place/Banner+Car+Care+%26+Tire+Center+%2F+Banner+Tire/data=!4m7!3m6!1s0x88d8e2a74a6e75d5:0xad6ec5c815b9f8f6!8m2!3d26.2825316!4d-80.0966955!16s%2Fg%2F1v2yznkr!19sChIJ1XVuSqfi2IgR9vi5FcjFbq0?authuser=0&hl=en&rclk=1
"Automotive Repair in Pompano Beach, Florida",Eurotech Autoworks,4.9,37,,Car repair and maintenance service,151 SW 5th St,26.224509,-80.125751,Open,Closes 6 PM,https://www.eurotech-autoworks.com/,2025-03-07 13:46:20,," 
Onsite services
 
BOOK ONLINE",https://www.google.com/maps/place/Eurotech+Autoworks/data=!4m7!3m6!1s0x88d9038e37a76409:0x88231a03020d519c!8m2!3d26.224509!4d-80.125751!16s%2Fg%2F11w1tvps6y!19sChIJCWSnN44D2YgRnFENAgMaI4g?authuser=0&hl=en&rclk=1
"Automotive Repair in Pompano Beach, Florida",T-N-T Auto Center Inc,4.8,19,,Auto repair shop,220 S Dixie Hwy E #6935,26.2282121,-80.1270672,Open,Closes 5 PM,,2025-03-07 13:46:21,(754) 422-2837," 
""He's honest and has fair prices.""",https://www.google.com/maps/place/T-N-T+Auto+Center+Inc/data=!4m7!3m6!1s0x88d902f1696527ed:0xe3a6f756bad5aeab!8m2!3d26.2282121!4d-80.1270672!16s%2Fg%2F1tkjl_b7!19sChIJ7SdlafEC2YgRq67Vulb3puM?authuser=0&hl=en&rclk=1
"Automotive Repair in Pompano Beach, Florida",Tech On Auto Repair,5.0,8,,Auto repair shop,1900 NW 33rd St Unit#1,26.2705389,-80.1494613,Open,Closes 6 PM,https://techonautorepair.com/,2025-03-07 13:46:22,(954) 708-8519," 
""Excellent service and especially a very knowledgeable and honest mechanic.""",https://www.google.com/maps/place/Tech+On+Auto+Repair/data=!4m7!3m6!1s0x88d91d1382803db1:0xba7568808b8c4c89!8m2!3d26.2705389!4d-80.1494613!16s%2Fg%2F11w22p6pvr!19sChIJsT2AghMd2YgRiUyMi4Bodbo?authuser=0&hl=en&rclk=1
"Automotive Repair in Pompano Beach, Florida",Crash Champions Collision Repair Pompano South,4.4,399,,Auto body shop,429 N Dixie Hwy,26.2358254,-80.1252791,Open,Closes 5 PM,https://crashchampions.com/locations/crash-champions-pompano-south,2025-03-07 13:46:23,(954) 946-9730," 
""Their work is impeccable and their prices are extremely reasonable.""",https://www.google.com/maps/place/Crash+Champions+Collision+Repair+Pompano+South/data=!4m7!3m6!1s0x88d902ec39e1282d:0xe932e0467b093250!8m2!3d26.2358254!4d-80.1252791!16s%2Fg%2F1thsb4dt!19sChIJLSjhOewC2YgRUDIJe0bgMuk?authuser=0&hl=en&rclk=1
"Automotive Repair in Pompano Beach, Florida",Frank's Mufflers & Auto,4.9,85,,Auto repair shop,3005 N Federal Hwy,26.2681987,-80.098931,Open,Closes 5 PM,,2025-03-07 13:46:24,(954) 597-6407," 
""Frank knew issue right away and fix it for affordable price.""",https://www.google.com/maps/place/Frank%27s+Mufflers+%26+Auto/data=!4m7!3m6!1s0x88d91d0bc8f44521:0xaa8413acbafb1cd8!8m2!3d26.2681987!4d-80.098931!16s%2Fg%2F11ngtlqyxw!19sChIJIUX0yAsd2YgR2Bz7uqwThKo?authuser=0&hl=en&rclk=1
"Automotive Repair in Pompano Beach, Florida",Hellenic Foreign Car Repair,4.7,29,,Auto repair shop,41 SW 5th Ct,26.2237319,-80.124097,Opens soon,9 AM,http://hellenicauto.com/,2025-03-07 13:46:25,(954) 941-3737," 
""... very impressed by his knowledge and expertise about the repairs.""",https://www.google.com/maps/place/Hellenic+Foreign+Car+Repair/data=!4m7!3m6!1s0x88d902f44e0d6a1b:0xc0175eb653506cb8!8m2!3d26.2237319!4d-80.124097!16s%2Fg%2F1thk9jvq!19sChIJG2oNTvQC2YgRuGxQU7ZeF8A?authuser=0&hl=en&rclk=1
"Automotive Repair in Pompano Beach, Florida","Cruise N' Cool Automotive, Diesel & Fleet Repair",4.0,96,,Auto repair shop,480 E Copans Rd,26.259298,-80.116461,Open,Closes 5 PM,http://cruisencool.com/,2025-03-07 13:46:33,(954) 786-1219," 
Onsite services","https://www.google.com/maps/place/Cruise+N%27+Cool+Automotive,+Diesel+%26+Fleet+Repair/data=!4m7!3m6!1s0x88d902b695fdefa9:0x76d475a2af1f1eb!8m2!3d26.259298!4d-80.116461!16s%2Fg%2F1th82rbj!19sChIJqe_9lbYC2YgR6_HxKlpHbQc?authuser=0&hl=en&rclk=1"
"Automotive Repair in Pompano Beach, Florida",ZR Auto Werks,5.0,15,,Auto repair shop,2033 W McNab Rd Suite S,26.2115647,-80.1507865,Open,Closes 5 PM,https://www.zrautowerks.com/?utm_source=google&utm_medium=wix_google_business_profile&utm_campaign=14084778197189675770,2025-03-07 13:46:36,(954) 716-0221," 
""They managed to troubleshoot my car’s problem quickly I was in & out.""
 
BOOK ONLINE",https://www.google.com/maps/place/ZR+Auto+Werks/data=!4m7!3m6!1s0x88d90381d035d6d5:0xf12f9fc9a04678f1!8m2!3d26.2115647!4d-80.1507865!16s%2Fg%2F11y3pdqrpl!19sChIJ1dY10IED2YgR8XhGoMmfL_E?authuser=0&hl=en&rclk=1
"Automotive Repair in Pompano Beach, Florida",Autologists,4.8,103,,Auto body shop,2100 N Powerline Rd #1,26.2566843,-80.1513996,Opens soon,9 AM,http://autologistrepair.com/,2025-03-07 13:46:37,(561) 729-3665," 
""The repair work on my car was excellent, and it looks like new again.""",https://www.google.com/maps/place/Autologists/data=!4m7!3m6!1s0x88d9035a4385914b:0x3657b45b73cc62ae!8m2!3d26.2566843!4d-80.1513996!16s%2Fg%2F11f6nh0ntx!19sChIJS5GFQ1oD2YgRrmLMc1u0VzY?authuser=0&hl=en&rclk=1
"Automotive Repair in Pompano Beach, Florida",PATRIOT AUTO CARE,4.4,447,,Auto repair shop,2530 W Commercial Blvd,26.1875709,-80.1762706,Open,Closes 6 PM,https://patriotautocarefl.com/,2025-03-07 13:46:38,(954) 990-7936," 
Onsite services",https://www.google.com/maps/place/PATRIOT+AUTO+CARE/data=!4m7!3m6!1s0x88d903e54ae8e5af:0x99a8ab47d4c8cc06!8m2!3d26.1875709!4d-80.1762706!16s%2Fg%2F1pt_3h_wr!19sChIJr-XoSuUD2YgRBszI1EerqJk?authuser=0&hl=en&rclk=1
"Automotive Repair in Pompano Beach, Florida",Valter Auto Mechanic & Radiator,4.2,25,,Auto repair shop,3329 NE 6th Terrace,26.2721181,-80.1141159,Open,Closes 5 PM,https://www.facebook.com/valterautomechanic,2025-03-07 13:46:39,(954) 394-4526," 
""Great mechanic, great service.""",https://www.google.com/maps/place/Valter+Auto+Mechanic+%26+Radiator/data=!4m7!3m6!1s0x88d91d4c1c438833:0x700b0fd30682a6bd!8m2!3d26.2721181!4d-80.1141159!16s%2Fg%2F1261p0mh4!19sChIJM4hDHEwd2YgRvaaCBtMPC3A?authuser=0&hl=en&rclk=1
"Automotive Repair in Pompano Beach, Florida",Giant Tire & Auto Pompano Beach,4.6,119,,Auto repair shop,440 E Copans Rd,26.2593955,-80.1164268,Open,Closes 5 PM,,2025-03-07 13:46:41,(954) 785-5493," 
""Friendly staff, good prices and quality work.""",https://www.google.com/maps/place/Giant+Tire+%26+Auto+Pompano+Beach/data=!4m7!3m6!1s0x88d902b6eb283509:0xd7225da2f4db77b!8m2!3d26.2593955!4d-80.1164268!16s%2Fg%2F1v42glsc!19sChIJCTUo67YC2YgRe7dNL9olcg0?authuser=0&hl=en&rclk=1
"Automotive Repair in Pompano Beach, Florida",AAMCO Transmissions & Total Car Care,4.3,255,,Transmission shop,3300 N Federal Hwy,26.272035,-80.097477,Open,Closes 5 PM,http://www.aamcopompanobeach.com/?utm_source=G&utm_medium=local&utm_campaign=google-local,2025-03-07 13:46:42,(954) 737-1076," 
""Great service, got my car within 2 days, and did a tune up.""",https://www.google.com/maps/place/AAMCO+Transmissions+%26+Total+Car+Care/data=!4m7!3m6!1s0x88d8e2a9efeee313:0x94509d477dabe616!8m2!3d26.272035!4d-80.097477!16s%2Fg%2F1tp08y06!19sChIJE-Pu76ni2IgRFuarfUedUJQ?authuser=0&hl=en&rclk=1
"Automotive Repair in Pompano Beach, Florida",Dixie Tire Techs,4.7,285,,Auto repair shop,230 S Dixie Hwy E,26.2279292,-80.1272062,Open,Closes 5 PM,,2025-03-07 13:46:43,(954) 532-0361," 
Onsite services",https://www.google.com/maps/place/Dixie+Tire+Techs/data=!4m7!3m6!1s0x88d902f16aebdd85:0x5ef0980d291b7227!8m2!3d26.2279292!4d-80.1272062!16s%2Fg%2F1v7pz892!19sChIJhd3ravEC2YgRJ3IbKQ2Y8F4?authuser=0&hl=en&rclk=1
"Automotive Repair in Pompano Beach, Florida",Enginuity Auto Repair,4.2,29,,Auto repair shop,2760 NE 7th Ave,26.2652332,-80.1132767,Open,Closes 5 PM,,2025-03-07 13:46:44,(954) 580-6455,,https://www.google.com/maps/place/Enginuity+Auto+Repair/data=!4m7!3m6!1s0x88d902b33e961d1f:0x9388c00b0feb7020!8m2!3d26.2652332!4d-80.1132767!16s%2Fg%2F11cn9g90n8!19sChIJHx2WPrMC2YgRIHDrDwvAiJM?authuser=0&hl=en&rclk=1
"Automotive Repair in Pompano Beach, Florida",Jean Eddy Auto Repair,4.9,7,,Auto repair shop,230 SW 12th Ave # 6,26.2281326,-80.1388077,Open,Closes 5 PM,,2025-03-07 13:46:45,(954) 394-6010," 
""Very knowledgeable!""",https://www.google.com/maps/place/Jean+Eddy+Auto+Repair/data=!4m7!3m6!1s0x88d902fc3b22fccd:0x9eeb91c583fc286!8m2!3d26.2281326!4d-80.1388077!16s%2Fg%2F1tffkkx1!19sChIJzfwiO_wC2YgRhsI_WBy57gk?authuser=0&hl=en&rclk=1
"Automotive Repair in Pompano Beach, Florida",Beraca Auto Body Shop llc,4.8,144,,Auto body shop,1081 S Dixie Hwy E Bay #6,26.2161365,-80.1311634,Open,Closes 5 PM,http://www.beracaautobody.com/,2025-03-07 13:46:47,(954) 817-9084," 
""They were fast, efficient and my car looks brand new again.""",https://www.google.com/maps/place/Beraca+Auto+Body+Shop+llc/data=!4m7!3m6!1s0x88d903951d819617:0x4aa028bd21e8dfc1!8m2!3d26.2161365!4d-80.1311634!16s%2Fg%2F11fb0v_bdp!19sChIJF5aBHZUD2YgRwd_oIb0ooEo?authuser=0&hl=en&rclk=1
"Automotive Repair in Pompano Beach, Florida",J AUTO CARE PRO,5.0,45,,Auto repair shop,1441 SW 30th Ave suite 22,26.2117358,-80.164625,Opens soon,9 AM,,2025-03-07 13:46:48,(754) 551-4237," 
""Javier is an honest mechanic, good pricing and quality work.""",https://www.google.com/maps/place/J+AUTO+CARE+PRO/data=!4m7!3m6!1s0x88d9035fbd8936fb:0x6e397b5cfeb0c684!8m2!3d26.2117358!4d-80.164625!16s%2Fg%2F11k3ps_y44!19sChIJ-zaJvV8D2YgRhMaw_lx7OW4?authuser=0&hl=en&rclk=1
"Automotive Repair in Pompano Beach, Florida",Mega Auto Services,5.0,1,,Auto repair shop,840 NE 41st Ct,26.2819357,-80.1129301,Open,Closes 6 PM,,2025-03-07 13:46:49,(954) 708-0554," 
""Absolutely the best.""",https://www.google.com/maps/place/Mega+Auto+Services/data=!4m7!3m6!1s0x88d91de08d76c287:0x55c5f9c44228aca5!8m2!3d26.2819357!4d-80.1129301!16s%2Fg%2F11t3194dht!19sChIJh8J2jeAd2YgRpawoQsT5xVU?authuser=0&hl=en&rclk=1
"Automotive Repair in Pompano Beach, Florida",Prestige Autowerks Automotive Repair,4.8,415,,Auto repair shop,7890 Wiles Rd,26.2863889,-80.2316667,Open,Closes 5:30 PM,http://prestigeautowerksfl.com/,2025-03-07 13:46:51,(954) 340-5253," 
""The team was incredibly fast and efficient, getting my car fixed in no time.""
 
BOOK ONLINE",https://www.google.com/maps/place/Prestige+Autowerks+Automotive+Repair/data=!4m7!3m6!1s0x88d91b2800b65791:0x9f9ea05637f659f3!8m2!3d26.2863889!4d-80.2316667!16s%2Fg%2F1tf43rsn!19sChIJkVe2ACgb2YgR81n2N1agnp8?authuser=0&hl=en&rclk=1
"Automotive Repair in Pompano Beach, Florida",Pep Boys,4.0,"1,213",,Tire shop,240 E Copans Rd,26.259823,-80.126258,Open,Closes 7 PM,https://pepboys.com/stores/fl/pompano-beach/240-copans-rd?storeCode=0165,2025-03-07 13:46:52,(954) 784-7676," 
""... very professional, friendly and did an excellent job on my car""
 
BOOK ONLINE",https://www.google.com/maps/place/Pep+Boys/data=!4m7!3m6!1s0x88d902ceb173aa3d:0x48995df5222e9bd2!8m2!3d26.259823!4d-80.126258!16s%2Fg%2F1tfscn0w!19sChIJPapzsc4C2YgR0psuIvVdmUg?authuser=0&hl=en&rclk=1
"Automotive Repair in Pompano Beach, Florida",Auto Repair Pros Margate,4.9,642,,Auto repair shop,5700 Royal Palm Blvd,26.2540393,-80.2021952,Open,Closes 6 PM,https://autorepairpros.com/loc/margate?utm_source=gmb&utm_medium=organic&utm_campaign=margate,2025-03-07 13:46:53,(954) 280-1968," 
""They fixed my car perfectly and it was cheaper than most places like vw""
 
BOOK ONLINE",https://www.google.com/maps/place/Auto+Repair+Pros+Margate/data=!4m7!3m6!1s0x88d905854889b385:0xff277f3d135296a3!8m2!3d26.2540393!4d-80.2021952!16s%2Fg%2F11t1b36l12!19sChIJhbOJSIUF2YgRo5ZSEz1_J_8?authuser=0&hl=en&rclk=1
"Automotive Repair in Pompano Beach, Florida",H&D Auto Repair Professionals,5.0,16,,Auto repair shop,551 NE 27th St Unit G,26.2649258,-80.114422,Opens soon,9 AM,,2025-03-07 13:46:54,(954) 655-1670," 
""All O.E.M original parts and great prices 👍🏾 👌🏾.""",https://www.google.com/maps/place/H%26D+Auto+Repair+Professionals/data=!4m7!3m6!1s0x88d90315c80143c7:0x592a0621571e8dc0!8m2!3d26.2649258!4d-80.114422!16s%2Fg%2F11kdcmfz9l!19sChIJx0MByBUD2YgRwI0eVyEGKlk?authuser=0&hl=en&rclk=1
"Automotive Repair in Pompano Beach, Florida",Atlantic Air & Auto Repair,4.8,175,,Auto repair shop,4208 NE 5th Ave,26.1785883,-80.1406012,Open,Closes 5 PM,http://automechanicftlauderdale.com/,2025-03-07 13:46:56,(954) 530-3441," 
""Amazing job, great service, very reasonably priced and very fast.""",https://www.google.com/maps/place/Atlantic+Air+%26+Auto+Repair/data=!4m7!3m6!1s0x88d9022b0faf2c91:0xea168d60743ae344!8m2!3d26.1785883!4d-80.1406012!16s%2Fg%2F1tcv737w!19sChIJkSyvDysC2YgRROM6dGCNFuo?authuser=0&hl=en&rclk=1
"Automotive Repair in Pompano Beach, Florida","AUTOTRONIC, INC",5.0,40,,Car repair and maintenance service,650 NE 27th St UNIT 650BC,26.264525,-80.113798,Open,Closes 6 PM,,2025-03-07 13:46:57,(561) 400-1612," 
""Customer service , fixed two of my cars quickly and they were affordable.""
 
BOOK ONLINE","https://www.google.com/maps/place/AUTOTRONIC,+INC/data=!4m7!3m6!1s0x88d90382fce11243:0x47e34dc346e68f94!8m2!3d26.264525!4d-80.113798!16s%2Fg%2F11js9sydqx!19sChIJQxLh_IID2YgRlI_mRsNN40c?authuser=0&hl=en&rclk=1"
"Automotive Repair in Pompano Beach, Florida",RQ Automotive,4.6,213,,Auto repair shop,5415 NW 15th St STE 17,26.2470085,-80.1978993,Open,Closes 5 PM,http://www.rqautomotive.com/,2025-03-07 13:46:58,(954) 970-3015," 
""Kind, on time, affordable, and great service!""",https://www.google.com/maps/place/RQ+Automotive/data=!4m7!3m6!1s0x88d9049816243bc3:0xa0311a43860d20b5!8m2!3d26.2470085!4d-80.1978993!16s%2Fg%2F11bx4c3thy!19sChIJwzskFpgE2YgRtSANhkMaMaA?authuser=0&hl=en&rclk=1
"Automotive Repair in Davie, Florida",Sunshine Auto Center,4.8,202,,Auto repair shop,484 S Dixie Hwy W,26.2248709,-80.1294114,Open,Closes 5 PM,https://sunshineautocenter.com/,2025-03-07 13:47:11,(954) 785-4848," 
Onsite services",https://www.google.com/maps/place/Sunshine+Auto+Center/data=!4m7!3m6!1s0x88d902f7173f4fa3:0x6bf2ac0dca08f243!8m2!3d26.2248709!4d-80.1294114!16s%2Fg%2F1td5mhjy!19sChIJo08_F_cC2YgRQ_IIyg2s8ms?authuser=0&hl=en&rclk=1
"Automotive Repair in Davie, Florida",Davie Motorsport European Auto Repair Specialist,4.8,326,,Auto repair shop,4320 Davie Rd,26.0670881,-80.2317883,Open,Closes 6 PM,http://www.daviemotorsport.com/,2025-03-07 13:47:13,(954) 236-5500," 
""They diagnosed the issue quickly and kept me informed every step of the way.""
 
BOOK ONLINE",https://www.google.com/maps/place/Davie+Motorsport+European+Auto+Repair+Specialist/data=!4m7!3m6!1s0x88d9078406f1f6d5:0x3129d6626da02707!8m2!3d26.0670881!4d-80.2317883!16s%2Fg%2F1tdzxj57!19sChIJ1fbxBoQH2YgRByegbWLWKTE?authuser=0&hl=en&rclk=1
"Automotive Repair in Davie, Florida",The V Shop,4.9,440,,Auto repair shop,4651 SW 51st St #806,26.0587909,-80.2083743,Open,Closes 6 PM,https://thevshopfl.com/,2025-03-07 13:47:15,(954) 587-3291," 
Onsite services",https://www.google.com/maps/place/The+V+Shop/data=!4m7!3m6!1s0x88d90656e44be985:0x8481e52845e01bfc!8m2!3d26.0587909!4d-80.2083743!16s%2Fg%2F1tgqk6cq!19sChIJhelL5FYG2YgR_BvgRSjlgYQ?authuser=0&hl=en&rclk=1
"Automotive Repair in Davie, Florida",Tune Rite Auto,4.7,794,,Auto repair shop,5460 Reese Rd,26.0903349,-80.219658,Open,Closes 5:30 PM,http://www.tuneriteauto.com/,2025-03-07 13:47:16,(954) 584-4104," 
""Fast service, on time repairs, great prices.""
 
BOOK ONLINE",https://www.google.com/maps/place/Tune+Rite+Auto/data=!4m7!3m6!1s0x88d9076317bc0e07:0xe40a705b28d3e41d!8m2!3d26.0903349!4d-80.219658!16s%2Fg%2F1tdkn08x!19sChIJBw68F2MH2YgRHeTTKFtwCuQ?authuser=0&hl=en&rclk=1
"Automotive Repair in Davie, Florida",Davie Garage,4.7,139,,Auto repair shop,4301 SW 64th Ave,26.0675163,-80.2325363,Open,Closes 5 PM,https://daviegarage.com/,2025-03-07 13:47:17,(954) 587-2310," 
""Very friendly staff, honest prices and great repair work.""",https://www.google.com/maps/place/Davie+Garage/data=!4m7!3m6!1s0x88d9a834d08eaef1:0x7572201fa25a5865!8m2!3d26.0675163!4d-80.2325363!16s%2Fg%2F1thw2ytf!19sChIJ8a6O0DSo2YgRZVhaoh8gcnU?authuser=0&hl=en&rclk=1
"Automotive Repair in Davie, Florida",Kovac Automotive,4.4,557,,Auto repair shop,2770 Davie Rd,26.0874118,-80.2280318,Open,Closes 6 PM,https://www.kovacauto.com/,2025-03-07 13:47:18,(954) 792-7357," 
""They took a picture of damage and said they would get the part to fix it.""",https://www.google.com/maps/place/Kovac+Automotive/data=!4m7!3m6!1s0x88d9a834ab71bdb3:0x8d366b89fadcb991!8m2!3d26.0874118!4d-80.2280318!16s%2Fg%2F1tdpbdsc!19sChIJs71xqzSo2YgRkbnc-olrNo0?authuser=0&hl=en&rclk=1
"Automotive Repair in Davie, Florida",Tropical Performance,4.5,82,,Auto repair shop,4730 SW 83rd Terrace,26.0625377,-80.2584918,Open,Closes 5:30 PM,https://www.tropicalperformance.com/,2025-03-07 13:47:19,(954) 434-9402," 
Onsite services",https://www.google.com/maps/place/Tropical+Performance/data=!4m7!3m6!1s0x88d9a86ba22d1dfb:0xc27853563731e667!8m2!3d26.0625377!4d-80.2584918!16s%2Fg%2F1tdkslnb!19sChIJ-x0tomuo2YgRZ-YxN1ZTeMI?authuser=0&hl=en&rclk=1
"Automotive Repair in Davie, Florida",Ultimate Euro Repair,4.7,116,,Auto repair shop,2011 SW 70th Ave # A1,26.0943421,-80.2382169,Open,Closes 5:30 PM,,2025-03-07 13:47:20,(954) 475-0225," 
""Up front price and great work stop by for a quote never a issue""",https://www.google.com/maps/place/Ultimate+Euro+Repair/data=!4m7!3m6!1s0x88d90784045c2ee3:0xecfdd3170fbb9471!8m2!3d26.0943421!4d-80.2382169!16s%2Fg%2F1tj33ybh!19sChIJ4y5cBIQH2YgRcZS7DxfT_ew?authuser=0&hl=en&rclk=1
"Automotive Repair in Davie, Florida",Autotech Mobile Mechanic,4.9,654,,Auto repair shop,5410 W State Rd 84 #6,26.0902902,-80.2191908,Open,Closes 6 PM,https://autotechmobilemechanic.com/?utm_source=omg-gbp&utm_medium=webclick,2025-03-07 13:47:21,(954) 826-5523," 
Onsite services",https://www.google.com/maps/place/Autotech+Mobile+Mechanic/data=!4m7!3m6!1s0x88d90763174a5365:0xdf22df9447b0b8f9!8m2!3d26.0902902!4d-80.2191908!16s%2Fg%2F11hbr70g2m!19sChIJZVNKF2MH2YgR-biwR5TfIt8?authuser=0&hl=en&rclk=1
"Automotive Repair in Davie, Florida",Davie Auto,4.4,63,,Auto repair shop,4221 SW 57th Terrace,26.0689139,-80.2233721,Open,Closes 5 PM,,2025-03-07 13:47:22,(954) 587-0854," 
""Excellent work and reasonable prices.""",https://www.google.com/maps/place/Davie+Auto/data=!4m7!3m6!1s0x88d9a93965f16421:0x2ee02889f9f6fbd1!8m2!3d26.0689139!4d-80.2233721!16s%2Fg%2F11f61417d6!19sChIJIWTxZTmp2YgR0fv2-Yko4C4?authuser=0&hl=en&rclk=1
"Automotive Repair in Davie, Florida",Tire Choice Auto Service Centers,4.4,518,,Tire shop,1124 SW 101st Rd,26.106042,-80.2827826,Open,Closes 7 PM,https://locations.thetirechoice.com/fl/davie/1124-s-w-101-road?&utm_source=google&utm_medium=organic&utm_campaign=gbp-listing-store_1308,2025-03-07 13:47:24,(954) 440-6309," 
In-store shopping
·
In-store pickup",https://www.google.com/maps/place/Tire+Choice+Auto+Service+Centers/data=!4m7!3m6!1s0x88d9080ed10331fb:0xbf35b26965995a29!8m2!3d26.106042!4d-80.2827826!16s%2Fg%2F1pt_wf_jh!19sChIJ-zED0Q4I2YgRKVqZZWmyNb8?authuser=0&hl=en&rclk=1
"Automotive Repair in Davie, Florida",Autogenx Auto Center,4.9,127,,Auto repair shop,4650 SW 51st St #717,26.0579903,-80.2085474,Open,Closes 6:30 PM,https://autogenxautocenter.com/,2025-03-07 13:47:25,(954) 449-6130," 
""Ray and his team were awesome, fixed my chevy tahoe, rides perfectly!""",https://www.google.com/maps/place/Autogenx+Auto+Center/data=!4m7!3m6!1s0x88d9a86bbc2c7523:0xe7701565c2535893!8m2!3d26.0579903!4d-80.2085474!16s%2Fg%2F11b5yrjh4d!19sChIJI3UsvGuo2YgRk1hTwmUVcOc?authuser=0&hl=en&rclk=1
"Automotive Repair in Davie, Florida",A & S Auto Services,4.9,78,,Auto repair shop,4707 SW 51st St,26.0596885,-80.2100982,Open,Closes 5 PM,,2025-03-07 13:47:26,(954) 327-0220," 
""They are knowledgeable and fair in their service.""",https://www.google.com/maps/place/A+%26+S+Auto+Services/data=!4m7!3m6!1s0x88d9a9be29b643cf:0x15cc5b8a117f7709!8m2!3d26.0596885!4d-80.2100982!16s%2Fg%2F1tp1zm4h!19sChIJz0O2Kb6p2YgRCXd_EYpbzBU?authuser=0&hl=en&rclk=1
"Automotive Repair in Davie, Florida",University Auto Center,4.7,458,,Auto repair shop,3303 N University Dr,26.0387123,-80.2480197,Open,Closes 5 PM,http://autocenterhollywood.com/,2025-03-07 13:47:28,(954) 450-3696," 
Onsite services",https://www.google.com/maps/place/University+Auto+Center/data=!4m7!3m6!1s0x88d9a8f683ed0db3:0xaf3233b17ff9cab3!8m2!3d26.0387123!4d-80.2480197!16s%2Fg%2F1td141ts!19sChIJsw3tg_ao2YgRs8r5f7EzMq8?authuser=0&hl=en&rclk=1
"Automotive Repair in Davie, Florida",Firestone Complete Auto Care,3.8,474,,Tire shop,2901 S University Dr,26.0839136,-80.251778,Open,Closes 7 PM,https://www.firestonecompleteautocare.com/florida/davie/2901-s-university-dr/?utm_source=google&utm_medium=organic&utm_campaign=localmaps&cmp=oloc_google_localmaps_maps,2025-03-07 13:47:29,(954) 903-7047," 
""They misplaced a hubcap on a repair and quickly replaced all four for free.""
 
BOOK ONLINE",https://www.google.com/maps/place/Firestone+Complete+Auto+Care/data=!4m7!3m6!1s0x88d9a8210d3a7aab:0xea22dccbffd4c878!8m2!3d26.0839136!4d-80.251778!16s%2Fg%2F1tcx_mtq!19sChIJq3o6DSGo2YgReMjU_8vcIuo?authuser=0&hl=en&rclk=1
"Automotive Repair in Davie, Florida",Armstrong Auto Care,4.8,"1,439",,Auto repair shop,3201 N University Dr,26.0375539,-80.2481537,Open,Closes 6 PM,http://www.armstrongautocare.com/,2025-03-07 13:47:30,(954) 417-7125," 
Onsite services",https://www.google.com/maps/place/Armstrong+Auto+Care/data=!4m7!3m6!1s0x88d9a8f69778455d:0x6290fd6b7e0184d4!8m2!3d26.0375539!4d-80.2481537!16s%2Fg%2F11b66fjvz1!19sChIJXUV4l_ao2YgR1IQBfmv9kGI?authuser=0&hl=en&rclk=1
"Automotive Repair in Davie, Florida",J M Automotive,4.8,26,,Auto repair shop,2031 SW 70th Ave C20,26.0937171,-80.238779,Opens soon,9 AM,,2025-03-07 13:47:31,(954) 472-4262," 
""He did great work on my auto repair""",https://www.google.com/maps/place/J+M+Automotive/data=!4m7!3m6!1s0x88d9078408674293:0x97cfd0e642da8955!8m2!3d26.0937171!4d-80.238779!16s%2Fg%2F1tl4dt_q!19sChIJk0JnCIQH2YgRVYnaQubQz5c?authuser=0&hl=en&rclk=1
"Automotive Repair in Davie, Florida",Tito Auto Service,4.8,59,,Auto repair shop,4350 SW 59th Ave,26.0677802,-80.2246011,Open,Closes 4:30 PM,,2025-03-07 13:47:32,(954) 791-8830," 
""He is very experienced and knows how to properly diagnose and fix any issue.""",https://www.google.com/maps/place/Tito+Auto+Service/data=!4m7!3m6!1s0x88d9a9c9170afebd:0x80eff8248e404f5c!8m2!3d26.0677802!4d-80.2246011!16s%2Fg%2F1tc_xddt!19sChIJvf4KF8mp2YgRXE9AjiT474A?authuser=0&hl=en&rclk=1
"Automotive Repair in Davie, Florida",On Call Mechanics,4.8,32,,Auto repair shop,6851 SW 21st Ct Suite 11,26.0926626,-80.2372721,Opens soon,9 AM,,2025-03-07 13:47:33,(786) 529-7188," 
""Mr. Gelin was the only technician who cared enough to figure the issue out.""",https://www.google.com/maps/place/On+Call+Mechanics/data=!4m7!3m6!1s0x88d907869c7fa827:0xe4308527af21418a!8m2!3d26.0926626!4d-80.2372721!16s%2Fg%2F11c1_vy8wb!19sChIJJ6h_nIYH2YgRikEhryeFMOQ?authuser=0&hl=en&rclk=1
"Automotive Repair in Davie, Florida",Eagle 1 Auto Repair Inc,4.7,38,,Auto repair shop,4650 SW 51st St Bay 701/720,26.0579903,-80.2085474,Open,Closes 6 PM,,2025-03-07 13:47:34,(754) 200-8913," 
""Good service, great pricing and reliable work.""",https://www.google.com/maps/place/Eagle+1+Auto+Repair+Inc/data=!4m7!3m6!1s0x88d9a9a7bca8437f:0xa6ec2a93773dc712!8m2!3d26.0579903!4d-80.2085474!16s%2Fg%2F11flz5q7bv!19sChIJf0OovKep2YgREsc9d5Mq7KY?authuser=0&hl=en&rclk=1
"Automotive Repair in Davie, Florida",Rodrigo and Sons Auto Repair Inc,4.6,75,,Auto repair shop,4701 Orange Dr Bay 10,26.0682312,-80.2112544,Open,Closes 5 PM,,2025-03-07 13:47:38,(954) 797-6620," 
""Great, honest repairs at reasonable costs.""",https://www.google.com/maps/place/Rodrigo+and+Sons+Auto+Repair+Inc/data=!4m7!3m6!1s0x88d9a9c1f607c78f:0x4ef5e38589c13dd3!8m2!3d26.0682312!4d-80.2112544!16s%2Fg%2F1tnssqrl!19sChIJj8cH9sGp2YgR0z3BiYXj9U4?authuser=0&hl=en&rclk=1
"Automotive Repair in Davie, Florida",Great Bear Automotive,4.8,841,,Auto repair shop,1430 N Park Dr,26.10107,-80.3629498,Open,Closes 5 PM,https://www.greatbearautorepair.com/?utm_source=gbp&utm_medium=organic&utm_campaign=sitelink,2025-03-07 13:47:40,(954) 389-4200," 
""Lenny took pictures of my car parts and thoroughly explained my problem.""
 
BOOK ONLINE",https://www.google.com/maps/place/Great+Bear+Automotive/data=!4m7!3m6!1s0x88d909ff3bd50ff1:0xa12b0c748b7b16ca!8m2!3d26.10107!4d-80.3629498!16s%2Fg%2F1wh4gnf8!19sChIJ8Q_VO_8J2YgRyhZ7i3QMK6E?authuser=0&hl=en&rclk=1
"Automotive Repair in Davie, Florida",Garrison Repair West,5.0,46,,Auto repair shop,5310 W State Rd 84 Bay 8,26.0899018,-80.2184969,Open,Closes 5:30 PM,http://www.garrisonsrepair.com/,2025-03-07 13:47:41,(954) 587-5959," 
""Professional, honest, fair pricing, quick and friendly!!!""",https://www.google.com/maps/place/Garrison+Repair+West/data=!4m7!3m6!1s0x88d907636db1056f:0xb20646e99e5d2662!8m2!3d26.0899018!4d-80.2184969!16s%2Fg%2F1tgk1fgs!19sChIJbwWxbWMH2YgRYiZdnulGBrI?authuser=0&hl=en&rclk=1
"Automotive Repair in Davie, Florida",Jet Auto World,4.6,75,,Auto repair shop,4661 S State Rd 7,26.0647264,-80.2083319,Open,Closes 6 PM,,2025-03-07 13:47:42,(954) 581-2427,"  ""GREAT SERVICE, FAST RETURN, FAIR PRICE, AND  VERY NICE STAFF.""",https://www.google.com/maps/place/Jet+Auto+World/data=!4m7!3m6!1s0x88d9a9eae95ba097:0x81802cdec35f378f!8m2!3d26.0647264!4d-80.2083319!16s%2Fg%2F1tmg7bww!19sChIJl6Bb6eqp2YgRjzdfw94sgIE?authuser=0&hl=en&rclk=1
"Automotive Repair in Davie, Florida",NEW GERMANY PARTS & REPAIR,4.9,36,,Auto repair shop,6851 SW 21st Ct Suite #10,26.0926626,-80.2372721,Open,Closes 5:30 PM,https://newgermanyusa.com/,2025-03-07 13:47:44,(954) 548-4515," 
Onsite services",https://www.google.com/maps/place/NEW+GERMANY+PARTS+%26+REPAIR/data=!4m7!3m6!1s0x88d907588555136b:0x10a9590525e0b05f!8m2!3d26.0926626!4d-80.2372721!16s%2Fg%2F11frd1_vsn!19sChIJaxNVhVgH2YgRX7DgJQVZqRA?authuser=0&hl=en&rclk=1
"Automotive Repair in Davie, Florida",Meineke Car Care Center,4.6,742,,Auto repair shop,5503 S University Dr,26.0515059,-80.2534107,Open,Closes 5:30 PM,https://www.meineke.com/locations/fl/davie-2134/?utm_source=google&utm_medium=organic&utm_campaign=gbp_website,2025-03-07 13:47:45,(954) 900-9119," 
""They did an excellent job on my car, with great service and fair prices""",https://www.google.com/maps/place/Meineke+Car+Care+Center/data=!4m7!3m6!1s0x88d9a85d7088f34b:0x8b51bc25d8fe193b!8m2!3d26.0515059!4d-80.2534107!16s%2Fg%2F1tfsnt1m!19sChIJS_OIcF2o2YgROxn-2CW8UYs?authuser=0&hl=en&rclk=1
"Automotive Repair in Davie, Florida",Rafaels Auto Repair Llc,4.8,39,,Auto repair shop,2030 SW 71st Ter,26.0944629,-80.2412164,Opens soon,9 AM,,2025-03-07 13:47:46,(954) 306-6479," 
""He is always so helpful, responsive, reasonably priced, and honest.""",https://www.google.com/maps/place/Rafaels+Auto+Repair+Llc/data=!4m7!3m6!1s0x88d90785dc47e4c9:0x94b24d8a3a301719!8m2!3d26.0944629!4d-80.2412164!16s%2Fg%2F1xg5tgpx!19sChIJyeRH3IUH2YgRGRcwOopNspQ?authuser=0&hl=en&rclk=1
"Automotive Repair in Davie, Florida",Exclusive Motors,4.8,85,,Auto repair shop,2060 SW 71st Ter e1,26.0940791,-80.2414404,Opens soon,9 AM,https://www.facebook.com/pg/Exclusive-Motors-526602857713954,2025-03-07 13:47:47,(754) 235-8286," 
""Nice people who will fix your car problems!""",https://www.google.com/maps/place/Exclusive+Motors/data=!4m7!3m6!1s0x88d90785dc47e345:0xf8cc5a0e787787ff!8m2!3d26.0940791!4d-80.2414404!16s%2Fg%2F1tdkslkq!19sChIJReNH3IUH2YgR_4d3eA5azPg?authuser=0&hl=en&rclk=1
"Automotive Repair in Davie, Florida",J & C Expert Auto Tech,4.9,43,,Auto repair shop,4990 SW 52nd St #211,26.0566478,-80.2121787,Open,Closes 5:30 PM,,2025-03-07 13:47:48,(954) 909-4872," 
""He was able to fit us in on New Years Eve and diagnose and fix our issue.""",https://www.google.com/maps/place/J+%26+C+Expert+Auto+Tech/data=!4m7!3m6!1s0x88d9a9bdd1043a37:0x9bc9dad737d94ac1!8m2!3d26.0566478!4d-80.2121787!16s%2Fg%2F11j4fdkcmt!19sChIJNzoE0b2p2YgRwUrZN9fayZs?authuser=0&hl=en&rclk=1
"Automotive Repair in Davie, Florida",CCR Auto Repair,4.8,16,,Auto repair shop,2030 SW 71st Ter # C2,26.0945519,-80.241287,Open,Closes 6 PM,https://ccrautorepair.com/,2025-03-07 13:47:50,(954) 822-8348," 
""Eduardo is a very honest mechanic and he knows his stuff.""",https://www.google.com/maps/place/CCR+Auto+Repair/data=!4m7!3m6!1s0x88d90785da8d4a21:0x633f89faecad85c2!8m2!3d26.0945519!4d-80.241287!16s%2Fg%2F11c3tjnbqp!19sChIJIUqN2oUH2YgRwoWt7PqJP2M?authuser=0&hl=en&rclk=1
"Automotive Repair in Davie, Florida",The Auto Dr.,5.0,150,,Auto repair shop,4650 SW 51st St SUITE 719,26.0579903,-80.2085474,Open,Closes 5 PM,http://the-auto-dr.com/,2025-03-07 13:47:51,(954) 740-3056," 
""I Had an oil pressure issue on my Chevy Silverado that was resolved quickly.""",https://www.google.com/maps/place/The+Auto+Dr./data=!4m7!3m6!1s0x88d9a9788ea682b9:0x474128862122b1a0!8m2!3d26.0579903!4d-80.2085474!16s%2Fg%2F11y5c2g96y!19sChIJuYKmjnip2YgRoLEiIYYoQUc?authuser=0&hl=en&rclk=1
"Automotive Repair in Davie, Florida",Pep Boys,4.0,"1,108",,Tire shop,2380 S University Dr,26.0917167,-80.2504706,Open,Closes 7 PM,https://pepboys.com/stores/fl/davie/2380-s-university-dr?storeCode=0182,2025-03-07 13:47:52,(954) 476-2401," 
""Took the time to explain everything and fixed my car quickly.""
 
BOOK ONLINE",https://www.google.com/maps/place/Pep+Boys/data=!4m7!3m6!1s0x88d9078bb4c28d2d:0x8fa92e4199924426!8m2!3d26.0917167!4d-80.2504706!16s%2Fg%2F1ttq2xcf!19sChIJLY3CtIsH2YgRJkSSmUEuqY8?authuser=0&hl=en&rclk=1
"Automotive Repair in Davie, Florida",Roger's Auto Repair,4.5,276,,Auto repair shop,4215 Peters Rd,26.1066804,-80.2048102,Open,Closes 6 PM,https://www.rogersrepaircenter.com/,2025-03-07 13:47:54,(954) 791-8930," 
""They got the part on a Friday night and fixed it by Saturday afternoon.""",https://www.google.com/maps/place/Roger%27s+Auto+Repair/data=!4m7!3m6!1s0x88d90740d0cb3849:0x886185205027e2ca!8m2!3d26.1066804!4d-80.2048102!16s%2Fg%2F1tcvvnh8!19sChIJSTjL0EAH2YgRyuInUCCFYYg?authuser=0&hl=en&rclk=1
"Automotive Repair in Davie, Florida",Superior Exotics Team - European Auto Center,4.9,337,,Auto repair shop,8410 W State Rd 84,26.1010426,-80.2616519,Open,Closes 6 PM,http://setmotorsports.com/,2025-03-07 13:47:56,(954) 646-2424," 
Onsite services
 
BOOK ONLINE",https://www.google.com/maps/place/Superior+Exotics+Team+-+European+Auto+Center/data=!4m7!3m6!1s0x88d907c638d44095:0xe9392594201ff357!8m2!3d26.1010426!4d-80.2616519!16s%2Fg%2F11fjn3k21p!19sChIJlUDUOMYH2YgRV_MfIJQlOek?authuser=0&hl=en&rclk=1
"Automotive Repair in Davie, Florida",Automotive Perspective,5.0,101,,Auto repair shop,5000 SW 52nd St Bay#503,26.0567235,-80.2124285,Closed,Opens 10 AM,,2025-03-07 13:47:57,(305) 333-2309," 
""Helped me fix my issue with my tire sensors while other shops couldn’t.""",https://www.google.com/maps/place/Automotive+Perspective/data=!4m7!3m6!1s0x88d9a9cd97827617:0x7630ba16d52ce37b!8m2!3d26.0567235!4d-80.2124285!16s%2Fg%2F11hzqdq0xr!19sChIJF3aCl82p2YgRe-Ms1Ra6MHY?authuser=0&hl=en&rclk=1
"Automotive Repair in Davie, Florida",GEXHAUST Davie,4.8,"1,571",,Muffler shop,4641 S State Rd 7,26.0650079,-80.2082494,Opens soon,9 AM,https://gexhaust.com/pages/exhaust-shop-davie,2025-03-07 13:47:58,(954) 708-6039," 
In-store shopping
·
In-store pickup",https://www.google.com/maps/place/GEXHAUST+Davie/data=!4m7!3m6!1s0x88d9a9eaf2e5cfa9:0xb767f467b1fb70e7!8m2!3d26.0650079!4d-80.2082494!16s%2Fg%2F1263_g6d_!19sChIJqc_l8uqp2YgR53D7sWf0Z7c?authuser=0&hl=en&rclk=1
"Automotive Repair in Davie, Florida",Best Choice Auto Repair,4.7,10,,Auto repair shop,4701 Orange Dr,26.0678208,-80.2103085,Open,Closes 7:30 PM,,2025-03-07 13:47:59,(954) 792-5955," 
""Always Professional and does excellent work.""",https://www.google.com/maps/place/Best+Choice+Auto+Repair/data=!4m7!3m6!1s0x88d9a9c1f607c78f:0x7d0e9cabcc29c8d5!8m2!3d26.0678208!4d-80.2103085!16s%2Fg%2F1vhq4hsl!19sChIJj8cH9sGp2YgR1cgpzKucDn0?authuser=0&hl=en&rclk=1
"Automotive Repair in Davie, Florida",Gold Coast Transmissions,4.8,323,,Transmission shop,8392 W State Rd 84,26.1010402,-80.2612775,Closed,Opens 7:30 AM Mon,http://goldcoasttransmissions.com/,2025-03-07 13:48:00,(954) 472-2662," 
""They replaced the 2 front wheel hubs and my car now runs like new.""",https://www.google.com/maps/place/Gold+Coast+Transmissions/data=!4m7!3m6!1s0x88d9080e155459bd:0x73087215eaeb13fe!8m2!3d26.1010402!4d-80.2612775!16s%2Fg%2F1vg_dnk4!19sChIJvVlUFQ4I2YgR_hPr6hVyCHM?authuser=0&hl=en&rclk=1
"Automotive Repair in Davie, Florida",Century III Automotive,4.8,31,,Auto repair shop,5000 SW 52nd St #504,26.05662,-80.212565,Open,Closes 6 PM,,2025-03-07 13:48:02,(954) 584-9661," 
""Always honest, great work and fairly priced.""",https://www.google.com/maps/place/Century+III+Automotive/data=!4m7!3m6!1s0x88d9a9bdd4c7e66f:0x34ce3d3b2805905d!8m2!3d26.05662!4d-80.212565!16s%2Fg%2F1tg_mfct!19sChIJb-bH1L2p2YgRXZAFKDs9zjQ?authuser=0&hl=en&rclk=1
"Automotive Repair in Davie, Florida",Davie Tire Outlet,4.6,183,,Tire shop,5841 SW 45th St,26.0661397,-80.2246149,Open,Closes 5:30 PM,https://www.goodyear.com/en-US/tire-shop/Davie+FL+33314+US/000194421,2025-03-07 13:48:03,(954) 321-6618," 
Onsite services",https://www.google.com/maps/place/Davie+Tire+Outlet/data=!4m7!3m6!1s0x88d9a9c9a5798a39:0x45af305e9ab76ac5!8m2!3d26.0661397!4d-80.2246149!16s%2Fg%2F1tcylvdw!19sChIJOYp5pcmp2YgRxWq3ml4wr0U?authuser=0&hl=en&rclk=1
"Automotive Repair in Davie, Florida",Discount Auto Repairs #2,4.5,54,,Auto repair shop,6490 Stirling Rd,26.0459526,-80.2200841,Open,Closes 5 PM,https://instagram.com/discountautorepair_2?igshid=MzRlODBiNWFlZA==,2025-03-07 13:48:07,(754) 214-6132," 
""They always charge me fairly and get the job done right.""",https://www.google.com/maps/place/Discount+Auto+Repairs+%232/data=!4m7!3m6!1s0x88d9a9a5e3712001:0x348d016c8cc8cece!8m2!3d26.0459526!4d-80.2200841!16s%2Fg%2F11c5_0htq8!19sChIJASBx46Wp2YgRzs7IjGwBjTQ?authuser=0&hl=en&rclk=1
"Automotive Repair in Davie, Florida",Laz One Auto Repair,4.6,86,,Auto repair shop,3705 Davie Blvd,26.1047466,-80.1979242,Open,Closes 5:30 PM,https://www.lazoneautorepair.com/,2025-03-07 13:48:08,(954) 321-0440," 
""They are honest, professional, knowledable, and the prices are very fair.""",https://www.google.com/maps/place/Laz+One+Auto+Repair/data=!4m7!3m6!1s0x88d900c8b79f40d7:0x7d7f01472666066a!8m2!3d26.1047466!4d-80.1979242!16s%2Fg%2F1tykw5hd!19sChIJ10Cft8gA2YgRagZmJkcBf30?authuser=0&hl=en&rclk=1
"Automotive Repair in Davie, Florida",Bavaria Automotive & Tire,4.8,321,,Auto repair shop,4400 Davie Blvd,26.1047841,-80.2072029,Open,Closes 5 PM,https://www.mtmbavaria.com/,2025-03-07 13:48:09,(954) 791-6400," 
Onsite services
 
BOOK ONLINE",https://www.google.com/maps/place/Bavaria+Automotive+%26+Tire/data=!4m7!3m6!1s0x88d907419f892409:0xabc695bc273ed304!8m2!3d26.1047841!4d-80.2072029!16s%2Fg%2F1v5fspzh!19sChIJCSSJn0EH2YgRBNM-J7yVxqs?authuser=0&hl=en&rclk=1
"Automotive Repair in Davie, Florida",Eurotech Motorsports,4.8,82,,Auto repair shop,2081 SW 70th Ave Suite H20,26.0929539,-80.2398818,Open,Closes 6 PM,http://eurotech-motorsports.com/,2025-03-07 13:48:11,(954) 533-7910," 
Onsite services",https://www.google.com/maps/place/Eurotech+Motorsports/data=!4m7!3m6!1s0x88d907bd8d5ba71f:0x5418681de41d0bcb!8m2!3d26.0929539!4d-80.2398818!16s%2Fg%2F11hz_xfxc_!19sChIJH6dbjb0H2YgRywsd5B1oGFQ?authuser=0&hl=en&rclk=1
"Automotive Repair in Davie, Florida",Discount Automotive Repair Center,4.8,303,,Auto repair shop,6400 Taft St,26.0244121,-80.216568,Open,Closes 5 PM,,2025-03-07 13:48:12,(954) 322-7779," 
Onsite services",https://www.google.com/maps/place/Discount+Automotive+Repair+Center/data=!4m7!3m6!1s0x88d9a91172502f41:0x8b1cf09358b56252!8m2!3d26.0244121!4d-80.216568!16s%2Fg%2F1tfpqh78!19sChIJQS9QchGp2YgRUmK1WJPwHIs?authuser=0&hl=en&rclk=1
"Automotive Repair in Davie, Florida",Jacob's Garage,4.8,292,,Auto repair shop,9890 Pines Blvd,26.0075,-80.2766667,Open,Closes 5:30 PM,http://jacobscarrepair.com/,2025-03-07 13:48:13,(954) 437-0060," 
""Honest skilled mechanics who did amazing work on my mustang a few times.""",https://www.google.com/maps/place/Jacob%27s+Garage/data=!4m7!3m6!1s0x88d9a602b6f007b3:0x60a6e1a92c59d242!8m2!3d26.0075!4d-80.2766667!16s%2Fg%2F1tpn3c7s!19sChIJswfwtgKm2YgRQtJZLKnhpmA?authuser=0&hl=en&rclk=1
"Automotive Repair in Davie, Florida",Frank's Custom Auto Repair,4.7,33,,Auto repair shop,5900 SW 42nd Pl Ste #3,26.0686047,-80.2255524,Closed,Opens 9:30 AM,,2025-03-07 13:48:14,(954) 727-1690," 
""Knowledgeable, fair pricing, and turnaround time is great.""",https://www.google.com/maps/place/Frank%27s+Custom+Auto+Repair/data=!4m7!3m6!1s0x88d9a934a3c123f9:0xc22832beaaae5a5!8m2!3d26.0686047!4d-80.2255524!16s%2Fg%2F11j80w33jc!19sChIJ-SPBozSp2YgRpeWq6iuDIgw?authuser=0&hl=en&rclk=1
"Automotive Repair in Davie, Florida",Auto Repair Pros Hollywood West,4.8,738,,Auto repair shop,6031 Hollywood Blvd,26.0105477,-80.208809,Open,Closes 5 PM,https://autorepairpros.com/loc/hollywood-west/?utm_source=gmb&utm_medium=organic&utm_campaign=hollywoodwest,2025-03-07 13:48:15,(954) 266-0690," 
Onsite services
 
BOOK ONLINE",https://www.google.com/maps/place/Auto+Repair+Pros+Hollywood+West/data=!4m7!3m6!1s0x88d9a940ba63c8ed:0xa658cfc7dfab6667!8m2!3d26.0105477!4d-80.208809!16s%2Fg%2F1td1kssz!19sChIJ7chjukCp2YgRZ2ar38fPWKY?authuser=0&hl=en&rclk=1
"Automotive Repair in Davie, Florida",Vertical Automotive,4.8,383,,Auto repair shop,1100 W Oakland Park Blvd Unit 5,26.1657387,-80.1575693,Open,Closes 5 PM,https://verticalautomotive.com/,2025-03-07 13:48:16,(954) 565-1518," 
Onsite services
 
BOOK ONLINE",https://www.google.com/maps/place/Vertical+Automotive/data=!4m7!3m6!1s0x88d9018597135abd:0x4db2bdad2b43ea48!8m2!3d26.1657387!4d-80.1575693!16s%2Fg%2F1thf9bvz!19sChIJvVoTl4UB2YgRSOpDK629sk0?authuser=0&hl=en&rclk=1
"Automotive Repair in Davie, Florida",Motorworx of South Florida,5.0,44,,Auto repair shop,6851 SW 21st Ct #9,26.092663,-80.237272,Opens soon,9 AM,http://www.motorworxsfl.com/,2025-03-07 13:48:18,(954) 816-7964," 
""My car went in today and was fixed within the time specified from the quote.""",https://www.google.com/maps/place/Motorworx+of+South+Florida/data=!4m7!3m6!1s0x88d907cf6c5e6e39:0x973c1c7b53e0a9b8!8m2!3d26.092663!4d-80.237272!16s%2Fg%2F11f5t_5tkk!19sChIJOW5ebM8H2YgRuKngU3scPJc?authuser=0&hl=en&rclk=1
"Automotive Repair in Davie, Florida",Tires Plus,3.9,306,,Tire shop,7520 W State Rd 84,26.0966362,-80.2451781,Open,Closes 7 PM,https://www.tiresplus.com/florida/davie/7520-w-state-rd-84/?utm_source=google&utm_medium=organic&utm_campaign=localmaps&cmp=oloc_google_localmaps_maps,2025-03-07 13:48:19,(954) 800-5136," 
In-store shopping
·
Curbside pickup
 
BOOK ONLINE",https://www.google.com/maps/place/Tires+Plus/data=!4m7!3m6!1s0x88d9078f0ee75279:0x1e7f4b8dd199645!8m2!3d26.0966362!4d-80.2451781!16s%2Fg%2F1tsyk_0k!19sChIJeVLnDo8H2YgRRZYZ3bj05wE?authuser=0&hl=en&rclk=1
"Automotive Repair in Davie, Florida",Mavis Tires & Brakes,4.8,"1,331",,Tire shop,1401 S University Dr,26.1017391,-80.2504713,Open,Closes 6 PM,https://www.mavis.com/locations/ft-lauderdale-plantation-fl?utm_source=yext&utm_medium=organic&utm_campaign=gmb&stnum=748,2025-03-07 13:48:20,(754) 241-0882," 
""Professional, courteous and were able to fix my car same day.""
 
BOOK ONLINE",https://www.google.com/maps/place/Mavis+Tires+%26+Brakes/data=!4m7!3m6!1s0x88d90792159d84b5:0x7c1c0a04838b1f04!8m2!3d26.1017391!4d-80.2504713!16s%2Fg%2F1tyyxxr_!19sChIJtYSdFZIH2YgRBB-LgwQKHHw?authuser=0&hl=en&rclk=1
"Automotive Repair in Davie, Florida",Master Tech,4.6,154,,Auto repair shop,202 SW 15th St,26.1027047,-80.1444343,Open,Closes 6 PM,http://www.mastertechautoshop.com/,2025-03-07 13:48:21,(954) 763-3870," 
""An honest mechanic who provided great service at a reasonable price""",https://www.google.com/maps/place/Master+Tech/data=!4m7!3m6!1s0x88d9008aec2c65df:0x80c34d5cb7265fe2!8m2!3d26.1027047!4d-80.1444343!16s%2Fg%2F1tp8_vdc!19sChIJ32Us7IoA2YgR4l8mt1xNw4A?authuser=0&hl=en&rclk=1
"Automotive Repair in Davie, Florida",Vic's Automotive,4.7,20,,Auto repair shop,2021 SW 70th Ave,26.0945382,-80.2390829,,,,2025-03-07 13:48:23,," 
""Quick service at a great price!""",https://www.google.com/maps/place/Vic%27s+Automotive/data=!4m7!3m6!1s0x88d907840a1a5213:0xccc1eb8dfae1ff11!8m2!3d26.0945382!4d-80.2390829!16s%2Fg%2F1tfh5g1l!19sChIJE1IaCoQH2YgREf_h-o3rwcw?authuser=0&hl=en&rclk=1
"Automotive Repair in Davie, Florida",Expert Auto Service Inc,5.0,58,,Auto repair shop,"Serving Broward County, We Come To You, 5781 SW 5th St",26.114719,-80.2279409,Open,Closes 6 PM,,2025-03-07 13:48:24,(954) 336-5965," 
Onsite services",https://www.google.com/maps/place/Expert+Auto+Service+Inc/data=!4m7!3m6!1s0xaa7259cae8c29a91:0xc8c88943e06ee9d7!8m2!3d26.114719!4d-80.2279409!16s%2Fg%2F11pf2rdnnd!19sChIJkZrC6MpZcqoR1-lu4EOJyMg?authuser=0&hl=en&rclk=1
"Automotive Repair in Davie, Florida",Potenza Cars Automotive LLC,4.9,40,,Auto repair shop,5410 W State Rd 84 Bay 8-9,26.0900554,-80.2192285,Open,Closes 5 PM,http://potenzacars.com/?utm_source=gmb&utm_medium=referral,2025-03-07 13:48:25,(954) 629-9726," 
""He can quickly diagnose and address any issue that your car is experiencing.""",https://www.google.com/maps/place/Potenza+Cars+Automotive+LLC/data=!4m7!3m6!1s0x88d9077d9cd56b01:0x7b5f530398ae27c6!8m2!3d26.0900554!4d-80.2192285!16s%2Fg%2F11h8074bcy!19sChIJAWvVnH0H2YgRxieumANTX3s?authuser=0&hl=en&rclk=1
"Automotive Repair in Davie, Florida",Midas,4.2,557,,Auto repair shop,4680 S University Dr,26.0628752,-80.2515212,Open,Closes 6 PM,https://www.midas.com/store/fl/davie/4680-south-university-drive-33328?shopnum=3993&utm_source=google&utm_medium=maps&utm_campaign=google+maps&y_source=1_MTE1ODY0NDQtNzE1LWxvY2F0aW9uLndlYnNpdGU%3D,2025-03-07 13:48:26,(954) 406-1218," 
Onsite services
 
BOOK ONLINE",https://www.google.com/maps/place/Midas/data=!4m7!3m6!1s0x88d9a840ff3823cf:0x394dcf8bf5ea9acd!8m2!3d26.0628752!4d-80.2515212!16s%2Fg%2F1tgq7f_1!19sChIJzyM4_0Co2YgRzZrq9YvPTTk?authuser=0&hl=en&rclk=1
"Automotive Repair in Davie, Florida",Transmission Pro Total Car Care,5.0,168,,Transmission shop,4650 SW 51st St #706,26.0579985,-80.208753,Open,Closes 5 PM,http://transmissionprodavie.com/,2025-03-07 13:48:28,(954) 237-7885," 
""He made the repair process very smooth and completed the job ahead of time.""",https://www.google.com/maps/place/Transmission+Pro+Total+Car+Care/data=!4m7!3m6!1s0x88d9a995eac28811:0xaf90d778800f8504!8m2!3d26.0579985!4d-80.208753!16s%2Fg%2F11gh2qh2c8!19sChIJEYjC6pWp2YgRBIUPgHjXkK8?authuser=0&hl=en&rclk=1
"Automotive Repair in Davie, Florida",T & L Auto Repair and Tires,4.7,392,,Auto repair shop,1211 S State Rd 7,26.1059078,-80.201864,Open,Closes 6 PM,https://www.tlautorepairs.com/,2025-03-07 13:48:29,(954) 587-9979," 
""Got my car fixed, quick, good communication, at a decent price""",https://www.google.com/maps/place/T+%26+L+Auto+Repair+and+Tires/data=!4m7!3m6!1s0x88d90747023a6c6f:0xadbd4aaa4ef43c6!8m2!3d26.1059078!4d-80.201864!16s%2Fg%2F1tfn3jqh!19sChIJb2w6AkcH2YgRxkPvpKrU2wo?authuser=0&hl=en&rclk=1
"Automotive Repair in Davie, Florida",Roy's Automotives,4.3,12,,Auto repair shop,4701 Orange Dr,26.0678052,-80.2105932,Open,Closes 5 PM,,2025-03-07 13:48:30,(954) 727-2925,,https://www.google.com/maps/place/Roy%27s+Automotives/data=!4m7!3m6!1s0x88d9a9c1f607c78f:0xb1ca5f51d90183ce!8m2!3d26.0678052!4d-80.2105932!16s%2Fg%2F1v3gsq5r!19sChIJj8cH9sGp2YgRzoMB2VFfyrE?authuser=0&hl=en&rclk=1
"Automotive Repair in Davie, Florida","Neil Auto Works, Inc",4.8,48,,Auto repair shop,"Bay #9, 4701 Orange Dr BLDG 12-B",26.0683306,-80.2106583,Opens soon,9 AM,https://www.facebook.com/pages/Neil-Auto-Works/541118045996488,2025-03-07 13:48:37,(954) 650-3268,"  ""Mr. Neil is very professional,  reliable, honest, and reasonable.""","https://www.google.com/maps/place/Neil+Auto+Works,+Inc/data=!4m7!3m6!1s0x88d9a9decc168b37:0x2aa02c6148c539dc!8m2!3d26.0683306!4d-80.2106583!16s%2Fg%2F11fl9p75d2!19sChIJN4sWzN6p2YgR3DnFSGEsoCo?authuser=0&hl=en&rclk=1"
"Automotive Repair in Davie, Florida","AAA Quality Complete Auto Repair, LLC",4.8,50,,Auto repair shop,7842 NW 44th St,26.1785378,-80.2556987,Open,Closes 5 PM,https://sunriseautorepairs.com/,2025-03-07 13:48:38,(954) 572-0001," 
Onsite services","https://www.google.com/maps/place/AAA+Quality+Complete+Auto+Repair,+LLC/data=!4m7!3m6!1s0x88d9077d49fa6e39:0x32603fb28894bf00!8m2!3d26.1785378!4d-80.2556987!16s%2Fg%2F11sb735yyj!19sChIJOW76SX0H2YgRAL-UiLI_YDI?authuser=0&hl=en&rclk=1"
"Automotive Repair in Davie, Florida","The Benz Shop, inc",4.9,148,,Auto repair shop,5000 SW 52nd St Suite 514,26.0566127,-80.2125237,Opens soon,9 AM,https://thebenzshop.newwaymg.com/,2025-03-07 13:48:39,(954) 816-3038," 
""He replaced my rear brakes and rotors in about 2 hours.""","https://www.google.com/maps/place/The+Benz+Shop,+inc/data=!4m7!3m6!1s0x88d9a9bdd4c60a45:0x9adbe31a874a0c7!8m2!3d26.0566127!4d-80.2125237!16s%2Fg%2F11cs4fwy87!19sChIJRQrG1L2p2YgRx6B0qDG-rQk?authuser=0&hl=en&rclk=1"
"Automotive Repair in Davie, Florida",ANCEL AUTO CARE,5.0,12,,Auto repair shop,2051 SW 70th Ave BAY E1,26.0932755,-80.2388013,Opens soon,9 AM,,2025-03-07 13:48:41,(954) 394-0771," 
""They take the time to explain what the problem is and then fix it!""",https://www.google.com/maps/place/ANCEL+AUTO+CARE/data=!4m7!3m6!1s0x88d907dc7c51f2a7:0xfbe7f19734d2f389!8m2!3d26.0932755!4d-80.2388013!16s%2Fg%2F11w8sjy6yy!19sChIJp_JRfNwH2YgRifPSNJfx5_s?authuser=0&hl=en&rclk=1
"Automotive Repair in Davie, Florida",Gecko Auto Service,5.0,15,,Auto repair shop,5000 SW 52nd St STE 513,26.0566127,-80.2125237,Opens soon,9 AM,,2025-03-07 13:48:42,(954) 395-8134," 
""I will take my car to him anytime.""",https://www.google.com/maps/place/Gecko+Auto+Service/data=!4m7!3m6!1s0x88d9a9c2490e163d:0xbe0177b476c045f4!8m2!3d26.0566127!4d-80.2125237!16s%2Fg%2F11h1vb1s46!19sChIJPRYOScKp2YgR9EXAdrR3Ab4?authuser=0&hl=en&rclk=1
"Automotive Repair in Davie, Florida",BLUE SUIT AUTO BODY,5.0,19,,Auto body shop,2030 SW 71st Ter Bay D - 7,26.0943905,-80.2411162,Open,Closes 5 PM,,2025-03-07 13:48:43,(305) 300-4509," 
Onsite services",https://www.google.com/maps/place/BLUE+SUIT+AUTO+BODY/data=!4m7!3m6!1s0x88d907e0ef31b93b:0xb4b08cbacabc936b!8m2!3d26.0943905!4d-80.2411162!16s%2Fg%2F11kjjl1d6f!19sChIJO7kx7-AH2YgRa5O8yrqMsLQ?authuser=0&hl=en&rclk=1
"Automotive Repair in Davie, Florida",Wales Garage,4.7,166,,Auto repair shop,2916 SE 6th Ave,26.0874348,-80.136777,Open,Closes 5 PM,http://walesgarage.com/,2025-03-07 13:48:44,(954) 763-5506," 
""They fixed the car the next day, got it back, it started right away.""",https://www.google.com/maps/place/Wales+Garage/data=!4m7!3m6!1s0x88d9007bf3c0fc7d:0x81701295d1b7a54c!8m2!3d26.0874348!4d-80.136777!16s%2Fg%2F1tjv49f_!19sChIJffzA83sA2YgRTKW30ZUScIE?authuser=0&hl=en&rclk=1
"Automotive Repair in Davie, Florida",Firestone Complete Auto Care,3.7,401,,Tire shop,9000 Cleary Blvd,26.128596,-80.2692503,Open,Closes 7 PM,https://www.firestonecompleteautocare.com/florida/plantation/9000-cleary-blvd/?utm_source=google&utm_medium=organic&utm_campaign=localmaps&cmp=oloc_google_localmaps_maps,2025-03-07 13:48:45,(954) 320-7473," 
In-store shopping
·
Curbside pickup
 
BOOK ONLINE",https://www.google.com/maps/place/Firestone+Complete+Auto+Care/data=!4m7!3m6!1s0x88d907d11ba345d1:0x5068fd88de268163!8m2!3d26.128596!4d-80.2692503!16s%2Fg%2F1tv3ph04!19sChIJ0UWjG9EH2YgRY4Em3oj9aFA?authuser=0&hl=en&rclk=1
"Automotive Repair in Davie, Florida",Simple Auto Repair,5.0,7,,Mechanic,4701 Orange Dr BLDG 6 # 9,26.0678052,-80.2105932,Opens soon,9 AM,,2025-03-07 13:48:46,(954) 394-1189," 
""They fixed the issues with my car in 30 minutes!""",https://www.google.com/maps/place/Simple+Auto+Repair/data=!4m7!3m6!1s0x88d9a98a3353dc93:0xd9019cfe22164f3e!8m2!3d26.0678052!4d-80.2105932!16s%2Fg%2F11q3scflz7!19sChIJk9xTM4qp2YgRPk8WIv6cAdk?authuser=0&hl=en&rclk=1
"Automotive Repair in Davie, Florida",Car Bouteek LLC,5.0,38,,Tire shop,4631 S State Rd 7,26.0650018,-80.2083909,Open,Closes 5 PM,https://www.carbouteekdavie.com/espanol/,2025-03-07 13:48:48,(954) 689-7577," 
""Great customer service, timely repairs and reasonably priced 💪🏾""",https://www.google.com/maps/place/Car+Bouteek+LLC/data=!4m7!3m6!1s0x88d9a9b2732657ef:0x4e894f9e0bfea7bc!8m2!3d26.0650018!4d-80.2083909!16s%2Fg%2F11k2xtlfqq!19sChIJ71cmc7Kp2YgRvKf-C55PiU4?authuser=0&hl=en&rclk=1
"Automotive Repair in Davie, Florida",Ridge Plaza Tire & Auto,3.4,165,,Auto repair shop,9190 W State Rd 84,26.103662,-80.271997,Open,Closes 5:30 PM,https://www.facebook.com/pages/Ridge%20Plaza%20Tire%20and%20Auto%20Center/254248108010648/,2025-03-07 13:48:49,(754) 315-3523," 
""Great service, they were able to fix my tire in a couple of minutes.""",https://www.google.com/maps/place/Ridge+Plaza+Tire+%26+Auto/data=!4m7!3m6!1s0x88d907e3761f0eb3:0x8ecab64025d9ecf9!8m2!3d26.103662!4d-80.271997!16s%2Fg%2F1tdx9hf9!19sChIJsw4fduMH2YgR-ezZJUC2yo4?authuser=0&hl=en&rclk=1
"Automotive Repair in Davie, Florida",MotorWorks,4.2,5,,Auto repair shop,1311 SW 127th Terrace,26.1037768,-80.3187646,Open 24 hours,,,2025-03-07 13:48:50,(786) 914-6650," 
Onsite services",https://www.google.com/maps/place/MotorWorks/data=!4m7!3m6!1s0x88d909202a2f9b5d:0xc5aedd31c7f3b244!8m2!3d26.1037768!4d-80.3187646!16s%2Fg%2F11vq12lcmf!19sChIJXZsvKiAJ2YgRRLLzxzHdrsU?authuser=0&hl=en&rclk=1
"Automotive Repair in Davie, Florida",Second Generation Auto Llc,4.8,26,,Auto body shop,4607 Oakes Rd,26.0775033,-80.209859,Open,Closes 5 PM,,2025-03-07 13:48:52,(954) 791-1290," 
""Does excellent work for a fair price great customer service.""",https://www.google.com/maps/place/Second+Generation+Auto+Llc/data=!4m7!3m6!1s0x88d9a9e77742d221:0x1c017bb66db8bee7!8m2!3d26.0775033!4d-80.209859!16s%2Fg%2F1tgx7djn!19sChIJIdJCd-ep2YgR5764bbZ7ARw?authuser=0&hl=en&rclk=1
"Automotive Repair in Davie, Florida",Exclusive Foreign Auto,4.6,22,,Auto repair shop,2000 SW 71st Ter,26.0947564,-80.241228,,,,2025-03-07 13:48:54,," 
""Mechanic is extremely honest.""",https://www.google.com/maps/place/Exclusive+Foreign+Auto/data=!4m7!3m6!1s0x88d90785d9cf7a0d:0x19fdb71a26d5b091!8m2!3d26.0947564!4d-80.241228!16s%2Fg%2F1tgf3_n_!19sChIJDXrP2YUH2YgRkbDVJhq3_Rk?authuser=0&hl=en&rclk=1
"Automotive Repair in Davie, Florida",Broward Auto Diagnostics & Repair,4.9,418,,Auto repair shop,10791 NW 53rd St #109,26.1909647,-80.291286,Open,Closes 5 PM,http://www.browardautomotive.com/,2025-03-07 13:48:56,(954) 440-2623," 
""My car was fixed and ready on time so I could go to work.""
 
BOOK ONLINE",https://www.google.com/maps/place/Broward+Auto+Diagnostics+%26+Repair/data=!4m7!3m6!1s0x88d90f4c1c522f83:0x5833258f0cd78e54!8m2!3d26.1909647!4d-80.291286!16s%2Fg%2F12q4y9h4h!19sChIJgy9SHEwP2YgRVI7XDI8lM1g?authuser=0&hl=en&rclk=1
"Automotive Repair in Davie, Florida",Clint's Auto Repair,5.0,8,,Auto repair shop,2030 SW 71st Ter,26.0943905,-80.2411162,Opens soon,9 AM,https://clintsautorepair.godaddysites.com/,2025-03-07 13:48:57,(954) 588-7140," 
""Clint did a great job fixing my car!""",https://www.google.com/maps/place/Clint%27s+Auto+Repair/data=!4m7!3m6!1s0x88d907f375d5cf4d:0x974c4d2b49280616!8m2!3d26.0943905!4d-80.2411162!16s%2Fg%2F12612vbqr!19sChIJTc_VdfMH2YgRFgYoSStNTJc?authuser=0&hl=en&rclk=1
"Automotive Repair in Davie, Florida",American Tire and Auto Center,4.6,262,,Auto repair shop,7777 W Sunrise Blvd,26.1490742,-80.2528236,Open,Closes 6 PM,,2025-03-07 13:48:58,(954) 368-5797," 
""EXCELLENT MECHANICS AND STAFF, KNOWLEDGEABLE AND HONEST.""",https://www.google.com/maps/place/American+Tire+and+Auto+Center/data=!4m7!3m6!1s0x88d90647b9401975:0xcf7fecb03c60077e!8m2!3d26.1490742!4d-80.2528236!16s%2Fg%2F11b8zszpr0!19sChIJdRlAuUcG2YgRfgdgPLDsf88?authuser=0&hl=en&rclk=1
"Automotive Repair in Davie, Florida",LLSS Roadside Solutions,5.0,135,,Towing service,4701 SW 73rd Ave Lot #1,26.0619143,-80.2448618,Open 24 hours,,,2025-03-07 13:48:59,(954) 213-7324," 
Onsite services",https://www.google.com/maps/place/LLSS+Roadside+Solutions/data=!4m7!3m6!1s0x88d9a9ddfdce3caf:0x813379500c2f1d2b!8m2!3d26.0619143!4d-80.2448618!16s%2Fg%2F11lmdh9r5t!19sChIJrzzO_d2p2YgRKx0vDFB5M4E?authuser=0&hl=en&rclk=1
"Automotive Repair in Davie, Florida",Oskar's Auto Repair,5.0,2,,Auto repair shop,4701 Orange Dr,26.0685482,-80.2109527,Opens soon,9 AM,,2025-03-07 13:49:00,(954) 585-4733,,https://www.google.com/maps/place/Oskar%27s+Auto+Repair/data=!4m7!3m6!1s0x88d9a9c1f607c78f:0xdc1c7205b0b49af9!8m2!3d26.0685482!4d-80.2109527!16s%2Fg%2F1trsytn3!19sChIJj8cH9sGp2YgR-Zq0sAVyHNw?authuser=0&hl=en&rclk=1
"Automotive Repair in Davie, Florida",Technical Automotive Center,4.0,37,,Auto repair shop,4100 Davie Blvd,26.1040163,-80.2024497,Open,Closes 5 PM,,2025-03-07 13:49:02,(954) 581-4540," 
""He not only did great work on my VW, he had me done a repaired in 2 days.""",https://www.google.com/maps/place/Technical+Automotive+Center/data=!4m7!3m6!1s0x88d9074691492541:0x9e882b171242f118!8m2!3d26.1040163!4d-80.2024497!16s%2Fg%2F1tffd_7z!19sChIJQSVJkUYH2YgRGPFCEhcriJ4?authuser=0&hl=en&rclk=1
"Automotive Repair in Davie, Florida",Daddy & Son Auto Repair,4.9,155,,Auto repair shop,6481 W Sunrise Blvd,26.13628,-80.2352899,Open,Closes 5:30 PM,https://vipshopmanagement.com/schedule-appointment.php?SubID=5434594387827642,2025-03-07 13:49:07,(954) 626-0226," 
""Luis and Jorge are honest guys that work hard and get the job done quickly.""",https://www.google.com/maps/place/Daddy+%26+Son+Auto+Repair/data=!4m7!3m6!1s0x88d90654e6b73eaf:0xed4941410571b9ca!8m2!3d26.13628!4d-80.2352899!16s%2Fg%2F1hdz0rfr0!19sChIJrz635lQG2YgRyrlxBUFBSe0?authuser=0&hl=en&rclk=1
"Automotive Repair in Davie, Florida",Crash Champions Collision Repair Davie,4.1,300,,Auto body shop,6951 SW 21st Ct,26.0930751,-80.2378934,Open,Closes 5 PM,https://crashchampions.com/locations/crash-champions-davie,2025-03-07 13:49:09,(954) 533-3586," 
""Fixed my rear bumper, looks brand new""",https://www.google.com/maps/place/Crash+Champions+Collision+Repair+Davie/data=!4m7!3m6!1s0x88d90786b25b516b:0x77be3a8ddd9afc47!8m2!3d26.0930751!4d-80.2378934!16s%2Fg%2F11clscp8cg!19sChIJa1FbsoYH2YgRR_ya3Y06vnc?authuser=0&hl=en&rclk=1
"Automotive Repair in Davie, Florida",Pro Service Auto,4.9,54,,Car repair and maintenance service,2000 SW 71st Ter a10,26.0947902,-80.2407423,Opens soon,9 AM,,2025-03-07 13:49:10,(754) 207-9013," 
""Very professional, very knowledgeable and prices are competitive.""",https://www.google.com/maps/place/Pro+Service+Auto/data=!4m7!3m6!1s0x88d90898b354e933:0x41a35e5e1494ffa6!8m2!3d26.0947902!4d-80.2407423!16s%2Fg%2F11dyzftghy!19sChIJM-lUs5gI2YgRpv-UFF5eo0E?authuser=0&hl=en&rclk=1
"Automotive Repair in Davie, Florida",Downtown Transmissions,4.3,64,,Car repair and maintenance service,1543 S State Rd 7,26.1011231,-80.201714,Open,Closes 4:30 PM,http://downtowntrans.com/?utm_source=gmb&utm_medium=referral,2025-03-07 13:49:11,(954) 764-5060," 
""Had a leak after the job done, he fixed it right away while I waited.""",https://www.google.com/maps/place/Downtown+Transmissions/data=!4m7!3m6!1s0x88d907444b89e9bd:0x776235533205705c!8m2!3d26.1011231!4d-80.201714!16s%2Fg%2F1vq75nhj!19sChIJvemJS0QH2YgRXHAFMlM1Ync?authuser=0&hl=en&rclk=1
"Automotive Repair in Davie, Florida","A Quality Motorsports, LLC",5.0,21,,Auto repair shop,2030 SW 71st Ter bay c8,26.094378,-80.2411008,Opens soon,9 AM,,2025-03-07 13:49:13,(305) 384-0688," 
""5/5 Stars - Excellent Service for My Tacoma!""","https://www.google.com/maps/place/A+Quality+Motorsports,+LLC/data=!4m7!3m6!1s0x88d90785d0c1a0a3:0x73cbe4c5cd46d5a9!8m2!3d26.094378!4d-80.2411008!16s%2Fg%2F11c38jb0cl!19sChIJo6DB0IUH2YgRqdVGzcXky3M?authuser=0&hl=en&rclk=1"
"Automotive Repair in Davie, Florida",Bud & Mack Auto Repairs,4.9,42,,Auto repair shop,728 NW 6th Ave Suite D,26.1323619,-80.1496998,Opens soon,9 AM,,2025-03-07 13:49:14,(754) 281-0087," 
""Everyone was interested in resolving my issue, no matter how minor.""",https://www.google.com/maps/place/Bud+%26+Mack+Auto+Repairs/data=!4m7!3m6!1s0x88d9a948b506a267:0x8745f7a83208994b!8m2!3d26.1323619!4d-80.1496998!16s%2Fg%2F1xpwkl3r!19sChIJZ6IGtUip2YgRS5kIMqj3RYc?authuser=0&hl=en&rclk=1
"Automotive Repair in Davie, Florida",DavidsS Auto Repair,3.1,7,,Auto repair shop,20-90 SW 71st Ter h2,26.0933996,-80.2416219,Open,Closes 6 PM,,2025-03-07 13:49:15,(954) 245-8554,,https://www.google.com/maps/place/DavidsS+Auto+Repair/data=!4m7!3m6!1s0x88d90786723699d1:0x882d68208f92c24c!8m2!3d26.0933996!4d-80.2416219!16s%2Fg%2F11dx92d030!19sChIJ0Zk2coYH2YgRTMKSjyBoLYg?authuser=0&hl=en&rclk=1
"Automotive Repair in Davie, Florida",Cars Planet Auto LLC,5.0,3,,Auto repair shop,5420 Reese Rd Bay 4-5,26.0898578,-80.2192776,Open,Closes 5 PM,,2025-03-07 13:49:16,(954) 993-0339," 
""Great mechanic service, fast, affordable, and very communicative.""",https://www.google.com/maps/place/Cars+Planet+Auto+LLC/data=!4m7!3m6!1s0x88d907003a90ca0d:0x2ee3458ffa201cfe!8m2!3d26.0898578!4d-80.2192776!16s%2Fg%2F11v_457q3d!19sChIJDcqQOgAH2YgR_hwg-o9F4y4?authuser=0&hl=en&rclk=1
"Automotive Repair in Davie, Florida",Two Cousins Auto Body,4.8,66,,Auto repair shop,"Bay 4 & 5, 2030 SW 71st Ter Building F",26.0943904,-80.2411161,Opens soon,9 AM,http://2cousinsautobody.com/,2025-03-07 13:49:17,(954) 741-5305,"  ""Took my car in  today  fixed it like five minutes and didn’t even charge me.""",https://www.google.com/maps/place/Two+Cousins+Auto+Body/data=!4m7!3m6!1s0x88d905de4218b9ef:0xe64e5a5a12bbc077!8m2!3d26.0943904!4d-80.2411161!16s%2Fg%2F1td2n8mk!19sChIJ77kYQt4F2YgRd8C7ElpaTuY?authuser=0&hl=en&rclk=1
"Automotive Repair in Davie, Florida",Moe's Garage,4.9,8,,Auto repair shop,5440 W State Rd 84 #1,26.0905072,-80.2192601,Open,Closes 6 PM,https://www.facebook.com/MOESGARAGEFEEDS/,2025-03-07 13:49:19,(754) 223-5137," 
""They were very fair and honest.""",https://www.google.com/maps/place/Moe%27s+Garage/data=!4m7!3m6!1s0x88d907636fa09341:0x943c0f9792b6fc19!8m2!3d26.0905072!4d-80.2192601!16s%2Fg%2F11bc7f4qh3!19sChIJQZOgb2MH2YgRGfy2kpcPPJQ?authuser=0&hl=en&rclk=1
"Automotive Repair in Davie, Florida",Ruiz Auto Repair,4.1,13,,Auto repair shop,5370 W State Rd 84 #8,26.0900111,-80.2189764,Opens soon,9 AM,,2025-03-07 13:49:20,(954) 587-7200," 
""Awesome guys.""",https://www.google.com/maps/place/Ruiz+Auto+Repair/data=!4m7!3m6!1s0x88d9a9c21470a8bb:0x8f41062970648e3d!8m2!3d26.0900111!4d-80.2189764!16s%2Fg%2F1tfzy8w9!19sChIJu6hwFMKp2YgRPY5kcCkGQY8?authuser=0&hl=en&rclk=1
"Automotive Repair in Davie, Florida",Roadside Richie,5.0,6,,Auto repair shop,5800 Reese Rd,26.090563,-80.221441,Open 24 hours,,,2025-03-07 13:49:21,(954) 727-6864," 
""Mr. Rich is the best fix my tire and also checked my battery.""",https://www.google.com/maps/place/Roadside+Richie/data=!4m7!3m6!1s0x88d9078689613aaf:0x5571710dd83162e0!8m2!3d26.090563!4d-80.221441!16s%2Fg%2F11y7hfmsgq!19sChIJrzphiYYH2YgR4GIx2A1xcVU?authuser=0&hl=en&rclk=1
"Automotive Repair in Davie, Florida",Eddie's Auto Clinic,4.5,82,,Auto repair shop,7400 Davie Road Extension,26.0379389,-80.2369842,,,,2025-03-07 13:49:22,," 
""He only fixes what needs to be fixed and he does it at a very fair price.""",https://www.google.com/maps/place/Eddie%27s+Auto+Clinic/data=!4m7!3m6!1s0x88d9a8fed78d4779:0xc331396557b3389c!8m2!3d26.0379389!4d-80.2369842!16s%2Fg%2F1td0tpnq!19sChIJeUeN1_6o2YgRnDizV2U5McM?authuser=0&hl=en&rclk=1
"Automotive Repair in Davie, Florida",Prestige European Auto Repair,4.8,"1,079",,Auto repair shop,711 W Broward Blvd,26.1225109,-80.1512812,Open,Closes 5:30 PM,https://www.prestigeeuropean.com/?utm_source=Google&utm_medium=GMB&utm_campaign=FTL,2025-03-07 13:49:24,(954) 358-4994," 
""Service was done timely and car was ready when it was promised.""
 
BOOK ONLINE",https://www.google.com/maps/place/Prestige+European+Auto+Repair/data=!4m7!3m6!1s0x88d900fb644d9a53:0x3d51375f8df61408!8m2!3d26.1225109!4d-80.1512812!16s%2Fg%2F1tfk9tl0!19sChIJU5pNZPsA2YgRCBT2jV83UT0?authuser=0&hl=en&rclk=1
"Automotive Repair in Davie, Florida",Auto Pros of South Florida,4.9,9,,Mechanic,"Bay #15, 4701 Orange Dr Bldg 12-B",26.0678052,-80.2105932,Opens soon,9 AM,http://autoprosofsfl.com/,2025-03-07 13:49:26,(954) 226-9355," 
""Amazing work, great customer service, well priced.""",https://www.google.com/maps/place/Auto+Pros+of+South+Florida/data=!4m7!3m6!1s0x88d9a9fe04452f75:0xd5cce240970c4bae!8m2!3d26.0678052!4d-80.2105932!16s%2Fg%2F11svvld1qm!19sChIJdS9FBP6p2YgRrksMl0DizNU?authuser=0&hl=en&rclk=1
"Automotive Repair in Davie, Florida",Carlos Auto Care,5.0,25,,Tire repair shop,3350 Davie Blvd,26.1045138,-80.1907974,Open,Closes 8 PM,,2025-03-07 13:49:27,(954) 245-5486," 
""This guy fix it professionally and cheap.""",https://www.google.com/maps/place/Carlos+Auto+Care/data=!4m7!3m6!1s0x88d9073ae7671ecd:0xa5b2553641c0e1b6!8m2!3d26.1045138!4d-80.1907974!16s%2Fg%2F11t5bn3rh_!19sChIJzR5n5zoH2YgRtuHAQTZVsqU?authuser=0&hl=en&rclk=1
"Automotive Repair in Davie, Florida",Bumble Bee Automotive,5.0,3,,Auto repair shop,4701 Orange Dr # B9,26.0678208,-80.2103085,,,,2025-03-07 13:49:28,," 
""Good mechanic""",https://www.google.com/maps/place/Bumble+Bee+Automotive/data=!4m7!3m6!1s0x88d9a9c1f607c78f:0xff17222804ef3b43!8m2!3d26.0678208!4d-80.2103085!16s%2Fg%2F1wk7rnrr!19sChIJj8cH9sGp2YgRQzvvBCgiF_8?authuser=0&hl=en&rclk=1
"Automotive Repair in Davie, Florida",Arctic Auto Center,4.1,232,,Auto repair shop,3700 W Broward Blvd,26.1206546,-80.1980192,Open,Closes 5:30 PM,http://arcticautocenter.com/,2025-03-07 13:49:29,(954) 581-7980," 
Onsite services",https://www.google.com/maps/place/Arctic+Auto+Center/data=!4m7!3m6!1s0x88d9072fe4f0cc6b:0xdd66f2ecf0c3892f!8m2!3d26.1206546!4d-80.1980192!16s%2Fg%2F1tg9th2m!19sChIJa8zw5C8H2YgRL4nD8OzyZt0?authuser=0&hl=en&rclk=1
"Automotive Repair in Davie, Florida",441 Auto Clinic,4.6(74),74,,Auto repair shop,740 N State Rd 7,26.1312258,-80.201969,Open,Closes 6 PM,,2025-03-07 13:51:33,(786) 970-1224," 
""He was honest and fixed my car in a reasonable time.""",https://www.google.com/maps/place/441+Auto+Clinic/data=!4m7!3m6!1s0x88d907277085054f:0xa935212e57e707e0!8m2!3d26.1312258!4d-80.201969!16s%2Fg%2F1vnnk5yc!19sChIJTwWFcCcH2YgR4AfnVy4hNak?authuser=0&hl=en&rclk=1
"Automotive Repair in Davie, Florida",Plantation Car Care,4.7,212,,Auto repair shop,6561 NW 14th St,26.1428747,-80.2362607,Open,Closes 5:30 PM,https://www.plantationcarcareinc.com/?utm_source=gdp&utm_medium=web+click,2025-03-07 13:51:34,(954) 797-9132," 
Onsite services",https://www.google.com/maps/place/Plantation+Car+Care/data=!4m7!3m6!1s0x88d90656c49bc0cd:0x9d2555d8dc505f1d!8m2!3d26.1428747!4d-80.2362607!16s%2Fg%2F12619fjkn!19sChIJzcCbxFYG2YgRHV9Q3NhVJZ0?authuser=0&hl=en&rclk=1
"Automotive Repair in Davie, Florida",Corporate Customz Auto Body and Collision Repair,4.8,288,,Auto body shop,2000 SW 71st Ter Bldg B-7,26.0947484,-80.2408192,Open,Closes 5 PM,http://www.corporatecustomz.com/,2025-03-07 13:51:42,(954) 474-4739," 
Onsite services",https://www.google.com/maps/place/Corporate+Customz+Auto+Body+and+Collision+Repair/data=!4m7!3m6!1s0x88d90785d9cf7a0d:0xd68c8d674a15145a!8m2!3d26.0947484!4d-80.2408192!16s%2Fg%2F1tj33ybj!19sChIJDXrP2YUH2YgRWhQVSmeNjNY?authuser=0&hl=en&rclk=1
"Automotive Repair in Davie, Florida",Mobile Mechanic Same Day Fix,5.0,24,,Auto repair shop,5041 SW 94th Ave,26.0581581,-80.2774077,Open,Closes 6 PM,,2025-03-07 13:51:46,(954) 901-4481," 
""Brian, great guy, quick, gets the Job done, No BS, Fair Price.""",https://www.google.com/maps/place/Mobile+Mechanic+Same+Day+Fix/data=!4m7!3m6!1s0x463a28096463d753:0x3291679ae5bbd1f0!8m2!3d26.0581581!4d-80.2774077!16s%2Fg%2F11pvjq03p4!19sChIJU9djZAkoOkYR8NG75ZpnkTI?authuser=0&hl=en&rclk=1
"Automotive Repair in Davie, Florida",Auto Repair Store,5.0,40,,Auto repair shop,1057 NW 85th Terrace,26.1375173,-80.2633952,Opens soon,9 AM,https://www.autorepair-store.ai/,2025-03-07 13:51:48,(954) 665-3384," 
""Came same day to repair my jeep with fair prices.""",https://www.google.com/maps/place/Auto+Repair+Store/data=!4m7!3m6!1s0x88d90250a69ba39b:0x4de7062674b4228c!8m2!3d26.1375173!4d-80.2633952!16s%2Fg%2F11fqtm8m6r!19sChIJm6ObplAC2YgRjCK0dCYG500?authuser=0&hl=en&rclk=1
"Automotive Repair in Davie, Florida",Muffler Headquarters Inc,4.8,110,,Muffler shop,2051 SW 70th Ave # E10,26.0934491,-80.2389709,Open,Closes 5 PM,https://mufflerheadquarters.com/,2025-03-07 13:51:50,(954) 474-6440," 
""They went above and beyond when finding and Fixing my car problems today!""",https://www.google.com/maps/place/Muffler+Headquarters+Inc/data=!4m7!3m6!1s0x88d90784017f2bcf:0x4158fea04a86fd98!8m2!3d26.0934491!4d-80.2389709!16s%2Fg%2F1th57spr!19sChIJzyt_AYQH2YgRmP2GSqD-WEE?authuser=0&hl=en&rclk=1
"Automotive Repair in Davie, Florida",Complete Auto Body Shop,4.6,11,,Auto body shop,2280 SW 70th Ave Unit #9,26.0904619,-80.2378385,Open,Closes 5 PM,,2025-03-07 13:51:51,(954) 916-0030," 
""Great auto repair shop looking to help you get back on the road.""",https://www.google.com/maps/place/Complete+Auto+Body+Shop/data=!4m7!3m6!1s0x88d9078f25057b7f:0x187ce0574c138928!8m2!3d26.0904619!4d-80.2378385!16s%2Fg%2F11y294zl8h!19sChIJf3sFJY8H2YgRKIkTTFfgfBg?authuser=0&hl=en&rclk=1
"Automotive Repair in Davie, Florida",Pro-Teck Collision & Frame Inc,5.0,56,,Auto body shop,4701 Orange Dr #6,26.067457,-80.2103052,Opens soon,9 AM,,2025-03-07 13:51:52,(954) 587-7685," 
""Great people, fast service and real profesionales, my car looks brand new.""",https://www.google.com/maps/place/Pro-Teck+Collision+%26+Frame+Inc/data=!4m7!3m6!1s0x88d9a9c1f607c78f:0xa688703042b9f64!8m2!3d26.067457!4d-80.2103052!16s%2Fg%2F1tk63x_w!19sChIJj8cH9sGp2YgRZJ8rBAOHaAo?authuser=0&hl=en&rclk=1
"Automotive Repair in Davie, Florida",FL D.S. Motorsports LLC,4.9,62,,Auto repair shop,7001 SW 21st Pl,26.0922697,-80.2392721,Closed,Opens 10 AM,https://www.instagram.com/ds.motorsports/,2025-03-07 13:51:54,(954) 980-3955," 
""Nick knows what he's doing, and all his prices were more than fair.""",https://www.google.com/maps/place/FL+D.S.+Motorsports+LLC/data=!4m7!3m6!1s0x88d907151ad229ef:0xc1dc8ec4bec0c380!8m2!3d26.0922697!4d-80.2392721!16s%2Fg%2F11fhn1gcnn!19sChIJ7ynSGhUH2YgRgMPAvsSO3ME?authuser=0&hl=en&rclk=1
"Automotive Repair in Davie, Florida",Ninja Auto Collision,4.7,20,,Auto body shop,5420 Reese Rd,26.0898578,-80.2192776,Open,Closes 6 PM,,2025-03-07 13:51:55,(754) 701-1675," 
""He was fast and reliable, and my car looks fantastic now.""",https://www.google.com/maps/place/Ninja+Auto+Collision/data=!4m7!3m6!1s0x88d907631bfcb65b:0x87b20a993070fcf0!8m2!3d26.0898578!4d-80.2192776!16s%2Fg%2F11bwbwyl_h!19sChIJW7b8G2MH2YgR8PxwMJkKsoc?authuser=0&hl=en&rclk=1
"Automotive Repair in Davie, Florida",Baez Auto Repair,4.6,143,,Auto repair shop,707 NE 11th St,26.1390384,-80.1355805,Open,Closes 5 PM,http://www.baezautorepair.com/,2025-03-07 13:51:56,(954) 522-2285," 
""Great service, reasonable prices, honest mechanics!""",https://www.google.com/maps/place/Baez+Auto+Repair/data=!4m7!3m6!1s0x88d901af5a573535:0xa6c13c7391734354!8m2!3d26.1390384!4d-80.1355805!16s%2Fg%2F1v3dsy0w!19sChIJNTVXWq8B2YgRVENzkXM8waY?authuser=0&hl=en&rclk=1
"Automotive Repair in Davie, Florida",Triana's Auto Collision,4.6,19,,Auto body shop,2031 SW 70th Ave C-12,26.0937578,-80.2383665,Open,Closes 5 PM,,2025-03-07 13:51:58,(954) 245-8585," 
""The quality of the repairs was top-notch, and my car looks as good as new!""",https://www.google.com/maps/place/Triana%27s+Auto+Collision/data=!4m7!3m6!1s0x88d9078408674293:0x163f1695779c4bfe!8m2!3d26.0937578!4d-80.2383665!16s%2Fg%2F1v44r6c9!19sChIJk0JnCIQH2YgR_kucd5UWPxY?authuser=0&hl=en&rclk=1
"Automotive Repair in Davie, Florida",King James Custom Performance,4.5,54,,Auto repair shop,5410 W State Rd 84 Bay #3,26.0902902,-80.2191908,Opens soon,9 AM,,2025-03-07 13:52:33,(954) 321-1390," 
""Finally an honest, knowledgeable, reasonable price shop.""",https://www.google.com/maps/place/King+James+Custom+Performance/data=!4m7!3m6!1s0x88d9a995c0fd080d:0xadcf97af8039771c!8m2!3d26.0902902!4d-80.2191908!16s%2Fg%2F1tf5fk41!19sChIJDQj9wJWp2YgRHHc5gK-Xz60?authuser=0&hl=en&rclk=1
"Automotive Repair in Davie, Florida",Brads Automotive Repair Inc,4.8(89),89,,Tire shop,2968 Ravenswood Rd # 102,,-80.1708255,Open,Closes 5 PM,,2025-03-07 13:53:57,(954) 321-6388," 
""Very honest, prices reasonable, and friendly staff.""",https://www.google.com/maps/place/Brads+Automotive+Repair+Inc/data=!4m7!3m6!1s0x88d9a9959828ed1d:0xdd13b4cf3fe41edb!8m2!3d26.0850045!4d-80.1708255!16s%2Fg%2F1wc48s2l!19sChIJHe0omJWp2YgR2x7kP8-0E90?authuser=0&hl=en&rclk=1
"Automotive Repair in Davie, Florida",Creative Colors & Concepts Inc,4.9,90,,Auto body shop,7001 SW 21st Pl #4E,26.0922749,-80.2388546,Open,Closes 5 PM,,2025-03-07 13:53:58,(954) 473-8028," 
""They had my car and did a wonderful job fixing it.""",https://www.google.com/maps/place/Creative+Colors+%26+Concepts+Inc/data=!4m7!3m6!1s0x88d90786bf8837b5:0xca1c5bf5456cb6ed!8m2!3d26.0922749!4d-80.2388546!16s%2Fg%2F1v1kqnh_!19sChIJtTeIv4YH2YgR7bZsRfVbHMo?authuser=0&hl=en&rclk=1
"Automotive Repair in Davie, Florida",A1 Paint & Body,3.5,79,,Auto repair shop,5340 Reese Rd,26.0904967,-80.21862,Open,Closes 5 PM,,2025-03-07 13:54:02,(954) 327-7327," 
""Quality work , fixed my sons 2019 challenger twice !!!""",https://www.google.com/maps/place/A1+Paint+%26+Body/data=!4m7!3m6!1s0x88d9077ead2bf80f:0x35856e35da23a0dc!8m2!3d26.0904967!4d-80.21862!16s%2Fg%2F1tgd7b0l!19sChIJD_grrX4H2YgR3KAj2jVuhTU?authuser=0&hl=en&rclk=1
"Automotive Repair in Davie, Florida",Sean's Mobile Auto Care,5.0,12,,Mechanic,,26.1561484,-80.4482804,Open,Closes 6 PM,http://fixmycarquick.com/,2025-03-07 13:54:03,(954) 540-2080," 
""Super convenient, top quality work, and expert customer service.""",https://www.google.com/maps/place/Sean%27s+Mobile+Auto+Care/data=!4m7!3m6!1s0x88d9ab5eab3aae17:0xf86183824287ed36!8m2!3d26.1561484!4d-80.4482804!16s%2Fg%2F11tnldv7j9!19sChIJF646q16r2YgRNu2HQoKDYfg?authuser=0&hl=en&rclk=1
"Automotive Repair in Davie, Florida",European Auto Service,4.2,61,,Auto repair shop,2180 SW 38th St,26.0742801,-80.169975,Open,Closes 5 PM,https://www.europeanautoservicefl.com/,2025-03-07 13:54:04,(954) 316-6444," 
Onsite services",https://www.google.com/maps/place/European+Auto+Service/data=!4m7!3m6!1s0x88d9aa0c32d76051:0xb1590849aab204f0!8m2!3d26.0742801!4d-80.169975!16s%2Fg%2F1tgh8c2s!19sChIJUWDXMgyq2YgR8ASyqkkIWbE?authuser=0&hl=en&rclk=1
"Automotive Repair in Davie, Florida",Empire Tire & Auto Repair,4.6,111,,Tire shop,1879 FL-7,26.0970919,-80.2015835,Open,Closes 6 PM,,2025-03-07 13:54:05,(954) 792-1119," 
""Great service, extremely helpful and reasonable.""",https://www.google.com/maps/place/Empire+Tire+%26+Auto+Repair/data=!4m7!3m6!1s0x88d90744d4d379c3:0xca85dfca6297d36c!8m2!3d26.0970919!4d-80.2015835!16s%2Fg%2F1tfgq5ls!19sChIJw3nT1EQH2YgRbNOXYsrfhco?authuser=0&hl=en&rclk=1
"Automotive Repair in Davie, Florida",Auto Computer Exchange,3.0,185,,Auto repair shop,4670 SW 83rd Terrace,26.0639001,-80.2584856,Open,Closes 5:30 PM,http://www.autocomputerexchange.com/,2025-03-07 13:54:06,(888) 664-8787," 
Curbside pickup",https://www.google.com/maps/place/Auto+Computer+Exchange/data=!4m7!3m6!1s0x88d9a9a43e3db377:0xfc1ce287e7594da9!8m2!3d26.0639001!4d-80.2584856!16s%2Fg%2F1tj7fvv2!19sChIJd7M9PqSp2YgRqU1Z54fiHPw?authuser=0&hl=en&rclk=1
"Automotive Repair in Davie, Florida",Downtown Total Auto & Truck Care & Repair,4.4,135,,Auto repair shop,819 NW 7th Ave,26.1336885,-80.1510421,Open,Closes 6 PM,https://www.facebook.com/Downtowntotalcarcare,2025-03-07 13:54:08,(954) 361-2277," 
Onsite services",https://www.google.com/maps/place/Downtown+Total+Auto+%26+Truck+Care+%26+Repair/data=!4m7!3m6!1s0x88d90107389ec1df:0x967a2d37acffbe4e!8m2!3d26.1336885!4d-80.1510421!16s%2Fg%2F1tghdyk6!19sChIJ38GeOAcB2YgRTr7_rDctepY?authuser=0&hl=en&rclk=1
"Automotive Repair in Davie, Florida",New Era Automotive Inc,4.7,491,,Auto repair shop,2873 NW 21st Ave,26.1620404,-80.171333,Open,Closes 6 PM,http://www.neweraautomotive.net/,2025-03-07 13:54:09,(954) 661-3446," 
""Got me in on short notice and had my car back within a day.""
 
BOOK ONLINE",https://www.google.com/maps/place/New+Era+Automotive+Inc/data=!4m7!3m6!1s0x88d9014b05fe61c7:0xeb21f5e0bfaeb7f7!8m2!3d26.1620404!4d-80.171333!16s%2Fg%2F1xfspjh7!19sChIJx2H-BUsB2YgR97euv-D1Ies?authuser=0&hl=en&rclk=1
"Automotive Repair in Palm Beach Gardens, Florida",Auto Trans M.D.,5.0,146,,Transmission shop,5401 East Ave #1,26.7599376,-80.0682922,Open,Closes 5 PM,//www.googleadservices.com/pagead/aclk?sa=L&ai=DChcSEwi5sNDGj_iLAxV8Fa0GHc7XAzkYABADGgJwdg&co=1&gclid=EAIaIQobChMIubDQxo_4iwMVfBWtBh3O1wM5EBAYASAAEgJegfD_BwE&ohost=www.google.com&cid=CAASEuRo6G7n3s0ENIGXENJCUr0mcw&sig=AOD64_1pCLwzSreMMIvjLc_4ePQ0Wo3udQ&adurl&q&ctype=99,2025-03-07 13:55:19,(561) 316-0057,,https://www.google.com/maps/place/Auto+Trans+M.D./data=!4m7!3m6!1s0x88d8d7acf5141c73:0xf3f4a257ce10117a!8m2!3d26.7599376!4d-80.0682922!16s%2Fg%2F11h1djbzk2!19sChIJcxwU9azX2IgRehEQzlei9PM?authuser=0&hl=en&rclk=1
"Automotive Repair in Palm Beach Gardens, Florida",Palm Beach Motorwerks,4.7,74,,Auto repair shop,4060 Burns Rd,26.8305025,-80.0984637,Open,Closes 5 PM,http://palmbeachmotorwerks.com/,2025-03-07 13:55:25,(561) 627-5333," 
""Their pricing is fair, they work quickly and do great work.""",https://www.google.com/maps/place/Palm+Beach+Motorwerks/data=!4m7!3m6!1s0x88ded555ed472fef:0x51dee417cd418318!8m2!3d26.8305025!4d-80.0984637!16s%2Fg%2F11bw2_c5h9!19sChIJ7y9H7VXV3ogRGINBzRfk3lE?authuser=0&hl=en&rclk=1
"Automotive Repair in Palm Beach Gardens, Florida",Discount Auto Repair & Tire INC,4.9,154,,Auto repair shop,9730 FL A1AAlt,26.8191689,-80.0827927,Open,Closes 6 PM,https://www.discountautorepairtire.com/,2025-03-07 13:55:26,(561) 557-8785," 
""Came in and got it replaced in less than 30 minutes for an affordable price.""",https://www.google.com/maps/place/Discount+Auto+Repair+%26+Tire+INC/data=!4m7!3m6!1s0x88d8d5f9d863171f:0xc47faa16f4438087!8m2!3d26.8191689!4d-80.0827927!16s%2Fg%2F11vc1wyppw!19sChIJHxdj2PnV2IgRh4BD9Baqf8Q?authuser=0&hl=en&rclk=1
"Automotive Repair in Palm Beach Gardens, Florida",All Star Auto Service,4.6,131,,Auto repair shop,1420 10th Ct,26.8057403,-80.0758743,Open,Closes 5 PM,https://allstarautoservice.net/,2025-03-07 13:55:28,(561) 844-1106," 
""Both cars repaired on a timely basis.""",https://www.google.com/maps/place/All+Star+Auto+Service/data=!4m7!3m6!1s0x88d8d53f66d088fb:0xe5d61de8152a5a10!8m2!3d26.8057403!4d-80.0758743!16s%2Fg%2F1thy0lm7!19sChIJ-4jQZj_V2IgREFoqFegd1uU?authuser=0&hl=en&rclk=1
"Automotive Repair in Palm Beach Gardens, Florida","Bill Tyson's Auto Repair, Royal Palm Beach",4.8,"1,076",,Auto repair shop,1213 N State Rd 7 Suite 7,26.7065751,-80.2016755,Open,Closes 6 PM,https://www.billtysonautocenters.com/royal-palm-beach-fl,2025-03-07 13:55:29,(561) 678-0528," 
Onsite services","https://www.google.com/maps/place/Bill+Tyson%27s+Auto+Repair,+Royal+Palm+Beach/data=!4m7!3m6!1s0x88d92ec4fc260f89:0x6db3766828b5746d!8m2!3d26.7065751!4d-80.2016755!16s%2Fg%2F1tfzsqgg!19sChIJiQ8m_MQu2YgRbXS1KGh2s20?authuser=0&hl=en&rclk=1"
"Automotive Repair in Palm Beach Gardens, Florida",Rapid Auto Care,4.5,209,,Auto repair shop,1045 Silver Beach Rd,26.7934916,-80.0724725,Open,Closes 5:30 PM,,2025-03-07 13:55:30,(561) 625-1150," 
""The prices are always reasonable and the repairs are first class.""",https://www.google.com/maps/place/Rapid+Auto+Care/data=!4m7!3m6!1s0x88d8d54ea06ba3c3:0x2c30f9104d580a01!8m2!3d26.7934916!4d-80.0724725!16s%2Fg%2F1tmqg_jr!19sChIJw6NroE7V2IgRAQpYTRD5MCw?authuser=0&hl=en&rclk=1
"Automotive Repair in Palm Beach Gardens, Florida",Master Automotive Center Inc.,5.0,138,,Auto repair shop,849 15th St Suite #4,26.8000258,-80.0821156,Open,Closes 5:30 PM,https://masterautomotivefl.com/,2025-03-07 13:55:31,(561) 644-1292," 
Onsite services",https://www.google.com/maps/place/Master+Automotive+Center+Inc./data=!4m7!3m6!1s0x88d8d5698b2cd38d:0x8baacd46201bdc68!8m2!3d26.8000258!4d-80.0821156!16s%2Fg%2F11b806ph8d!19sChIJjdMsi2nV2IgRaNwbIEbNqos?authuser=0&hl=en&rclk=1
"Automotive Repair in Palm Beach Gardens, Florida",Garden Auto Care,4.8,77,,Auto repair shop,900 Old Dixie Hwy,26.8008356,-80.0771346,Open,Closes 5 PM,,2025-03-07 13:55:32,(561) 249-0094," 
""Fair pricing, quick repairs.""",https://www.google.com/maps/place/Garden+Auto+Care/data=!4m7!3m6!1s0x88d8d56aa06c138d:0xdb1016f39c9e89dd!8m2!3d26.8008356!4d-80.0771346!16s%2Fg%2F11f01tn2kx!19sChIJjRNsoGrV2IgR3YmenPMWENs?authuser=0&hl=en&rclk=1
"Automotive Repair in Palm Beach Gardens, Florida",Master Techs Auto Repair,4.7,478,,Auto repair shop,7808 Okeechobee Blvd,26.707199,-80.1649455,Open,Closes 5:30 PM,https://www.mastertechsautorepair.com/,2025-03-07 13:55:33,(561) 623-7560," 
""Excellent customer service, professional repairs and a great price.""
 
BOOK ONLINE",https://www.google.com/maps/place/Master+Techs+Auto+Repair/data=!4m7!3m6!1s0x88d92916092d13ad:0x99fafedfbe14f656!8m2!3d26.707199!4d-80.1649455!16s%2Fg%2F1vn_zrrj!19sChIJrRMtCRYp2YgRVvYUvt_--pk?authuser=0&hl=en&rclk=1
"Automotive Repair in Palm Beach Gardens, Florida",Palm Beach Auto Care,4.8,36,,Auto repair shop,6557 Garden Rd #6,26.7734146,-80.0952657,Closed,Opens 9:30 AM,,2025-03-07 13:55:34,(561) 429-5520," 
Onsite services",https://www.google.com/maps/place/Palm+Beach+Auto+Care/data=!4m7!3m6!1s0x88d8d5518a6791cf:0x17c43ef151e02eb7!8m2!3d26.7734146!4d-80.0952657!16s%2Fg%2F11j1bn5dls!19sChIJz5FnilHV2IgRty7gUfE-xBc?authuser=0&hl=en&rclk=1
"Automotive Repair in Palm Beach Gardens, Florida",Auto Repair Pros West Palm Beach,4.8,317,,Auto repair shop,2188 N Military Trl Ste A,26.7095097,-80.1106459,Open,Closes 6 PM,https://autorepairpros.com/loc/west-palm-beach/,2025-03-07 13:55:35,(561) 529-9463," 
""From the price, professionalism and quality of repair.""
 
BOOK ONLINE",https://www.google.com/maps/place/Auto+Repair+Pros+West+Palm+Beach/data=!4m7!3m6!1s0x88d929fb0655d2c3:0xb23229e768ded3dd!8m2!3d26.7095097!4d-80.1106459!16s%2Fg%2F11l728wqlq!19sChIJw9JVBvsp2YgR3dPeaOcpMrI?authuser=0&hl=en&rclk=1
"Automotive Repair in Palm Beach Gardens, Florida",Shel's Auto Repair,4.6,33,,Auto repair shop,9393 FL A1AAlt,26.8143795,-80.079484,Open,Closes 6 PM,,2025-03-07 13:55:36,(561) 685-0982," 
""I pulled up and he fixed me up in about ten minutes and had me on my way.""",https://www.google.com/maps/place/Shel%27s+Auto+Repair/data=!4m7!3m6!1s0x88d92a87a2aa8d5f:0x9d1ed28e4520d01f!8m2!3d26.8143795!4d-80.079484!16s%2Fg%2F1tgny06y!19sChIJX42qoocq2YgRH9AgRY7SHp0?authuser=0&hl=en&rclk=1
"Automotive Repair in Palm Beach Gardens, Florida",Realistic Auto Repair Lake Park,5.0,229,,Auto repair shop,1360 Old Dixie Hwy,26.8051966,-80.0782265,Open,Closes 5 PM,http://www.realisticshop.com/,2025-03-07 13:55:38,(561) 863-5248," 
Onsite services",https://www.google.com/maps/place/Realistic+Auto+Repair+Lake+Park/data=!4m7!3m6!1s0x88d8d51709bd82e1:0xb38fa44c5aa18e8!8m2!3d26.8051966!4d-80.0782265!16s%2Fg%2F11h3g3t9k7!19sChIJ4YK9CRfV2IgR6BiqxUT6OAs?authuser=0&hl=en&rclk=1
"Automotive Repair in Palm Beach Gardens, Florida",Vinnie's Auto & Truck Repair,4.9,144,,Auto repair shop,815 14th St,26.7990571,-80.0803626,Open,Closes 6 PM,http://www.vinniesautotruck.com/,2025-03-07 13:55:40,(561) 881-4547," 
""The boys at Vinnie's fixed the problem and the VW is running like new.""",https://www.google.com/maps/place/Vinnie%27s+Auto+%26+Truck+Repair/data=!4m7!3m6!1s0x88d8d54123e973d3:0x54d871b0e2ae1d7e!8m2!3d26.7990571!4d-80.0803626!16s%2Fg%2F1tdwwgyt!19sChIJ03PpI0HV2IgRfh2u4rBx2FQ?authuser=0&hl=en&rclk=1
"Automotive Repair in Palm Beach Gardens, Florida",Firestone Complete Auto Care,4.3,290,,Tire shop,541 Northlake Blvd,26.808111,-80.0636545,Open,Closes 7 PM,https://www.firestonecompleteautocare.com/florida/north-palm-beach/541-northlake-blvd/?utm_source=google&utm_medium=organic&utm_campaign=localmaps&cmp=oloc_google_localmaps_maps,2025-03-07 13:55:41,(561) 246-4946," 
In-store shopping
·
Curbside pickup
 
BOOK ONLINE",https://www.google.com/maps/place/Firestone+Complete+Auto+Care/data=!4m7!3m6!1s0x88d8d524c4942f43:0x4afa12d3dcfd1cf!8m2!3d26.808111!4d-80.0636545!16s%2Fg%2F1wk6_kj3!19sChIJQy-UxCTV2IgRz9HPPS2hrwQ?authuser=0&hl=en&rclk=1
"Automotive Repair in Palm Beach Gardens, Florida",Kemco Tire and Auto,4.7,144,,Tire shop,7200 N Military Trl,26.7821714,-80.1069199,Open,Closes 5 PM,http://kemcotire.com/,2025-03-07 13:55:42,(561) 848-4885," 
""They do good work at a fare price.""",https://www.google.com/maps/place/Kemco+Tire+and+Auto/data=!4m7!3m6!1s0x88d92a87ab2529bf:0xd89768b432467cb3!8m2!3d26.7821714!4d-80.1069199!16s%2Fg%2F1thxlw6v!19sChIJvyklq4cq2YgRs3xGMrRol9g?authuser=0&hl=en&rclk=1
"Automotive Repair in Palm Beach Gardens, Florida",North Palm Japanese Auto,5.0,135,,Auto repair shop,802 Old Dixie Hwy STE 5,26.7992294,-80.0753569,Open,Closes 5:30 PM,http://northpalmjapaneseauto.com/,2025-03-07 13:55:43,(561) 844-0600," 
""Friendly service, honest guys, fair price, quick turn around.""",https://www.google.com/maps/place/North+Palm+Japanese+Auto/data=!4m7!3m6!1s0x88d8d5154a711b5f:0xe2e8b4de0eb290b0!8m2!3d26.7992294!4d-80.0753569!16s%2Fg%2F1td33vgv!19sChIJXxtxShXV2IgRsJCyDt606OI?authuser=0&hl=en&rclk=1
"Automotive Repair in Palm Beach Gardens, Florida",The Palm Beach Garage,4.7,90,,Auto repair shop,1137 53rd Ct N,26.7594509,-80.0687942,Open,Closes 5 PM,https://thepalmbeachgarage.com/?utm_source=google&utm_medium=organic&utm_campaign=gmb,2025-03-07 13:55:44,(561) 223-3984," 
""It was done in a very timely manner and the cost was very reasonable.""",https://www.google.com/maps/place/The+Palm+Beach+Garage/data=!4m7!3m6!1s0x88d8d655313b8a99:0xb07a62c9da1eeadd!8m2!3d26.7594509!4d-80.0687942!16s%2Fg%2F1ttq2x84!19sChIJmYo7MVXW2IgR3eoe2slierA?authuser=0&hl=en&rclk=1
"Automotive Repair in Palm Beach Gardens, Florida",Angel's Autocare Center,4.8,193,,Auto repair shop,1100 53rd Ct S,26.7570098,-80.0684426,Open,Closes 5 PM,http://www.angelsautocare.com/,2025-03-07 13:55:46,(561) 844-1713," 
""Great service, quality work, fair pricing.""",https://www.google.com/maps/place/Angel%27s+Autocare+Center/data=!4m7!3m6!1s0x88d8d50833b39189:0xad2d139019655835!8m2!3d26.7570098!4d-80.0684426!16s%2Fg%2F1thpxmld!19sChIJiZGzMwjV2IgRNVhlGZATLa0?authuser=0&hl=en&rclk=1
"Automotive Repair in Palm Beach Gardens, Florida",Pete's Auto Repair,4.9,78,,Auto repair shop,4349 Okeechobee Blvd Bay E-3,26.7093452,-80.1082301,Open,Closes 5 PM,http://www.petesautorepairwpb.com/,2025-03-07 13:55:47,(561) 478-2885," 
""Fixed my A/C (belt) the same day and was ready by 5pm!""",https://www.google.com/maps/place/Pete%27s+Auto+Repair/data=!4m7!3m6!1s0x88d929dd2746f073:0xcb203db240e580f6!8m2!3d26.7093452!4d-80.1082301!16s%2Fg%2F113hj8756!19sChIJc_BGJ90p2YgR9oDlQLI9IMs?authuser=0&hl=en&rclk=1
"Automotive Repair in Palm Beach Gardens, Florida",Braun Autowerkes,5.0,208,,Auto repair shop,1392 N Killian Dr #5,26.8052208,-80.0804175,Open,Closes 5 PM,https://braunautowerkes.com/,2025-03-07 13:55:48,(561) 783-6632," 
Onsite services",https://www.google.com/maps/place/Braun+Autowerkes/data=!4m7!3m6!1s0x88d8d5414204b9dd:0xc008bbd2d56d74d4!8m2!3d26.8052208!4d-80.0804175!16s%2Fg%2F1q2w3km89!19sChIJ3bkEQkHV2IgR1HRt1dK7CMA?authuser=0&hl=en&rclk=1
"Automotive Repair in Palm Beach Gardens, Florida",Palm Beach Performance,4.8,165,,Auto repair shop,1761 Latham Rd,26.7025488,-80.0825524,Open,Closes 5:30 PM,https://palmbeachperformance.net/,2025-03-07 13:55:53,(561) 932-8840," 
""They quickly diagnosed my transmission issue and repaired my car perfectly.""",https://www.google.com/maps/place/Palm+Beach+Performance/data=!4m7!3m6!1s0x88d8d63c0bc2b837:0xc74bbe4b811f04bd!8m2!3d26.7025488!4d-80.0825524!16s%2Fg%2F1hf2pqkkm!19sChIJN7jCCzzW2IgRvQQfgUu-S8c?authuser=0&hl=en&rclk=1
"Automotive Repair in Palm Beach Gardens, Florida",Good Guys Auto Repair LLC,4.9,43,,Auto repair shop,1700 Avenue L,26.777737,-80.0672481,Open,Closes 5:30 PM,http://www.goodguysautorepair.com/,2025-03-07 13:55:55,(561) 631-8898," 
""They fixed my car in a timely service with great customer service.""",https://www.google.com/maps/place/Good+Guys+Auto+Repair+LLC/data=!4m7!3m6!1s0x88d8d5abced991dd:0x1184fdaa56cbe8a6!8m2!3d26.777737!4d-80.0672481!16s%2Fg%2F11szbr31rb!19sChIJ3ZHZzqvV2IgRpujLVqr9hBE?authuser=0&hl=en&rclk=1
"Automotive Repair in Palm Beach Gardens, Florida",Elite Auto Repair,4.5,101,,Auto repair shop,1260 Plaza Cir,26.7836622,-80.0356552,Open,Closes 5 PM,https://www.eliteautorepair.org/,2025-03-07 13:55:57,(561) 727-8959," 
""The price was very reasonable and the repair was done within a day!""",https://www.google.com/maps/place/Elite+Auto+Repair/data=!4m7!3m6!1s0x88d8d57835be72f9:0xb9f6422817d27bc2!8m2!3d26.7836622!4d-80.0356552!16s%2Fg%2F11ry2ypyrf!19sChIJ-XK-NXjV2IgRwnvSFyhC9rk?authuser=0&hl=en&rclk=1
"Automotive Repair in Palm Beach Gardens, Florida",Affordable Auto Repair and Tires,4.5,171,,Auto repair shop,2191 Indian Rd,26.7095059,-80.1045987,Open,Closes 5 PM,https://affordableautorepairandtires.com/,2025-03-07 13:55:59,(561) 478-5434," 
""Fast, nice, great service and affordable.""",https://www.google.com/maps/place/Affordable+Auto+Repair+and+Tires/data=!4m7!3m6!1s0x88d929ddf61622f7:0xef4eac72a05f55aa!8m2!3d26.7095059!4d-80.1045987!16s%2Fg%2F12612_70d!19sChIJ9yIW9t0p2YgRqlVfoHKsTu8?authuser=0&hl=en&rclk=1
"Automotive Repair in Palm Beach Gardens, Florida",ATO Auto Repair,4.6,102,,Auto repair shop,6525 Southern Blvd #9,26.6806582,-80.1466621,Open,Closes 5 PM,https://www.autorepairwestpalmbeach.com/,2025-03-07 13:56:00,(561) 683-7704," 
""They made room for me that day and repaired my issue by 4:30 the same day.""",https://www.google.com/maps/place/ATO+Auto+Repair/data=!4m7!3m6!1s0x88d928e5eb887f4d:0xbf5345516cbacb11!8m2!3d26.6806582!4d-80.1466621!16s%2Fg%2F1tjrqs89!19sChIJTX-I6-Uo2YgREcu6bFFFU78?authuser=0&hl=en&rclk=1
"Automotive Repair in Palm Beach Gardens, Florida",Restore Automotive Works,4.3,36,,Auto repair shop,1408 N Killian Dr Suite 111,26.805144,-80.081706,Opens soon,9 AM,,2025-03-07 13:56:01,," 
""My car needed work immediately and he fixed it in a timely manner.""",https://www.google.com/maps/place/Restore+Automotive+Works/data=!4m7!3m6!1s0x88d8d5663b28c0d9:0x54337c23d03acf82!8m2!3d26.805144!4d-80.081706!16s%2Fg%2F11t15hz429!19sChIJ2cAoO2bV2IgRgs860CN8M1Q?authuser=0&hl=en&rclk=1
"Automotive Repair in Palm Beach Gardens, Florida",OA Auto Repairs,5.0,105,,Auto repair shop,7153 Southern Blvd A17,26.6806125,-80.1598222,Open,Closes 5 PM,https://oaautorepairs.com/,2025-03-07 13:56:02,(561) 633-9405," 
Onsite services",https://www.google.com/maps/place/OA+Auto+Repairs/data=!4m7!3m6!1s0x88d9295636612313:0xefb244d556ae2dd4!8m2!3d26.6806125!4d-80.1598222!16s%2Fg%2F11kk521drh!19sChIJEyNhNlYp2YgR1C2uVtVEsu8?authuser=0&hl=en&rclk=1
"Automotive Repair in Palm Beach Gardens, Florida",Palm Beach Prestige Auto,4.9,53,,Auto repair shop,2100 N Dixie Hwy,26.7324925,-80.0526738,Open,Closes 5 PM,http://prestigeautopb.com/,2025-03-07 13:56:03,(561) 832-7800," 
""Great service experience, quality work and fair pricing...""",https://www.google.com/maps/place/Palm+Beach+Prestige+Auto/data=!4m7!3m6!1s0x88d8d42b25d8bc4f:0x4ca5f0bd16e76114!8m2!3d26.7324925!4d-80.0526738!16s%2Fg%2F1tj46pzz!19sChIJT7zYJSvU2IgRFGHnFr3wpUw?authuser=0&hl=en&rclk=1
"Automotive Repair in Palm Beach Gardens, Florida",Pep Boys,3.7,751,,Tire shop,3169 Northlake Blvd,26.809125,-80.085019,Open,Closes 7 PM,https://pepboys.com/stores/fl/palm-beach-gardens/3169-northlake-blvd?storeCode=0285,2025-03-07 13:56:04,(561) 881-8744," 
""Great customer service and my car was fixed and on the road very quickly.""
 
BOOK ONLINE",https://www.google.com/maps/place/Pep+Boys/data=!4m7!3m6!1s0x88d8d544f202e037:0x456c48456af251e1!8m2!3d26.809125!4d-80.085019!16s%2Fg%2F1tmpfqv0!19sChIJN-AC8kTV2IgR4VHyakVIbEU?authuser=0&hl=en&rclk=1
"Automotive Repair in Palm Beach Gardens, Florida",Royal Palm Auto Spa,4.7,177,,Auto repair shop,11503 Southern Blvd,26.6815712,-80.2283277,Open,Closes 5:30 PM,http://www.royalpalmautospa.com/,2025-03-07 13:56:05,(561) 784-7116," 
""They performed the repair in a timely manner and a reasonable price.""",https://www.google.com/maps/place/Royal+Palm+Auto+Spa/data=!4m7!3m6!1s0x88d92f08ea6f3c2f:0x80898696ce56a181!8m2!3d26.6815712!4d-80.2283277!16s%2Fg%2F1tdch4vf!19sChIJLzxv6ggv2YgRgaFWzpaGiYA?authuser=0&hl=en&rclk=1
"Automotive Repair in Palm Beach Gardens, Florida","D and R Automotive Specialties, Inc.",4.9,94,,Auto repair shop,3651 Prospect Ave,26.7905803,-80.0930023,Open,Closes 5 PM,http://dandrautomotive.net/,2025-03-07 13:56:07,(561) 842-6192," 
Onsite services","https://www.google.com/maps/place/D+and+R+Automotive+Specialties,+Inc./data=!4m7!3m6!1s0x88d8d57cb34ca249:0xe292b989c1487f18!8m2!3d26.7905803!4d-80.0930023!16s%2Fg%2F1s04dqk_7!19sChIJSaJMs3zV2IgRGH9IwYm5kuI?authuser=0&hl=en&rclk=1"
"Automotive Repair in Palm Beach Gardens, Florida",Mobile Mechanic Jupiter and Palm Beach Gardens,4.5,87,,Car repair and maintenance service,,26.8076501,-80.1561305,Open,Closes 7:30 PM,,2025-03-07 13:56:08,(561) 313-8223," 
""He diagnosed the problem on my outboard and fixed it quickly.""",https://www.google.com/maps/place/Mobile+Mechanic+Jupiter+and+Palm+Beach+Gardens/data=!4m7!3m6!1s0x88ded56447e61ad9:0x2a35fa85e259cb32!8m2!3d26.8076501!4d-80.1561305!16s%2Fg%2F11r2rg36_x!19sChIJ2RrmR2TV3ogRMstZ4oX6NSo?authuser=0&hl=en&rclk=1
"Automotive Repair in Palm Beach Gardens, Florida",Foreign Auto Services,4.9,624,,Auto repair shop,3400 Broadway A,26.7899723,-80.0540924,Open,Closes 5 PM,https://foreignautoservices.com/,2025-03-07 13:56:09,(561) 468-6372," 
Onsite services
 
BOOK ONLINE",https://www.google.com/maps/place/Foreign+Auto+Services/data=!4m7!3m6!1s0x88d8d51d7b024439:0x9753e1f2e01ac9fe!8m2!3d26.7899723!4d-80.0540924!16s%2Fg%2F1thksh4h!19sChIJOUQCex3V2IgR_ska4PLhU5c?authuser=0&hl=en&rclk=1
"Automotive Repair in Palm Beach Gardens, Florida",Adrian’s Automotive Repair,4.5,117,,Auto repair shop,3025 Windsor Ave,26.7409973,-80.0645154,Open,Closes 8 PM,https://www.adriansautos.com/,2025-03-07 13:56:11,(561) 628-6578," 
""He came in 20 mins and started my engine so I can drive in 10 minutes.""",https://www.google.com/maps/place/Adrian%E2%80%99s+Automotive+Repair/data=!4m7!3m6!1s0x88d8d5abfeb87935:0x28a4f0f69d5eada3!8m2!3d26.7409973!4d-80.0645154!16s%2Fg%2F11h7b1n755!19sChIJNXm4_qvV2IgRo61enfbwpCg?authuser=0&hl=en&rclk=1
"Automotive Repair in Palm Beach Gardens, Florida",Midas,4.7,277,,Auto repair shop,806 Northlake Blvd,26.8075077,-80.0695776,Open,Closes 6 PM,https://www.midas.com/store/fl/lake-park/806-northlake-blvd-33403?shopnum=3701&utm_source=google&utm_medium=maps&utm_campaign=google+maps&y_source=1_MTE5NDc5NjAtNzE1LWxvY2F0aW9uLndlYnNpdGU%3D,2025-03-07 13:56:12,(561) 507-1148," 
Onsite services
 
BOOK ONLINE",https://www.google.com/maps/place/Midas/data=!4m7!3m6!1s0x88d8d5d87d2bd335:0xdc576605afe6cb42!8m2!3d26.8075077!4d-80.0695776!16s%2Fg%2F1vg_dnfm!19sChIJNdMrfdjV2IgRQsvmrwVmV9w?authuser=0&hl=en&rclk=1
"Automotive Repair in Palm Beach Gardens, Florida",E & L Auto & 4x4,4.7,27,,Auto repair shop,804 olddixie hwy suit 6 and7,26.799357,-80.0760965,Open,Closes 5 PM,,2025-03-07 13:56:13,(561) 863-7090," 
""great work with cost-effective labor.""",https://www.google.com/maps/place/E+%26+L+Auto+%26+4x4/data=!4m7!3m6!1s0x88d8d540a9b21ac1:0x327e88201e0b67b4!8m2!3d26.799357!4d-80.0760965!16s%2Fg%2F1thz2g25!19sChIJwRqyqUDV2IgRtGcLHiCIfjI?authuser=0&hl=en&rclk=1
"Automotive Repair in Palm Beach Gardens, Florida",Meineke Car Care Center,4.6,513,,Auto repair shop,1201 Royal Palm Beach Blvd Suite #1,26.7088597,-80.2300305,Open,Closes 5 PM,https://www.meineke.com/locations/fl/royal-palm-beach-2470/?utm_source=google&utm_medium=organic&utm_campaign=gbp_website,2025-03-07 13:56:14,(561) 855-1944," 
""Set the appointment, brought the vehicle in, and they fixed it promptly.""",https://www.google.com/maps/place/Meineke+Car+Care+Center/data=!4m7!3m6!1s0x88d92fb5b5d1117f:0x67624175e4ada5f3!8m2!3d26.7088597!4d-80.2300305!16s%2Fg%2F11hz_58yy0!19sChIJfxHRtbUv2YgR86Wt5HVBYmc?authuser=0&hl=en&rclk=1
"Automotive Repair in Palm Beach Gardens, Florida",J.T.'s Auto Repair,4.8,57,,Auto repair shop,950 Old Dixie Hwy,26.8012279,-80.077321,Open,Closes 5 PM,http://www.jtsautorepair.com/,2025-03-07 13:56:16,(561) 848-6748," 
""Great service, the owners are very knowledgeable and honest.""",https://www.google.com/maps/place/J.T.%27s+Auto+Repair/data=!4m7!3m6!1s0x88d8d540216634a5:0x2e32b721798cdf1f!8m2!3d26.8012279!4d-80.077321!16s%2Fg%2F1tdwqx34!19sChIJpTRmIUDV2IgRH9-MeSG3Mi4?authuser=0&hl=en&rclk=1
"Automotive Repair in Palm Beach Gardens, Florida",Tires Plus,3.9,377,,Tire shop,8990 N Military Trl,26.8078027,-80.1059974,Open,Closes 7 PM,https://www.tiresplus.com/florida/west-palm-beach/8990-n-military-tr/?utm_source=google&utm_medium=organic&utm_campaign=localmaps&cmp=oloc_google_localmaps_maps,2025-03-07 13:56:17,(561) 232-6107," 
""We were in and out with a tire repair in half an hour.""
 
BOOK ONLINE",https://www.google.com/maps/place/Tires+Plus/data=!4m7!3m6!1s0x88d92aa3a13abc81:0x22d0d4f6d2dcf6db!8m2!3d26.8078027!4d-80.1059974!16s%2Fg%2F1thsb4hp!19sChIJgbw6oaMq2YgR2_bc0vbU0CI?authuser=0&hl=en&rclk=1
"Automotive Repair in Palm Beach Gardens, Florida",Economical Automotive,4.9,30,,Auto repair shop,902 Old Dixie Hwy #1,26.8010177,-80.0769886,Open,Closes 5 PM,https://economicalautomotivefl.com/,2025-03-07 13:56:18,(561) 848-8539," 
Onsite services",https://www.google.com/maps/place/Economical+Automotive/data=!4m7!3m6!1s0x88d8d5401f8cd5b7:0xdf99f97535275c8!8m2!3d26.8010177!4d-80.0769886!16s%2Fg%2F1tjrqs2k!19sChIJt9WMH0DV2IgRyHVSU5ef-Q0?authuser=0&hl=en&rclk=1
"Automotive Repair in Palm Beach Gardens, Florida",Mobile mechanic,5.0,8,,Auto repair shop,283 Spring Cir,26.7973199,-80.1024678,Opens soon,9 AM,,2025-03-07 13:56:22,(561) 543-6773," 
""He diagnosed the problem and fixed it at an extremely reasonable price.""",https://www.google.com/maps/place/Mobile+mechanic/data=!4m7!3m6!1s0x88d92bbe5f3fad05:0x90c95644dba6ac56!8m2!3d26.7973199!4d-80.1024678!16s%2Fg%2F11sh0mmdnv!19sChIJBa0_X74r2YgRVqym20RWyZA?authuser=0&hl=en&rclk=1
"Automotive Repair in Palm Beach Gardens, Florida",ARS Auto Repair Service,4.8,38,,Auto repair shop,990 Old Dixie Hwy,26.8015171,-80.0782788,Open,Closes 5 PM,https://ars-autorepairservice.com/,2025-03-07 13:56:26,(561) 340-9481," 
""I had my engine replaced and they had it done in a timely manner.""",https://www.google.com/maps/place/ARS+Auto+Repair+Service/data=!4m7!3m6!1s0x88d8d5ebe1b5a4ab:0x21eabf7285b98fa5!8m2!3d26.8015171!4d-80.0782788!16s%2Fg%2F11rn23snkt!19sChIJq6S14evV2IgRpY-5hXK_6iE?authuser=0&hl=en&rclk=1
"Automotive Repair in Palm Beach Gardens, Florida",East Coast Automotive Services,4.9,229,,Auto repair shop,134 Fern St Unit B,26.9357363,-80.0953506,Open,Closes 5 PM,https://eastcoastautoservicejupiter.com/,2025-03-07 13:56:27,(561) 743-1178," 
Onsite services",https://www.google.com/maps/place/East+Coast+Automotive+Services/data=!4m7!3m6!1s0x88df29e22cc5c175:0x95eac4b378001e62!8m2!3d26.9357363!4d-80.0953506!16s%2Fg%2F1tgs1rm6!19sChIJdcHFLOIp34gRYh4AeLPE6pU?authuser=0&hl=en&rclk=1
"Automotive Repair in Palm Beach Gardens, Florida",Ron's Complete Auto Repair,5.0,20,,Auto repair shop,950 Old Dixie Hwy #2,26.8011767,-80.077747,Open,Closes 4 PM,,2025-03-07 13:56:29,(561) 848-6662," 
""Great mechanic will reasonable prices.""",https://www.google.com/maps/place/Ron%27s+Complete+Auto+Repair/data=!4m7!3m6!1s0x88d8d547517e7429:0xd7e3adcf466e3462!8m2!3d26.8011767!4d-80.077747!16s%2Fg%2F1td390v2!19sChIJKXR-UUfV2IgRYjRuRs-t49c?authuser=0&hl=en&rclk=1
"Automotive Repair in Palm Beach Gardens, Florida","AGC Auto Mechanics, LLC",4.9,78,,Auto repair shop,4670 Gardenette St,26.6677386,-80.115306,Open,Closes 7:30 PM,,2025-03-07 13:56:30,(561) 714-7594," 
""They got me in and out in no time and got me back on the road!""","https://www.google.com/maps/place/AGC+Auto+Mechanics,+LLC/data=!4m7!3m6!1s0x88d929661e6f3c89:0xf3d060cf6a358d9a!8m2!3d26.6677386!4d-80.115306!16s%2Fg%2F11ndy2s82h!19sChIJiTxvHmYp2YgRmo01as9g0PM?authuser=0&hl=en&rclk=1"
"Automotive Repair in Palm Beach Gardens, Florida",Vic's Auto Care,4.8,61,,Auto repair shop,1033 Silver Beach Rd Bay 68,26.7921711,-80.0697911,Open,Closes 4 PM,https://www.instagram.com/vicsautocareinc/,2025-03-07 13:56:31,(561) 225-9203," 
Onsite services",https://www.google.com/maps/place/Vic%27s+Auto+Care/data=!4m7!3m6!1s0x88d8d5082ca69103:0xe6ba06956fa0d3da!8m2!3d26.7921711!4d-80.0697911!16s%2Fg%2F11b6sy68mz!19sChIJA5GmLAjV2IgR2tOgb5UGuuY?authuser=0&hl=en&rclk=1
"Automotive Repair in Palm Beach Gardens, Florida",Eurotech,4.8,66,,Auto repair shop,2354 N Military Trl #212,26.7121197,-80.1096318,Open,Closes 5 PM,https://www.eurotechofpalmbeach.com/,2025-03-07 13:56:32,(561) 206-2015,"  ""I was in town when I had  problem with the car and they fixed it.""",https://www.google.com/maps/place/Eurotech/data=!4m7!3m6!1s0x88d929e85d54644b:0x7786979955da1072!8m2!3d26.7121197!4d-80.1096318!16s%2Fg%2F1tfm27q9!19sChIJS2RUXegp2YgRchDaVZmXhnc?authuser=0&hl=en&rclk=1
"Automotive Repair in Palm Beach Gardens, Florida",Foreign Auto Specialists,4.8,106,,Auto repair shop,8446 Belvedere Rd,26.6914802,-80.1815834,Opens soon,9 AM,http://fasautos.com/,2025-03-07 13:56:34,(561) 290-6300," 
""... goes above and beyond to diagnose and fix the issue with my car.""
 
BOOK ONLINE",https://www.google.com/maps/place/Foreign+Auto+Specialists/data=!4m7!3m6!1s0x88d92927ee1ebb59:0x5ebfd821a5980f61!8m2!3d26.6914802!4d-80.1815834!16s%2Fg%2F1tj53d8_!19sChIJWbse7icp2YgRYQ-YpSHYv14?authuser=0&hl=en&rclk=1
"Automotive Repair in Palm Beach Gardens, Florida","Len's Mobile Auto Repair - Auto Repair Shop, Car and Brake Repair in Loxahatchee FL",4.8,66,,Car repair and maintenance service,,26.7922928,-80.4301795,Opens soon,9 AM,https://lensmobileautorepair.info/,2025-03-07 13:56:35,(561) 316-9635," 
""Len fixed my car right, fast at fair price.""","https://www.google.com/maps/place/Len%27s+Mobile+Auto+Repair+-+Auto+Repair+Shop,+Car+and+Brake+Repair+in+Loxahatchee+FL/data=!4m7!3m6!1s0x88d92d700afbaf03:0x9ea810a992b80ae7!8m2!3d26.7922928!4d-80.4301795!16s%2Fg%2F1tvm3kk1!19sChIJA6_7CnAt2YgR5wq4kqkQqJ4?authuser=0&hl=en&rclk=1"
"Automotive Repair in Palm Beach Gardens, Florida",Quick Lane Auto Center | West Palm Beach,4.4,97,,Car repair and maintenance service,1209 Northlake Blvd,26.8090041,-80.078413,Open,Closes 6 PM,https://mullinaxfordwestpalm.com/quick-lane?utm_source=google&utm_medium=organic&utm_campaign=my-business_quicklane&utm_content=website-button,2025-03-07 13:56:36,(855) 912-8568," 
""Great service .they took my car on time and did a good job.""",https://www.google.com/maps/place/Quick+Lane+Auto+Center+%7C+West+Palm+Beach/data=!4m7!3m6!1s0x88d8d5470337210d:0x87f0b69d0ed15c38!8m2!3d26.8090041!4d-80.078413!16s%2Fg%2F11g8vxl35r!19sChIJDSE3A0fV2IgROFzRDp228Ic?authuser=0&hl=en&rclk=1
"Automotive Repair in Palm Beach Gardens, Florida",Why Go To the Dealer,4.7,163,,Auto repair shop,4201 W Blue Heron Blvd,26.7830336,-80.1060978,Open,Closes 5 PM,http://whygotothedealer.net/,2025-03-07 13:56:37,(561) 682-3748," 
Onsite services",https://www.google.com/maps/place/Why+Go+To+the+Dealer/data=!4m7!3m6!1s0x88d8d6395a0bd7f1:0x13020d91f48443dd!8m2!3d26.7830336!4d-80.1060978!16s%2Fg%2F1hc4px89j!19sChIJ8dcLWjnW2IgR3UOE9JENAhM?authuser=0&hl=en&rclk=1
"Automotive Repair in Palm Beach Gardens, Florida",Z's Mobile Auto Repair East,No reviews,,,Mechanic,2555 PGA Blvd #40,26.8474343,-80.0756335,Open,Closes 6 PM,,2025-03-07 13:56:38,(561) 351-1690," 
Onsite services not available",https://www.google.com/maps/place/Z%27s+Mobile+Auto+Repair+East/data=!4m7!3m6!1s0x88df2be4973f15f7:0xc2ace3232d91180c!8m2!3d26.8474343!4d-80.0756335!16s%2Fg%2F11wcb7r6n4!19sChIJ9xU_l-Qr34gRDBiRLSPjrMI?authuser=0&hl=en&rclk=1
"Automotive Repair in Palm Beach Gardens, Florida",Brake World,4.6,251,,Auto repair shop,1213 N State Rd 7,26.7067525,-80.2016541,Open,Closes 5:30 PM,http://westpalmbeachautorepairs.com/,2025-03-07 13:56:39,(561) 798-3949," 
""They got me in right away & my car was ready in less than 4 hours.""",https://www.google.com/maps/place/Brake+World/data=!4m7!3m6!1s0x88d92ec4e85b99bf:0x95499de6362a82c4!8m2!3d26.7067525!4d-80.2016541!16s%2Fg%2F1v96mlh9!19sChIJv5lb6MQu2YgRxIIqNuadSZU?authuser=0&hl=en&rclk=1
"Automotive Repair in Palm Beach Gardens, Florida",P & J's Automotive,4.7,63,,Auto repair shop,1781 Latham Rd,26.7028583,-80.0826294,Open,Closes 5 PM,https://www.pandjautorepair.com/,2025-03-07 13:56:41,(561) 686-8488," 
""Fast, affordable, knowledgeable and very polite.""",https://www.google.com/maps/place/P+%26+J%27s+Automotive/data=!4m7!3m6!1s0x88d8d63c1274749f:0x79ad064c8e95ae2e!8m2!3d26.7028583!4d-80.0826294!16s%2Fg%2F1tgff4m2!19sChIJn3R0EjzW2IgRLq6VjkwGrXk?authuser=0&hl=en&rclk=1
"Automotive Repair in Palm Beach Gardens, Florida",Jonny Auto / Auto repair & Tire,4.7,80,,Auto repair shop,7153 Southern Blvd B,26.6805353,-80.1598834,Open,Closes 6 PM,http://facebook.com/jonnyautodeals,2025-03-07 13:56:42,(561) 249-9041," 
""They welded my muffler pipes back to almost new.""",https://www.google.com/maps/place/Jonny+Auto+%2F+Auto+repair+%26+Tire/data=!4m7!3m6!1s0x88d928e6775c8c19:0xa736c82a8b512fdf!8m2!3d26.6805353!4d-80.1598834!16s%2Fg%2F11g6nbsxxk!19sChIJGYxcd-Yo2YgR3y9RiyrINqc?authuser=0&hl=en&rclk=1
"Automotive Repair in Palm Beach Gardens, Florida",A & J Auto Care,4.6,58,,Auto repair shop,4401 Annette St,26.7135775,-80.1090881,Open,Closes 5 PM,https://www.ajautocarepro.com/,2025-03-07 13:56:44,(561) 697-8484," 
""Awesome service & reasonable price!!""",https://www.google.com/maps/place/A+%26+J+Auto+Care/data=!4m7!3m6!1s0x88d929e85d5e19b5:0xbe076f05d0b6ce7e!8m2!3d26.7135775!4d-80.1090881!16s%2Fg%2F1hc8jdwj3!19sChIJtRleXegp2YgRfs620AVvB74?authuser=0&hl=en&rclk=1
"Automotive Repair in Palm Beach Gardens, Florida",JPR Auto Repair,4.9,35,,Auto repair shop,1210 Gateway Rd Unit 10,26.803169,-80.0791324,Opens soon,9 AM,,2025-03-07 13:56:45,(561) 720-0763," 
""They have great service and reasonable price 👍""",https://www.google.com/maps/place/JPR+Auto+Repair/data=!4m7!3m6!1s0x88d8d5b9f91ac54d:0xdb077d893e6f36a4!8m2!3d26.803169!4d-80.0791324!16s%2Fg%2F11j0hs_w47!19sChIJTcUa-bnV2IgRpDZvPol9B9s?authuser=0&hl=en&rclk=1
"Automotive Repair in Palm Beach Gardens, Florida",European Auto Clinic,4.4,29,,Auto repair shop,4201 W Blue Heron Blvd,26.7830336,-80.1060978,Open,Closes 5:30 PM,,2025-03-07 13:56:46,(561) 841-0500," 
""Great work and fair prices.""",https://www.google.com/maps/place/European+Auto+Clinic/data=!4m7!3m6!1s0x88d92a8130ec4e75:0x1cd4f2c3cf50a8f2!8m2!3d26.7830336!4d-80.1060978!16s%2Fg%2F1tgtg8_0!19sChIJdU7sMIEq2YgR8qhQz8Py1Bw?authuser=0&hl=en&rclk=1
"Automotive Repair in Palm Beach Gardens, Florida",Master Auto Care,4.7,176,,Auto repair shop,222 N Old Dixie Hwy,26.9365009,-80.0942877,Open,Closes 5 PM,https://www.masterautocarefl.com/,2025-03-07 13:56:47,(561) 741-1650," 
""Timely, efficient and successful service by knowledgeable mechanics.""
 
BOOK ONLINE",https://www.google.com/maps/place/Master+Auto+Care/data=!4m7!3m6!1s0x88df29e16019418f:0x276b26f8bef6ce93!8m2!3d26.9365009!4d-80.0942877!16s%2Fg%2F1tgdd6x0!19sChIJj0EZYOEp34gRk872vvgmayc?authuser=0&hl=en&rclk=1
"Automotive Repair in Palm Beach Gardens, Florida",Ron Cheston's Pro Auto Services,4.9,43,,Auto repair shop,1301 Avenue E,26.773993,-80.0568731,Open,Closes 5 PM,http://chestonsautoanddiesel.godaddysites.com/,2025-03-07 13:56:48,(561) 842-8176," 
""The work was done correctly and at a reasonable price.""",https://www.google.com/maps/place/Ron+Cheston%27s+Pro+Auto+Services/data=!4m7!3m6!1s0x88d8d5a6fa5d2543:0x2c9515efa44370c1!8m2!3d26.773993!4d-80.0568731!16s%2Fg%2F1tdq_hw2!19sChIJQyVd-qbV2IgRwXBDpO8VlSw?authuser=0&hl=en&rclk=1
"Automotive Repair in Palm Beach Gardens, Florida",DCP/ Mobile Mechanic,4.9,74,,Mechanic,757 W 4th St,26.7662753,-80.0650829,Open,Closes 10 PM,https://www.facebook.com/DennisCarParts,2025-03-07 13:56:53,(954) 465-5515," 
""He expertly fixed my car and charged me a VERY REASONABLE fee!!""",https://www.google.com/maps/place/DCP%2F+Mobile+Mechanic/data=!4m7!3m6!1s0x88d8d5fa8b89cbe9:0x30ce9bbd57c0f672!8m2!3d26.7662753!4d-80.0650829!16s%2Fg%2F11l6qhf0px!19sChIJ6cuJi_rV2IgRcvbAV72bzjA?authuser=0&hl=en&rclk=1
"Automotive Repair in Palm Beach Gardens, Florida",K’s Complete Auto Repair,4.5,19,,Auto repair shop,1632 Citation Dr,26.7021812,-80.13154,Open 24 hours,,http://www.transmissionrepairwpb.com/,2025-03-07 13:56:56,(786) 955-3795," 
""The repair was done on time, and my car has been running perfectly since.""",https://www.google.com/maps/place/K%E2%80%99s+Complete+Auto+Repair/data=!4m7!3m6!1s0x88d929296fd5a0b9:0x743b5cb111ac9246!8m2!3d26.7021812!4d-80.13154!16s%2Fg%2F11qh2z2_v5!19sChIJuaDVbykp2YgRRpKsEbFcO3Q?authuser=0&hl=en&rclk=1
"Automotive Repair in Palm Beach Gardens, Florida",M & J Automotive,4.8,26,,Auto repair shop,806 Old Dixie Hwy #7,26.7989802,-80.0765281,Open,Closes 5 PM,,2025-03-07 13:56:57,(561) 845-2193," 
""Great service and great price!""",https://www.google.com/maps/place/M+%26+J+Automotive/data=!4m7!3m6!1s0x88d8d56a3979cca5:0x17b3132716cf059e!8m2!3d26.7989802!4d-80.0765281!16s%2Fg%2F1tffvqv7!19sChIJpcx5OWrV2IgRngXPFicTsxc?authuser=0&hl=en&rclk=1
"Automotive Repair in Palm Beach Gardens, Florida",Discount Tire and Auto Repair,4.6,565,,Auto repair shop,2450 S Military Trl,26.6411793,-80.1122284,Open,Closes 6:30 PM,,2025-03-07 13:56:58,(561) 530-4400," 
""Very good customer service!, They fixed my car with a good price""",https://www.google.com/maps/place/Discount+Tire+and+Auto+Repair/data=!4m7!3m6!1s0x88d928083390356b:0xa94525be0992c725!8m2!3d26.6411793!4d-80.1122284!16s%2Fg%2F11dxqdbw72!19sChIJazWQMwgo2YgRJceSCb4lRak?authuser=0&hl=en&rclk=1
"Automotive Repair in Palm Beach Gardens, Florida",Royal Palm Automotive Center,4.6,41,,Auto repair shop,360 Business Park Way,26.69972,-80.2061468,Open,Closes 3 PM,https://royalpalmauto.com/,2025-03-07 13:57:00,(561) 790-5665," 
""Good people great service fair prices""",https://www.google.com/maps/place/Royal+Palm+Automotive+Center/data=!4m7!3m6!1s0x88d92edc250be6f1:0xfaa84f47dfb07bf3!8m2!3d26.69972!4d-80.2061468!16s%2Fg%2F1td0nttq!19sChIJ8eYLJdwu2YgR83uw30dPqPo?authuser=0&hl=en&rclk=1
"Automotive Repair in Palm Beach Gardens, Florida","GW AUTO SERVICE & NEW TIRES, INC.",5.0,7,,Mechanic,1432 10th Ct,26.8063558,-80.0761636,Open,Closes 6 PM,http://gwautoserviceandtires.com/,2025-03-07 13:57:01,(561) 401-7847," 
""They have repair multiple Diesel Vehicles and trucks.""","https://www.google.com/maps/place/GW+AUTO+SERVICE+%26+NEW+TIRES,+INC./data=!4m7!3m6!1s0x88d8d556cca80dd7:0x7f911139d718d457!8m2!3d26.8063558!4d-80.0761636!16s%2Fg%2F11fp808n1w!19sChIJ1w2ozFbV2IgRV9QY1zkRkX8?authuser=0&hl=en&rclk=1"
"Automotive Repair in Palm Beach Gardens, Florida",Auto Krafters,4.9,133,,Auto body shop,1990 Avenue L,26.77891,-80.0675557,Open,Closes 5:30 PM,https://autokrafterspb.com/,2025-03-07 13:57:02,(561) 899-8408," 
Onsite services
 
BOOK ONLINE",https://www.google.com/maps/place/Auto+Krafters/data=!4m7!3m6!1s0x88d8d509ae1a8689:0x6d7b3dabc837d7df!8m2!3d26.77891!4d-80.0675557!16s%2Fg%2F1vfp8_qm!19sChIJiYYargnV2IgR39c3yKs9e20?authuser=0&hl=en&rclk=1
"Automotive Repair in Palm Beach Gardens, Florida",Tire Kingdom,4.3,738,,Tire shop,3615 Northlake Blvd,26.8092812,-80.0919058,Open,Closes 6 PM,https://www.mavis.com/locations/west-palm-beach-northlake-blvd-fl/?utm_source=yext&utm_medium=organic&utm_campaign=gmb&stnum=4072,2025-03-07 13:57:03,(561) 923-0672," 
""They quickly diagnosed the problem and had my car fixed in no time.""
 
BOOK ONLINE",https://www.google.com/maps/place/Tire+Kingdom/data=!4m7!3m6!1s0x88d8d54060a5740b:0xe17358857400dab1!8m2!3d26.8092812!4d-80.0919058!16s%2Fg%2F1tgx7d8x!19sChIJC3SlYEDV2IgRsdoAdIVYc-E?authuser=0&hl=en&rclk=1
"Automotive Repair in Palm Beach Gardens, Florida",Auto Tech Plus,4.9,9,,Auto repair shop,1960 W 9th St,26.7714056,-80.0889698,Open,Closes 6 PM,,2025-03-07 13:57:04,(561) 841-8080,,https://www.google.com/maps/place/Auto+Tech+Plus/data=!4m7!3m6!1s0x88d8d58492d988d1:0x64941775033935ba!8m2!3d26.7714056!4d-80.0889698!16s%2Fg%2F1tgkj22s!19sChIJ0YjZkoTV2IgRujU5A3UXlGQ?authuser=0&hl=en&rclk=1
"Automotive Repair in Palm Beach Gardens, Florida",Military Brake & Alignment,4.8,673,,Auto repair shop,4449 12th St,26.7221143,-80.1095976,Open,Closes 5 PM,http://www.militarybrake.com/,2025-03-07 13:57:05,(561) 684-1323," 
Onsite services",https://www.google.com/maps/place/Military+Brake+%26+Alignment/data=!4m7!3m6!1s0x88d929f006b92283:0x9cc9662007eec515!8m2!3d26.7221143!4d-80.1095976!16s%2Fg%2F1tg3602w!19sChIJgyK5BvAp2YgRFcXuByBmyZw?authuser=0&hl=en&rclk=1
"Automotive Repair in Palm Beach Gardens, Florida",All About Automotive South,4.6,34,,Auto repair shop,2360 N Military Trl #112,26.7124886,-80.1101059,Open,Closes 6 PM,https://www.allaboutautomotivesouth.com/,2025-03-07 13:57:07,(561) 557-6506," 
""... able to quickly diagnose and make necessary repairs to my car.""",https://www.google.com/maps/place/All+About+Automotive+South/data=!4m7!3m6!1s0x88d929ebc68d7aa3:0x7bc54e4a632a2657!8m2!3d26.7124886!4d-80.1101059!16s%2Fg%2F11wbhjnzkg!19sChIJo3qNxusp2YgRVyYqY0pOxXs?authuser=0&hl=en&rclk=1
"Automotive Repair in Palm Beach Gardens, Florida",Mike's Auto Repair & A/C,4.9,119,,Auto repair shop,225 Venus St,26.9377934,-80.0967414,Open,Closes 5 PM,http://mikesautojupiter.com/,2025-03-07 13:57:08,(561) 743-4588," 
""Mike's fixed my problem quickly and for a reasonable price.""",https://www.google.com/maps/place/Mike%27s+Auto+Repair+%26+A%2FC/data=!4m7!3m6!1s0x88df29e1955f25fb:0x2733f53a0ae967a8!8m2!3d26.9377934!4d-80.0967414!16s%2Fg%2F1tfk9v85!19sChIJ-yVfleEp34gRqGfpCjr1Myc?authuser=0&hl=en&rclk=1
"Automotive Repair in Palm Beach Gardens, Florida",Bud's Mobile Auto Repair,4.6,27,,Auto repair shop,14346 80th Ln N,26.7963239,-80.266854,Opens soon,9 AM,,2025-03-07 13:57:09,(561) 324-4096," 
""Job well done in a timely manner at a fair price.""",https://www.google.com/maps/place/Bud%27s+Mobile+Auto+Repair/data=!4m7!3m6!1s0x88d92d79f491ad41:0x25f7fbb55e297cb!8m2!3d26.7963239!4d-80.266854!16s%2Fg%2F1wtbvpc1!19sChIJQa2R9Hkt2YgRy5fiVbt_XwI?authuser=0&hl=en&rclk=1
"Automotive Repair in Palm Beach Gardens, Florida","Tell A Friend Automotive, Inc.",4.7,21,,Auto repair shop,950 Old Dixie Hwy #10,26.8011767,-80.077747,Open,Closes 5:30 PM,,2025-03-07 13:57:12,(561) 842-4400," 
""Diagnosed a previous repair job done poorly in less than 5 minutes.""","https://www.google.com/maps/place/Tell+A+Friend+Automotive,+Inc./data=!4m7!3m6!1s0x88d8d54026efffff:0x70edc91753365e32!8m2!3d26.8011767!4d-80.077747!16s%2Fg%2F11f557xz72!19sChIJ___vJkDV2IgRMl42UxfJ7XA?authuser=0&hl=en&rclk=1"
"Automotive Repair in Palm Beach Gardens, Florida",Mobile Mechanic Pro West Palm Beach fl,4.4,30,,Car repair and maintenance service,,26.6932345,-80.4301795,Open 24 hours,,http://mobilemechanicprowestpalmbeachfl.com/,2025-03-07 13:57:13,(561) 485-1821," 
""A mechanic came out with in 20 minutes and fix the problem.""",https://www.google.com/maps/place/Mobile+Mechanic+Pro+West+Palm+Beach+fl/data=!4m7!3m6!1s0x88d929df16372a19:0xfeb1592846122fb!8m2!3d26.6932345!4d-80.4301795!16s%2Fg%2F11p18b62yz!19sChIJGSo3Ft8p2YgR-yJhhJIV6w8?authuser=0&hl=en&rclk=1
"Automotive Repair in Palm Beach Gardens, Florida",Frankie Auto Service & Repair,4.5,41,,Auto repair shop,7650 Hooper Rd Bay 15,26.6805655,-80.1680038,Opens soon,9 AM,http://frankieauto.com/about-us/auto-repair-auto-repair-shop-west-palm-beach-mechanic-car-repair.html,2025-03-07 13:57:15,(561) 804-1118," 
""fixed the idling and faulty codes within a day and n the bimmers .""",https://www.google.com/maps/place/Frankie+Auto+Service+%26+Repair/data=!4m7!3m6!1s0x88d928dd10e02551:0x84938680b5db319e!8m2!3d26.6805655!4d-80.1680038!16s%2Fg%2F1td18n2n!19sChIJUSXgEN0o2YgRnjHbtYCGk4Q?authuser=0&hl=en&rclk=1
"Automotive Repair in Palm Beach Gardens, Florida","Griffin Auto Care, Inc.",4.5,226,,Auto body shop,1241 Roebuck Ct,26.6992146,-80.0656403,Open,Closes 6 PM,http://griffinautocare.com/,2025-03-07 13:57:16,(561) 659-0765," 
Onsite services","https://www.google.com/maps/place/Griffin+Auto+Care,+Inc./data=!4m7!3m6!1s0x88d8d644c6be69ad:0xabee342c1eab0a81!8m2!3d26.6992146!4d-80.0656403!16s%2Fg%2F11b77qrnf6!19sChIJrWm-xkTW2IgRgQqrHiw07qs?authuser=0&hl=en&rclk=1"
"Automotive Repair in Palm Beach Gardens, Florida",B J's Wrench Connection,4.7,61,,Auto repair shop,990 Old Dixie Hwy,26.8014778,-80.0775444,Open,Closes 5 PM,,2025-03-07 13:57:17,(561) 844-4114," 
""Great service, knowledgeable, fast, accommodating & professional.""",https://www.google.com/maps/place/B+J%27s+Wrench+Connection/data=!4m7!3m6!1s0x88d8d5401b88fa03:0x67cf6b1a04033ab1!8m2!3d26.8014778!4d-80.0775444!16s%2Fg%2F1ts301pc!19sChIJA_qIG0DV2IgRsToDBBprz2c?authuser=0&hl=en&rclk=1
"Automotive Repair in Palm Beach Gardens, Florida",Luxury Mobile Dent & Scrath Repair,5.0,9,,Auto body shop,6231 PGA Blvd #104,26.8416515,-80.1331123,Open,Closes 8 PM,,2025-03-07 13:57:19,(954) 798-7928," 
""Luke is very helpful and help me fix the damage.""",https://www.google.com/maps/place/Luxury+Mobile+Dent+%26+Scrath+Repair/data=!4m7!3m6!1s0x88ded5124eb98b95:0x1493c19134d524e6!8m2!3d26.8416515!4d-80.1331123!16s%2Fg%2F11wc0pd2p_!19sChIJlYu5ThLV3ogR5iTVNJHBkxQ?authuser=0&hl=en&rclk=1
"Automotive Repair in Palm Beach Gardens, Florida",BILL'S ALIGNMENT AND BRAKE SERVICE,4.4,65,,Brake shop,1140 Watertower Rd,26.7999273,-80.0769235,Open,Closes 5 PM,,2025-03-07 13:57:20,(561) 844-2948," 
""Great service, good prices, fast and efficient.""",https://www.google.com/maps/place/BILL%27S+ALIGNMENT+AND+BRAKE+SERVICE/data=!4m7!3m6!1s0x88d8d51513140bb9:0xf3afb16f37f90dfd!8m2!3d26.7999273!4d-80.0769235!16s%2Fg%2F1hg4x_9wb!19sChIJuQsUExXV2IgR_Q35N2-xr_M?authuser=0&hl=en&rclk=1
"Automotive Repair in Palm Beach Gardens, Florida",Euro Experts Inc,4.2,43,,Auto repair shop,587 105th Ave N UNIT 30,26.6851333,-80.210725,Open,Closes 5 PM,,2025-03-07 13:57:27,(561) 792-5000," 
""I needed a handle repaired on my car and these guys went above and beyond.""",https://www.google.com/maps/place/Euro+Experts+Inc/data=!4m7!3m6!1s0x88d92f1f5171e689:0x15df1b1910ff5046!8m2!3d26.6851333!4d-80.210725!16s%2Fg%2F1v76_ggj!19sChIJieZxUR8v2YgRRlD_EBkb3xU?authuser=0&hl=en&rclk=1
"Automotive Repair in Palm Beach Gardens, Florida",Auto Repair & Tires,4.7,150,,Used tire shop,587 105th Ave N UNIT 19,26.6851948,-80.2116844,Open,Closes 6 PM,,2025-03-07 13:57:32,(561) 670-2589," 
In-store pickup",https://www.google.com/maps/place/Auto+Repair+%26+Tires/data=!4m7!3m6!1s0x88d92f1f5171da1b:0x2ed6ffc7064d9c8a!8m2!3d26.6851948!4d-80.2116844!16s%2Fg%2F1jkvpkj0n!19sChIJG9pxUR8v2YgRipxNBsf_1i4?authuser=0&hl=en&rclk=1
"Automotive Repair in Palm Beach Gardens, Florida",Napleton Collision Center Serving West Palm Beach,3.9,45,,Auto body shop,3626 Northlake Blvd b,26.8082448,-80.0920559,Open,Closes 5:30 PM,http://www.napletoncollision.com/,2025-03-07 13:57:37,(561) 627-5702," 
""The repair work was top-notch, and my car looks great.""",https://www.google.com/maps/place/Napleton+Collision+Center+Serving+West+Palm+Beach/data=!4m7!3m6!1s0x88d8d55c1de17503:0xdb758848d37a671f!8m2!3d26.8082448!4d-80.0920559!16s%2Fg%2F11fy4t5dz1!19sChIJA3XhHVzV2IgRH2d600iIdds?authuser=0&hl=en&rclk=1
"Automotive Repair in Palm Beach Gardens, Florida","GT Auto Repair, Inc.",4.6,57,,Auto repair shop,2833 Forest Hill Blvd,26.6511512,-80.0852655,Open,Closes 5 PM,http://www.gtwpb.com/,2025-03-07 13:57:39,(561) 964-7334," 
""Excellent work, perfect time and not expensive at all.""","https://www.google.com/maps/place/GT+Auto+Repair,+Inc./data=!4m7!3m6!1s0x88d8d7efc3dd3f15:0x9f68cddec36b36f1!8m2!3d26.6511512!4d-80.0852655!16s%2Fg%2F1tr9p6fd!19sChIJFT_dw-_X2IgR8TZrw97NaJ8?authuser=0&hl=en&rclk=1"
"Automotive Repair in Palm Beach Gardens, Florida",Tilden For Brakes Car Care Center,3.8,58,,Auto repair shop,2945 Northlake Blvd B,26.8086317,-80.0814336,Open,Closes 5 PM,http://tildencarcare.com/,2025-03-07 13:57:41,(561) 844-2544," 
""The owner is fair with his pricing and the work his staff does is great.""",https://www.google.com/maps/place/Tilden+For+Brakes+Car+Care+Center/data=!4m7!3m6!1s0x88d8d54421cc5f73:0x6d56a8065b8df513!8m2!3d26.8086317!4d-80.0814336!16s%2Fg%2F1td438pm!19sChIJc1_MIUTV2IgRE_WNWwaoVm0?authuser=0&hl=en&rclk=1
"Automotive Repair in Palm Beach Gardens, Florida",Schumacher Buick GMC of North Palm Beach,4.5,"2,145",,Auto repair shop,3720 Northlake Blvd Suite C,26.8080068,-80.0933432,Open,Closes 7 PM,https://www.schumacherlakepark.com/?utm_source=google&utm_medium=organic&utm_campaign=gbp_sales,2025-03-07 13:57:42,(561) 935-4212," 
In-store shopping
·
In-store pickup
·
Delivery",https://www.google.com/maps/place/Schumacher+Buick+GMC+of+North+Palm+Beach/data=!4m7!3m6!1s0x88d8d5594b62906d:0x94d61797d92fd857!8m2!3d26.8080068!4d-80.0933432!16s%2Fg%2F11b7w2_253!19sChIJbZBiS1nV2IgRV9gv2ZcX1pQ?authuser=0&hl=en&rclk=1
"Automotive Repair in Palm Beach Gardens, Florida",Fantastic Finishes,4.6,137,,Auto body shop,900 Stinson Way STE 1,26.6904884,-80.1787299,Open,Closes 5 PM,http://www.ffpalmbeach.com/,2025-03-07 13:57:43,(561) 790-4090," 
""The job was done perfectly and car looks brand new again.""",https://www.google.com/maps/place/Fantastic+Finishes/data=!4m7!3m6!1s0x88d928d7c260cc0f:0x4be5d82ead95a344!8m2!3d26.6904884!4d-80.1787299!16s%2Fg%2F1tcy5348!19sChIJD8xgwtco2YgRRKOVrS7Y5Us?authuser=0&hl=en&rclk=1
"Automotive Repair in Palm Beach Gardens, Florida",Henisa Motors Auto Repair LLC,5.0,4,,Mechanic,5475 Maule Way,26.7636805,-80.0804117,Open,Closes 6:30 PM,,2025-03-07 13:57:45,(561) 788-4647," 
""Excelent servicie.""",https://www.google.com/maps/place/Henisa+Motors+Auto+Repair+LLC/data=!4m7!3m6!1s0x88d8d98d0bb779e3:0x6065234a60a55420!8m2!3d26.7636805!4d-80.0804117!16s%2Fg%2F11s3lwmcfm!19sChIJ43m3C43Z2IgRIFSlYEojZWA?authuser=0&hl=en&rclk=1
"Automotive Repair in Palm Beach Gardens, Florida",2 Brothers Mobile Auto Repair LLC,4.6,189,,Car repair and maintenance service,,26.493697,-80.1173245,Opens soon,9 AM,http://2brothersmobileautorepair.com/?y_source=1_MTAwNTUzNzA1MS03MTUtbG9jYXRpb24ud2Vic2l0ZQ%3D%3D,2025-03-07 13:57:46,(561) 396-4575," 
""They replaced a radiator, provided an oil change and changed my thermostat.""",https://www.google.com/maps/place/2+Brothers+Mobile+Auto+Repair+LLC/data=!4m7!3m6!1s0x88d8d810757b046f:0x92ba4f69a2ba6eee!8m2!3d26.493697!4d-80.1173245!16s%2Fg%2F12hq9rzj2!19sChIJbwR7dRDY2IgR7m66omlPupI?authuser=0&hl=en&rclk=1
"Automotive Repair in Palm Beach Gardens, Florida",Jp Auto Repairs,4.8,4,,Auto repair shop,4574 Dyer Blvd,26.7773973,-80.1088842,Open,Closes 6 PM,,2025-03-07 13:57:47,(561) 502-8664,,https://www.google.com/maps/place/Jp+Auto+Repairs/data=!4m7!3m6!1s0x88d92bb74a3f6647:0xd9bec0b612cabf2f!8m2!3d26.7773973!4d-80.1088842!16s%2Fg%2F11krqbsd64!19sChIJR2Y_Srcr2YgRL7_KErbAvtk?authuser=0&hl=en&rclk=1
"Automotive Repair in Palm Beach Gardens, Florida",Alvarez automobile repair services,5.0,12,,Mechanic,7641 Hooper Rd # 4,26.6816259,-80.1681,Open,Closes 5 PM,,2025-03-07 13:57:49,(561) 541-4877," 
""Edel is an excellent Mechanic and is well-prepared;""",https://www.google.com/maps/place/Alvarez+automobile+repair+services/data=!4m7!3m6!1s0x88d92913e7b429b9:0x5ea438ad0a349de4!8m2!3d26.6816259!4d-80.1681!16s%2Fg%2F11pz4z236_!19sChIJuSm05xMp2YgR5J00Cq04pF4?authuser=0&hl=en&rclk=1
"Automotive Repair in Palm Beach Gardens, Florida","JKM auto repair & maintenance,llc",5.0,2,,Auto repair shop,"bays 17/18, 7153 Southern Blvd Building C",26.6803816,-80.1597786,Open,Closes 7:30 PM,,2025-03-07 13:57:50,(561) 365-5305,,"https://www.google.com/maps/place/JKM+auto+repair+%26+maintenance,llc/data=!4m7!3m6!1s0x88d9290bfabc773f:0x967a2f8b7d8d5f5f!8m2!3d26.6803816!4d-80.1597786!16s%2Fg%2F11j6w19y_3!19sChIJP3e8-gsp2YgRX1-NfYsvepY?authuser=0&hl=en&rclk=1"
"Automotive Repair in Palm Beach Gardens, Florida",Jupiter Auto Body,4.9,219,,Auto body shop,122 Evernia St,26.936572,-80.0947935,Open,Closes 5 PM,https://jupiterautobody.com/,2025-03-07 13:57:51,(561) 748-0185," 
""They made the repair experience so easy and my car was done early.""
 
BOOK ONLINE",https://www.google.com/maps/place/Jupiter+Auto+Body/data=!4m7!3m6!1s0x88df2991fed4c0a7:0x4817bcfd9d515ec0!8m2!3d26.936572!4d-80.0947935!16s%2Fg%2F11h0gyd4lz!19sChIJp8DU_pEp34gRwF5Rnf28F0g?authuser=0&hl=en&rclk=1
"Automotive Repair in Palm Beach Gardens, Florida",Schumacher Chevrolet of North Palm Beach Service Center,3.9,56,,Auto repair shop,3720 Northlake Blvd suite a,26.8079965,-80.0937413,Open,Closes 6 PM,https://www.schumacherchevyfl.com/service/?utm_source=google&utm_medium=organic&utm_campaign=gbp_service,2025-03-07 13:57:53,(561) 935-4563," 
In-store shopping
 
BOOK ONLINE",https://www.google.com/maps/place/Schumacher+Chevrolet+of+North+Palm+Beach+Service+Center/data=!4m7!3m6!1s0x88d8d545b430e581:0xad710c08e0161b34!8m2!3d26.8079965!4d-80.0937413!16s%2Fg%2F11gv07zk04!19sChIJgeUwtEXV2IgRNBsW4AgMca0?authuser=0&hl=en&rclk=1
"Automotive Repair in Palm Beach Gardens, Florida",Kelsey City Auto Repair,5.0,10,,Auto repair shop,806 Old Dixie Hwy # 1,26.7991272,-80.0766087,Open,Closes 12 PM,http://kelseycityauto.com/,2025-03-07 13:57:54,(561) 841-3891," 
""Scott was very professional, a pleasure to work with""",https://www.google.com/maps/place/Kelsey+City+Auto+Repair/data=!4m7!3m6!1s0x88d8d5154b123b2d:0xa768012710e1511b!8m2!3d26.7991272!4d-80.0766087!16s%2Fg%2F1tlbkc4w!19sChIJLTsSSxXV2IgRG1HhECcBaKc?authuser=0&hl=en&rclk=1
"Automotive Repair in Palm Beach Gardens, Florida",Bigg Boy Auto & Marine,3.7,62,,Auto repair shop,1468 Skees Rd A #A,26.6991345,-80.1547646,Open,Closes 5 PM,https://www.biggboyauto.com/,2025-03-07 13:57:56,(561) 722-3299," 
""Did repairs needed at a most important fair price.""",https://www.google.com/maps/place/Bigg+Boy+Auto+%26+Marine/data=!4m7!3m6!1s0x88d8d638f21b0cd7:0x4e82cdb5017505d7!8m2!3d26.6991345!4d-80.1547646!16s%2Fg%2F1tp08xzv!19sChIJ1wwb8jjW2IgR1wV1AbXNgk4?authuser=0&hl=en&rclk=1
"Automotive Repair in Palm Beach Gardens, Florida",The Mechanic On Wheels,4.2,37,,Mechanic,,27.290052,-80.3924825,Open,Closes 6 PM,https://www.themechaniconwheels1.com/,2025-03-07 13:57:57,(561) 437-4224," 
""He was on time, explained our issue and fixed it immediately.""",https://www.google.com/maps/place/The+Mechanic+On+Wheels/data=!4m7!3m6!1s0x88df2b05f3b0274d:0x8312c75c36fbd6d2!8m2!3d27.290052!4d-80.3924825!16s%2Fg%2F11hpxphmfk!19sChIJTSew8wUr34gR0tb7NlzHEoM?authuser=0&hl=en&rclk=1
"Automotive Repair in Palm Beach Gardens, Florida",Auto Care Center,4.6,61,,Auto repair shop,2788 S Military Trl,26.6363927,-80.112583,Open,Closes 5 PM,http://www.myautocarecenter.com/,2025-03-07 13:57:58,(561) 649-6272,"  ""Very knowledgeable, friendly, stands by their work,  pricing is on point!""",https://www.google.com/maps/place/Auto+Care+Center/data=!4m7!3m6!1s0x88d92809cea8431b:0xa6664a927ae0fcf2!8m2!3d26.6363927!4d-80.112583!16s%2Fg%2F1tj46q44!19sChIJG0Oozgko2YgR8vzgepJKZqY?authuser=0&hl=en&rclk=1
"Automotive Repair in Palm Beach Gardens, Florida",Tony's Mechanics,5.0,1,,Car repair and maintenance service,,26.848698,-80.0627236,Open 24 hours,,,2025-03-07 13:58:00,(561) 406-3420,,https://www.google.com/maps/place/Tony%27s+Mechanics/data=!4m7!3m6!1s0x88df2b6e34176d59:0x8d1f292c7cf0b5!8m2!3d26.848698!4d-80.0627236!16s%2Fg%2F11h5w4v_vx!19sChIJWW0XNG4r34gRtfB8LCkfjQA?authuser=0&hl=en&rclk=1
"Automotive Repair in Palm Beach Gardens, Florida",Jeanbaptiste Auto Repair,5.0,6,,Auto repair shop,3420 45th St,26.7589266,-80.1066955,Open,Closes 5 PM,,2025-03-07 13:58:01,(561) 294-9565," 
""Knowledgeable, skilled and fast.""",https://www.google.com/maps/place/Jeanbaptiste+Auto+Repair/data=!4m7!3m6!1s0x88d92b10da038ff5:0x6dfe99793f6d1572!8m2!3d26.7589266!4d-80.1066955!16s%2Fg%2F11ghf201ff!19sChIJ9Y8D2hAr2YgRchVtP3mZ_m0?authuser=0&hl=en&rclk=1
"Automotive Repair in Palm Beach Gardens, Florida",Noble's Servicenter,4.6,114,,Auto repair shop,250 Toney Penna Dr,26.9257716,-80.0967532,Open,Closes 5 PM,https://noblesservicecenter.com/,2025-03-07 13:58:08,(561) 746-7244," 
""A fast analysis was done, followed by reasonably priced service.""",https://www.google.com/maps/place/Noble%27s+Servicenter/data=!4m7!3m6!1s0x88df29fd950e78a7:0x2e6a18e3391d0db2!8m2!3d26.9257716!4d-80.0967532!16s%2Fg%2F1tj_612m!19sChIJp3gOlf0p34gRsg0dOeMYai4?authuser=0&hl=en&rclk=1
"Automotive Repair in Palm Beach Gardens, Florida",Elite Paint & Body Shop,4.7,127,,Auto body shop,3613 Avenue K,26.7922351,-80.0695756,Open,Closes 5 PM,https://elite-paint-body.com/,2025-03-07 13:58:15,(561) 848-8855," 
""Elite Paint and Body was able to fix my car and make it look like new again!""",https://www.google.com/maps/place/Elite+Paint+%26+Body+Shop/data=!4m7!3m6!1s0x88d8d51170428dd1:0x7c54ad3b9d8ed501!8m2!3d26.7922351!4d-80.0695756!16s%2Fg%2F1tdh029w!19sChIJ0Y1CcBHV2IgRAdWOnTutVHw?authuser=0&hl=en&rclk=1
"Automotive Repair in Palm Beach Gardens, Florida",Certified Auto Care - Car Repair Service & Maintenance,5.0,2,,Auto repair shop,922 26th St,26.7372177,-80.0616792,Open,Closes 5:30 PM,http://ventos.site/,2025-03-07 13:58:18,(561) 398-6010,,https://www.google.com/maps/place/Certified+Auto+Care+-+Car+Repair+Service+%26+Maintenance/data=!4m7!3m6!1s0x88d8d5d11f7532c7:0x61d1a8d922b69b15!8m2!3d26.7372177!4d-80.0616792!16s%2Fg%2F1pycf6s11!19sChIJxzJ1H9HV2IgRFZu2Itmo0WE?authuser=0&hl=en&rclk=1
"Automotive Repair in Palm Beach Gardens, Florida",AutoExpertz Tire & Service,4.9,340,,Auto repair shop,1401 N Dixie Hwy Bldg A,26.6329325,-80.0569153,Open,Closes 5:30 PM,https://autoexpertzrepair.com/,2025-03-07 13:58:20,(561) 861-3160," 
Onsite services
 
BOOK ONLINE",https://www.google.com/maps/place/AutoExpertz+Tire+%26+Service/data=!4m7!3m6!1s0x88d8d82bb272d835:0x2c1a2e34e610dfed!8m2!3d26.6329325!4d-80.0569153!16s%2Fg%2F11b7lbyx5f!19sChIJNdhysivY2IgR7d8Q5jQuGiw?authuser=0&hl=en&rclk=1
"Automotive Repair in Palm Beach Gardens, Florida",Tires,No reviews,,,Auto repair shop,4245 Holly Dr,26.8257268,-80.1011541,,,,2025-03-07 13:58:21,,,https://www.google.com/maps/place/Tires/data=!4m7!3m6!1s0x88d92b006d260c27:0xb10103661f0f5d62!8m2!3d26.8257268!4d-80.1011541!16s%2Fg%2F11vzcvwb_1!19sChIJJwwmbQAr2YgRYl0PH2YDAbE?authuser=0&hl=en&rclk=1
"Automotive Repair in Palm Beach Gardens, Florida",JCR Auto Tech,5.0,1,,Auto repair shop,7641 Hooper Rd Bay 24-26,26.6816096,-80.1680785,Open,Closes 5 PM,,2025-03-07 13:58:22,(561) 388-9551,,https://www.google.com/maps/place/JCR+Auto+Tech/data=!4m7!3m6!1s0x88d929bb7425889b:0xcb7bd89e5535f7bb!8m2!3d26.6816096!4d-80.1680785!16s%2Fg%2F11v0xt4v9l!19sChIJm4gldLsp2YgRu_c1VZ7Ye8s?authuser=0&hl=en&rclk=1
"Automotive Repair in Palm Beach Gardens, Florida",County Auto Service,4.6,97,,Auto repair shop,3068 Lake Worth Rd,26.6170437,-80.0902816,Open,Closes 5 PM,https://www.countyautopalmsprings.com/,2025-03-07 13:58:23,(561) 433-8035," 
""Work done correctly, on time for a reasonable cost""",https://www.google.com/maps/place/County+Auto+Service/data=!4m7!3m6!1s0x88d8d80d058d0ebf:0x8f215e906dc50626!8m2!3d26.6170437!4d-80.0902816!16s%2Fg%2F1thz2g2j!19sChIJvw6NBQ3Y2IgRJgbFbZBeIY8?authuser=0&hl=en&rclk=1
"Automotive Repair in Palm Beach Gardens, Florida",Pep Boys,4.2,583,,Tire shop,2064 W Indiantown Rd,26.9333916,-80.1268946,Open,Closes 7 PM,https://pepboys.com/stores/fl/jupiter/2064-w-indiantown-rd?storeCode=0397,2025-03-07 13:58:25,(561) 748-9444," 
""They took care of my car quickly, efficiently, did not overcharge me at all.""
 
BOOK ONLINE",https://www.google.com/maps/place/Pep+Boys/data=!4m7!3m6!1s0x88ded66e40e93df7:0xcf1caf56aed2f8bb!8m2!3d26.9333916!4d-80.1268946!16s%2Fg%2F1tdwfrcv!19sChIJ9z3pQG7W3ogRu_jSrlavHM8?authuser=0&hl=en&rclk=1
"Automotive Repair in Palm Beach Gardens, Florida",Palm Beach AC Auto,4.4,20,,Auto repair shop,2625 Mercer Ave,26.6922043,-80.0702664,Open,Closes 5:30 PM,,2025-03-07 13:58:26,(561) 557-8164," 
""He worked with me on payment, gave a fair and great price.""",https://www.google.com/maps/place/Palm+Beach+AC+Auto/data=!4m7!3m6!1s0x88d929e5a2c414eb:0xb2d457d47a61761e!8m2!3d26.6922043!4d-80.0702664!16s%2Fg%2F11t607942s!19sChIJ6xTEouUp2YgRHnZhetRX1LI?authuser=0&hl=en&rclk=1
"Automotive Repair in Palm Beach Gardens, Florida",Lisvani Mobil mechanic,4.8,39,,Mechanic,4790 Elmhurst Rd #3,26.7015888,-80.1160377,Open 24 hours,,,2025-03-07 13:58:27,(561) 853-8442," 
""Very knowledgeable, reliable and fast.""",https://www.google.com/maps/place/Lisvani+Mobil+mechanic/data=!4m7!3m6!1s0x88d929b57fa1ecb9:0xf3d9130c6f35ae8e!8m2!3d26.7015888!4d-80.1160377!16s%2Fg%2F11kbsy2dx4!19sChIJueyhf7Up2YgRjq41bwwT2fM?authuser=0&hl=en&rclk=1
"Automotive Repair in Palm Beach Gardens, Florida",Acule Complete Auto Repair,3.0,4,,Auto repair shop,801 15th St bay 2,26.7983909,-80.0820834,Open,Closes 5 PM,,2025-03-07 13:58:28,(561) 856-3654,,https://www.google.com/maps/place/Acule+Complete+Auto+Repair/data=!4m7!3m6!1s0x88d92b63761cf9df:0x5df11f357426faac!8m2!3d26.7983909!4d-80.0820834!16s%2Fg%2F11fm_6qk1x!19sChIJ3_kcdmMr2YgRrPomdDUf8V0?authuser=0&hl=en&rclk=1
"Automotive Repair in Palm Beach Gardens, Florida",a to z automotive,3.0,2,,Mechanic,1230 Gateway Rd,26.8032131,-80.0796314,Open,Closes 6:30 PM,,2025-03-07 13:58:29,(561) 222-4457,,https://www.google.com/maps/place/a+to+z+automotive/data=!4m7!3m6!1s0x88d8d5b69d0f1541:0xcd73c7e506c4b151!8m2!3d26.8032131!4d-80.0796314!16s%2Fg%2F11fpmdc3gr!19sChIJQRUPnbbV2IgRUbHEBuXHc80?authuser=0&hl=en&rclk=1
"Automotive Repair in Palm Beach Gardens, Florida",L and J Auto Body PAM,4.8,21,,Auto bodywork mechanic,6557 Garden Rd unit 8,26.7732255,-80.0955837,Opens soon,9 AM,,2025-03-07 13:58:30,(561) 502-1523," 
""I really like the job my car looks brand new""",https://www.google.com/maps/place/L+and+J+Auto+Body+PAM/data=!4m7!3m6!1s0x88d92b3149c32c05:0xe79474d88adbdae0!8m2!3d26.7732255!4d-80.0955837!16s%2Fg%2F11hg50hg3n!19sChIJBSzDSTEr2YgR4Nrbith0lOc?authuser=0&hl=en&rclk=1
"Automotive Repair in Palm Beach Gardens, Florida",Cantu Auto Repair LLC,4.9,22,,Auto body shop,4717 Georgia Ave,26.6700506,-80.0588765,Open,Closes 7 PM,,2025-03-07 13:58:32,(561) 283-5603," 
""His price is very fair and work is excellent.""",https://www.google.com/maps/place/Cantu+Auto+Repair+LLC/data=!4m7!3m6!1s0x88d8d7a60bac0001:0x84fc67f8393f6ca0!8m2!3d26.6700506!4d-80.0588765!16s%2Fg%2F11cmffq29c!19sChIJAQCsC6bX2IgRoGw_Ofhn_IQ?authuser=0&hl=en&rclk=1
"Automotive Repair in Palm Beach Gardens, Florida",Georgia Auto Repair,4.7,34,,Auto repair shop,7200 Georgia Ave,26.6520538,-80.0588788,Opens soon,9 AM,,2025-03-07 13:58:34,(561) 386-9973," 
""He’s not expensive like other places and is very professional""",https://www.google.com/maps/place/Georgia+Auto+Repair/data=!4m7!3m6!1s0x88d8d79c760ab549:0x31dc88b0a0ee3fdf!8m2!3d26.6520538!4d-80.0588788!16s%2Fg%2F11c529zgn4!19sChIJSbUKdpzX2IgR3z_uoLCI3DE?authuser=0&hl=en&rclk=1
"Automotive Repair in Palm Beach Gardens, Florida",Palm Beach Auto & Fab,No reviews,,,Auto repair shop,5701 Orange Rd #1855,26.6808642,-80.1317145,Open,Closes 7 PM,,2025-03-07 13:58:35,(561) 543-8691,,https://www.google.com/maps/place/Palm+Beach+Auto+%26+Fab/data=!4m7!3m6!1s0x88d92851e01bffff:0xa272a3993aed0a28!8m2!3d26.6808642!4d-80.1317145!16s%2Fg%2F11gh2qs8_7!19sChIJ__8b4FEo2YgRKArtOpmjcqI?authuser=0&hl=en&rclk=1
"Automotive Repair in Palm Beach Gardens, Florida",All-Rey's Mobile Auto Repair,No reviews,,,Mechanic,,26.339961,-80.1774864,Open,Closes 12 AM,,2025-03-07 13:58:36,(561) 255-4455,,https://www.google.com/maps/place/All-Rey%27s+Mobile+Auto+Repair/data=!4m7!3m6!1s0x8d1da8466f8c73a9:0x187fd7b8709fd8b7!8m2!3d26.339961!4d-80.1774864!16s%2Fg%2F11w8x4z1gd!19sChIJqXOMb0aoHY0Rt9ifcLjXfxg?authuser=0&hl=en&rclk=1
"Automotive Repair in Palm Beach Gardens, Florida",Florida Gardens Auto Repair,5.0,3,,Auto repair shop,7482 Lake Worth Rd,26.6171461,-80.1645967,Open,Closes 7 PM,,2025-03-07 13:58:37,(561) 968-8277," 
""I put my car in for a repair jobRalph Fix-It fast good and very well pricedI""",https://www.google.com/maps/place/Florida+Gardens+Auto+Repair/data=!4m7!3m6!1s0x88d9279bedf91b99:0x3aad5062a7a43516!8m2!3d26.6171461!4d-80.1645967!16s%2Fg%2F11gycp1km2!19sChIJmRv57Zsn2YgRFjWkp2JQrTo?authuser=0&hl=en&rclk=1
"Automotive Repair in Palm Beach Gardens, Florida",Worthmore Auto Body & Paint,4.5,82,,Auto body shop,1452 A 10th Ct,26.807382,-80.0764945,Opens soon,9 AM,https://worthmoreautobody.com/,2025-03-07 13:58:38,(561) 833-3132," 
""The work they did on the repair was AMAZING!""",https://www.google.com/maps/place/Worthmore+Auto+Body+%26+Paint/data=!4m7!3m6!1s0x88d8d7a8d7809677:0xf92cebb2f087405a!8m2!3d26.807382!4d-80.0764945!16s%2Fg%2F1vnrltgv!19sChIJd5aA16jX2IgRWkCH8LLrLPk?authuser=0&hl=en&rclk=1
"Automotive Repair in Palm Beach Gardens, Florida",MIKE ROY AUTOMOTIVE INC,4.0,120,,Auto repair shop,4476 Park Ln Unit A,26.636568,-80.1116381,Open,Closes 5 PM,http://mikeroyauto.com/,2025-03-07 13:58:40,(561) 439-0635," 
""Mike Roy had it diagnosed and repaired within a day.""",https://www.google.com/maps/place/MIKE+ROY+AUTOMOTIVE+INC/data=!4m7!3m6!1s0x88d8d7958e8416c1:0xfccea324743df391!8m2!3d26.636568!4d-80.1116381!16s%2Fg%2F1tk_q1xb!19sChIJwRaEjpXX2IgRkfM9dCSjzvw?authuser=0&hl=en&rclk=1
"Automotive Repair in Sunrise, Florida",Broward Auto Diagnostics & Repair,4.9,418,,Auto repair shop,10791 NW 53rd St #109,26.1909647,-80.291286,Open,Closes 5 PM,http://www.browardautomotive.com/,2025-03-07 13:58:47,(954) 440-2623," 
""My car was fixed and ready on time so I could go to work.""
 
BOOK ONLINE",https://www.google.com/maps/place/Broward+Auto+Diagnostics+%26+Repair/data=!4m7!3m6!1s0x88d90f4c1c522f83:0x5833258f0cd78e54!8m2!3d26.1909647!4d-80.291286!16s%2Fg%2F12q4y9h4h!19sChIJgy9SHEwP2YgRVI7XDI8lM1g?authuser=0&hl=en&rclk=1
"Automotive Repair in Sunrise, Florida","Bob's Automotive SVC Of Sunrise, Inc.",4.3,238,,Auto repair shop,10480 NW 50th St,26.185892,-80.289646,Open,Closes 5:30 PM,https://bobsautomotiveservice.com/,2025-03-07 13:58:49,(954) 741-0020," 
""Within 10 minutes they were pulling my car around to look at it on the lift.""","https://www.google.com/maps/place/Bob%27s+Automotive+SVC+Of+Sunrise,+Inc./data=!4m7!3m6!1s0x88d90f4d3bd145b1:0x82e5457951c73177!8m2!3d26.185892!4d-80.289646!16s%2Fg%2F1vd76qbc!19sChIJsUXRO00P2YgRdzHHUXlF5YI?authuser=0&hl=en&rclk=1"
"Automotive Repair in Sunrise, Florida","AAA Quality Complete Auto Repair, LLC",4.8,50,,Auto repair shop,7842 NW 44th St,26.1785378,-80.2556987,Open,Closes 5 PM,https://sunriseautorepairs.com/,2025-03-07 13:58:50,(954) 572-0001," 
Onsite services","https://www.google.com/maps/place/AAA+Quality+Complete+Auto+Repair,+LLC/data=!4m7!3m6!1s0x88d9077d49fa6e39:0x32603fb28894bf00!8m2!3d26.1785378!4d-80.2556987!16s%2Fg%2F11sb735yyj!19sChIJOW76SX0H2YgRAL-UiLI_YDI?authuser=0&hl=en&rclk=1"
"Automotive Repair in Sunrise, Florida",AAA American Automotive of Sunrise (AAA Approved Auto Repair Facility),5.0,169,,Auto repair shop,7738 NW 44th St,26.1781919,-80.2527313,Opens soon,9 AM,,2025-03-07 13:58:52,(954) 578-0540," 
""They fixed a problem two other shops could not fix on my brake system.""",https://www.google.com/maps/place/AAA+American+Automotive+of+Sunrise+%28AAA+Approved+Auto+Repair+Facility%29/data=!4m7!3m6!1s0x88d90674d16ca7a3:0x50e3be2fe71f76c4!8m2!3d26.1781919!4d-80.2527313!16s%2Fg%2F1tdnlxyv!19sChIJo6ds0XQG2YgRxHYf5y--41A?authuser=0&hl=en&rclk=1
"Automotive Repair in Sunrise, Florida",Sunrise Complete Auto Repair,4.6,334,,Auto repair shop,7527 W Oakland Park Blvd A,26.1667728,-80.2487202,Open,Closes 5 PM,https://www.sunrisecompleteautorepair.com/,2025-03-07 13:58:53,(954) 749-8933," 
""very honest mechanic , reasonable prices and speedy service.""",https://www.google.com/maps/place/Sunrise+Complete+Auto+Repair/data=!4m7!3m6!1s0x88d907edb89bc3c1:0xed5758697f1c6e0c!8m2!3d26.1667728!4d-80.2487202!16s%2Fg%2F1tnqhsng!19sChIJwcObuO0H2YgRDG4cf2lYV-0?authuser=0&hl=en&rclk=1
"Automotive Repair in Sunrise, Florida",Daddy & Son Auto Repair,4.9,155,,Auto repair shop,6481 W Sunrise Blvd,26.13628,-80.2352899,Open,Closes 5:30 PM,https://vipshopmanagement.com/schedule-appointment.php?SubID=5434594387827642,2025-03-07 13:58:54,(954) 626-0226," 
""Luis and Jorge are honest guys that work hard and get the job done quickly.""",https://www.google.com/maps/place/Daddy+%26+Son+Auto+Repair/data=!4m7!3m6!1s0x88d90654e6b73eaf:0xed4941410571b9ca!8m2!3d26.13628!4d-80.2352899!16s%2Fg%2F1hdz0rfr0!19sChIJrz635lQG2YgRyrlxBUFBSe0?authuser=0&hl=en&rclk=1
"Automotive Repair in Sunrise, Florida",weston tire & auto,4.3,230,,Auto repair shop,15740 W State Rd 84,26.1219706,-80.3562262,Open,Closes 5 PM,http://westontireandauto.com/,2025-03-07 13:58:55,(954) 384-8473," 
Onsite services",https://www.google.com/maps/place/weston+tire+%26+auto/data=!4m7!3m6!1s0x88d90918f3c48f4d:0x1fa9d852b7dbe310!8m2!3d26.1219706!4d-80.3562262!16s%2Fg%2F11k7437wws!19sChIJTY_E8xgJ2YgREOPbt1LYqR8?authuser=0&hl=en&rclk=1
"Automotive Repair in Sunrise, Florida",American Tire and Auto Center,4.6,262,,Auto repair shop,7777 W Sunrise Blvd,26.1490742,-80.2528236,Open,Closes 6 PM,,2025-03-07 13:58:56,(954) 368-5797," 
""EXCELLENT MECHANICS AND STAFF, KNOWLEDGEABLE AND HONEST.""",https://www.google.com/maps/place/American+Tire+and+Auto+Center/data=!4m7!3m6!1s0x88d90647b9401975:0xcf7fecb03c60077e!8m2!3d26.1490742!4d-80.2528236!16s%2Fg%2F11b8zszpr0!19sChIJdRlAuUcG2YgRfgdgPLDsf88?authuser=0&hl=en&rclk=1
"Automotive Repair in Sunrise, Florida",Pep Boys,4.0,512,,Tire shop,4397 N Pine Island Rd,26.1784758,-80.2682364,Open,Closes 7 PM,https://pepboys.com/stores/fl/sunrise/4397-n-pine-island-rd?storeCode=6537,2025-03-07 13:58:57,(954) 741-3111," 
""Nathan was an amazing help with getting my car fixed for a reasonable price.""
 
BOOK ONLINE",https://www.google.com/maps/place/Pep+Boys/data=!4m7!3m6!1s0x88d90606635b90c7:0x26940b8fd60dc199!8m2!3d26.1784758!4d-80.2682364!16s%2Fg%2F1tkkvp2d!19sChIJx5BbYwYG2YgRmcEN1o8LlCY?authuser=0&hl=en&rclk=1
"Automotive Repair in Sunrise, Florida",Mavis Tires & Brakes,4.8,"1,357",,Tire shop,1751 NW 136th Ave,26.1471095,-80.3307543,Open,Closes 6 PM,https://www.mavis.com/locations/ft-lauderdale-sunrise-fl?utm_source=yext&utm_medium=organic&utm_campaign=gmb&stnum=749,2025-03-07 13:58:58,(754) 241-1232," 
""The work that was done on my car was excellent and done in a timely manner""
 
BOOK ONLINE",https://www.google.com/maps/place/Mavis+Tires+%26+Brakes/data=!4m7!3m6!1s0x88d90905d9449033:0xeaefb9667a9db38c!8m2!3d26.1471095!4d-80.3307543!16s%2Fg%2F1wt3p6h3!19sChIJM5BE2QUJ2YgRjLOdema57-o?authuser=0&hl=en&rclk=1
"Automotive Repair in Sunrise, Florida",Great Bear Automotive,4.8,841,,Auto repair shop,1430 N Park Dr,26.10107,-80.3629498,Open,Closes 5 PM,https://www.greatbearautorepair.com/?utm_source=gbp&utm_medium=organic&utm_campaign=sitelink,2025-03-07 13:58:59,(954) 389-4200," 
""Lenny took pictures of my car parts and thoroughly explained my problem.""
 
BOOK ONLINE",https://www.google.com/maps/place/Great+Bear+Automotive/data=!4m7!3m6!1s0x88d909ff3bd50ff1:0xa12b0c748b7b16ca!8m2!3d26.10107!4d-80.3629498!16s%2Fg%2F1wh4gnf8!19sChIJ8Q_VO_8J2YgRyhZ7i3QMK6E?authuser=0&hl=en&rclk=1
"Automotive Repair in Sunrise, Florida",Plantation Car Care,4.7,212,,Auto repair shop,6561 NW 14th St,26.1428747,-80.2362607,Open,Closes 5:30 PM,https://www.plantationcarcareinc.com/?utm_source=gdp&utm_medium=web+click,2025-03-07 13:59:01,(954) 797-9132," 
Onsite services",https://www.google.com/maps/place/Plantation+Car+Care/data=!4m7!3m6!1s0x88d90656c49bc0cd:0x9d2555d8dc505f1d!8m2!3d26.1428747!4d-80.2362607!16s%2Fg%2F12619fjkn!19sChIJzcCbxFYG2YgRHV9Q3NhVJZ0?authuser=0&hl=en&rclk=1
"Automotive Repair in Sunrise, Florida",Perfection Automotive,5.0,9,,Auto repair shop,10639 NW 53rd St,26.1912316,-80.2895503,Opens soon,9 AM,,2025-03-07 13:59:02,(954) 572-0716," 
""He fixes small jobs and difficult jobs at a good rate.""",https://www.google.com/maps/place/Perfection+Automotive/data=!4m7!3m6!1s0x88d90f4c27c4c59f:0xe50ebc7762836df6!8m2!3d26.1912316!4d-80.2895503!16s%2Fg%2F1tj4c8ml!19sChIJn8XEJ0wP2YgR9m2DYne8DuU?authuser=0&hl=en&rclk=1
"Automotive Repair in Sunrise, Florida",Alkay Automotive,4.9,20,,Auto repair shop,5401 NW 102nd Ave # 112,26.1907326,-80.286716,Open,Closes 5 PM,,2025-03-07 13:59:03,(954) 748-9824," 
""Honest efficient and moderately priced.""",https://www.google.com/maps/place/Alkay+Automotive/data=!4m7!3m6!1s0x88d90f5189617acf:0x26afd1b555cd3fa2!8m2!3d26.1907326!4d-80.286716!16s%2Fg%2F1ttdnslf!19sChIJz3phiVEP2YgRoj_NVbXRryY?authuser=0&hl=en&rclk=1
"Automotive Repair in Sunrise, Florida",Pete's Complete Auto Service,4.8,100,,Auto repair shop,6520 W Commercial Blvd STE B,26.1932135,-80.2384484,Open,Closes 5 PM,,2025-03-07 13:59:04,(954) 327-0207," 
""They explain the problem, give a fair price, and then do the work quickly.""",https://www.google.com/maps/place/Pete%27s+Complete+Auto+Service/data=!4m7!3m6!1s0x88d903bdad630ca1:0x6c9085efc70f1cad!8m2!3d26.1932135!4d-80.2384484!16s%2Fg%2F1tg4xn02!19sChIJoQxjrb0D2YgRrRwPx--FkGw?authuser=0&hl=en&rclk=1
"Automotive Repair in Sunrise, Florida",Ocello's Automotive Center,4.5,308,,Auto repair shop,8151 N Pine Island Rd,26.225906,-80.2702231,Open,Closes 6 PM,http://www.ocellosautomotive.com/,2025-03-07 13:59:06,(954) 722-0110," 
""Replaced my battery under warranty with an appropriate one for my Tiguan.""",https://www.google.com/maps/place/Ocello%27s+Automotive+Center/data=!4m7!3m6!1s0x88d90583f30d6a5d:0x9dd3f9fcac5f756!8m2!3d26.225906!4d-80.2702231!16s%2Fg%2F1thvthf3!19sChIJXWoN84MF2YgRVvfFyp8_3Qk?authuser=0&hl=en&rclk=1
"Automotive Repair in Sunrise, Florida",Tire Kingdom,4.4,643,,Tire shop,2550 Sawgrass Mills Cir,26.1556102,-80.3158703,Open,Closes 6 PM,https://www.mavis.com/locations/fort-lauderdale-sunrise-fl/?utm_source=yext&utm_medium=organic&utm_campaign=gmb&stnum=4171,2025-03-07 13:59:07,(954) 408-1459," 
""He called me in 50 minutes and my car was ready.""
 
BOOK ONLINE",https://www.google.com/maps/place/Tire+Kingdom/data=!4m7!3m6!1s0x88d908e3883581ab:0x2e99f935b6d07ab!8m2!3d26.1556102!4d-80.3158703!16s%2Fg%2F1tgc0kwd!19sChIJq4E1iOMI2YgRqwdtW5Of6QI?authuser=0&hl=en&rclk=1
"Automotive Repair in Sunrise, Florida",Sean's Mobile Auto Care,5.0,12,,Mechanic,,26.1561484,-80.4482804,Open,Closes 6 PM,http://fixmycarquick.com/,2025-03-07 13:59:08,(954) 540-2080," 
""Super convenient, top quality work, and expert customer service.""",https://www.google.com/maps/place/Sean%27s+Mobile+Auto+Care/data=!4m7!3m6!1s0x88d9ab5eab3aae17:0xf86183824287ed36!8m2!3d26.1561484!4d-80.4482804!16s%2Fg%2F11tnldv7j9!19sChIJF646q16r2YgRNu2HQoKDYfg?authuser=0&hl=en&rclk=1
"Automotive Repair in Sunrise, Florida",Peak Performance Auto,4.7,39,,Auto repair shop,10010 NW 46th St,26.1815841,-80.2846824,Open,Closes 5 PM,,2025-03-07 13:59:09,(954) 572-9995," 
""They had diagnosed my cars problems correctly where the other garage didn't.""",https://www.google.com/maps/place/Peak+Performance+Auto/data=!4m7!3m6!1s0x88d908ac566d93f5:0x7255e95af9acad41!8m2!3d26.1815841!4d-80.2846824!16s%2Fg%2F1th57sq0!19sChIJ9ZNtVqwI2YgRQa2s-VrpVXI?authuser=0&hl=en&rclk=1
"Automotive Repair in Sunrise, Florida","Gibor Mobile Mechanic Auto Service ""We come to you""",4.9,59,,Car repair and maintenance service,3900 NW 76th Ave,26.1726009,-80.2520473,Closed,Opens 8 AM Mon,,2025-03-07 13:59:10,(954) 274-9930," 
""Daniel did a great job replacing the A/C compressor on my VW GTI.""",https://www.google.com/maps/place/Gibor+Mobile+Mechanic+Auto+Service+%22We+come+to+you%22/data=!4m7!3m6!1s0x88d9075cd2713037:0x4d1cd366402eab5e!8m2!3d26.1726009!4d-80.2520473!16s%2Fg%2F11kk_5xl3n!19sChIJNzBx0lwH2YgRXqsuQGbTHE0?authuser=0&hl=en&rclk=1
"Automotive Repair in Sunrise, Florida",Pep Boys,4.0,987,,Tire shop,12251 W Sunrise Blvd,26.1468787,-80.3120806,Open,Closes 7 PM,https://pepboys.com/stores/fl/plantation/12251-w-sunrise-blvd?storeCode=0376,2025-03-07 13:59:13,(954) 916-9100," 
""Dropped car off and got it back 90 minutes later.""
 
BOOK ONLINE",https://www.google.com/maps/place/Pep+Boys/data=!4m7!3m6!1s0x88d908fa3fe37bcd:0x6955816f4ccceb1b!8m2!3d26.1468787!4d-80.3120806!16s%2Fg%2F1tycxf_c!19sChIJzXvjP_oI2YgRG-vMTG-BVWk?authuser=0&hl=en&rclk=1
"Automotive Repair in Sunrise, Florida",Tires Plus,3.9,402,,Tire shop,1865 N Flamingo Rd,26.1487492,-80.3149241,Open,Closes 7 PM,https://www.tiresplus.com/florida/plantation/1865-n-flamingo-rd/?utm_source=google&utm_medium=organic&utm_campaign=localmaps&cmp=oloc_google_localmaps_maps,2025-03-07 13:59:14,(954) 372-2434," 
In-store shopping
·
Curbside pickup
 
BOOK ONLINE",https://www.google.com/maps/place/Tires+Plus/data=!4m7!3m6!1s0x88d908fb764663e3:0xd2937778a451cbf2!8m2!3d26.1487492!4d-80.3149241!16s%2Fg%2F1tfrbzsf!19sChIJ42NGdvsI2YgR8stRpHh3k9I?authuser=0&hl=en&rclk=1
"Automotive Repair in Sunrise, Florida",Best Service Auto Repair LLC,3.3,28,,Auto repair shop,6000 W Oakland Park Blvd,26.164273,-80.232394,Open,Closes 7 PM,,2025-03-07 13:59:15,(954) 745-8291," 
""Best service ever""",https://www.google.com/maps/place/Best+Service+Auto+Repair+LLC/data=!4m7!3m6!1s0x88d9066208a2017b:0x562a3c7057d35309!8m2!3d26.164273!4d-80.232394!16s%2Fg%2F1vg6vjk9!19sChIJewGiCGIG2YgRCVPTV3A8KlY?authuser=0&hl=en&rclk=1
"Automotive Repair in Sunrise, Florida",All Jap. Cars,4.7,110,,Auto repair shop,4897 N University Dr Suite B,26.1858457,-80.2527502,Open,Closes 5 PM,http://facebook.com/alljcars,2025-03-07 13:59:17,(954) 749-5584," 
""Very honest, great service, reasonable prices, very friendly.""",https://www.google.com/maps/place/All+Jap.+Cars/data=!4m7!3m6!1s0x88d905de4ec8e36d:0x105da7159e122847!8m2!3d26.1858457!4d-80.2527502!16s%2Fg%2F1vfwdnk8!19sChIJbePITt4F2YgRRygSnhWnXRA?authuser=0&hl=en&rclk=1
"Automotive Repair in Sunrise, Florida",Quality Automotive,4.0,4,,Auto repair shop,10623 NW 53rd St,26.1912679,-80.2899836,Open,Closes 5:30 PM,,2025-03-07 13:59:18,(754) 234-8135," 
""I highly recommend taking your car to get fixed here.""",https://www.google.com/maps/place/Quality+Automotive/data=!4m7!3m6!1s0x88d90f9e3dddf8a9:0x62cad5ec07ecd462!8m2!3d26.1912679!4d-80.2899836!16s%2Fg%2F11g0ms2x_6!19sChIJqfjdPZ4P2YgRYtTsB-zVymI?authuser=0&hl=en&rclk=1
"Automotive Repair in Sunrise, Florida",Auto Repair Store,5.0,40,,Auto repair shop,1057 NW 85th Terrace,26.1375173,-80.2633952,Opens soon,9 AM,https://www.autorepair-store.ai/,2025-03-07 13:59:19,(954) 665-3384," 
""Came same day to repair my jeep with fair prices.""",https://www.google.com/maps/place/Auto+Repair+Store/data=!4m7!3m6!1s0x88d90250a69ba39b:0x4de7062674b4228c!8m2!3d26.1375173!4d-80.2633952!16s%2Fg%2F11fqtm8m6r!19sChIJm6ObplAC2YgRjCK0dCYG500?authuser=0&hl=en&rclk=1
"Automotive Repair in Sunrise, Florida",Tire Choice Auto Service Centers,4.7,"1,138",,Tire shop,6852 N University Dr,26.2078283,-80.2511157,Open,Closes 7 PM,https://locations.thetirechoice.com/fl/tamarac/6852-n-university-drive?&utm_source=google&utm_medium=organic&utm_campaign=gbp-listing-store_1292,2025-03-07 13:59:20,(754) 296-0112," 
In-store shopping
·
In-store pickup",https://www.google.com/maps/place/Tire+Choice+Auto+Service+Centers/data=!4m7!3m6!1s0x88d905bfa4e247ed:0xaea4246c22d7c74!8m2!3d26.2078283!4d-80.2511157!16s%2Fg%2F1tmpws6x!19sChIJ7UfipL8F2YgRdHwtwkZC6go?authuser=0&hl=en&rclk=1
"Automotive Repair in Sunrise, Florida",Kramer's Auto Electric & A/C,4.2,94,,Auto repair shop,7413 NW 88th Ave,26.2124053,-80.2707879,Open,Closes 5 PM,https://kramersautomotive.com/,2025-03-07 13:59:21,(954) 726-8135," 
""Kramers easily diagnosed and made the necessary repairs.""",https://www.google.com/maps/place/Kramer%27s+Auto+Electric+%26+A%2FC/data=!4m7!3m6!1s0x88d9058c1d240d13:0x82b0320eed10737a!8m2!3d26.2124053!4d-80.2707879!16s%2Fg%2F1tg87fvb!19sChIJEw0kHYwF2YgRenMQ7Q4ysII?authuser=0&hl=en&rclk=1
"Automotive Repair in Sunrise, Florida",Automotive Super Services,4.7,249,,Auto repair shop,6458 W Commercial Blvd,26.1934547,-80.2373809,Open,Closes 6 PM,http://www.automotive-superservice.com/,2025-03-07 13:59:22,(954) 746-2846," 
""Honest diagnosis of car issues n reasonable billings that can be negotiated.""",https://www.google.com/maps/place/Automotive+Super+Services/data=!4m7!3m6!1s0x88d905cdfce24cd1:0xdb0ed883f38ae61c!8m2!3d26.1934547!4d-80.2373809!16s%2Fg%2F1td4kx_2!19sChIJ0Uzi_M0F2YgRHOaK84PYDts?authuser=0&hl=en&rclk=1
"Automotive Repair in Sunrise, Florida",Ed Morse Sawgrass Auto Mall,4.4,"1,764",,Auto repair shop,14401 W Sunrise Blvd,26.1472033,-80.3361211,Open,Closes 8 PM,http://www.edmorsesawgrass.com/?utm_source=google&utm_medium=organic&utm_campaign=gmb&utm_content=website-button,2025-03-07 13:59:23,(954) 526-9213," 
In-store shopping
·
In-store pickup
·
Delivery",https://www.google.com/maps/place/Ed+Morse+Sawgrass+Auto+Mall/data=!4m7!3m6!1s0x88d909094d9fce49:0xca1a7c94e47babdc!8m2!3d26.1472033!4d-80.3361211!16s%2Fg%2F1tvtc40b!19sChIJSc6fTQkJ2YgR3Kt75JR8Gso?authuser=0&hl=en&rclk=1
"Automotive Repair in Sunrise, Florida",Spice Island Auto Repair,4.6,82,,Auto repair shop,7527 W Oakland Park Blvd,26.166755,-80.2487104,Open,Closes 5 PM,https://www.facebook.com/SpiceIslandAuto/,2025-03-07 13:59:25,(954) 776-1149," 
""Check my car for AC and found the issue in minutes and fixed in no time.""",https://www.google.com/maps/place/Spice+Island+Auto+Repair/data=!4m7!3m6!1s0x88d9066e81e31f05:0x2a39a0799c49f367!8m2!3d26.166755!4d-80.2487104!16s%2Fg%2F11b5pjcdhc!19sChIJBR_jgW4G2YgRZ_NJnHmgOSo?authuser=0&hl=en&rclk=1
"Automotive Repair in Sunrise, Florida",Ultimate Auto Care,4.5,259,,Auto repair shop,5270 FL-7,26.1910458,-80.2030078,Open,Closes 6 PM,https://www.theultimateautocare.com/,2025-03-07 13:59:26,(954) 485-4688," 
""My car was properly diagnosed and properly resolved!""",https://www.google.com/maps/place/Ultimate+Auto+Care/data=!4m7!3m6!1s0x88d9052d0ae63e6d:0xcfa634d08f0a1aef!8m2!3d26.1910458!4d-80.2030078!16s%2Fg%2F11nfftq87f!19sChIJbT7mCi0F2YgR7xoKj9A0ps8?authuser=0&hl=en&rclk=1
"Automotive Repair in Sunrise, Florida",Tune Rite Auto,4.7,794,,Auto repair shop,5460 Reese Rd,26.0903349,-80.219658,Open,Closes 5:30 PM,http://www.tuneriteauto.com/,2025-03-07 13:59:27,(954) 584-4104," 
""Work was performed flawlessly and car was back on time!""
 
BOOK ONLINE",https://www.google.com/maps/place/Tune+Rite+Auto/data=!4m7!3m6!1s0x88d9076317bc0e07:0xe40a705b28d3e41d!8m2!3d26.0903349!4d-80.219658!16s%2Fg%2F1tdkn08x!19sChIJBw68F2MH2YgRHeTTKFtwCuQ?authuser=0&hl=en&rclk=1
"Automotive Repair in Sunrise, Florida",Transmission Center Complete Auto Repair,4.4,142,,Transmission shop,4897 N University Dr,26.1858851,-80.2524439,Open,Closes 5:30 PM,,2025-03-07 13:59:29,(954) 578-5050," 
""Their diagnosis was spot on, and my car drives like new.""",https://www.google.com/maps/place/Transmission+Center+Complete+Auto+Repair/data=!4m7!3m6!1s0x88d905de4ecf30d5:0x2d6b8ab1902d139c!8m2!3d26.1858851!4d-80.2524439!16s%2Fg%2F1vg6vjk3!19sChIJ1TDPTt4F2YgRnBMtkLGKay0?authuser=0&hl=en&rclk=1
"Automotive Repair in Sunrise, Florida",AUTOVISION MOBILE CARE LLC,4.8,78,,Auto repair shop,4917 N University Dr #11,26.186853,-80.2529088,Open,Closes 6:30 PM,http://autovisioncare.com/,2025-03-07 13:59:30,(954) 306-3168," 
""They diagnosed and fix my car trouble in no time.""",https://www.google.com/maps/place/AUTOVISION+MOBILE+CARE+LLC/data=!4m7!3m6!1s0x88d907d2a6dcda55:0xc97c9396a72cda0b!8m2!3d26.186853!4d-80.2529088!16s%2Fg%2F11h6q4h880!19sChIJVdrcptIH2YgRC9osp5aTfMk?authuser=0&hl=en&rclk=1
"Automotive Repair in Sunrise, Florida",Best Mobile Auto Body,4.9,53,,Auto body shop,10280 Reflections Blvd N Unit 101,26.1765955,-80.2856651,Open 24 hours,,,2025-03-07 13:59:31,(973) 732-8824," 
""He fixed my mangled bumper, which looks just about brand new!""",https://www.google.com/maps/place/Best+Mobile+Auto+Body/data=!4m7!3m6!1s0x88d909cca881a513:0x560c605bea919f11!8m2!3d26.1765955!4d-80.2856651!16s%2Fg%2F11t4ffhyx9!19sChIJE6WBqMwJ2YgREZ-R6ltgDFY?authuser=0&hl=en&rclk=1
"Automotive Repair in Sunrise, Florida","Auto Maintenance Experts, LLC",4.7,153,,Auto repair shop,4897 N University Dr # C,26.1858439,-80.2529728,Open,Closes 6 PM,,2025-03-07 13:59:33,(954) 881-2240," 
""Did quality repair and maintenance job on my truck with reasonable cost.""","https://www.google.com/maps/place/Auto+Maintenance+Experts,+LLC/data=!4m7!3m6!1s0x88d905de493c77a7:0x6405f24d941e9ad8!8m2!3d26.1858439!4d-80.2529728!16s%2Fg%2F11g65bqw96!19sChIJp3c8Sd4F2YgR2JoelE3yBWQ?authuser=0&hl=en&rclk=1"
"Automotive Repair in Sunrise, Florida",Roger's Auto Repair,4.5,276,,Auto repair shop,4215 Peters Rd,26.1066804,-80.2048102,Open,Closes 6 PM,https://www.rogersrepaircenter.com/,2025-03-07 13:59:34,(954) 791-8930," 
""They got the part on a Friday night and fixed it by Saturday afternoon.""",https://www.google.com/maps/place/Roger%27s+Auto+Repair/data=!4m7!3m6!1s0x88d90740d0cb3849:0x886185205027e2ca!8m2!3d26.1066804!4d-80.2048102!16s%2Fg%2F1tcvvnh8!19sChIJSTjL0EAH2YgRyuInUCCFYYg?authuser=0&hl=en&rclk=1
"Automotive Repair in Sunrise, Florida",Firestone Complete Auto Care,3.7,401,,Tire shop,9000 Cleary Blvd,26.128596,-80.2692503,Open,Closes 7 PM,https://www.firestonecompleteautocare.com/florida/plantation/9000-cleary-blvd/?utm_source=google&utm_medium=organic&utm_campaign=localmaps&cmp=oloc_google_localmaps_maps,2025-03-07 13:59:35,(954) 320-7473," 
In-store shopping
·
Curbside pickup
 
BOOK ONLINE",https://www.google.com/maps/place/Firestone+Complete+Auto+Care/data=!4m7!3m6!1s0x88d907d11ba345d1:0x5068fd88de268163!8m2!3d26.128596!4d-80.2692503!16s%2Fg%2F1tv3ph04!19sChIJ0UWjG9EH2YgRY4Em3oj9aFA?authuser=0&hl=en&rclk=1
"Automotive Repair in Sunrise, Florida",Mavis Tires & Brakes,4.8,"1,331",,Tire shop,1401 S University Dr,26.1017391,-80.2504713,Open,Closes 6 PM,https://www.mavis.com/locations/ft-lauderdale-plantation-fl?utm_source=yext&utm_medium=organic&utm_campaign=gmb&stnum=748,2025-03-07 13:59:36,(754) 241-0882," 
""Professional, courteous and were able to fix my car same day.""
 
BOOK ONLINE",https://www.google.com/maps/place/Mavis+Tires+%26+Brakes/data=!4m7!3m6!1s0x88d90792159d84b5:0x7c1c0a04838b1f04!8m2!3d26.1017391!4d-80.2504713!16s%2Fg%2F1tyyxxr_!19sChIJtYSdFZIH2YgRBB-LgwQKHHw?authuser=0&hl=en&rclk=1
"Automotive Repair in Miramar, Florida",Brake World Pembroke Pines- pines & palm ave,3.9,248,,Auto repair shop,10225 Pines Blvd,26.0086927,-80.2826256,Open,Closes 5 PM,//www.googleadservices.com/pagead/aclk?sa=L&ai=DChcSEwi80sjHkPiLAxWYM60GHUXGAIAYABAAGgJwdg&co=1&gclid=EAIaIQobChMIvNLIx5D4iwMVmDOtBh1FxgCAEBAYASAAEgIpSvD_BwE&ohost=www.google.com&cid=CAASEuRo_BqXDzJub2UEPlUt6kGtoA&sig=AOD64_2Nd7v0Eid96SCqiTYlZD-bi1XkKw&adurl&q&ctype=99,2025-03-07 13:59:48,(954) 438-5560,,https://www.google.com/maps/place/Brake+World+Pembroke+Pines-+pines+%26+palm+ave/data=!4m7!3m6!1s0x88d9a604c7bec7b7:0xf6e04cd67c504e98!8m2!3d26.0086927!4d-80.2826256!16s%2Fg%2F1pp2x9jtr!19sChIJt8e-xwSm2YgRmE5QfNZM4PY?authuser=0&hl=en&rclk=1
"Automotive Repair in Miramar, Florida",Honest auto repair center,4.5,142,,Auto repair shop,1825 SW 101st Ave,25.9918835,-80.2787827,Open,Closes 6 PM,,2025-03-07 13:59:49,(954) 251-3285," 
""Fast and reliable with great prices and great staff!""",https://www.google.com/maps/place/Honest+auto+repair+center/data=!4m7!3m6!1s0x88d9a5ff2f5d609f:0x53e75aa3bcdaa086!8m2!3d25.9918835!4d-80.2787827!16s%2Fg%2F11c6t_444l!19sChIJn2BdL_-l2YgRhqDavKNa51M?authuser=0&hl=en&rclk=1
"Automotive Repair in Miramar, Florida",Quality Auto Repair,4.5,89,,Auto repair shop,2011 Palm Ave Bay A,25.990468,-80.278721,Open,Closes 5 PM,,2025-03-07 13:59:50,(954) 433-3848," 
""The repairs only took 2 hours and I was back on the road with no issues.""",https://www.google.com/maps/place/Quality+Auto+Repair/data=!4m7!3m6!1s0x88d9a5f8ce3d9b63:0x62bdf95af8bb70ea!8m2!3d25.990468!4d-80.278721!16s%2Fg%2F1tc_g1b6!19sChIJY5s9zvil2YgR6nC7-Fr5vWI?authuser=0&hl=en&rclk=1
"Automotive Repair in Miramar, Florida",Precision Auto Tech,4.9,49,,Auto repair shop,1916 SW 100th Ave,25.9908029,-80.2777852,Open,Closes 4 PM,,2025-03-07 13:59:51,(954) 243-9589," 
""Fast service and on point the price""",https://www.google.com/maps/place/Precision+Auto+Tech/data=!4m7!3m6!1s0x88d9a5f8b17e2b37:0x7b09b4957151cf95!8m2!3d25.9908029!4d-80.2777852!16s%2Fg%2F11gf9629n6!19sChIJNyt-sfil2YgRlc9RcZW0CXs?authuser=0&hl=en&rclk=1
"Automotive Repair in Miramar, Florida",BTG Automotive,4.4,44,,Auto repair shop,2000 SW 100th Terrace Ste A,25.9906831,-80.2785329,Open,Closes 5 PM,https://btgautomotive.com/,2025-03-07 13:59:53,(954) 927-6681," 
""Brian had my water pump and thermostat diagnosed and replaced that day.""",https://www.google.com/maps/place/BTG+Automotive/data=!4m7!3m6!1s0x88d9a5ff49e26e69:0x4b5f5d0f97ab9d63!8m2!3d25.9906831!4d-80.2785329!16s%2Fg%2F11c0rnl8ht!19sChIJaW7iSf-l2YgRY52rlw9dX0s?authuser=0&hl=en&rclk=1
"Automotive Repair in Miramar, Florida",Goodwear Auto Center,4.7,276,,Auto repair shop,6301 Miramar Pkwy,25.9847353,-80.2127261,Open,Closes 5 PM,http://www.goodwearfla.com/,2025-03-07 13:59:54,(954) 966-3722," 
""They did a fast and amazing job fixing my car!""",https://www.google.com/maps/place/Goodwear+Auto+Center/data=!4m7!3m6!1s0x88d9aec909a4dbcf:0x6677a928b6681d9e!8m2!3d25.9847353!4d-80.2127261!16s%2Fg%2F1tfqb0h4!19sChIJz9ukCcmu2YgRnh1otiipd2Y?authuser=0&hl=en&rclk=1
"Automotive Repair in Miramar, Florida",Manny The Mechanic,4.3,128,,Auto repair shop,1900 SW 100th Terrace,25.9915415,-80.2785738,Open,Closes 6 PM,https://mannythemechanic.com/,2025-03-07 13:59:55,(954) 362-7655," 
Onsite services",https://www.google.com/maps/place/Manny+The+Mechanic/data=!4m7!3m6!1s0x88d9a5ff34d98183:0x67cd1f610f4b8de4!8m2!3d25.9915415!4d-80.2785738!16s%2Fg%2F11b6nldb63!19sChIJg4HZNP-l2YgR5I1LD2EfzWc?authuser=0&hl=en&rclk=1
"Automotive Repair in Miramar, Florida",Miramar Tires and Mechanic Service,4.3,186,,Auto repair shop,2300 S State Rd 7,25.989566,-80.207168,Open,Closes 5 PM,https://www.facebook.com/miramartires/,2025-03-07 13:59:56,(954) 989-9545," 
""Professional staff, great service, good prices.""",https://www.google.com/maps/place/Miramar+Tires+and+Mechanic+Service/data=!4m7!3m6!1s0x88d9aeb4fd96a283:0x935783aed0666de7!8m2!3d25.989566!4d-80.207168!16s%2Fg%2F1tj80s97!19sChIJg6KW_bSu2YgR521m0K6DV5M?authuser=0&hl=en&rclk=1
"Automotive Repair in Miramar, Florida",Sonny's Tune & Lube,4.5,111,,Auto repair shop,2001 SW 101st Ave,25.9906307,-80.278694,Open,Closes 5:30 PM,,2025-03-07 13:59:57,(954) 431-1116," 
""Prices are amazing, and their work is quality.""",https://www.google.com/maps/place/Sonny%27s+Tune+%26+Lube/data=!4m7!3m6!1s0x88d9a5ff3aa18d85:0x34fd2209ca7a9695!8m2!3d25.9906307!4d-80.278694!16s%2Fg%2F11c0ybp_20!19sChIJhY2hOv-l2YgRlZZ6ygki_TQ?authuser=0&hl=en&rclk=1
"Automotive Repair in Miramar, Florida",Premier Choice Auto Solutions,4.9,106,,Auto repair shop,1810 SW 100th Ave Bay B & C,25.992429,-80.277894,Opens soon,9 AM,http://www.premierchoiceautosolutions.com/,2025-03-07 13:59:58,(954) 613-3655," 
""Rubin is honest and his crew does great work at fair prices.""",https://www.google.com/maps/place/Premier+Choice+Auto+Solutions/data=!4m7!3m6!1s0x88d9a5ff410ac2d9:0xaf3ecaf9cc588bbd!8m2!3d25.992429!4d-80.277894!16s%2Fg%2F11c46h7l7f!19sChIJ2cIKQf-l2YgRvYtYzPnKPq8?authuser=0&hl=en&rclk=1
"Automotive Repair in Miramar, Florida",Advanced Automotive,4.6,17,,Auto repair shop,1804 SW 100th Terrace,25.9924053,-80.2785705,Open,Closes 5 PM,,2025-03-07 13:59:59,(954) 431-8121," 
""Good Service, honest, and reliable""",https://www.google.com/maps/place/Advanced+Automotive/data=!4m7!3m6!1s0x88d9a5ff3e5943a9:0xe1a0a8f72f3ec558!8m2!3d25.9924053!4d-80.2785705!16s%2Fg%2F1tdwfqx1!19sChIJqUNZPv-l2YgRWMU-L_eooOE?authuser=0&hl=en&rclk=1
"Automotive Repair in Miramar, Florida",PF Auto Repair & Tires,4.2,35,,Auto body shop,6343 Miramar Pkwy,25.984897,-80.214464,Open,Closes 5:30 PM,,2025-03-07 14:00:00,(305) 240-2036," 
""Good mechanic place to fix ur car""",https://www.google.com/maps/place/PF+Auto+Repair+%26+Tires/data=!4m7!3m6!1s0x88d9aec93bc735c5:0xc0e509981218d2d7!8m2!3d25.984897!4d-80.214464!16s%2Fg%2F11cmz2hp61!19sChIJxTXHO8mu2YgR19IYEpgJ5cA?authuser=0&hl=en&rclk=1
"Automotive Repair in Miramar, Florida",Auto Solutions Mobile Service Corp,5.0,122,,Mechanic,Pembroke Rd,25.9943916,-80.2384286,Open,Closes 7 PM,https://instagram.com/auto_solutionscorp?igshid=OGQ5ZDc2ODk2ZA==,2025-03-07 14:00:01,(786) 709-5716," 
Onsite services",https://www.google.com/maps/place/Auto+Solutions+Mobile+Service+Corp/data=!4m7!3m6!1s0x4724009acee7ac07:0x90800a5c454dcef6!8m2!3d25.9943916!4d-80.2384286!16s%2Fg%2F11l2mbtc4c!19sChIJB6znzpoAJEcR9s5NRVwKgJA?authuser=0&hl=en&rclk=1
"Automotive Repair in Miramar, Florida",Auto Repair Pros Hollywood West,4.8,739,,Auto repair shop,6031 Hollywood Blvd,26.0105477,-80.208809,Open,Closes 5 PM,https://autorepairpros.com/loc/hollywood-west/?utm_source=gmb&utm_medium=organic&utm_campaign=hollywoodwest,2025-03-07 14:00:03,(954) 266-0690," 
Onsite services
 
BOOK ONLINE",https://www.google.com/maps/place/Auto+Repair+Pros+Hollywood+West/data=!4m7!3m6!1s0x88d9a940ba63c8ed:0xa658cfc7dfab6667!8m2!3d26.0105477!4d-80.208809!16s%2Fg%2F1td1kssz!19sChIJ7chjukCp2YgRZ2ar38fPWKY?authuser=0&hl=en&rclk=1
"Automotive Repair in Miramar, Florida",New Level Automotive Tech,4.3,59,,Auto body shop,2309 SW 60th Way,25.989327,-80.208238,Open 24 hours,,,2025-03-07 14:00:04,(305) 744-1238," 
Onsite services",https://www.google.com/maps/place/New+Level+Automotive+Tech/data=!4m7!3m6!1s0x88d9aeb50abe4b67:0x75414facadfab3c3!8m2!3d25.989327!4d-80.208238!16s%2Fg%2F1262btz0y!19sChIJZ0u-CrWu2YgRw7P6raxPQXU?authuser=0&hl=en&rclk=1
"Automotive Repair in Miramar, Florida",T J Automotive,5.0,14,,Auto repair shop,2304 SW 60th Way,25.9895464,-80.2087233,Opens soon,9 AM,,2025-03-07 14:00:05,(954) 962-3123," 
""Excellent workmanship Technician A
Thanks again Joseph""",https://www.google.com/maps/place/T+J+Automotive/data=!4m7!3m6!1s0x88d9aeb574325c59:0xaaf21cb0b201d880!8m2!3d25.9895464!4d-80.2087233!16s%2Fg%2F113hsnd3n!19sChIJWVwydLWu2YgRgNgBsrAc8qo?authuser=0&hl=en&rclk=1
"Automotive Repair in Miramar, Florida",Genesis Auto Repair Center,4.6,17,,Auto repair shop,3190 S State Rd 7 #6,25.9823595,-80.207261,Opens soon,9 AM,http://www.autorepairmiramarfl.com/,2025-03-07 14:00:06,(786) 718-9619,,https://www.google.com/maps/place/Genesis+Auto+Repair+Center/data=!4m7!3m6!1s0x88d9aeb7afd91c13:0x4a60d5293c183cae!8m2!3d25.9823595!4d-80.207261!16s%2Fg%2F1wfvnfwr!19sChIJExzZr7eu2YgRrjwYPCnVYEo?authuser=0&hl=en&rclk=1
"Automotive Repair in Miramar, Florida",Ace Sullins CARSTAR,4.9,573,,Auto body shop,6025 SW 35th Ct,25.9787254,-80.2070465,Open,Closes 5 PM,https://www.carstar.com/locations/fl/miramar-15150/,2025-03-07 14:00:07,(954) 983-0209," 
""The repair was fast and completed as promised.""
 
BOOK ONLINE",https://www.google.com/maps/place/Ace+Sullins+CARSTAR/data=!4m7!3m6!1s0x88d9aeb9b725e455:0x7d37f833ab8a7542!8m2!3d25.9787254!4d-80.2070465!16s%2Fg%2F11r97f3jt!19sChIJVeQlt7mu2YgRQnWKqzP4N30?authuser=0&hl=en&rclk=1
"Automotive Repair in Miramar, Florida",MEJIA AUTO REPAIR,5.0,1,,Auto repair shop,490 S State Rd 7,26.0137866,-80.2082444,,,,2025-03-07 14:00:08,,,https://www.google.com/maps/place/MEJIA+AUTO+REPAIR/data=!4m7!3m6!1s0x88d9a9c16e2a0547:0xc66e4d38d999f829!8m2!3d26.0137866!4d-80.2082444!16s%2Fg%2F11gxfd9tx2!19sChIJRwUqbsGp2YgRKfiZ2ThNbsY?authuser=0&hl=en&rclk=1
"Automotive Repair in Miramar, Florida",Jacob's Garage,4.8,292,,Auto repair shop,9890 Pines Blvd,26.0075,-80.2766667,Open,Closes 5:30 PM,http://jacobscarrepair.com/,2025-03-07 14:00:09,(954) 437-0060," 
""Perfect repair, removal of door, and exact cause identified.""",https://www.google.com/maps/place/Jacob%27s+Garage/data=!4m7!3m6!1s0x88d9a602b6f007b3:0x60a6e1a92c59d242!8m2!3d26.0075!4d-80.2766667!16s%2Fg%2F1tpn3c7s!19sChIJswfwtgKm2YgRQtJZLKnhpmA?authuser=0&hl=en&rclk=1
"Automotive Repair in Miramar, Florida",Double M Auto Center,5.0,4,,Auto repair shop,1901 SW 100th Terrace,25.9915476,-80.2781225,,,,2025-03-07 14:00:10,,,https://www.google.com/maps/place/Double+M+Auto+Center/data=!4m7!3m6!1s0x88d9a5ff49e26da9:0x1a830e2c8e5a4d64!8m2!3d25.9915476!4d-80.2781225!16s%2Fg%2F1v1tnwt8!19sChIJqW3iSf-l2YgRZE1ajiwOgxo?authuser=0&hl=en&rclk=1
"Automotive Repair in Miramar, Florida",MEJIA AUTO REPAIR,5.0,1,,Auto repair shop,490 S State Rd 7,26.0137866,-80.2082444,,,,2025-03-07 14:00:15,,,https://www.google.com/maps/place/MEJIA+AUTO+REPAIR/data=!4m7!3m6!1s0x88d9a9c16e2a0547:0xc66e4d38d999f829!8m2!3d26.0137866!4d-80.2082444!16s%2Fg%2F11gxfd9tx2!19sChIJRwUqbsGp2YgRKfiZ2ThNbsY?authuser=0&hl=en&rclk=1
"Automotive Repair in Miramar, Florida",Jacob's Garage,4.8,292,,Auto repair shop,9890 Pines Blvd,26.0075,-80.2766667,Open,Closes 5:30 PM,http://jacobscarrepair.com/,2025-03-07 14:00:16,(954) 437-0060," 
""Honest skilled mechanics who did amazing work on my mustang a few times.""",https://www.google.com/maps/place/Jacob%27s+Garage/data=!4m7!3m6!1s0x88d9a602b6f007b3:0x60a6e1a92c59d242!8m2!3d26.0075!4d-80.2766667!16s%2Fg%2F1tpn3c7s!19sChIJswfwtgKm2YgRQtJZLKnhpmA?authuser=0&hl=en&rclk=1
"Automotive Repair in Miramar, Florida",Double M Auto Center,5.0,4,,Auto repair shop,1901 SW 100th Terrace,25.9915476,-80.2781225,,,,2025-03-07 14:00:17,,,https://www.google.com/maps/place/Double+M+Auto+Center/data=!4m7!3m6!1s0x88d9a5ff49e26da9:0x1a830e2c8e5a4d64!8m2!3d25.9915476!4d-80.2781225!16s%2Fg%2F1v1tnwt8!19sChIJqW3iSf-l2YgRZE1ajiwOgxo?authuser=0&hl=en&rclk=1
"Automotive Repair in Miramar, Florida",Autotech Mobile Mechanic,5.0,339,,Auto repair shop,15905 Pines Blvd unit a,26.0082476,-80.3600811,Open,Closes 6 PM,http://autotechmobilemechanic.com/,2025-03-07 14:00:18,(954) 530-6228," 
Onsite services",https://www.google.com/maps/place/Autotech+Mobile+Mechanic/data=!4m7!3m6!1s0x88d9a7d02f185ff3:0x72f31f5fccf5eb5f!8m2!3d26.0082476!4d-80.3600811!16s%2Fg%2F11lflf3xpt!19sChIJ818YL9Cn2YgRX-v1zF8f83I?authuser=0&hl=en&rclk=1
"Automotive Repair in Miramar, Florida","Xtreme Automotive Repairs, Inc",4.8,120,,Auto repair shop,5934 Funston St,26.0002651,-80.2064514,Open,Closes 5:30 PM,http://xautorepairs.com/,2025-03-07 14:00:20,(954) 534-9138," 
""They found the issue so fast and was very affordable to repair as well.""","https://www.google.com/maps/place/Xtreme+Automotive+Repairs,+Inc/data=!4m7!3m6!1s0x88d9a94922a1489d:0x4ae7f4c3e16e7829!8m2!3d26.0002651!4d-80.2064514!16s%2Fg%2F1ttdnspf!19sChIJnUihIkmp2YgRKXhu4cP050o?authuser=0&hl=en&rclk=1"
"Automotive Repair in Miramar, Florida",Miramar RPM Mobile Mechanics,5.0,1,,Auto repair shop,1814 SW 100th Ave,25.9920783,-80.2778883,Open,Closes 7 PM,,2025-03-07 14:00:21,(754) 296-8991," 
""The mechanic replaced the fluid and found a small leak in the reservoir.""",https://www.google.com/maps/place/Miramar+RPM+Mobile+Mechanics/data=!4m7!3m6!1s0x88d9a5005f423507:0xcb5f8485786f78f!8m2!3d25.9920783!4d-80.2778883!16s%2Fg%2F11y6fgb_q1!19sChIJBzVCXwCl2YgRj_eGV0j4tQw?authuser=0&hl=en&rclk=1
"Automotive Repair in Miramar, Florida",University Auto Center,4.7,458,,Auto repair shop,3303 N University Dr,26.0387123,-80.2480197,Open,Closes 5 PM,http://autocenterhollywood.com/,2025-03-07 14:00:22,(954) 450-3696," 
Onsite services",https://www.google.com/maps/place/University+Auto+Center/data=!4m7!3m6!1s0x88d9a8f683ed0db3:0xaf3233b17ff9cab3!8m2!3d26.0387123!4d-80.2480197!16s%2Fg%2F1td141ts!19sChIJsw3tg_ao2YgRs8r5f7EzMq8?authuser=0&hl=en&rclk=1
"Automotive Repair in Miramar, Florida",Star Auto Techs,4.6,193,,Auto repair shop,12528 Pines Blvd,26.0070727,-80.3157179,Open,Closes 6 PM,https://www.starautotechs.com/,2025-03-07 14:00:24,(954) 392-5700," 
""Did two complicated repairs for a fair price and faster than expected.""",https://www.google.com/maps/place/Star+Auto+Techs/data=!4m7!3m6!1s0x88d9a67c43507d73:0xa6ed1645e0437190!8m2!3d26.0070727!4d-80.3157179!16s%2Fg%2F1tlbpywb!19sChIJc31QQ3ym2YgRkHFD4EUW7aY?authuser=0&hl=en&rclk=1
"Automotive Repair in Miramar, Florida",C & S Transmissions,4.4,72,,Transmission shop,1821 SW 101st Ave,25.9921187,-80.2787512,Open,Closes 5 PM,,2025-03-07 14:00:25,(954) 437-4001," 
""They got my grandmother's car fixed very quick.""",https://www.google.com/maps/place/C+%26+S+Transmissions/data=!4m7!3m6!1s0x88d9a5ff3aad9183:0x37e5861a61745420!8m2!3d25.9921187!4d-80.2787512!16s%2Fg%2F1tlbkcch!19sChIJg5GtOv-l2YgRIFR0YRqG5Tc?authuser=0&hl=en&rclk=1
"Automotive Repair in Miramar, Florida",A1 Mobile Mechanic,4.7,76,,Car repair and maintenance service,,25.8783745,-80.3233545,Open,Closes 10 PM,,2025-03-07 14:00:26,(786) 362-2964," 
""Showed up on time and fixed my brakes in under 20 mins!""",https://www.google.com/maps/place/A1+Mobile+Mechanic/data=!4m7!3m6!1s0x88d9bb0676540157:0x11f0df2e17950db9!8m2!3d25.8783745!4d-80.3233545!16s%2Fg%2F11hpczbwyt!19sChIJVwFUdga72YgRuQ2VFy7f8BE?authuser=0&hl=en&rclk=1
"Automotive Repair in Miramar, Florida",Gap Automotive,5.0,19,,Mechanic,1901 SW 100th Terrace Bay C,25.9915299,-80.2780826,Closed,Opens 10 AM,,2025-03-07 14:00:27,(954) 667-8503," 
""... recommended for reliable, efficient, and affordable BMW repairs.""",https://www.google.com/maps/place/Gap+Automotive/data=!4m7!3m6!1s0x88d9a5fc79964e93:0xd975a8a491990ded!8m2!3d25.9915299!4d-80.2780826!16s%2Fg%2F11v078tx98!19sChIJk06Wefyl2YgR7Q2ZkaSoddk?authuser=0&hl=en&rclk=1
"Automotive Repair in Miramar, Florida",Joseph Johns Auto,5.0,1,,Auto bodywork mechanic,8448 SW 29th St,25.9833678,-80.2556851,Open,Closes 6 PM,,2025-03-07 14:00:28,(754) 226-6959,,https://www.google.com/maps/place/Joseph+Johns+Auto/data=!4m7!3m6!1s0x88d9af1b4a7f7a07:0x7ff04f3081a61d71!8m2!3d25.9833678!4d-80.2556851!16s%2Fg%2F11mq3vvfp0!19sChIJB3p_Shuv2YgRcR2mgTBP8H8?authuser=0&hl=en&rclk=1
"Automotive Repair in Miramar, Florida",THE MOBILE MECHANIC,4.9,142,,Car repair and maintenance service,,25.916053,-80.2720134,Open 24 hours,,,2025-03-07 14:00:29,(754) 304-5898," 
""The service was done professionally with a very reasonable price .""",https://www.google.com/maps/place/THE+MOBILE+MECHANIC/data=!4m7!3m6!1s0xe5d1badecee8ec5:0x4f03878104b4f858!8m2!3d25.916053!4d-80.2720134!16s%2Fg%2F11vzxnb384!19sChIJxY7u7K0bXQ4RWPi0BIGHA08?authuser=0&hl=en&rclk=1
"Automotive Repair in Miramar, Florida",All American Auto Collision,4.3,86,,Auto body shop,2011 SW 101st Ave,25.9902908,-80.2786922,Open,Closes 6 PM,http://allamericanautocollision.com/,2025-03-07 14:00:31,(954) 431-6077," 
""The car repairs were completed in the PM of the same day.""",https://www.google.com/maps/place/All+American+Auto+Collision/data=!4m7!3m6!1s0x88d9a5f8c52346c3:0x10e0c9e8803b7bba!8m2!3d25.9902908!4d-80.2786922!16s%2Fg%2F1tdx9hjs!19sChIJw0Yjxfil2YgRuns7gOjJ4BA?authuser=0&hl=en&rclk=1
"Automotive Repair in Miramar, Florida",Miramar Tires and Service,3.8,251,,Auto repair shop,"3314, 19499 NW 2nd Ave",25.9532056,-80.2052685,Open,Closes 6 PM,https://www.facebook.com/Miramar-Tires-1896572403950253/,2025-03-07 14:00:32,(305) 651-1670," 
""... service reasonable service prices and very good customer service""",https://www.google.com/maps/place/Miramar+Tires+and+Service/data=!4m7!3m6!1s0x88d9ae8c37aa5c59:0x334131b022a4187a!8m2!3d25.9532056!4d-80.2052685!16s%2Fg%2F1261xgzj_!19sChIJWVyqN4yu2YgRehikIrAxQTM?authuser=0&hl=en&rclk=1
"Automotive Repair in Miramar, Florida",Goodyear Auto Service,3.5,141,,Tire shop,2101 Hiatus Rd,25.9906146,-80.2945675,Open,Closes 6 PM,https://www.goodyearautoservice.com/en-US/shop/FL/Miramar/000906661-33025,2025-03-07 14:00:34,(954) 450-4984," 
In-store shopping
·
In-store pickup
 
BOOK ONLINE",https://www.google.com/maps/place/Goodyear+Auto+Service/data=!4m7!3m6!1s0x88d9a5e124f55af1:0x9c84bf66febc9e10!8m2!3d25.9906146!4d-80.2945675!16s%2Fg%2F1tvyml18!19sChIJ8Vr1JOGl2YgREJ68_ma_hJw?authuser=0&hl=en&rclk=1
"Automotive Repair in Miramar, Florida",Armstrong Auto Care,4.8,"1,439",,Auto repair shop,3201 N University Dr,26.0375539,-80.2481537,Open,Closes 6 PM,http://www.armstrongautocare.com/,2025-03-07 14:00:35,(954) 417-7125," 
Onsite services",https://www.google.com/maps/place/Armstrong+Auto+Care/data=!4m7!3m6!1s0x88d9a8f69778455d:0x6290fd6b7e0184d4!8m2!3d26.0375539!4d-80.2481537!16s%2Fg%2F11b66fjvz1!19sChIJXUV4l_ao2YgR1IQBfmv9kGI?authuser=0&hl=en&rclk=1
"Automotive Repair in Miramar, Florida",Local Auto Repair,5.0,266,,Auto repair shop,4790 SW 83rd Terrace,26.0619546,-80.25856,Open,Closes 5 PM,http://www.localautorepairbroward.com/,2025-03-07 14:00:36,(954) 909-0560," 
""Great prices they were able to fix multiple problems on my car within a day.""",https://www.google.com/maps/place/Local+Auto+Repair/data=!4m7!3m6!1s0x88d9a9fa5f299119:0x4435991d9f04f738!8m2!3d26.0619546!4d-80.25856!16s%2Fg%2F11h4f6dzbf!19sChIJGZEpX_qp2YgROPcEnx2ZNUQ?authuser=0&hl=en&rclk=1
"Automotive Repair in Miramar, Florida",Ferrara Automotive Service,4.7,574,,Auto repair shop,2000 Sheridan St #1,26.0331257,-80.1479827,Open,Closes 6 PM,http://www.ferraraauto.com/,2025-03-07 14:00:37,(954) 927-5255," 
Onsite services",https://www.google.com/maps/place/Ferrara+Automotive+Service/data=!4m7!3m6!1s0x88d9abab66f0f627:0xc677155e083f9afd!8m2!3d26.0331257!4d-80.1479827!16s%2Fg%2F1tg516ts!19sChIJJ_bwZqur2YgR_Zo_CF4Vd8Y?authuser=0&hl=en&rclk=1
"Automotive Repair in Miramar, Florida",Discount Automotive Repair Center,4.8,303,,Auto repair shop,6400 Taft St,26.0244121,-80.216568,Open,Closes 5 PM,,2025-03-07 14:00:38,(954) 322-7779," 
Onsite services",https://www.google.com/maps/place/Discount+Automotive+Repair+Center/data=!4m7!3m6!1s0x88d9a91172502f41:0x8b1cf09358b56252!8m2!3d26.0244121!4d-80.216568!16s%2Fg%2F1tfpqh78!19sChIJQS9QchGp2YgRUmK1WJPwHIs?authuser=0&hl=en&rclk=1
"Automotive Repair in Miramar, Florida",Davie Motorsport European Auto Repair Specialist,4.8,326,,Auto repair shop,4320 Davie Rd,26.0670881,-80.2317883,Open,Closes 6 PM,http://www.daviemotorsport.com/,2025-03-07 14:00:43,(954) 236-5500," 
""Their pricing was fair, and the service was completed on time as promised.""
 
BOOK ONLINE",https://www.google.com/maps/place/Davie+Motorsport+European+Auto+Repair+Specialist/data=!4m7!3m6!1s0x88d9078406f1f6d5:0x3129d6626da02707!8m2!3d26.0670881!4d-80.2317883!16s%2Fg%2F1tdzxj57!19sChIJ1fbxBoQH2YgRByegbWLWKTE?authuser=0&hl=en&rclk=1
"Automotive Repair in Miramar, Florida",Miramar Super Mobile Truck Repair,5.0,2,,Truck repair shop,12034 Miramar Pkwy,25.9768146,-80.3064223,Open 24 hours,,,2025-03-07 14:00:46,(754) 704-8849," 
""This resolved the power issue and restored the engine's normal exhaust flow.""",https://www.google.com/maps/place/Miramar+Super+Mobile+Truck+Repair/data=!4m7!3m6!1s0x88d9a5004fe98047:0x2b35a90d78aaea3b!8m2!3d25.9768146!4d-80.3064223!16s%2Fg%2F11y7403ccl!19sChIJR4DpTwCl2YgRO-qqeA2pNSs?authuser=0&hl=en&rclk=1
"Automotive Repair in Miramar, Florida",Jap Tech Inc,4.8,174,,Car repair and maintenance service,7701 Pines Blvd,26.0097154,-80.2415635,Open,Closes 6 PM,http://www.japtech.com/,2025-03-07 14:00:47,(954) 985-9855," 
""They fixed my brake light switch which was causing issues with my battery.""",https://www.google.com/maps/place/Jap+Tech+Inc/data=!4m7!3m6!1s0x88d9a8db19afe223:0x3d95a8bd24d9cc11!8m2!3d26.0097154!4d-80.2415635!16s%2Fg%2F1tf87wwt!19sChIJI-KvGduo2YgREczZJL2olT0?authuser=0&hl=en&rclk=1
"Automotive Repair in Miramar, Florida",Tropical Performance,4.5,82,,Auto repair shop,4730 SW 83rd Terrace,26.0625377,-80.2584918,Open,Closes 5:30 PM,https://www.tropicalperformance.com/,2025-03-07 14:00:49,(954) 434-9402," 
Onsite services",https://www.google.com/maps/place/Tropical+Performance/data=!4m7!3m6!1s0x88d9a86ba22d1dfb:0xc27853563731e667!8m2!3d26.0625377!4d-80.2584918!16s%2Fg%2F1tdkslnb!19sChIJ-x0tomuo2YgRZ-YxN1ZTeMI?authuser=0&hl=en&rclk=1
"Automotive Repair in Miramar, Florida",Discount Auto Repairs #2,4.5,54,,Auto repair shop,6490 Stirling Rd,26.0459526,-80.2200841,Open,Closes 5 PM,https://instagram.com/discountautorepair_2?igshid=MzRlODBiNWFlZA==,2025-03-07 14:00:50,(754) 214-6132," 
""They always charge me fairly and get the job done right.""",https://www.google.com/maps/place/Discount+Auto+Repairs+%232/data=!4m7!3m6!1s0x88d9a9a5e3712001:0x348d016c8cc8cece!8m2!3d26.0459526!4d-80.2200841!16s%2Fg%2F11c5_0htq8!19sChIJASBx46Wp2YgRzs7IjGwBjTQ?authuser=0&hl=en&rclk=1
"Automotive Repair in Miramar, Florida",Valps Auto Service,4.2,10,,Auto repair shop,6790 Pines Blvd,26.0093898,-80.2228292,Open,Closes 5:30 PM,http://valpsautoservice.com/,2025-03-07 14:00:51,(954) 961-7789," 
""Amazing mechanics that get the job done.""",https://www.google.com/maps/place/Valps+Auto+Service/data=!4m7!3m6!1s0x88d9a9ffb9aebd4b:0x120f3c3ce5f9446d!8m2!3d26.0093898!4d-80.2228292!16s%2Fg%2F11kpztmppw!19sChIJS72uuf-p2YgRbUT55Tw8DxI?authuser=0&hl=en&rclk=1
"Automotive Repair in Miramar, Florida",AUTO REPAIRS PLUS,4.7,20,,Auto repair shop,1318 S State Rd 7,25.9984778,-80.2074444,Open,Closes 4 PM,,2025-03-07 14:00:52,(954) 966-8941," 
""The mechanics are honest and knowledgeable prices are fair.""",https://www.google.com/maps/place/AUTO+REPAIRS+PLUS/data=!4m7!3m6!1s0x88d9a93aff86720d:0x57ed6a5d12a0746c!8m2!3d25.9984778!4d-80.2074444!16s%2Fg%2F11kp_8d5nv!19sChIJDXKG_zqp2YgRbHSgEl1q7Vc?authuser=0&hl=en&rclk=1
"Automotive Repair in Miramar, Florida",The V Shop,4.9,440,,Auto repair shop,4651 SW 51st St #806,26.0587909,-80.2083743,Open,Closes 6 PM,https://thevshopfl.com/,2025-03-07 14:00:54,(954) 587-3291," 
Onsite services",https://www.google.com/maps/place/The+V+Shop/data=!4m7!3m6!1s0x88d90656e44be985:0x8481e52845e01bfc!8m2!3d26.0587909!4d-80.2083743!16s%2Fg%2F1tgqk6cq!19sChIJhelL5FYG2YgR_BvgRSjlgYQ?authuser=0&hl=en&rclk=1
"Automotive Repair in Miramar, Florida",Auto Fix Boy’sss Repair,5.0,5,,Car repair and maintenance service,,25.9761095,-80.3233545,Open,Closes 6 AM Sat,,2025-03-07 14:00:55,(954) 607-8765," 
""The man knows his stuff.""",https://www.google.com/maps/place/Auto+Fix+Boy%E2%80%99sss+Repair/data=!4m7!3m6!1s0x88d9afa68eb3ddc9:0x9b7133c76e039237!8m2!3d25.9761095!4d-80.3233545!16s%2Fg%2F11lnvcssqh!19sChIJyd2zjqav2YgRN5IDbsczcZs?authuser=0&hl=en&rclk=1
"Automotive Repair in Miramar, Florida",Custom Auto Design,4.5,36,,Auto repair shop,2000 SW 100th Terrace # D,25.9907124,-80.2784788,,,,2025-03-07 14:00:56,," 
""Gus will fix it perfectly fairly and on or quicker than he says""",https://www.google.com/maps/place/Custom+Auto+Design/data=!4m7!3m6!1s0x88d9a5f8cc0aa9ab:0x69056c13cd773413!8m2!3d25.9907124!4d-80.2784788!16s%2Fg%2F1tf7yj8k!19sChIJq6kKzPil2YgREzR3zRNsBWk?authuser=0&hl=en&rclk=1
"Automotive Repair in Miramar, Florida",Ken's Automotive,5.0,67,,Auto repair shop,2080 S Harbor Isles Dr,26.0500372,-80.166254,Open,Closes 5 PM,,2025-03-07 14:00:57,(954) 927-4434," 
""Gets the job done quickly for a reasonable price.""",https://www.google.com/maps/place/Ken%27s+Automotive/data=!4m7!3m6!1s0x88d9aa38ce805d89:0x389eee46684c471c!8m2!3d26.0500372!4d-80.166254!16s%2Fg%2F119wp7s9r!19sChIJiV2Azjiq2YgRHEdMaEbunjg?authuser=0&hl=en&rclk=1
"Automotive Repair in Miramar, Florida",HR Mobile Auto Repair LLC,5.0,43,,Car repair and maintenance service,,26.0267705,-80.3274029,Open 24 hours,,https://hrmobileautorepair.com/,2025-03-07 14:00:58,(954) 210-7232," 
""Prompt service, fair pricing, and really nice guy.""",https://www.google.com/maps/place/HR+Mobile+Auto+Repair+LLC/data=!4m7!3m6!1s0x642595bd732846b5:0xa275bac6d41c96c5!8m2!3d26.0267705!4d-80.3274029!16s%2Fg%2F11ty6m61yh!19sChIJtUYoc72VJWQRxZYc1Ma6daI?authuser=0&hl=en&rclk=1
"Automotive Repair in Miramar, Florida",Mobile Auto Mechanic & Vehicle Inspection Services,5.0,696,,Car repair and maintenance service,,25.7809925,-80.4482804,Open,Closes 9 PM,http://www.ernestomobilemechanic.com/,2025-03-07 14:00:59,(786) 705-1341," 
""I got my brakes replaced and it feels like I’m driving a brand new car!""",https://www.google.com/maps/place/Mobile+Auto+Mechanic+%26+Vehicle+Inspection+Services/data=!4m7!3m6!1s0x88d9b1902e1ae8ed:0xb11c50cd12f6b58e!8m2!3d25.7809925!4d-80.4482804!16s%2Fg%2F11gltk4fyj!19sChIJ7egaLpCx2YgRjrX2Es1QHLE?authuser=0&hl=en&rclk=1
"Automotive Repair in Miramar, Florida",Manuel's Body Shop,4.5,22,,Auto body shop,2010 SW 100th Terrace,25.9902998,-80.278465,,,,2025-03-07 14:01:01,," 
""He fixed it really well, pretty fast and for a good price.""",https://www.google.com/maps/place/Manuel%27s+Body+Shop/data=!4m7!3m6!1s0x88d9a5f8c675d159:0xc941a48c6533a2!8m2!3d25.9902998!4d-80.278465!16s%2Fg%2F1tz96j__!19sChIJWdF1xvil2YgRojNljKRByQA?authuser=0&hl=en&rclk=1
"Automotive Repair in Miramar, Florida",Caribbean Autoworks,4.4,15,,Auto repair shop,6610 Pembroke Rd,25.99497,-80.220023,Open now,,,2025-03-07 14:01:02,(954) 894-2288," 
""Top notch mechanics and top notch service!""",https://www.google.com/maps/place/Caribbean+Autoworks/data=!4m7!3m6!1s0x88d9a93291152145:0x9f2917c20151995!8m2!3d25.99497!4d-80.220023!16s%2Fg%2F1tp08y5c!19sChIJRSEVkTKp2YgRlRkVIHyR8gk?authuser=0&hl=en&rclk=1
"Automotive Repair in Miramar, Florida",Barry's Auto Clinic,4.5,40,,Auto repair shop,2316 SW 57th Ave,25.98887,-80.200519,Open,Closes 7 PM,,2025-03-07 14:01:03,(954) 962-4817," 
""The service was quick, efficient, and reasonably priced.""",https://www.google.com/maps/place/Barry%27s+Auto+Clinic/data=!4m7!3m6!1s0x88d9aeb2f638d135:0xfe6cedf7fb7b4312!8m2!3d25.98887!4d-80.200519!16s%2Fg%2F1tdb9mzf!19sChIJNdE49rKu2YgREkN7-_ftbP4?authuser=0&hl=en&rclk=1
"Automotive Repair in Miramar, Florida",L & J Auto,4.2,34,,Auto repair shop,5620 SW 21st St,25.9913984,-80.1992282,Open,Closes 5 PM,,2025-03-07 14:01:04,(954) 967-8184," 
""The mechanic was professional and fixed my issue in literally no time.""",https://www.google.com/maps/place/L+%26+J+Auto/data=!4m7!3m6!1s0x88d9aeb2b3136fdf:0xd68d826a8a1c5a79!8m2!3d25.9913984!4d-80.1992282!16s%2Fg%2F1vcl4khw!19sChIJ328Ts7Ku2YgReVocimqCjdY?authuser=0&hl=en&rclk=1
"Automotive Repair in Miramar, Florida",Davie Garage,4.7,139,,Auto repair shop,4301 SW 64th Ave,26.0675163,-80.2325363,Open,Closes 5 PM,https://daviegarage.com/,2025-03-07 14:01:06,(954) 587-2310," 
""Very friendly staff, honest prices and great repair work.""",https://www.google.com/maps/place/Davie+Garage/data=!4m7!3m6!1s0x88d9a834d08eaef1:0x7572201fa25a5865!8m2!3d26.0675163!4d-80.2325363!16s%2Fg%2F1thw2ytf!19sChIJ8a6O0DSo2YgRZVhaoh8gcnU?authuser=0&hl=en&rclk=1
"Automotive Repair in Miramar, Florida",Great Bear Automotive,4.8,841,,Auto repair shop,1430 N Park Dr,26.10107,-80.3629498,Open,Closes 5 PM,https://www.greatbearautorepair.com/?utm_source=gbp&utm_medium=organic&utm_campaign=sitelink,2025-03-07 14:01:07,(954) 389-4200," 
""Lenny took pictures of my car parts and thoroughly explained my problem.""
 
BOOK ONLINE",https://www.google.com/maps/place/Great+Bear+Automotive/data=!4m7!3m6!1s0x88d909ff3bd50ff1:0xa12b0c748b7b16ca!8m2!3d26.10107!4d-80.3629498!16s%2Fg%2F1wh4gnf8!19sChIJ8Q_VO_8J2YgRyhZ7i3QMK6E?authuser=0&hl=en&rclk=1
"Automotive Repair in Miramar, Florida",Rodrigo and Sons Auto Repair Inc,4.6,75,,Auto repair shop,4701 Orange Dr Bay 10,26.0682312,-80.2112544,Open,Closes 5 PM,,2025-03-07 14:01:08,(954) 797-6620," 
""Great, honest repairs at reasonable costs.""",https://www.google.com/maps/place/Rodrigo+and+Sons+Auto+Repair+Inc/data=!4m7!3m6!1s0x88d9a9c1f607c78f:0x4ef5e38589c13dd3!8m2!3d26.0682312!4d-80.2112544!16s%2Fg%2F1tnssqrl!19sChIJj8cH9sGp2YgR0z3BiYXj9U4?authuser=0&hl=en&rclk=1
"Automotive Repair in Deerfield Beach, Florida",Deerfield Auto Repair,4.7,99,,Auto repair shop,20 SE 9th St,26.305535,-80.102904,Open,Closes 5 PM,,2025-03-07 14:01:20,(954) 426-1921," 
""Very nice people to deal with, great quality job with affordable prices!""",https://www.google.com/maps/place/Deerfield+Auto+Repair/data=!4m7!3m6!1s0x88d91d7c11be72fd:0x1506cdbc3d56ee9e!8m2!3d26.305535!4d-80.102904!16s%2Fg%2F1vzqt19n!19sChIJ_XK-EXwd2YgRnu5WPbzNBhU?authuser=0&hl=en&rclk=1
"Automotive Repair in Deerfield Beach, Florida",Cam Automotive,4.7,300,,Auto repair shop,80 NW 1st Terrace,26.319451,-80.1036801,Open,Closes 6 PM,http://camautomotivefl.com/,2025-03-07 14:01:23,(954) 427-9100," 
Onsite services",https://www.google.com/maps/place/Cam+Automotive/data=!4m7!3m6!1s0x88d91d86a72aff91:0xf829b581f0467eb8!8m2!3d26.319451!4d-80.1036801!16s%2Fg%2F1tz76sb_!19sChIJkf8qp4Yd2YgRuH5G8IG1Kfg?authuser=0&hl=en&rclk=1
"Automotive Repair in Deerfield Beach, Florida",Avant's Automotive Repair Inc,4.7,109,,Auto repair shop,40 NW 2nd Ave,26.3193149,-80.104473,Open,Closes 5 PM,http://avantsautomotive.com/,2025-03-07 14:01:24,(954) 480-6056," 
""they were able to order part and fix my car the following week!""",https://www.google.com/maps/place/Avant%27s+Automotive+Repair+Inc/data=!4m7!3m6!1s0x88d91d840e07813b:0x1909eddec35b544!8m2!3d26.3193149!4d-80.104473!16s%2Fg%2F1tsjffl_!19sChIJO4EHDoQd2YgRRLU17N2ekAE?authuser=0&hl=en&rclk=1
"Automotive Repair in Deerfield Beach, Florida",Prince Auto Repair,4.9,103,,Auto repair shop,54 SW 9th St,26.3053496,-80.1043574,Open,Closes 5 PM,,2025-03-07 14:01:25,(954) 421-7117," 
""Mateo was able to get me a good quote and the work done for an honest price.""",https://www.google.com/maps/place/Prince+Auto+Repair/data=!4m7!3m6!1s0x88d91d8723c6a803:0x112090ecc045007e!8m2!3d26.3053496!4d-80.1043574!16s%2Fg%2F1tfvh_n6!19sChIJA6jGI4cd2YgRfgBFwOyQIBE?authuser=0&hl=en&rclk=1
"Automotive Repair in Deerfield Beach, Florida",AUTO BIZ AUTO REPAIR,4.5,112,,Auto repair shop,918 S Deerfield Ave,26.305596,-80.103286,Open,Closes 7 PM,https://www.autobizdeerfield.in/,2025-03-07 14:01:26,(954) 638-4565," 
""Fixed my gasket leak and cleaned the hood perfectly.""",https://www.google.com/maps/place/AUTO+BIZ+AUTO+REPAIR/data=!4m7!3m6!1s0x88d91d7c0e8ddef7:0xb1fa1e38565d75d0!8m2!3d26.305596!4d-80.103286!16s%2Fg%2F11cm8j7s3k!19sChIJ996NDnwd2YgR0HVdVjge-rE?authuser=0&hl=en&rclk=1
"Automotive Repair in Deerfield Beach, Florida",Life Line Automotive Fla,4.9,142,,Auto repair shop,1865 S Powerline Rd UNIT A,26.2903599,-80.1530809,Open,Closes 5 PM,https://lifelineautomotivefla.com/,2025-03-07 14:01:27,(954) 531-6319," 
""Knowing a fair, honest and knowledgeable mechanic in our area is amazing.""
 
BOOK ONLINE",https://www.google.com/maps/place/Life+Line+Automotive+Fla/data=!4m7!3m6!1s0x88d91d7f1c2ca38d:0xe3e592807cccf9e5!8m2!3d26.2903599!4d-80.1530809!16s%2Fg%2F11h_zjtjs_!19sChIJjaMsHH8d2YgR5fnMfICS5eM?authuser=0&hl=en&rclk=1
"Automotive Repair in Deerfield Beach, Florida",Luis Auto Repair & Services,4.5,54,,Auto repair shop,176 SW 14th Ct,26.298059,-80.1066559,Open,Closes 6 PM,,2025-03-07 14:01:29,(954) 426-2787," 
""Reliable , Knowledgeable and Fair Price !""",https://www.google.com/maps/place/Luis+Auto+Repair+%26+Services/data=!4m7!3m6!1s0x88d91d65aaa37365:0x8d4f6cd037c83848!8m2!3d26.298059!4d-80.1066559!16s%2Fg%2F1tfkx313!19sChIJZXOjqmUd2YgRSDjIN9BsT40?authuser=0&hl=en&rclk=1
"Automotive Repair in Deerfield Beach, Florida",The Tire Place USA,4.6,518,,Auto repair shop,158 NW 1st St,26.3193644,-80.1040363,Open,Closes 6 PM,http://thetireplaceusa.com/,2025-03-07 14:01:30,(954) 482-0003," 
Onsite services",https://www.google.com/maps/place/The+Tire+Place+USA/data=!4m7!3m6!1s0x88d91d841c155243:0xabd4f1cb3c31741a!8m2!3d26.3193644!4d-80.1040363!16s%2Fg%2F11cm0f5m2g!19sChIJQ1IVHIQd2YgRGnQxPMvx1Ks?authuser=0&hl=en&rclk=1
"Automotive Repair in Deerfield Beach, Florida",Gizmo's Auto Repair,4.3,34,,Auto repair shop,10 N Federal Hwy,26.3184529,-80.0902428,Open,Closes 5 PM,,2025-03-07 14:01:31,(561) 397-8344," 
""Diagnosed and fix my car in a timely fashion.""",https://www.google.com/maps/place/Gizmo%27s+Auto+Repair/data=!4m7!3m6!1s0x88d8e336696138eb:0x35b927c4e1ebf9ab!8m2!3d26.3184529!4d-80.0902428!16s%2Fg%2F11h7nbn3h8!19sChIJ6zhhaTbj2IgRq_nr4cQnuTU?authuser=0&hl=en&rclk=1
"Automotive Repair in Deerfield Beach, Florida",Toyota of Deerfield Beach Service,4.8,572,,Auto repair shop,1441 Federal Hwy,26.2989415,-80.0952844,Open,Closes 6 PM,https://www.toyotaofdeerfieldbeach.com/service/index.htm?utm_source=google&utm_medium=listing&utm_campaign=google-my-business&utm_content=service,2025-03-07 14:01:32,(954) 666-6177," 
""The service was completed promptly, and my car is running better than ever.""",https://www.google.com/maps/place/Toyota+of+Deerfield+Beach+Service/data=!4m7!3m6!1s0x88d8e3adbdd1b3e1:0x63631e35dc3b3c13!8m2!3d26.2989415!4d-80.0952844!16s%2Fg%2F11h8ch9gzw!19sChIJ4bPRva3j2IgREzw73DUeY2M?authuser=0&hl=en&rclk=1
"Automotive Repair in Deerfield Beach, Florida",Sunshine Auto Center,4.8,202,,Auto repair shop,484 S Dixie Hwy W,26.2248709,-80.1294114,Open,Closes 5 PM,https://sunshineautocenter.com/,2025-03-07 14:01:33,(954) 785-4848," 
Onsite services",https://www.google.com/maps/place/Sunshine+Auto+Center/data=!4m7!3m6!1s0x88d902f7173f4fa3:0x6bf2ac0dca08f243!8m2!3d26.2248709!4d-80.1294114!16s%2Fg%2F1td5mhjy!19sChIJo08_F_cC2YgRQ_IIyg2s8ms?authuser=0&hl=en&rclk=1
"Automotive Repair in Deerfield Beach, Florida",Sammy's Auto House,3.4,143,,Auto repair shop,2573 W Hillsboro Blvd,26.318551,-80.139312,Open,Closes 5:30 PM,https://sammyautohouse.com/,2025-03-07 14:01:34,(954) 421-1010," 
""Fixed fast and looks like new""",https://www.google.com/maps/place/Sammy%27s+Auto+House/data=!4m7!3m6!1s0x88d91dabb3a9d2b1:0x888fee07d4d8742c!8m2!3d26.318551!4d-80.139312!16s%2Fg%2F1vlk2byw!19sChIJsdKps6sd2YgRLHTY1Afuj4g?authuser=0&hl=en&rclk=1
"Automotive Repair in Deerfield Beach, Florida",Deerfield Beach Auto Body,4.6,84,,Auto repair shop,163 SW 15th St,26.2976045,-80.1064636,Open,Closes 6 PM,https://deerfieldbeachautobody.com/,2025-03-07 14:01:35,(954) 426-1390," 
""The price was very good and job well done!!""",https://www.google.com/maps/place/Deerfield+Beach+Auto+Body/data=!4m7!3m6!1s0x88d91d645373cb29:0xab73fe8bc56ae62a!8m2!3d26.2976045!4d-80.1064636!16s%2Fg%2F1tn06lj8!19sChIJKctzU2Qd2YgRKuZqxYv-c6s?authuser=0&hl=en&rclk=1
"Automotive Repair in Deerfield Beach, Florida",Mavis Tires & Brakes,4.7,"1,243",,Tire shop,377 S Federal Hwy,26.3135497,-80.0919468,Open,Closes 6 PM,https://www.mavis.com/locations/deerfield-beach-fed-hwy-fl?utm_source=yext&utm_medium=organic&utm_campaign=gmb&stnum=746,2025-03-07 14:01:37,(754) 241-0317," 
""Great service, prices and had my car ready very quickly.""
 
BOOK ONLINE",https://www.google.com/maps/place/Mavis+Tires+%26+Brakes/data=!4m7!3m6!1s0x88d8e27ddb39fafb:0x5d07a03e820527dc!8m2!3d26.3135497!4d-80.0919468!16s%2Fg%2F1tj9v3ly!19sChIJ-_o5233i2IgR3CcFgj6gB10?authuser=0&hl=en&rclk=1
"Automotive Repair in Deerfield Beach, Florida",Primetune Auto Repair,5.0,164,,Auto repair shop,2620 NE 5th Ave,26.2634809,-80.115357,Open,Closes 5 PM,http://primetuneauto.com/,2025-03-07 14:01:38,(954) 785-7779," 
""THEY FIXED A PROBLEM WITH THE AIR INTAKE THE CAR NOW RUNS GREAT.""",https://www.google.com/maps/place/Primetune+Auto+Repair/data=!4m7!3m6!1s0x88d902b480caf2ed:0x27c41074715387f0!8m2!3d26.2634809!4d-80.115357!16s%2Fg%2F1tdhmm8d!19sChIJ7fLKgLQC2YgR8IdTcXQQxCc?authuser=0&hl=en&rclk=1
"Automotive Repair in Deerfield Beach, Florida",Performance Plus Motorsports,4.9,212,,Auto repair shop,2501 W Sample Rd D,26.2749044,-80.156708,Open,Closes 6 PM,https://performanceplusmotorsports.com/,2025-03-07 14:01:39,(954) 366-1531," 
""Fast service, great quality of work and honest mechanic!""",https://www.google.com/maps/place/Performance+Plus+Motorsports/data=!4m7!3m6!1s0x88d91d7c345f0c23:0xcc54ed411f2195d!8m2!3d26.2749044!4d-80.156708!16s%2Fg%2F11flkhjg0g!19sChIJIwxfNHwd2YgRXRnyEdROxQw?authuser=0&hl=en&rclk=1
"Automotive Repair in Deerfield Beach, Florida",Dkar Professional Services,5.0,31,,Auto repair shop,259 SE 1st Terrace suite 8,26.314829,-80.1013658,Open,Closes 5 PM,,2025-03-07 14:01:40,(561) 503-0149," 
""Quick service, fair prices.""",https://www.google.com/maps/place/Dkar+Professional+Services/data=!4m7!3m6!1s0x88d91d79bf5650dd:0x60fcdbb0d4e9b499!8m2!3d26.314829!4d-80.1013658!16s%2Fg%2F11t6zc83q2!19sChIJ3VBWv3kd2YgRmbTp1LDb_GA?authuser=0&hl=en&rclk=1
"Automotive Repair in Deerfield Beach, Florida",Auto Tronics Auto Service,3.8,35,,Auto repair shop,55 SW 10th St,26.3050958,-80.1042125,Open,Closes 5 PM,,2025-03-07 14:01:42,(954) 427-8059," 
""Great people, great service, and reasonable pricing.""",https://www.google.com/maps/place/Auto+Tronics+Auto+Service/data=!4m7!3m6!1s0x88d91d7b8ce4492b:0xe129519ad08f1d40!8m2!3d26.3050958!4d-80.1042125!16s%2Fg%2F1tfvtr5b!19sChIJK0nkjHsd2YgRQB2P0JpRKeE?authuser=0&hl=en&rclk=1
"Automotive Repair in Deerfield Beach, Florida",EF TIRE & AUTO REPAIR,4.6,610,,Auto repair shop,3725 N Federal Hwy,26.2768981,-80.0975277,Open,Closes 6 PM,https://www.eftireandautorepair.com/,2025-03-07 14:01:43,(954) 426-9926," 
""Fixed my 2019 Honda Civic drives like brand new""",https://www.google.com/maps/place/EF+TIRE+%26+AUTO+REPAIR/data=!4m7!3m6!1s0x88d8e29e88f4140b:0x2426870a4d341e60!8m2!3d26.2768981!4d-80.0975277!16s%2Fg%2F1tj22bgj!19sChIJCxT0iJ7i2IgRYB40TQqHJiQ?authuser=0&hl=en&rclk=1
"Automotive Repair in Deerfield Beach, Florida",Complete Auto Care,4.7,97,,Auto repair shop,2511 W Sample Rd B,26.2753627,-80.1574795,Open,Closes 5 PM,,2025-03-07 14:01:44,(954) 956-1650," 
""They quickly repaired my truck and got me back on the road""",https://www.google.com/maps/place/Complete+Auto+Care/data=!4m7!3m6!1s0x88d91cce826daffb:0x80cf0546f0e2b576!8m2!3d26.2753627!4d-80.1574795!16s%2Fg%2F1tdyrl9v!19sChIJ-69tgs4c2YgRdrXi8EYFz4A?authuser=0&hl=en&rclk=1
"Automotive Repair in Deerfield Beach, Florida",Prince Auto Repairs,5.0,6,,Auto repair shop,54 SW 9th St,26.3053496,-80.1043574,Open,Closes 5 PM,https://princeautorepairs.com/,2025-03-07 14:01:49,(954) 421-7117," 
""Very reliable and honest.""",https://www.google.com/maps/place/Prince+Auto+Repairs/data=!4m7!3m6!1s0x88d91dd91ea1a0e3:0xd3c38cb8907e2806!8m2!3d26.3053496!4d-80.1043574!16s%2Fg%2F11vxphp9zc!19sChIJ46ChHtkd2YgRBih-kLiMw9M?authuser=0&hl=en&rclk=1
"Automotive Repair in Deerfield Beach, Florida",Deerfield 66,4.8,45,,Auto repair shop,918 S Deerfield Ave # B,26.305533,-80.1034227,,,,2025-03-07 14:01:52,," 
""Excellent workmanship, impeccable garages, and a very fair price.""",https://www.google.com/maps/place/Deerfield+66/data=!4m7!3m6!1s0x88d91d7c09299abb:0xacf9a7eb36a62c50!8m2!3d26.305533!4d-80.1034227!16s%2Fg%2F1tflstmz!19sChIJu5opCXwd2YgRUCymNuun-aw?authuser=0&hl=en&rclk=1
"Automotive Repair in Deerfield Beach, Florida",Best Car Care,4.5,22,,Auto repair shop,14 NW Eller St,26.3203458,-80.1019666,Open,Closes 5 PM,https://www.facebook.com/pages/Auto-Tech-Car-Care/165080620170454,2025-03-07 14:01:53,(954) 818-2830," 
""Very knowledgeable and fast and the price is right.""",https://www.google.com/maps/place/Best+Car+Care/data=!4m7!3m6!1s0x88d91cdd2500a127:0xc89009479ae82dbe!8m2!3d26.3203458!4d-80.1019666!16s%2Fg%2F1tl4dv0k!19sChIJJ6EAJd0c2YgRvi3omkcJkMg?authuser=0&hl=en&rclk=1
"Automotive Repair in Deerfield Beach, Florida",Poirier's Auto Service,4.8,358,,Auto repair shop,601 S Dixie Hwy E,26.2222655,-80.1294157,Open,Closes 5:30 PM,http://www.poiriersservicecenter.com/,2025-03-07 14:01:54,(954) 943-1445," 
""... did a great job fixing up the evaporator and brake pads in my car.""",https://www.google.com/maps/place/Poirier%27s+Auto+Service/data=!4m7!3m6!1s0x88d902f7b47a45a9:0xfda4f9d202a05a3e!8m2!3d26.2222655!4d-80.1294157!16s%2Fg%2F1tmy5vph!19sChIJqUV6tPcC2YgRPlqgAtL5pP0?authuser=0&hl=en&rclk=1
"Automotive Repair in Deerfield Beach, Florida",Leonardi Auto Performance & Repair,5.0,148,,Auto repair shop,2501 W Sample Rd C,26.274905,-80.156556,Open,Closes 6 PM,http://leonardiperformance.com/,2025-03-07 14:01:56,(954) 984-1909," 
Onsite services
 
BOOK ONLINE",https://www.google.com/maps/place/Leonardi+Auto+Performance+%26+Repair/data=!4m7!3m6!1s0x88d91ccc31f73019:0x37af385eea4f4174!8m2!3d26.274905!4d-80.156556!16s%2Fg%2F1yg4tsd2m!19sChIJGTD3Mcwc2YgRdEFP6l44rzc?authuser=0&hl=en&rclk=1
"Automotive Repair in Deerfield Beach, Florida",MAZEL AUTO REPAIR,4.9,584,,Auto repair shop,802 N Dixie Hwy,26.3579692,-80.0861892,Open,Closes 5 PM,https://www.mazelautorepair.com/,2025-03-07 14:01:57,(561) 756-8446," 
""He took my car in right away, with a smile and fixed my car in 20 minutes.""",https://www.google.com/maps/place/MAZEL+AUTO+REPAIR/data=!4m7!3m6!1s0x88d8e1f7e3100001:0x672255676cafecda!8m2!3d26.3579692!4d-80.0861892!16s%2Fg%2F11c40q5gfw!19sChIJAQAQ4_fh2IgR2uyvbGdVImc?authuser=0&hl=en&rclk=1
"Automotive Repair in Deerfield Beach, Florida",2 J's Auto Service,4.7,51,,Mechanic,4141 N Dixie Hwy,26.2817574,-80.1123892,Open,Closes 6 PM,,2025-03-07 14:01:58,(561) 654-7076," 
""My BMW was fixed & operating & was back on the road !""",https://www.google.com/maps/place/2+J%27s+Auto+Service/data=!4m7!3m6!1s0x88d91d44f5f7554d:0xd411052ca76053d1!8m2!3d26.2817574!4d-80.1123892!16s%2Fg%2F1262rh6s3!19sChIJTVX39UQd2YgR0VNgpywFEdQ?authuser=0&hl=en&rclk=1
"Automotive Repair in Deerfield Beach, Florida",Boosted Auto,4.7,39,,Car repair and maintenance service,168 NW 1st St,26.3194315,-80.1044652,Open,Closes 5:30 PM,http://www.boostedautousa.com/,2025-03-07 14:01:59,(561) 693-7699," 
""Best customer service, fantastic body work, and super reasonable $.""",https://www.google.com/maps/place/Boosted+Auto/data=!4m7!3m6!1s0x88d91d12d324941d:0xa62afde79866fef9!8m2!3d26.3194315!4d-80.1044652!16s%2Fg%2F11k0mprdc1!19sChIJHZQk0xId2YgR-f5mmOf9KqY?authuser=0&hl=en&rclk=1
"Automotive Repair in Deerfield Beach, Florida",Abla Import Autos,4.8,24,,Car repair and maintenance service,1067 SW 1st Way,26.3036973,-80.1049753,Open,Closes 5 PM,,2025-03-07 14:02:00,(954) 427-3803," 
""Good prices, good work, good customer service.""",https://www.google.com/maps/place/Abla+Import+Autos/data=!4m7!3m6!1s0x88d91d64339bae4f:0xfaff5ddc2daa2e35!8m2!3d26.3036973!4d-80.1049753!16s%2Fg%2F1tdrg4qj!19sChIJT66bM2Qd2YgRNS6qLdxd__o?authuser=0&hl=en&rclk=1
"Automotive Repair in Deerfield Beach, Florida",Oxenade Motors,5.0,30,,Mechanic,1421 SW 1st Way,26.2988263,-80.1063511,Open,Closes 5 PM,https://oxenademotors.com/,2025-03-07 14:02:02,(561) 837-0510," 
Onsite services
 
BOOK ONLINE",https://www.google.com/maps/place/Oxenade+Motors/data=!4m7!3m6!1s0x88d91d6bef569d9d:0x5b473089ad49c1ff!8m2!3d26.2988263!4d-80.1063511!16s%2Fg%2F11whwr86yn!19sChIJnZ1W72sd2YgR_8FJrYkwR1s?authuser=0&hl=en&rclk=1
"Automotive Repair in Deerfield Beach, Florida",Tire Kingdom,4.1,330,,Tire shop,100 E Hillsboro Blvd,26.3181086,-80.1006559,Open,Closes 6 PM,https://www.mavis.com/locations/deerfield-beach-hillsboro-blvd-fl/?utm_source=yext&utm_medium=organic&utm_campaign=gmb&stnum=4026,2025-03-07 14:02:03,(954) 408-1465," 
""I needed a patch on my car and a dent fixed in my rim.""
 
BOOK ONLINE",https://www.google.com/maps/place/Tire+Kingdom/data=!4m7!3m6!1s0x88d91d80d4c349fd:0xbc6609e721ad04aa!8m2!3d26.3181086!4d-80.1006559!16s%2Fg%2F1tmk98y1!19sChIJ_UnD1IAd2YgRqgStIecJZrw?authuser=0&hl=en&rclk=1
"Automotive Repair in Deerfield Beach, Florida",Mucelin Auto Repair,5.0,21,,Car repair and maintenance service,833 S Deerfield Ave Bay 6,26.3068526,-80.1041975,Closed,Opens 10 AM,,2025-03-07 14:02:04,(754) 367-1481," 
""Jean was able to fix my car brakes to better than new.""",https://www.google.com/maps/place/Mucelin+Auto+Repair/data=!4m7!3m6!1s0x88d91d8ae8173e3d:0x43d4a3318021fbb1!8m2!3d26.3068526!4d-80.1041975!16s%2Fg%2F11j2598tby!19sChIJPT4X6Iod2YgRsfshgDGj1EM?authuser=0&hl=en&rclk=1
"Automotive Repair in Deerfield Beach, Florida",21st Century Auto,4.7,12,,Auto body shop,14 NW Eller St,26.320367,-80.1019803,Open,Closes 5 PM,,2025-03-07 14:02:05,(954) 427-5753," 
""He was very upfront about how long the repairs would take.""",https://www.google.com/maps/place/21st+Century+Auto/data=!4m7!3m6!1s0x88d91d907aadb59f:0x55bde39c2d517734!8m2!3d26.320367!4d-80.1019803!16s%2Fg%2F11tjl8k711!19sChIJn7WtepAd2YgRNHdRLZzjvVU?authuser=0&hl=en&rclk=1
"Automotive Repair in Deerfield Beach, Florida",Jim's Auto Repair,4.7,162,,Auto repair shop,2641 Hammondville Rd,26.2456912,-80.158493,Open,Closes 4:30 PM,,2025-03-07 14:02:08,(954) 977-8995," 
""I never have any issues with my repairs always done correct the first time""",https://www.google.com/maps/place/Jim%27s+Auto+Repair/data=!4m7!3m6!1s0x88d903153986ea8d:0x843235ad312a6a56!8m2!3d26.2456912!4d-80.158493!16s%2Fg%2F1tgnsg45!19sChIJjeqGORUD2YgRVmoqMa01MoQ?authuser=0&hl=en&rclk=1
"Automotive Repair in Deerfield Beach, Florida",Joe's Automotive Repair,4.8,61,,Auto repair shop,4200/4201 N Dixie Hwy,26.2829172,-80.1119108,Closed,Opens 11 AM,https://dnaautodeals.com/,2025-03-07 14:02:09,(954) 946-1755,"  ""Got me in late at night and fixed the problem  .""",https://www.google.com/maps/place/Joe%27s+Automotive+Repair/data=!4m7!3m6!1s0x88d91d4488d041f7:0x888803993587c31f!8m2!3d26.2829172!4d-80.1119108!16s%2Fg%2F1td1f6bc!19sChIJ90HQiEQd2YgRH8OHNZkDiIg?authuser=0&hl=en&rclk=1
"Automotive Repair in Deerfield Beach, Florida",Deerfield Beach Mobile Mechanics,5.0,1,,Auto repair shop,275 NW 1st St,26.3199796,-80.1070712,Open,Closes 7 PM,,2025-03-07 14:02:10,(754) 254-3074,,https://www.google.com/maps/place/Deerfield+Beach+Mobile+Mechanics/data=!4m7!3m6!1s0x88d91d002af8bdd5:0x58b8afb9ec6ed74a!8m2!3d26.3199796!4d-80.1070712!16s%2Fg%2F11vz6k_nwg!19sChIJ1b34KgAd2YgRStdu7LmvuFg?authuser=0&hl=en&rclk=1
"Automotive Repair in Deerfield Beach, Florida",Auto Spot,4.8,196,,Auto repair shop,302 Federal Hwy,26.2287743,-80.1024405,Open,Closes 5 PM,https://autospotfl.com/,2025-03-07 14:02:11,(954) 946-3380," 
""Honest work, Exceptional service and great pricing!""",https://www.google.com/maps/place/Auto+Spot/data=!4m7!3m6!1s0x88d902836b669b7b:0xf09fdd4319b0b403!8m2!3d26.2287743!4d-80.1024405!16s%2Fg%2F1tj2jpnl!19sChIJe5tma4MC2YgRA7SwGUPdn_A?authuser=0&hl=en&rclk=1
"Automotive Repair in Deerfield Beach, Florida",Germantech Automotive LLC.,4.7,76,,Auto repair shop,1015 N Dixie Hwy,26.2416903,-80.1235599,Open,Closes 5 PM,http://www.germantechautomotive.com/,2025-03-07 14:02:12,(954) 984-2910," 
""He did a great job working on an oil leak in my car.""",https://www.google.com/maps/place/Germantech+Automotive+LLC./data=!4m7!3m6!1s0x88d904983d1ac53b:0xf843b863746f8add!8m2!3d26.2416903!4d-80.1235599!16s%2Fg%2F11_rccgmx!19sChIJO8UaPZgE2YgR3YpvdGO4Q_g?authuser=0&hl=en&rclk=1
"Automotive Repair in Deerfield Beach, Florida",County Line Auto Repair,4.9,63,,Auto repair shop,4850 N Powerline Rd,26.2880247,-80.1519938,Open,Closes 5 PM,,2025-03-07 14:02:14,(954) 968-2823," 
""Honest and fair pricing for quality work.""",https://www.google.com/maps/place/County+Line+Auto+Repair/data=!4m7!3m6!1s0x88d91cdcebe104e3:0xd51a112e26ac14fc!8m2!3d26.2880247!4d-80.1519938!16s%2Fg%2F1tnl25xt!19sChIJ4wTh69wc2YgR_BSsJi4RGtU?authuser=0&hl=en&rclk=1
"Automotive Repair in Deerfield Beach, Florida",Temis Motorsports,4.9,251,,Auto repair shop,4270 NW 19th Ave F,26.2822797,-80.1487023,Open,Closes 6 PM,http://www.temismotorsports.com/,2025-03-07 14:02:15,(954) 246-0781," 
Onsite services
 
BOOK ONLINE",https://www.google.com/maps/place/Temis+Motorsports/data=!4m7!3m6!1s0x88d91cda211c976f:0x29345b31f8d3359!8m2!3d26.2822797!4d-80.1487023!16s%2Fg%2F11b6212mf5!19sChIJb5ccIdoc2YgRWTONH7NFkwI?authuser=0&hl=en&rclk=1
"Automotive Repair in Deerfield Beach, Florida",Ipanema Alignment,4.3,113,,Auto repair shop,159 SW 15th St,26.2976204,-80.1063392,Open,Closes 5:30 PM,,2025-03-07 14:02:19,(954) 822-8375," 
""... price, thorough computerized work, quick, great customer service.""",https://www.google.com/maps/place/Ipanema+Alignment/data=!4m7!3m6!1s0x88d91d6452f43ac5:0x3bacbfa9349ea774!8m2!3d26.2976204!4d-80.1063392!16s%2Fg%2F1tkbz05w!19sChIJxTr0UmQd2YgRdKeeNKm_rDs?authuser=0&hl=en&rclk=1
"Automotive Repair in Deerfield Beach, Florida",Quality Built Transmission,4.7,66,,Transmission shop,159 NW 1st St #2,26.3199206,-80.1041715,Open,Closes 5:30 PM,,2025-03-07 14:02:20,(954) 428-5440," 
""Stop by if you have a car issue and you won't regret.""",https://www.google.com/maps/place/Quality+Built+Transmission/data=!4m7!3m6!1s0x88d91d84223dcba9:0x325205f05f0c76e7!8m2!3d26.3199206!4d-80.1041715!16s%2Fg%2F1thfg78r!19sChIJqcs9IoQd2YgR53YMX_AFUjI?authuser=0&hl=en&rclk=1
"Automotive Repair in Deerfield Beach, Florida",Euro Asian Auto Repair & Service,4.8,59,,Auto repair shop,111 SW 5th Ct,26.2236726,-80.1251441,Open,Closes 5 PM,https://www.eurasianauto.net/,2025-03-07 14:02:21,(954) 941-8001," 
""Fast work, great quality brakes, fair price and nice service from Rob.""",https://www.google.com/maps/place/Euro+Asian+Auto+Repair+%26+Service/data=!4m7!3m6!1s0x88d902f43ea88d23:0x46aec4726613287c!8m2!3d26.2236726!4d-80.1251441!16s%2Fg%2F1hm5msn6g!19sChIJI42oPvQC2YgRfCgTZnLErkY?authuser=0&hl=en&rclk=1
"Automotive Repair in Deerfield Beach, Florida",Zeca's Auto Repair,4.6,45,,Auto repair shop,1200 NE 48th St Ste 7,26.2896069,-80.1073843,Open,Closes 5 PM,,2025-03-07 14:02:22,(954) 942-8003," 
""Excellent work, good prices and service with a smile.""",https://www.google.com/maps/place/Zeca%27s+Auto+Repair/data=!4m7!3m6!1s0x88d91d6789c78a59:0xf5fe29a092027f53!8m2!3d26.2896069!4d-80.1073843!16s%2Fg%2F1tgx7dg1!19sChIJWYrHiWcd2YgRU38CkqAp_vU?authuser=0&hl=en&rclk=1
"Automotive Repair in Deerfield Beach, Florida",Grease Monkey Auto Repair & Transmission,4.8,89,,Auto repair shop,5391 N Federal Hwy,26.2971489,-80.0946742,Open,Closes 6 PM,,2025-03-07 14:02:24,(561) 251-7983," 
""High quality work, reasonable pricing, honest all the way through.""",https://www.google.com/maps/place/Grease+Monkey+Auto+Repair+%26+Transmission/data=!4m7!3m6!1s0x88d8e33fe5be25f9:0x1339973253377627!8m2!3d26.2971489!4d-80.0946742!16s%2Fg%2F11kf53js6d!19sChIJ-SW-5T_j2IgRJ3Y3UzKXORM?authuser=0&hl=en&rclk=1
"Automotive Repair in Deerfield Beach, Florida",Sergio Auto Body,5.0,13,,Auto body shop,185 SW 14th Ct,26.2985629,-80.1065144,Open,Closes 6 PM,,2025-03-07 14:02:25,(954) 429-0685," 
""On time with an honest and solid quote.""",https://www.google.com/maps/place/Sergio+Auto+Body/data=!4m7!3m6!1s0x88d91d64fd8a5c11:0xc175feee3640a347!8m2!3d26.2985629!4d-80.1065144!16s%2Fg%2F11bccmfk95!19sChIJEVyK_WQd2YgRR6NANu7-dcE?authuser=0&hl=en&rclk=1
"Automotive Repair in Deerfield Beach, Florida",Firrim Auto Repair,4.6,65,,Auto repair shop,434 S Dixie Hwy,26.2252124,-80.1279533,Open,Closes 5:30 PM,,2025-03-07 14:02:26,(954) 941-8120," 
""Great service, friendly and reasonable pricing.""",https://www.google.com/maps/place/Firrim+Auto+Repair/data=!4m7!3m6!1s0x88d902f6dd6c5cb3:0xc9db459734108449!8m2!3d26.2252124!4d-80.1279533!16s%2Fg%2F1tfwl4jj!19sChIJs1xs3fYC2YgRSYQQNJdF28k?authuser=0&hl=en&rclk=1
"Automotive Repair in Deerfield Beach, Florida",The Deerfield Beach Mobile Mechanic,3.0,2,,Auto repair shop,278 SW 12th Ave,26.3140746,-80.1187636,Open,Closes 7 PM,,2025-03-07 14:02:27,(754) 812-6581," 
""They replaced the brake pads and fixed the A/C issue on the spot.""",https://www.google.com/maps/place/The+Deerfield+Beach+Mobile+Mechanic/data=!4m7!3m6!1s0x88d91d007e5bc98d:0x8a28cd445bc4efdb!8m2!3d26.3140746!4d-80.1187636!16s%2Fg%2F11y2ch_x66!19sChIJjclbfgAd2YgR2-_EW0TNKIo?authuser=0&hl=en&rclk=1
"Automotive Repair in Deerfield Beach, Florida",Gloss RX Auto Repair,4.1,20,,Auto body shop,29 SE 10th St,26.305182,-80.1028497,Open,Closes 5 PM,https://glossrxdeerfield.com/,2025-03-07 14:02:29,(954) 637-1946," 
""My BMW was fixed after a crash, and you can't tell anything was done to it.""",https://www.google.com/maps/place/Gloss+RX+Auto+Repair/data=!4m7!3m6!1s0x88d91d68ae471d2f:0xe2f65b94ca82ba28!8m2!3d26.305182!4d-80.1028497!16s%2Fg%2F11nwxg48px!19sChIJLx1Hrmgd2YgRKLqCypRb9uI?authuser=0&hl=en&rclk=1
"Automotive Repair in Deerfield Beach, Florida",MAGNETTI AUTO REPAIR LLC,4.5,57,,Auto repair shop,5127 N Dixie Hwy,26.2947574,-80.1085084,Open,Closes 6 PM,,2025-03-07 14:02:30,(954) 573-7121," 
""excellent professionals at a fair price.""",https://www.google.com/maps/place/MAGNETTI+AUTO+REPAIR+LLC/data=!4m7!3m6!1s0x88d91d65c095d699:0x2699d533b274dd34!8m2!3d26.2947574!4d-80.1085084!16s%2Fg%2F1pzs6k292!19sChIJmdaVwGUd2YgRNN10sjPVmSY?authuser=0&hl=en&rclk=1
"Automotive Repair in Deerfield Beach, Florida",Complete Auto Service & Trailer Hitches,5.0,120,,Auto repair shop,3991 N Dixie Hwy,26.2792146,-80.1129746,Open,Closes 6 PM,https://completeautoserviceandtrailorhitches.com/,2025-03-07 14:02:31,(954) 942-2400," 
""Amazing services , thorough and highly professional and fast and affordable.""",https://www.google.com/maps/place/Complete+Auto+Service+%26+Trailer+Hitches/data=!4m7!3m6!1s0x88d91d459762d547:0x781c8f14a5816d04!8m2!3d26.2792146!4d-80.1129746!16s%2Fg%2F1td_zdbp!19sChIJR9Vil0Ud2YgRBG2BpRSPHHg?authuser=0&hl=en&rclk=1
"Automotive Repair in Deerfield Beach, Florida",CP Auto Tech,4.8,46,,Auto repair shop,1251 N Dixie Hwy #6,26.2440545,-80.1232667,Open,Closes 6 PM,,2025-03-07 14:02:32,(954) 822-2357," 
""Clayton took my car in on short notice and had it done same day.""",https://www.google.com/maps/place/CP+Auto+Tech/data=!4m7!3m6!1s0x88d902c02b5b9ea7:0x4ee6fff65281e87a!8m2!3d26.2440545!4d-80.1232667!16s%2Fg%2F11bz0lbyzs!19sChIJp55bK8AC2YgReuiBUvb_5k4?authuser=0&hl=en&rclk=1
"Automotive Repair in Deerfield Beach, Florida",CARSTAR GSI Collision,5.0,29,,Auto body shop,29 SE 10th St,26.3051898,-80.1028423,Open,Closes 5 PM,https://www.carstar.com/locations/fl/deerfield-beach-15780/,2025-03-07 14:02:33,(954) 281-9055," 
""They fixed my car perfectly and quickly.""
 
BOOK ONLINE",https://www.google.com/maps/place/CARSTAR+GSI+Collision/data=!4m7!3m6!1s0x88d91d9bf3ec37d5:0x79802a3f47ea15b0!8m2!3d26.3051898!4d-80.1028423!16s%2Fg%2F11x1y4rp_9!19sChIJ1Tfs85sd2YgRsBXqRz8qgHk?authuser=0&hl=en&rclk=1
"Automotive Repair in Deerfield Beach, Florida",In Style Wheels & Tires,4.7,123,,Tire shop,25 NW 1st St,26.3199318,-80.1019592,Open,Closes 6 PM,,2025-03-07 14:02:35,(954) 297-1742," 
""In and out in 10 minutes for a flat repair.""",https://www.google.com/maps/place/In+Style+Wheels+%26+Tires/data=!4m7!3m6!1s0x88d91d86e9693499:0x265fb84cbae095fd!8m2!3d26.3199318!4d-80.1019592!16s%2Fg%2F125__8z8h!19sChIJmTRp6YYd2YgR_ZXguky4XyY?authuser=0&hl=en&rclk=1
"Automotive Repair in Deerfield Beach, Florida",Dave's Automotive,4.8,123,,Auto repair shop,324 SW 5th St,26.2245615,-80.1292276,Open,Closes 5 PM,http://daves-automotive-pompano-beach.edan.io/,2025-03-07 14:02:36,(954) 782-4444," 
""Dave is very knowledgeable and reliable and always get the problem fixed.""",https://www.google.com/maps/place/Dave%27s+Automotive/data=!4m7!3m6!1s0x88d902f71b550993:0xf06e239658801fea!8m2!3d26.2245615!4d-80.1292276!16s%2Fg%2F1v9gkt2c!19sChIJkwlVG_cC2YgR6h-AWJYjbvA?authuser=0&hl=en&rclk=1
"Automotive Repair in Deerfield Beach, Florida",Apex Tire & Auto,4.8,255,,Auto repair shop,3500 N Federal Hwy,26.2739285,-80.0972007,Open,Closes 5 PM,https://locations.apexautomotive.com/fl/lighthouse-point/lighthouse-point/?utm_source=gbp&utm_medium=organic&utm_campaign=sitelink,2025-03-07 14:02:37,(954) 786-7580," 
""My car was repaired within 24 hours of receiving the parts.""
 
BOOK ONLINE",https://www.google.com/maps/place/Apex+Tire+%26+Auto/data=!4m7!3m6!1s0x88d8e2a819309cd1:0x1d730a4ec5485a81!8m2!3d26.2739285!4d-80.0972007!16s%2Fg%2F1tf36rl5!19sChIJ0ZwwGaji2IgRgVpIxU4Kcx0?authuser=0&hl=en&rclk=1
"Automotive Repair in Deerfield Beach, Florida",Road Runner Tire & Battery,4.5,156,,Tire shop,195 SW 15th St,26.2976341,-80.1067971,Open,Closes 5:30 PM,,2025-03-07 14:02:38,(754) 212-5038," 
""Fast service, great prices, and they were friendly and helpful""",https://www.google.com/maps/place/Road+Runner+Tire+%26+Battery/data=!4m7!3m6!1s0x88d91df18894aa97:0xde5d0bfe00e7d69f!8m2!3d26.2976341!4d-80.1067971!16s%2Fg%2F1tfqm58z!19sChIJl6qUiPEd2YgRn9bnAP4LXd4?authuser=0&hl=en&rclk=1
"Automotive Repair in Deerfield Beach, Florida",Maurice Auto Repair,4.2,79,,Auto repair shop,5137 N Dixie Hwy,26.2950423,-80.1085053,Open,Closes 5 PM,,2025-03-07 14:02:40,(954) 360-7979," 
""Mauricio provides great service at very competitive prices.""",https://www.google.com/maps/place/Maurice+Auto+Repair/data=!4m7!3m6!1s0x88d91d65e26c88e1:0xb996229e46dff9a1!8m2!3d26.2950423!4d-80.1085053!16s%2Fg%2F1thy0lrj!19sChIJ4Yhs4mUd2YgRofnfRp4ilrk?authuser=0&hl=en&rclk=1
"Automotive Repair in Deerfield Beach, Florida",Garry's Repair and Custom Speed Shop,4.9,31,,Auto repair shop,125 SE 3rd St,26.3136882,-80.1019091,Closed,Opens 2 PM,https://youtube.com/@garrysrepairandcustomspeed7583?si=sZOTM6cGefdSbzAE,2025-03-07 14:02:42,(954) 391-1994," 
""Reliable service, honest mechanic, very knowledgeable highly recommended""",https://www.google.com/maps/place/Garry%27s+Repair+and+Custom+Speed+Shop/data=!4m7!3m6!1s0x88d9035a33261151:0xbac3579b0780dbfa!8m2!3d26.3136882!4d-80.1019091!16s%2Fg%2F11hdw5kb5q!19sChIJUREmM1oD2YgR-tuAB5tXw7o?authuser=0&hl=en&rclk=1
"Automotive Repair in Deerfield Beach, Florida",H Luxurious Mobile Repair,5.0,8,,Car repair and maintenance service,,26.339062,-80.116683,Open 24 hours,,https://hluxuriousmobilerepair.com/,2025-03-07 14:02:43,(954) 737-7665," 
""Great, fast reliable service.""",https://www.google.com/maps/place/H+Luxurious+Mobile+Repair/data=!4m7!3m6!1s0x88d8e3942db9247b:0x34ad3ea23fad774e!8m2!3d26.339062!4d-80.116683!16s%2Fg%2F11jfzkv0jz!19sChIJeyS5LZTj2IgRTnetP6I-rTQ?authuser=0&hl=en&rclk=1
"Automotive Repair in Deerfield Beach, Florida",Foreign Affairs Motorsport - European Auto Repair - Car Repair & Spare Parts,4.7,280,,Auto repair shop,2821 Center Port Cir,26.2647999,-80.1361497,Open,Closes 5:30 PM,https://foreignaffairsmotorsports.com/?utm_source=google&utm_medium=gmb_listing&utm_campaign=main_url,2025-03-07 14:02:47,(954) 746-0488," 
Onsite services",https://www.google.com/maps/place/Foreign+Affairs+Motorsport+-+European+Auto+Repair+-+Car+Repair+%26+Spare+Parts/data=!4m7!3m6!1s0x88d91cd0a9b94cef:0xdb8f8952a9441d64!8m2!3d26.2647999!4d-80.1361497!16s%2Fg%2F1tdvw2y2!19sChIJ70y5qdAc2YgRZB1EqVKJj9s?authuser=0&hl=en&rclk=1
"Automotive Repair in Deerfield Beach, Florida",Thompson Auto Repair,5.0,30,,Brake shop,501 NE 27th St,26.2648702,-80.1149088,Open,Closes 5 PM,,2025-03-07 14:02:49,(954) 942-6189," 
""Clean shop,expert service and fair prices""",https://www.google.com/maps/place/Thompson+Auto+Repair/data=!4m7!3m6!1s0x88d902b360f45af5:0xe68b944d697b569c!8m2!3d26.2648702!4d-80.1149088!16s%2Fg%2F1tm13dc6!19sChIJ9Vr0YLMC2YgRnFZ7aU2Ui-Y?authuser=0&hl=en&rclk=1
"Automotive Repair in Deerfield Beach, Florida","Deerfield Tires, Auto Repair",4.0,8,,Auto repair shop,159 SW 15th St,26.2976204,-80.1063392,Open,Closes 5:30 PM,https://www.facebook.com/deerfieldtires/,2025-03-07 14:02:50,(954) 708-7259," 
""Great fast service and nice people.""","https://www.google.com/maps/place/Deerfield+Tires,+Auto+Repair/data=!4m7!3m6!1s0x88d91d05db1bd1c3:0x170c1327d7cb7e8d!8m2!3d26.2976204!4d-80.1063392!16s%2Fg%2F11h4gpfv48!19sChIJw9Eb2wUd2YgRjX7L1ycTDBc?authuser=0&hl=en&rclk=1"
"Automotive Repair in Deerfield Beach, Florida",Leo's Auto Shop,4.7,77,,Auto repair shop,2011 N Dixie Hwy Suite B,26.255893,-80.1195761,Open,Closes 5 PM,https://www.leosautoshop.com/,2025-03-07 14:02:52,(954) 371-4498," 
Onsite services",https://www.google.com/maps/place/Leo%27s+Auto+Shop/data=!4m7!3m6!1s0x88d91d98b13e99ad:0x5b5af90aff2580bc!8m2!3d26.255893!4d-80.1195761!16s%2Fg%2F11j53n6r5s!19sChIJrZk-sZgd2YgRvIAl_wr5Wls?authuser=0&hl=en&rclk=1
"Automotive Repair in Deerfield Beach, Florida",Foreign Usa Auto Repair,No reviews,,,Car repair and maintenance service,1172 SW 1st Way,26.3020358,-80.1049502,Open,Closes 6 PM,,2025-03-07 14:02:53,(561) 900-8831,,https://www.google.com/maps/place/Foreign+Usa+Auto+Repair/data=!4m7!3m6!1s0x88d91d95ef6401bb:0xbc5848f94e7b1a76!8m2!3d26.3020358!4d-80.1049502!16s%2Fg%2F11ltrwt3tw!19sChIJuwFk75Ud2YgRdhp7TvlIWLw?authuser=0&hl=en&rclk=1
"Automotive Repair in Deerfield Beach, Florida",Wheel Repair Specialists,4.8,207,,Car repair and maintenance service,1165 SW 1st Way,26.302249,-80.105387,Open,Closes 4:30 PM,http://wheelrepairspecialists.com/,2025-03-07 14:02:54,(954) 636-0809," 
Onsite services",https://www.google.com/maps/place/Wheel+Repair+Specialists/data=!4m7!3m6!1s0x88d91d7b30930ed7:0x735c1396eb7eb399!8m2!3d26.302249!4d-80.105387!16s%2Fg%2F11c51rrymr!19sChIJ1w6TMHsd2YgRmbN-65YTXHM?authuser=0&hl=en&rclk=1
"Automotive Repair in Deerfield Beach, Florida",Fast Lane Auto Repairs,4.7,80,,Auto repair shop,1901 N Dixie Hwy,26.254362,-80.120019,Opens soon,9:30 AM,,2025-03-07 14:02:55,(954) 942-8920," 
""They got my car in and the a/c fixed in no time.""",https://www.google.com/maps/place/Fast+Lane+Auto+Repairs/data=!4m7!3m6!1s0x88d902b80f95af6b:0x943ed80acca085ea!8m2!3d26.254362!4d-80.120019!16s%2Fg%2F1td77cjq!19sChIJa6-VD7gC2YgR6oWgzArYPpQ?authuser=0&hl=en&rclk=1
"Automotive Repair in Deerfield Beach, Florida",German Auto's,4.8,51,,Auto repair shop,3401 NE 6th Terrace,26.2731068,-80.113709,,,,2025-03-07 14:02:56,," 
""Very knowledgeable, honest and excellent pricing.👍""",https://www.google.com/maps/place/German+Auto%27s/data=!4m7!3m6!1s0x88d91d4ebd1ef9bf:0xe51b5db8373c3dde!8m2!3d26.2731068!4d-80.113709!16s%2Fg%2F1tcyg7xj!19sChIJv_kevU4d2YgR3j08N7hdG-U?authuser=0&hl=en&rclk=1
"Automotive Repair in Deerfield Beach, Florida",Auto & Truck Repairs,4.2,56,,Auto repair shop,327 N Dixie Hwy,26.2349762,-80.1256306,Open,Closes 6 PM,,2025-03-07 14:02:57,(954) 943-1911," 
""Great Mechanics, fast, reliable and fair price.""",https://www.google.com/maps/place/Auto+%26+Truck+Repairs/data=!4m7!3m6!1s0x88d902edcc4e1a69:0x1595b3f3621f1a6!8m2!3d26.2349762!4d-80.1256306!16s%2Fg%2F1w97w570!19sChIJaRpOzO0C2YgRpvEhNj9bWQE?authuser=0&hl=en&rclk=1
"Automotive Repair in Deerfield Beach, Florida",A1 Body & Glass of Deerfield,4.4,325,,Auto body shop,4400 N Powerline Rd,26.2848939,-80.151792,Open,Closes 5 PM,http://www.a1bodyandglass.com/,2025-03-07 14:02:59,(954) 974-4479," 
""Used A1 Body and Glass to repair rearend damage on my car.""
 
BOOK ONLINE",https://www.google.com/maps/place/A1+Body+%26+Glass+of+Deerfield/data=!4m7!3m6!1s0x88d91cdb13cb8687:0x9b2ea66a7dadf545!8m2!3d26.2848939!4d-80.151792!16s%2Fg%2F1tdx9hg7!19sChIJh4bLE9sc2YgRRfWtfWqmLps?authuser=0&hl=en&rclk=1
"Automotive Repair in Deerfield Beach, Florida",HG Auto Repair,5.0,15,,Auto repair shop,870 NE 41st Ct,26.2819691,-80.1128261,Open,Closes 6 PM,,2025-03-07 14:03:00,(754) 235-5337," 
""Got my car running in minimal time replacing with good components!""",https://www.google.com/maps/place/HG+Auto+Repair/data=!4m7!3m6!1s0x88d91ddcb57b09ab:0x22e0ef6ef5bf5f55!8m2!3d26.2819691!4d-80.1128261!16s%2Fg%2F11ptv2zpmh!19sChIJqwl7tdwd2YgRVV-_9W7v4CI?authuser=0&hl=en&rclk=1
"Automotive Repair in Deerfield Beach, Florida",Dynamic Transmission Center,4.5,93,,Transmission shop,2571 W Hillsboro Blvd B,26.3181973,-80.1386788,Open,Closes 4 PM,http://www.dynamictransmission.com/,2025-03-07 14:03:01,(954) 574-6742," 
""Awesome, professional and work is done in a timely manner.""",https://www.google.com/maps/place/Dynamic+Transmission+Center/data=!4m7!3m6!1s0x88d91dabb5a67aab:0x1a1e4cf1c98a69e5!8m2!3d26.3181973!4d-80.1386788!16s%2Fg%2F1tdjxtk8!19sChIJq3qmtasd2YgR5WmKyfFMHho?authuser=0&hl=en&rclk=1
"Automotive Repair in Deerfield Beach, Florida",Deerfield Beach Mobile Mechanic,2.0,1,,Auto repair shop,3508 SW 15th St,26.296455,-80.151033,Open,Closes 7 PM,,2025-03-07 14:03:02,(754) 812-6499,,https://www.google.com/maps/place/Deerfield+Beach+Mobile+Mechanic/data=!4m7!3m6!1s0x88d91d031ae0be05:0xb4cb3233717a274e!8m2!3d26.296455!4d-80.151033!16s%2Fg%2F11l5dwtzny!19sChIJBb7gGgMd2YgRTid6cTMyy7Q?authuser=0&hl=en&rclk=1
"Automotive Repair in Deerfield Beach, Florida",Gold Coast Auto Works,4.9,128,,Auto repair shop,2790 NE 7th Ave,26.2655052,-80.1134042,Open,Closes 5:30 PM,http://gcautoworks.com/,2025-03-07 14:03:04,(754) 205-2248," 
""They repaired my brakes a while back and they did a beautiful job.""",https://www.google.com/maps/place/Gold+Coast+Auto+Works/data=!4m7!3m6!1s0x88d902b3388569a1:0xa33a830519e07dc1!8m2!3d26.2655052!4d-80.1134042!16s%2Fg%2F11b638_zjt!19sChIJoWmFOLMC2YgRwX3gGQWDOqM?authuser=0&hl=en&rclk=1
"Automotive Repair in Deerfield Beach, Florida",Meineke Car Care Center,4.6,349,,Auto repair shop,2667 W Atlantic Blvd,26.2317501,-80.1590624,Open,Closes 6 PM,https://www.meineke.com/locations/fl/pompano-beach-2840/?utm_source=google&utm_medium=organic&utm_campaign=gbp_website,2025-03-07 14:03:06,(954) 773-8653," 
""My vehicle was repaired in a day at a very reasonable rate.""",https://www.google.com/maps/place/Meineke+Car+Care+Center/data=!4m7!3m6!1s0x88d9034568fada83:0x14a8a8601ba0b927!8m2!3d26.2317501!4d-80.1590624!16s%2Fg%2F11qmr_cc9k!19sChIJg9r6aEUD2YgRJ7mgG2CoqBQ?authuser=0&hl=en&rclk=1
"Automotive Repair in Deerfield Beach, Florida",GE Repair Auto,5.0,107,,Auto repair shop,555 NE 28th Ct,26.266401,-80.1145622,Open,Closes 5:30 PM,,2025-03-07 14:03:07,(786) 494-0129," 
""Had multiple issues with my car and Vitali diagnosed and fixed right away.""",https://www.google.com/maps/place/GE+Repair+Auto/data=!4m7!3m6!1s0x88d903229024f84f:0x490d64f33d205e9e!8m2!3d26.266401!4d-80.1145622!16s%2Fg%2F11s3xxww1p!19sChIJT_gkkCID2YgRnl4gPfNkDUk?authuser=0&hl=en&rclk=1
"Automotive Repair in Deerfield Beach, Florida",Alternator & Starter Exchange,4.8,41,,Auto electrical service,827 SE 1st Way,26.3062001,-80.1018086,Open,Closes 7 PM,,2025-03-07 14:03:08,(561) 706-9214," 
""Jeff is very knowledgeable and honest i 100% recommend this place""",https://www.google.com/maps/place/Alternator+%26+Starter+Exchange/data=!4m7!3m6!1s0x88d91d7c267d6bef:0x6f67f2159c32b7fd!8m2!3d26.3062001!4d-80.1018086!16s%2Fg%2F11yf_sb9d!19sChIJ72t9Jnwd2YgR_bcynBXyZ28?authuser=0&hl=en&rclk=1
"Automotive Repair in Deerfield Beach, Florida",CAR BOY AUTO BODY LLC,5.0,24,,Auto body shop,262 NW Eller St unit 1 St,26.3203477,-80.1062559,Open,Closes 5 PM,,2025-03-07 14:03:09,(561) 255-1260," 
""Shane’s workmanship is unbeatable and the prices are very fair.""",https://www.google.com/maps/place/CAR+BOY+AUTO+BODY+LLC/data=!4m7!3m6!1s0x88d91d845ecfffff:0xed541435e97950e8!8m2!3d26.3203477!4d-80.1062559!16s%2Fg%2F11f4qqgmc1!19sChIJ___PXoQd2YgR6FB56TUUVO0?authuser=0&hl=en&rclk=1
"Automotive Repair in Deerfield Beach, Florida",TRUCK IT MOBILE DIAGNOSTICS AND REPAIRS,5.0,57,,Car repair and maintenance service,,26.1561484,-80.4482804,Open 24 hours,,,2025-03-07 14:03:10,(954) 557-8619," 
""... at the promised time and went above and beyond to fix my car.""",https://www.google.com/maps/place/TRUCK+IT+MOBILE+DIAGNOSTICS+AND+REPAIRS/data=!4m7!3m6!1s0x2537e0303868b53b:0xfef3dffdaef0218d!8m2!3d26.1561484!4d-80.4482804!16s%2Fg%2F11vrttgr38!19sChIJO7VoODDgNyURjSHwrv3f8_4?authuser=0&hl=en&rclk=1
"Automotive Repair in Deerfield Beach, Florida",Classic Collision,4.7,203,,Auto body shop,2625 W Hillsboro Blvd,26.3183952,-80.1395216,Open,Closes 5:30 PM,https://classiccollision.com/locations/classic-collision-deerfield-beach/,2025-03-07 14:03:12,(954) 960-3061," 
""Repair was done expeditiously , and the result is marvelous.""
 
BOOK ONLINE",https://www.google.com/maps/place/Classic+Collision/data=!4m7!3m6!1s0x88d91dabae7bed51:0x4ae5e2d65aff3549!8m2!3d26.3183952!4d-80.1395216!16s%2Fg%2F11b5wm1nmz!19sChIJUe17rqsd2YgRSTX_Wtbi5Uo?authuser=0&hl=en&rclk=1
"Automotive Repair in Deerfield Beach, Florida",Axelrod Auto,3.0,2,,Auto repair shop,2666 SW 15th St,26.2965196,-80.1393104,Open,Closes 5 PM,,2025-03-07 14:03:20,(954) 601-6533," 
""Axelrod Auto is honest and reasonable with prices.""",https://www.google.com/maps/place/Axelrod+Auto/data=!4m7!3m6!1s0x88d91da7d6f31fe9:0x4142a46a27874fe!8m2!3d26.2965196!4d-80.1393104!16s%2Fg%2F11qpg4ckkw!19sChIJ6R_z1qcd2YgR_nR4okYqFAQ?authuser=0&hl=en&rclk=1
"Automotive Repair in Deerfield Beach, Florida",Precision Auto Works,4.9,53,,Auto repair shop,1441 SW 30th Ave #23,26.2117364,-80.1646249,Open,Closes 5 PM,https://precisionautoworksfl.com/,2025-03-07 14:03:22,(954) 247-9362," 
""They are professional, compassionate, thorough, & do good quality work.""",https://www.google.com/maps/place/Precision+Auto+Works/data=!4m7!3m6!1s0x88d902b36a7463fb:0x2917448465b3808b!8m2!3d26.2117364!4d-80.1646249!16s%2Fg%2F11b5wktpwq!19sChIJ-2N0arMC2YgRi4CzZYREFyk?authuser=0&hl=en&rclk=1
"Automotive Repair in Deerfield Beach, Florida",K and W Auto Repair,4.4,58,,Auto repair shop,1970 NW 44th St,26.2841205,-80.1503129,Open,Closes 6 PM,,2025-03-07 14:03:23,(954) 971-4288," 
""My Audi Q3 was returned to me washed and looking brand new.""",https://www.google.com/maps/place/K+and+W+Auto+Repair/data=!4m7!3m6!1s0x88d91cdba5b91c6f:0xd3cb382078cf824d!8m2!3d26.2841205!4d-80.1503129!16s%2Fg%2F1xtf2c8d!19sChIJbxy5pdsc2YgRTYLPeCA4y9M?authuser=0&hl=en&rclk=1
"Automotive Repair in Deerfield Beach, Florida",Vava Auto Repair,4.5,108,,Auto repair shop,"bay A,B,C, 4260 NW 19th Ave BLD 6",26.2822745,-80.1490877,Open,Closes 6 PM,https://www.facebook.com/vavaautorepair/,2025-03-07 14:03:24,(754) 366-6279," 
""Fast reliable services.""",https://www.google.com/maps/place/Vava+Auto+Repair/data=!4m7!3m6!1s0x88d9032974ca21ef:0xb8a69bed790145be!8m2!3d26.2822745!4d-80.1490877!16s%2Fg%2F11c59p2nzw!19sChIJ7yHKdCkD2YgRvkUBee2bprg?authuser=0&hl=en&rclk=1
"Automotive Repair in Deerfield Beach, Florida",All 4 Tires,4.9,19,,Tire shop,159 NW 1st St,26.3199604,-80.1042416,Open,Closes 5:30 PM,http://www.all4tires.com/,2025-03-07 14:03:25,(954) 960-7676," 
""Great service and great prices thanks to Omar!""",https://www.google.com/maps/place/All+4+Tires/data=!4m7!3m6!1s0x88d91dde95810b27:0xe8eb7511aeabebcd!8m2!3d26.3199604!4d-80.1042416!16s%2Fg%2F11ghndfhc7!19sChIJJwuBld4d2YgRzeurrhF16-g?authuser=0&hl=en&rclk=1
"Automotive Repair in Deerfield Beach, Florida",Euromotive Performance,4.4,142,,Auto repair shop,2621 N Dixie Hwy Ste A,26.2637389,-80.1173809,Temporarily closed,,http://www.euromotiveperformance.com/,2025-03-07 14:03:26,(954) 941-6761," 
""Friendly staff expert service and diagnosis.""",https://www.google.com/maps/place/Euromotive+Performance/data=!4m7!3m6!1s0x88d902b4f877e60b:0xf57c1c2040afae6!8m2!3d26.2637389!4d-80.1173809!16s%2Fg%2F1t_wq49n!19sChIJC-Z3-LQC2YgR5voKBMLBVw8?authuser=0&hl=en&rclk=1
"Automotive Repair in Deerfield Beach, Florida",Bertani Garage USA,No reviews,,,Auto repair shop,168 NW 1st St suite c,26.3193875,-80.104383,Open,Closes 6 PM,,2025-03-07 14:03:28,(954) 371-4140,,https://www.google.com/maps/place/Bertani+Garage+USA/data=!4m7!3m6!1s0x88d91dca7bb46197:0x7958bf961ea7c80f!8m2!3d26.3193875!4d-80.104383!16s%2Fg%2F11j0hs9s10!19sChIJl2G0e8od2YgRD8inHpa_WHk?authuser=0&hl=en&rclk=1
"Automotive Repair in Deerfield Beach, Florida",Beach Auto Service,4.8,138,,Auto repair shop,199 NW 28th St Bay 6,26.3768244,-80.0849835,Open,Closes 3 PM,https://www.instagram.com/beach_auto_bocaraton/,2025-03-07 14:03:29,(561) 826-7849," 
""Carlos and his team are great, quality work and fair prices.""",https://www.google.com/maps/place/Beach+Auto+Service/data=!4m7!3m6!1s0x88d8e1e8dd75f72b:0x4f01f73f5c2e2b7c!8m2!3d26.3768244!4d-80.0849835!16s%2Fg%2F11cs69q4gw!19sChIJK_d13ejh2IgRfCsuXD_3AU8?authuser=0&hl=en&rclk=1
"Automotive Repair in Deerfield Beach, Florida",Gizmos PowerFactory,4.5,21,,Auto repair shop,1035 SW 1st Way,26.304264,-80.10489,,,https://www.instagram.com/gizmos_powerfactory/,2025-03-07 14:03:31,," 
""They were extremely honest and fast working.""",https://www.google.com/maps/place/Gizmos+PowerFactory/data=!4m7!3m6!1s0x88d91d7b9bc5347b:0x888863a412428202!8m2!3d26.304264!4d-80.10489!16s%2Fg%2F1vpq7pk0!19sChIJezTFm3sd2YgRAoJCEqRjiIg?authuser=0&hl=en&rclk=1
"Automotive Repair in Deerfield Beach, Florida",Tire King,4.7,272,,Auto repair shop,4151 N Dixie Hwy,26.2819642,-80.1123636,Open,Closes 6 PM,https://tirekingfl.com/,2025-03-07 14:03:32,(754) 222-9377," 
""Luis did an amazing job fixing my tire my car runs smooth.""",https://www.google.com/maps/place/Tire+King/data=!4m7!3m6!1s0x88d91d44f6bc99b5:0xde0839fab989970d!8m2!3d26.2819642!4d-80.1123636!16s%2Fg%2F11bwqbvbn7!19sChIJtZm89kQd2YgRDZeJufo5CN4?authuser=0&hl=en&rclk=1
"Automotive Repair in Deerfield Beach, Florida",Auto Planet Collision Specialist,3.5,8,,Auto body shop,149 SE 2nd St,26.3163807,-80.1005438,Open,Closes 5 PM,,2025-03-07 14:03:33,(954) 531-1892,,https://www.google.com/maps/place/Auto+Planet+Collision+Specialist/data=!4m7!3m6!1s0x88d91d80e13e0e67:0xd2d1a02c017b6a3f!8m2!3d26.3163807!4d-80.1005438!16s%2Fg%2F1tctybt2!19sChIJZw4-4YAd2YgRP2p7ASyg0dI?authuser=0&hl=en&rclk=1
"Automotive Repair in Deerfield Beach, Florida",Sparrow Motors,No reviews,,,Auto repair shop,125 SE 5th Ct,26.3115829,-80.1023121,Open,Closes 6 PM,https://www.facebook.com/SparrowMotors,2025-03-07 14:03:35,(786) 520-5040,,https://www.google.com/maps/place/Sparrow+Motors/data=!4m7!3m6!1s0x88d91da202d05f7b:0xf4e61c13be665251!8m2!3d26.3115829!4d-80.1023121!16s%2Fg%2F11k3sl5m2g!19sChIJe1_QAqId2YgRUVJmvhMc5vQ?authuser=0&hl=en&rclk=1
"Automotive Repair in Deerfield Beach, Florida",Midas,3.7,199,,Auto repair shop,1400 S Federal Hwy,26.2123345,-80.1062385,Open,Closes 5 PM,https://www.midas.com/store/fl/pompano-beach/1400-south-federal-highway-33062?shopnum=3159&utm_source=google&utm_medium=maps&utm_campaign=google+maps&y_source=1_MTE1ODYzMjYtNzE1LWxvY2F0aW9uLndlYnNpdGU%3D,2025-03-07 14:03:36,(954) 543-1125," 
Onsite services
 
BOOK ONLINE",https://www.google.com/maps/place/Midas/data=!4m7!3m6!1s0x88d9027b9c129f03:0xf4d287316a359c1c!8m2!3d26.2123345!4d-80.1062385!16s%2Fg%2F1tnjkc6r!19sChIJA58SnHsC2YgRHJw1ajGH0vQ?authuser=0&hl=en&rclk=1
"Automotive Repair in Deerfield Beach, Florida",Shores Automotive (European Auto Repair),4.9,173,,Auto repair shop,2544 NW 2nd Ave,26.3736287,-80.0868863,Open,Closes 4 PM,https://shoresautomotive.com/,2025-03-07 14:03:38,(561) 391-0260," 
Onsite services
 
BOOK ONLINE",https://www.google.com/maps/place/Shores+Automotive+%28European+Auto+Repair%29/data=!4m7!3m6!1s0x88d8e2034647aed3:0x12de82b3f363457e!8m2!3d26.3736287!4d-80.0868863!16s%2Fg%2F1t_hzshb!19sChIJ065HRgPi2IgRfkVj87OC3hI?authuser=0&hl=en&rclk=1
"Automotive Repair in Deerfield Beach, Florida",PL Auto Repair,4.7,34,,Auto repair shop,140 NW 14th St unit F,26.244848,-80.1240214,Open,Closes 6 PM,,2025-03-07 14:03:40,(404) 789-1854," 
""excellent service and very trustworthy!""",https://www.google.com/maps/place/PL+Auto+Repair/data=!4m7!3m6!1s0x88d902c1c5f6048f:0xc225b03f8cc73cf4!8m2!3d26.244848!4d-80.1240214!16s%2Fg%2F1tdg8lpm!19sChIJjwT2xcEC2YgR9DzHjD-wJcI?authuser=0&hl=en&rclk=1
"Automotive Repair in Deerfield Beach, Florida",Magicfinish Wheels Repair LLC,5.0,1,,Wheel alignment service,149 SE 2nd St suite 8,26.3163877,-80.1005415,Open,Closes 6 PM,,2025-03-07 14:03:42,(786) 942-3403," 
""Very professional and quick, great team""",https://www.google.com/maps/place/Magicfinish+Wheels+Repair+LLC/data=!4m7!3m6!1s0x88d91d4a5456bd23:0xcb73d0589da17230!8m2!3d26.3163877!4d-80.1005415!16s%2Fg%2F11h1kqc18_!19sChIJI71WVEod2YgRMHKhnVjQc8s?authuser=0&hl=en&rclk=1
"Automotive Repair in Deerfield Beach, Florida",Maaco Auto Body Shop & Painting,4.1,299,,Auto body shop,1825 S Powerline Rd,26.2907622,-80.1532897,Open,Closes 5 PM,https://www.maaco.com/locations/fl/deerfield-beach-12134/?utm_source=google&utm_medium=organic&utm_campaign=gbp_website,2025-03-07 14:03:43,(754) 600-2238," 
""My car at pick up smelt great and the repair was done to perfection.""",https://www.google.com/maps/place/Maaco+Auto+Body+Shop+%26+Painting/data=!4m7!3m6!1s0x88d91cdd25d78ef9:0x5411e43ccacb7e7d!8m2!3d26.2907622!4d-80.1532897!16s%2Fg%2F1tdx0bfl!19sChIJ-Y7XJd0c2YgRfX7LyjzkEVQ?authuser=0&hl=en&rclk=1
"Automotive Repair in Deerfield Beach, Florida","Real Auto Glass Deerfield Beach, FL 33442",4.9,143,,Auto glass shop,2708 SW 14th Dr,26.2971084,-80.1406341,Open,Closes 5 PM,http://www.realautoglass.com/,2025-03-07 14:03:44,(954) 697-2167," 
Onsite services not available","https://www.google.com/maps/place/Real+Auto+Glass+Deerfield+Beach,+FL+33442/data=!4m7!3m6!1s0x88d91d917168bb17:0xc7bce5d0dd151d49!8m2!3d26.2971084!4d-80.1406341!16s%2Fg%2F11h53y6tw4!19sChIJF7tocZEd2YgRSR0V3dDlvMc?authuser=0&hl=en&rclk=1"
"Automotive Repair in Deerfield Beach, Florida",Mechanic on the Spot,4.8,35,,Car repair and maintenance service,,26.4638465,-80.4301795,Open,Closes 7 PM,,2025-03-07 14:03:45,(954) 319-2639," 
""He gave us a fair quote and got our truck fixed very quickly.""",https://www.google.com/maps/place/Mechanic+on+the+Spot/data=!4m7!3m6!1s0x88d904ad1f2da951:0xce29e27a5ae8cdf9!8m2!3d26.4638465!4d-80.4301795!16s%2Fg%2F1ygvst_mc!19sChIJUaktH60E2YgR-c3oWnriKc4?authuser=0&hl=en&rclk=1
"Automotive Repair in Deerfield Beach, Florida",Universal Auto Specialist,4.9,30,,Mechanic,"102, 1809 Powerline Rd",26.2917065,-80.1553582,Temporarily closed,,,2025-03-07 14:03:47,(954) 420-9225,,https://www.google.com/maps/place/Universal+Auto+Specialist/data=!4m7!3m6!1s0x88d91cc2c1d95b91:0xe810cbb91dd3b50c!8m2!3d26.2917065!4d-80.1553582!16s%2Fg%2F11h091cpk!19sChIJkVvZwcIc2YgRDLXTHbnLEOg?authuser=0&hl=en&rclk=1
"Automotive Repair in Deerfield Beach, Florida",Toyota of Deerfield Beach Parts,4.8,577,,Auto parts store,"1441 S, 1441 Federal Hwy",26.2990001,-80.0954473,Open,Closes 6 PM,http://parts.toyotaofdeerfieldbeach.com/?utm_source=google&utm_medium=listing&utm_campaign=google-my-business&utm_content=parts,2025-03-07 14:03:51,(954) 376-4484," 
""Sammy was polite and my car was ready within an hour""",https://www.google.com/maps/place/Toyota+of+Deerfield+Beach+Parts/data=!4m7!3m6!1s0x88d8e32cc8ad6425:0x58f06b9f5d6f352!8m2!3d26.2990001!4d-80.0954473!16s%2Fg%2F11j4wzfjb0!19sChIJJWStyCzj2IgRUvPW9bkGjwU?authuser=0&hl=en&rclk=1
"Automotive Repair in Deerfield Beach, Florida",Our Shop Auto Repairs Inc,3.7,82,,Auto repair shop,801 S Dixie Hwy E,26.2197494,-80.1302103,Open,Closes 5:30 PM,,2025-03-07 14:03:52,(954) 788-7484," 
""They repaired it like brand new - it actually drives better than when new.""",https://www.google.com/maps/place/Our+Shop+Auto+Repairs+Inc/data=!4m7!3m6!1s0x88d9025810ea934f:0xf1e8e81dab43f961!8m2!3d26.2197494!4d-80.1302103!16s%2Fg%2F1tdq6tgn!19sChIJT5PqEFgC2YgRYflDqx3o6PE?authuser=0&hl=en&rclk=1
"Automotive Repair in Deerfield Beach, Florida","Deerfield Beach, Florida, USA",No reviews,,,Auto repair shop,25 NW 1st St,26.3199262,-80.1019071,,,,2025-03-07 14:03:53,25 NW 1st St,,"https://www.google.com/maps/place/Deerfield+Beach,+Florida,+USA/data=!4m7!3m6!1s0x88d91d0005f2c121:0xb59e584b53dbe0c2!8m2!3d26.3199262!4d-80.1019071!16s%2Fg%2F11y7qljw1g!19sChIJIcHyBQAd2YgRwuDbU0tYnrU?authuser=0&hl=en&rclk=1"
"Automotive Repair in Deerfield Beach, Florida",Tech On Auto Repair,5.0,8,,Auto repair shop,1900 NW 33rd St Unit#1,26.2705389,-80.1494613,Open,Closes 6 PM,https://techonautorepair.com/,2025-03-07 14:03:55,(954) 708-8519," 
""Excellent service and especially a very knowledgeable and honest mechanic.""",https://www.google.com/maps/place/Tech+On+Auto+Repair/data=!4m7!3m6!1s0x88d91d1382803db1:0xba7568808b8c4c89!8m2!3d26.2705389!4d-80.1494613!16s%2Fg%2F11w22p6pvr!19sChIJsT2AghMd2YgRiUyMi4Bodbo?authuser=0&hl=en&rclk=1
"Automotive Repair in Deerfield Beach, Florida",Banner Car Care & Tire Center / Banner Tire,4.5,223,,Auto repair shop,4141 N Federal Hwy,26.2825316,-80.0966955,Open,Closes 5:30 PM,https://www.banner-car-care.com/,2025-03-07 14:03:56,(954) 545-5151," 
""Reasonable prices, honest diagnosis and quality work!""",https://www.google.com/maps/place/Banner+Car+Care+%26+Tire+Center+%2F+Banner+Tire/data=!4m7!3m6!1s0x88d8e2a74a6e75d5:0xad6ec5c815b9f8f6!8m2!3d26.2825316!4d-80.0966955!16s%2Fg%2F1v2yznkr!19sChIJ1XVuSqfi2IgR9vi5FcjFbq0?authuser=0&hl=en&rclk=1
"Automotive Repair in Deerfield Beach, Florida",Alex's Pro Tire Inc,4.9,77,,Tire shop,833 S Deerfield Ave # 5,26.3068339,-80.1041025,Closed,Opens 10 AM,,2025-03-07 14:03:57,(561) 542-3024," 
""Had both of my rear tires replaced and back on the road within 30 minutes.""",https://www.google.com/maps/place/Alex%27s+Pro+Tire+Inc/data=!4m7!3m6!1s0x88d91d7952f5fd53:0x58ee4e593c51ea12!8m2!3d26.3068339!4d-80.1041025!16s%2Fg%2F1tlwgfm4!19sChIJU_31Unkd2YgREupRPFlO7lg?authuser=0&hl=en&rclk=1
"Automotive Repair in Deerfield Beach, Florida",Imperial Auto Repair & Body Shop,3.8,40,,Auto repair shop,2090 N Powerline Rd,26.256289,-80.1511881,Open,Closes 8 PM,,2025-03-07 14:03:58,(954) 303-2727," 
""Great service with speedy results extremely happy""",https://www.google.com/maps/place/Imperial+Auto+Repair+%26+Body+Shop/data=!4m7!3m6!1s0x88d902b33713a8cb:0xce749cf9dd120480!8m2!3d26.256289!4d-80.1511881!16s%2Fg%2F11cs3fqnvz!19sChIJy6gTN7MC2YgRgAQS3fmcdM4?authuser=0&hl=en&rclk=1
"Automotive Repair in Deerfield Beach, Florida",World Class Auto Repairs,4.5,547,,Auto repair shop,9787 Glades Rd,26.3684481,-80.199493,Open,Closes 5:30 PM,https://worldclassautorepaircenter.com/,2025-03-07 14:04:00,(561) 451-0502," 
Onsite services",https://www.google.com/maps/place/World+Class+Auto+Repairs/data=!4m7!3m6!1s0x88d919a7ea03c7fd:0xdf9ddad7314f0a49!8m2!3d26.3684481!4d-80.199493!16s%2Fg%2F11j987fskr!19sChIJ_ccD6qcZ2YgRSQpPMdfand8?authuser=0&hl=en&rclk=1
"Automotive Repair in Deerfield Beach, Florida",Redline Bimmer Performance,4.8,339,,Auto repair shop,1144 NE 48th St,26.2897189,-80.1080137,Open,Closes 5 PM,https://redlinebimmer.com/,2025-03-07 14:04:01,(954) 783-7003," 
Onsite services
 
BOOK ONLINE",https://www.google.com/maps/place/Redline+Bimmer+Performance/data=!4m7!3m6!1s0x88d91d67f54b1c75:0x9d11b05c36ab592b!8m2!3d26.2897189!4d-80.1080137!16s%2Fg%2F1thd7gvq!19sChIJdRxL9Wcd2YgRK1mrNlywEZ0?authuser=0&hl=en&rclk=1
"Automotive Repair in Deerfield Beach, Florida",Affordable Quality Auto Paint,3.7,31,,Auto body shop,1475 SW 1st Way,26.298065,-80.1061359,Open,Closes 5 PM,,2025-03-07 14:04:02,(954) 570-9105," 
""Helpful, honest, professional, and not out to overcharge or gouge.""",https://www.google.com/maps/place/Affordable+Quality+Auto+Paint/data=!4m7!3m6!1s0x88d91d64f8e016bb:0x6a73767a69f9a9d0!8m2!3d26.298065!4d-80.1061359!16s%2Fg%2F1tcxkkhk!19sChIJuxbg-GQd2YgR0Kn5aXp2c2o?authuser=0&hl=en&rclk=1
"Automotive Repair in Deerfield Beach, Florida",MFK Auto Repair | Quality Service & Performance - European & Exotic,5.0,43,,Auto repair shop,199 NW 28th St Unit/Suite 1 and 2,26.3763741,-80.0848054,Open,Closes 5 PM,https://www.mfkautorepair.com/,2025-03-07 14:04:04,(954) 939-8817," 
Onsite services",https://www.google.com/maps/place/MFK+Auto+Repair+%7C+Quality+Service+%26+Performance+-+European+%26+Exotic/data=!4m7!3m6!1s0x88d8e11d151dd431:0x3a32f8e21b9dbef4!8m2!3d26.3763741!4d-80.0848054!16s%2Fg%2F11w2jwg80p!19sChIJMdQdFR3h2IgR9L6dG-L4Mjo?authuser=0&hl=en&rclk=1
"Automotive Repair in Deerfield Beach, Florida","Wisnold Surplus Tires - Tire Shop, Tire Repair, Quality Used Tires, Tire Puncture Repair",4.6,291,,Tire shop,740 NE 42nd St,26.28282,-80.113667,Open,Closes 7 PM,http://wisnoldsurplustiresfl.com/,2025-03-07 14:04:05,(754) 235-5328," 
In-store shopping","https://www.google.com/maps/place/Wisnold+Surplus+Tires+-+Tire+Shop,+Tire+Repair,+Quality+Used+Tires,+Tire+Puncture+Repair/data=!4m7!3m6!1s0x88d91d4418cef2b7:0x52fa5a1f06ea7ca4!8m2!3d26.28282!4d-80.113667!16s%2Fg%2F12625n76v!19sChIJt_LOGEQd2YgRpHzqBh9a-lI?authuser=0&hl=en&rclk=1"
"Automotive Repair in Deerfield Beach, Florida",DK Mobile Tire Shop,5.0,9,,Tire shop,1240 SW 1st Way,26.3011175,-80.1052991,Open 24 hours,,http://dkmobiletire.com/,2025-03-07 14:04:07,(833) 363-9847," 
""These guys are super professional and fast.""",https://www.google.com/maps/place/DK+Mobile+Tire+Shop/data=!4m7!3m6!1s0x88d91deb314f1853:0xe3c81db67bcf4e3a!8m2!3d26.3011175!4d-80.1052991!16s%2Fg%2F11x1z7q7_4!19sChIJUxhPMesd2YgROk7Pe7YdyOM?authuser=0&hl=en&rclk=1
"Automotive Repair in Deerfield Beach, Florida",Nviro-Tech LLC,4.0,1,,Auto body shop,700 Rich Dr #208,26.307851,-80.1129104,Open 24 hours,,,2025-03-07 14:04:09,(561) 336-5463,,https://www.google.com/maps/place/Nviro-Tech+LLC/data=!4m7!3m6!1s0x88d91d76af81cae7:0xa7eb5a5d70dc11dc!8m2!3d26.307851!4d-80.1129104!16s%2Fg%2F11clm9wnjb!19sChIJ58qBr3Yd2YgR3BHccF1a66c?authuser=0&hl=en&rclk=1
"Automotive Repair in Deerfield Beach, Florida",Volvostop,4.7,147,,Auto repair shop,557 NE 26th Ct,26.2641156,-80.1144179,Open,Closes 5 PM,https://www.volvostop.com/,2025-03-07 14:04:11,(954) 782-5282," 
""Paul and his team did an outstanding job and the prices were very fair.""",https://www.google.com/maps/place/Volvostop/data=!4m7!3m6!1s0x88d902b37af6d1b7:0x48eebc1c3487574!8m2!3d26.2641156!4d-80.1144179!16s%2Fg%2F1tplr387!19sChIJt9H2erMC2YgRdHVIw8HrjgQ?authuser=0&hl=en&rclk=1
"Automotive Repair in Deerfield Beach, Florida",Elite Auto Repair,4.6,141,,Auto repair shop,4756 NW Boca Raton Blvd Ste B2,26.3924082,-80.0825091,Open,Closes 5 PM,https://www.eliteautorepair.org/,2025-03-07 14:04:12,(561) 245-8553," 
Onsite services",https://www.google.com/maps/place/Elite+Auto+Repair/data=!4m7!3m6!1s0x88d8e16ff908e6e7:0xb52a7c8ed5bc376e!8m2!3d26.3924082!4d-80.0825091!16s%2Fg%2F11flgnlb_d!19sChIJ5-YI-W_h2IgRbje81Y58KrU?authuser=0&hl=en&rclk=1
"Automotive Repair in Deerfield Beach, Florida",Genesis Automotive - Dyno tuning & repair,4.6,109,,Auto repair shop,550 NE 27th St suite a,26.2645944,-80.1147389,Closed,Opens 10 AM,https://www.facebook.com/genesis.automtive/,2025-03-07 14:04:14,," 
Onsite services",https://www.google.com/maps/place/Genesis+Automotive+-+Dyno+tuning+%26+repair/data=!4m7!3m6!1s0x88d9018576f8f7f9:0xf20a6e0596907390!8m2!3d26.2645944!4d-80.1147389!16s%2Fg%2F1tgh3scc!19sChIJ-ff4doUB2YgRkHOQlgVuCvI?authuser=0&hl=en&rclk=1
"Automotive Repair in Deerfield Beach, Florida",Auto Maia Corp,4.6,100,,Auto repair shop,711 S Dixie Hwy E,26.2205751,-80.1299043,Open,Closes 6 PM,https://automaiacorp.com/,2025-03-07 14:04:16,(754) 235-4066," 
""The repairs were flawless, and the paint matched perfectly.""",https://www.google.com/maps/place/Auto+Maia+Corp/data=!4m7!3m6!1s0x88d903288e4e27c1:0xf1590e13936902bb!8m2!3d26.2205751!4d-80.1299043!16s%2Fg%2F11bbyfbh37!19sChIJwSdOjigD2YgRuwJpkxMOWfE?authuser=0&hl=en&rclk=1
"Automotive Repair in Deerfield Beach, Florida","German Auto Specialist,USA DBA, Mercedes Mike",4.9(54),54,,Mechanic,882 NE 41st Ct,26.2819697,-80.1122258,Open,Closes 6 PM,https://mercedesmike.com/,2025-03-07 14:04:51,(954) 304-5965," 
""Knowledgeable and honest mechanic with excellent service.""","https://www.google.com/maps/place/German+Auto+Specialist,USA+DBA,+Mercedes+Mike/data=!4m7!3m6!1s0x88d91dad4c9f3a93:0xeec2c20c9b769afe!8m2!3d26.2819697!4d-80.1122258!16s%2Fg%2F11t3vl74x_!19sChIJkzqfTK0d2YgR_pp2mwzCwu4?authuser=0&hl=en&rclk=1"
"Automotive Repair in Deerfield Beach, Florida",Mario's Hi-Tech Automotive,4.6,,,Auto repair shop,524 S Dixie Hwy E,26.223862,-80.128385,Opens soon,9:30 AM,,2025-03-07 14:05:26,(954) 785-1177," 
""Fair and honest workmanship.""",https://www.google.com/maps/place/Mario%27s+Hi-Tech+Automotive/data=!4m7!3m6!1s0x88d902f6f93b111b:0x929696be031bd38f!8m2!3d26.223862!4d-80.128385!16s%2Fg%2F1v_w347j!19sChIJGxE7-fYC2YgRj9MbA76WlpI?authuser=0&hl=en&rclk=1
"Automotive Repair in Delray Beach, Florida",Elite Auto Repair,4.6,255,,Auto repair shop,445 NE 6th Ave #23,26.469691,-80.0667894,Open,Closes 5 PM,https://www.eliteautorepair.org/,2025-03-07 14:06:30,(561) 455-4600,,https://www.google.com/maps/place/Elite+Auto+Repair/data=!4m7!3m6!1s0x88d8dfc6512f6e67:0x3b6a277f4d5afc3b!8m2!3d26.469691!4d-80.0667894!16s%2Fg%2F11h9xw4jlw!19sChIJZ24vUcbf2IgRO_xaTX8najs?authuser=0&hl=en&rclk=1
"Automotive Repair in Delray Beach, Florida",Delray Auto Repair & Quick Lube,4.7,162,,Auto repair shop,765 NE 6th Ave,26.4737656,-80.0669599,Open,Closes 5 PM,http://delrayautorepair.net/,2025-03-07 14:06:38,(561) 272-0071,,https://www.google.com/maps/place/Delray+Auto+Repair+%26+Quick+Lube/data=!4m7!3m6!1s0x88d8dfb87f70d9ff:0x9c051a80c6e6ee24!8m2!3d26.4737656!4d-80.0669599!16s%2Fg%2F1td266z5!19sChIJ_9lwf7jf2IgRJO7mxoAaBZw?authuser=0&hl=en&rclk=1
"Automotive Repair in Delray Beach, Florida",Oscar's Auto Repair,4.8,46,,Auto repair shop,41 N Congress Ave,26.4619415,-80.0929583,Open,Closes 5:30 PM,,2025-03-07 14:06:41,(561) 276-0246,,https://www.google.com/maps/place/Oscar%27s+Auto+Repair/data=!4m7!3m6!1s0x88d8dff992117a99:0x6437d6b72f506f8c!8m2!3d26.4619415!4d-80.0929583!16s%2Fg%2F1v27w8v5!19sChIJmXoRkvnf2IgRjG9QL7fWN2Q?authuser=0&hl=en&rclk=1
"Automotive Repair in Delray Beach, Florida",A & H Automotive,4.9,465,,Car repair and maintenance service,102 SE 5th Ave,26.4596113,-80.0683369,Open,Closes 5 PM,http://www.ahdelray.com/,2025-03-07 14:06:43,(561) 265-4990," 
Onsite services",https://www.google.com/maps/place/A+%26+H+Automotive/data=!4m7!3m6!1s0x88d8dfdb1ac2c62b:0x1d28d94e3fd889cd!8m2!3d26.4596113!4d-80.0683369!16s%2Fg%2F1tdhft1n!19sChIJK8bCGtvf2IgRzYnYP07ZKB0?authuser=0&hl=en&rclk=1
"Automotive Repair in Delray Beach, Florida",Eric's Wrench Inc,4.9,414,,Auto repair shop,145 S Congress Ave,26.4584408,-80.0929313,Open,Closes 5 PM,http://www.ericswrench.com/,2025-03-07 14:06:46,(561) 278-7278," 
BOOK ONLINE",https://www.google.com/maps/place/Eric%27s+Wrench+Inc/data=!4m7!3m6!1s0x88d8dff94e7e6165:0x4ac7c950c1e40ba4!8m2!3d26.4584408!4d-80.0929313!16s%2Fg%2F1tp281q4!19sChIJZWF-Tvnf2IgRpAvkwVDJx0o?authuser=0&hl=en&rclk=1
"Automotive Repair in Delray Beach, Florida",Precision Tune Auto Care,4.6,465,,Auto repair shop,1 Linton Blvd Unit # 1,26.4400256,-80.0741397,Open,Closes 5 PM,http://www.precisiontune.com/DelrayBeachFL,2025-03-07 14:06:48,(561) 278-7979," 
Onsite services
 
BOOK ONLINE",https://www.google.com/maps/place/Precision+Tune+Auto+Care/data=!4m7!3m6!1s0x88d8e1cbbe7e95cd:0xb3c4dceeb65569a0!8m2!3d26.4400256!4d-80.0741397!16s%2Fg%2F11sstx0_6g!19sChIJzZV-vsvh2IgRoGlVtu7cxLM?authuser=0&hl=en&rclk=1
"Automotive Repair in Delray Beach, Florida",Arnst Ocean Automotive and Classic,4.9,175,,Auto repair shop,222 N Congress Ave,26.4658651,-80.0945733,Open,Closes 5:30 PM,https://www.aoceanauto.com/,2025-03-07 14:06:49,(561) 265-1374,,https://www.google.com/maps/place/Arnst+Ocean+Automotive+and+Classic/data=!4m7!3m6!1s0x88d8dff7187aa30f:0x6eddf10b59e88527!8m2!3d26.4658651!4d-80.0945733!16s%2Fg%2F1tg9th02!19sChIJD6N6GPff2IgRJ4XoWQvx3W4?authuser=0&hl=en&rclk=1
"Automotive Repair in Delray Beach, Florida",Flawless Auto,4.8,111,,Auto repair shop,1 Linton Blvd,26.4405036,-80.074688,Open,Closes 5:30 PM,http://www.flawlessautorepair.com/,2025-03-07 14:06:51,(561) 279-0779,,https://www.google.com/maps/place/Flawless+Auto/data=!4m7!3m6!1s0x88d8e07295379abf:0x5ab38a88b2e55007!8m2!3d26.4405036!4d-80.074688!16s%2Fg%2F1tknl76z!19sChIJv5o3lXLg2IgRB1DlsoiKs1o?authuser=0&hl=en&rclk=1
"Automotive Repair in Delray Beach, Florida",Foreign Car Service of Delray Inc,4.7,24,,Auto repair shop,750 NE 8th Ave,26.4736032,-80.0660021,Open,Closes 5 PM,http://www.benzautorepairdelrayboyntonfl.com/,2025-03-07 14:06:52,(561) 278-4233,,https://www.google.com/maps/place/Foreign+Car+Service+of+Delray+Inc/data=!4m7!3m6!1s0x88d8dfb8081ebe59:0x9f0dd8c4ecf5679!8m2!3d26.4736032!4d-80.0660021!16s%2Fg%2F1thpxmmf!19sChIJWb4eCLjf2IgReVbPTozd8Ak?authuser=0&hl=en&rclk=1
"Automotive Repair in Delray Beach, Florida",AutoWorks,4.8,131,,Auto repair shop,1501 SW 10th St,26.4472203,-80.0885012,Open,Closes 5 PM,http://autoworksdelray.com/,2025-03-07 14:06:53,(561) 272-7451,,https://www.google.com/maps/place/AutoWorks/data=!4m7!3m6!1s0x88d8e0066aa27611:0x83e76c0f041bc143!8m2!3d26.4472203!4d-80.0885012!16s%2Fg%2F11b6f6mh8p!19sChIJEXaiagbg2IgRQ8EbBA9s54M?authuser=0&hl=en&rclk=1
"Automotive Repair in Delray Beach, Florida",Prestige Auto Care,4.9,36,,Auto repair shop,100 SE 4th St,26.4542071,-80.0718812,Open,Closes 5 PM,,2025-03-07 14:06:54,(561) 272-7110,,https://www.google.com/maps/place/Prestige+Auto+Care/data=!4m7!3m6!1s0x88d8dfdee883067f:0x5249c1f43dea8432!8m2!3d26.4542071!4d-80.0718812!16s%2Fg%2F1tjmffvr!19sChIJfwaD6N7f2IgRMoTqPfTBSVI?authuser=0&hl=en&rclk=1
"Automotive Repair in Delray Beach, Florida",Apex Automotive,4.9,478,,Auto repair shop,1 Linton Blvd #7,26.4400452,-80.0747636,Open,Closes 5:30 PM,https://locations.apexautomotive.com/fl/delray-beach/delray-beach/?utm_source=gbp&utm_medium=organic&utm_campaign=sitelink,2025-03-07 14:06:55,(561) 332-1900," 
BOOK ONLINE",https://www.google.com/maps/place/Apex+Automotive/data=!4m7!3m6!1s0x88d8e07294e09213:0x22c05b41c61008a3!8m2!3d26.4400452!4d-80.0747636!16s%2Fg%2F11gg6787td!19sChIJE5LglHLg2IgRowgQxkFbwCI?authuser=0&hl=en&rclk=1
"Automotive Repair in Delray Beach, Florida",Elite Auto Services of Delray Beach,4.8,70,,Auto repair shop,1 Linton Blvd #3,26.4400264,-80.0743679,Open,Closes 5 PM,http://www.eliteautodelray.com/,2025-03-07 14:06:56,(561) 455-4427,,https://www.google.com/maps/place/Elite+Auto+Services+of+Delray+Beach/data=!4m7!3m6!1s0x88d8e11a07137c39:0x8566dc89180d944!8m2!3d26.4400264!4d-80.0743679!16s%2Fg%2F11h18cp3vk!19sChIJOXwTBxrh2IgRRNmAkchtVgg?authuser=0&hl=en&rclk=1
"Automotive Repair in Delray Beach, Florida",Quality Oil Brakes Auto Repair & AC,4.4,96,,Auto repair shop,1801 W Atlantic Ave Suite B1,26.4623515,-80.0920689,Open,Closes 4 PM,http://www.qualityoilexchange.com/,2025-03-07 14:06:58,(561) 279-1388," 
Onsite services
 
BOOK ONLINE",https://www.google.com/maps/place/Quality+Oil+Brakes+Auto+Repair+%26+AC/data=!4m7!3m6!1s0x88d8dffa25388b75:0x74f13ca5652c28aa!8m2!3d26.4623515!4d-80.0920689!16s%2Fg%2F1th644y2!19sChIJdYs4Jfrf2IgRqigsZaU88XQ?authuser=0&hl=en&rclk=1
"Automotive Repair in Delray Beach, Florida",Precision Auto Care & Tires,4.9,75,,Auto repair shop,1 Linton Blvd,26.4400996,-80.074369,Open,Closes 5 PM,http://precisiontuneautodelray.com/,2025-03-07 14:06:59,(561) 524-7629,,https://www.google.com/maps/place/Precision+Auto+Care+%26+Tires/data=!4m7!3m6!1s0x88d8e19212bb65a5:0x92734a75eb4e576b!8m2!3d26.4400996!4d-80.074369!16s%2Fg%2F11v6bjnwsq!19sChIJpWW7EpLh2IgRa1dO63VKc5I?authuser=0&hl=en&rclk=1
"Automotive Repair in Delray Beach, Florida",Atlantic Car Care,4.9,27,,Auto repair shop,1801 W Atlantic Ave,26.462037,-80.0918494,Open,Closes 5 PM,http://atlanticcarcareinc.com/,2025-03-07 14:07:00,(561) 243-8467,,https://www.google.com/maps/place/Atlantic+Car+Care/data=!4m7!3m6!1s0x88d8dffa25388b75:0x8750471bcc5d86d1!8m2!3d26.462037!4d-80.0918494!16s%2Fg%2F1tdfzj7n!19sChIJdYs4Jfrf2IgR0YZdzBtHUIc?authuser=0&hl=en&rclk=1
"Automotive Repair in Delray Beach, Florida",George's & Alpha Auto center,4.5,89,,Auto repair shop,210 N Congress Ave,26.4656715,-80.0941423,Open,Closes 7 PM,,2025-03-07 14:07:02,(561) 401-6941,,https://www.google.com/maps/place/George%27s+%26+Alpha+Auto+center/data=!4m7!3m6!1s0x88d8dff7162a8121:0x516adc9c53ddf5e3!8m2!3d26.4656715!4d-80.0941423!16s%2Fg%2F1tm8lcrw!19sChIJIYEqFvff2IgR4_XdU5zcalE?authuser=0&hl=en&rclk=1
"Automotive Repair in Delray Beach, Florida",Delray Tire and Auto - Firestone,4.8,111,,Auto repair shop,90 N Congress Ave,26.4631937,-80.0940346,Open,Closes 5 PM,https://delraytireandauto.com/,2025-03-07 14:07:03,(561) 243-7904," 
In-store shopping",https://www.google.com/maps/place/Delray+Tire+and+Auto+-+Firestone/data=!4m7!3m6!1s0x88d8df0567d34967:0x96994fb4a8a1258c!8m2!3d26.4631937!4d-80.0940346!16s%2Fg%2F11rkhl36kz!19sChIJZ0nTZwXf2IgRjCWhqLRPmZY?authuser=0&hl=en&rclk=1
"Automotive Repair in Delray Beach, Florida",Kurt's European Autoworks,4.6,94,,Auto repair shop,1885 SW 4th Ave building e suite 5,26.4380485,-80.0747512,Open,Closes 6 PM,http://autorepairdelray.com/,2025-03-07 14:07:04,(561) 274-4887,,https://www.google.com/maps/place/Kurt%27s+European+Autoworks/data=!4m7!3m6!1s0x88d8e012bcf86439:0x6d7cdb401d7dc331!8m2!3d26.4380485!4d-80.0747512!16s%2Fg%2F1thvhqz5!19sChIJOWT4vBLg2IgRMcN9HUDbfG0?authuser=0&hl=en&rclk=1
"Automotive Repair in Delray Beach, Florida",Congress Auto Service,4.8,20,,Car repair and maintenance service,210 N Congress Ave,26.4656715,-80.0941423,Open,Closes 5 PM,,2025-03-07 14:07:05,(561) 265-3444,,https://www.google.com/maps/place/Congress+Auto+Service/data=!4m7!3m6!1s0x88d8dff7162a8121:0x45c6502596fb5b9b!8m2!3d26.4656715!4d-80.0941423!16s%2Fg%2F1tdxwtjm!19sChIJIYEqFvff2IgRm1v7liVQxkU?authuser=0&hl=en&rclk=1
"Automotive Repair in Delray Beach, Florida",Eurotech Auto Motorsports Inc.,4.7,43,,Auto repair shop,1885 SW 4th Ave Bay E8,26.4381024,-80.0744381,Open,Closes 5 PM,,2025-03-07 14:07:12,(561) 272-9332," 
""Outstanding, honest service at fair prices!""",https://www.google.com/maps/place/Eurotech+Auto+Motorsports+Inc./data=!4m7!3m6!1s0x88d8e012bcd21b5f:0x9c86ea68c50a4c00!8m2!3d26.4381024!4d-80.0744381!16s%2Fg%2F12hxf5myb!19sChIJXxvSvBLg2IgRAEwKxWjqhpw?authuser=0&hl=en&rclk=1
"Automotive Repair in Delray Beach, Florida",Very Best Foreign Cars,4.8,50,,Auto repair shop,1801 W Atlantic Ave B1A,26.4621972,-80.0923042,Open,Closes 6 PM,,2025-03-07 14:07:13,(561) 279-0297," 
""Job done right the first time and very fair and honest!!""",https://www.google.com/maps/place/Very+Best+Foreign+Cars/data=!4m7!3m6!1s0x88d8dfbd0e10d90d:0xa114ebb36c4942ce!8m2!3d26.4621972!4d-80.0923042!16s%2Fg%2F113gmr1q3!19sChIJDdkQDr3f2IgRzkJJbLPrFKE?authuser=0&hl=en&rclk=1
"Automotive Repair in Delray Beach, Florida",Firestone Complete Auto Care,4.0,594,,Tire shop,5180 W Atlantic Ave,26.4572263,-80.1252389,Open,Closes 7 PM,https://www.firestonecompleteautocare.com/florida/delray-beach/5180-w-atlantic-ave/?utm_source=google&utm_medium=organic&utm_campaign=localmaps&cmp=oloc_google_localmaps_maps,2025-03-07 14:07:15,(561) 404-9313," 
""Josh was excellent with diagnosis and timing for repair.""
 
BOOK ONLINE",https://www.google.com/maps/place/Firestone+Complete+Auto+Care/data=!4m7!3m6!1s0x88d92021255d0d51:0x84857f4ceb1fd74!8m2!3d26.4572263!4d-80.1252389!16s%2Fg%2F1v5k3tsb!19sChIJUQ1dJSEg2YgRdP2xzvRXSAg?authuser=0&hl=en&rclk=1
"Automotive Repair in Delray Beach, Florida",Lloyd's Automotive Services,4.4,136,,Auto body shop,8000 W Atlantic Ave,26.4541726,-80.187218,Open,Closes 5 PM,,2025-03-07 14:07:16,(561) 499-4334," 
""Their repairs are great and at a very reasonable price.""",https://www.google.com/maps/place/Lloyd%27s+Automotive+Services/data=!4m7!3m6!1s0x88d91f54ceed1551:0x404aab35c2049631!8m2!3d26.4541726!4d-80.187218!16s%2Fg%2F1tgfqy3f!19sChIJURXtzlQf2YgRMZYEwjWrSkA?authuser=0&hl=en&rclk=1
"Automotive Repair in Delray Beach, Florida",Quality Automotive and Engineering of Delray Beach,4.8,54,,Auto repair shop,16 NW 18th Ave Suite B2,26.4616146,-80.0919765,Open,Closes 4 PM,http://carrepairdelraybeach.com/,2025-03-07 14:07:17,(561) 906-3534," 
Onsite services",https://www.google.com/maps/place/Quality+Automotive+and+Engineering+of+Delray+Beach/data=!4m7!3m6!1s0x88d8dfc71da98e81:0x9af80c0be38518e3!8m2!3d26.4616146!4d-80.0919765!16s%2Fg%2F11jdbc33kg!19sChIJgY6pHcff2IgR4xiF4wsM-Jo?authuser=0&hl=en&rclk=1
"Automotive Repair in Delray Beach, Florida","German Auto World, Inc.",3.9,124,,Auto repair shop,2165 W Atlantic Ave,26.4600703,-80.0954051,Open,Closes 5 PM,http://www.germanautoworld.com/,2025-03-07 14:07:19,(561) 455-2820," 
""Reasonable prices and excellent service!""
 
BOOK ONLINE","https://www.google.com/maps/place/German+Auto+World,+Inc./data=!4m7!3m6!1s0x88d8dff91cc01565:0x452394c5b178678a!8m2!3d26.4600703!4d-80.0954051!16s%2Fg%2F1tgny029!19sChIJZRXAHPnf2IgRimd4scWUI0U?authuser=0&hl=en&rclk=1"
"Automotive Repair in Delray Beach, Florida",Cruisers Motor Works,4.8,37,,Auto repair shop,782 SW 17th Ave,26.4486289,-80.0895875,Open,Closes 4:30 PM,,2025-03-07 14:07:20,(561) 272-8388," 
""Just replaced all my brakes and did a perfect job at a reasonable price.""",https://www.google.com/maps/place/Cruisers+Motor+Works/data=!4m7!3m6!1s0x88d8e00654f6dfdf:0x731e83588e6e1379!8m2!3d26.4486289!4d-80.0895875!16s%2Fg%2F1tgdjsty!19sChIJ39_2VAbg2IgReRNujliDHnM?authuser=0&hl=en&rclk=1
"Automotive Repair in Delray Beach, Florida",Best Auto & Economy Tire,4.5,147,,Auto repair shop,220 N Congress Ave,26.4658634,-80.0941725,Open,Closes 5 PM,http://www.economytiresdelray.com/,2025-03-07 14:07:21,(561) 921-0225," 
""The noise was fixed, and my car is driving like a dream.""",https://www.google.com/maps/place/Best+Auto+%26+Economy+Tire/data=!4m7!3m6!1s0x88d8dff71a83b95d:0xb2a8491349ccf9e4!8m2!3d26.4658634!4d-80.0941725!16s%2Fg%2F1tfg8gdm!19sChIJXbmDGvff2IgR5PnMSRNJqLI?authuser=0&hl=en&rclk=1
"Automotive Repair in Delray Beach, Florida",AAMCO Transmissions & Total Car Care,4.6,208,,Transmission shop,1801 W Atlantic Ave,26.4619695,-80.0923832,Open,Closes 5 PM,http://www.aamcodelraybeach.com/?utm_source=G&utm_medium=local&utm_campaign=google-local,2025-03-07 14:07:22,(561) 468-5397," 
""He quote price for the repairs and a time frame to complete the job.""",https://www.google.com/maps/place/AAMCO+Transmissions+%26+Total+Car+Care/data=!4m7!3m6!1s0x88d8dffa25388b75:0xd20487a9bdc8356a!8m2!3d26.4619695!4d-80.0923832!16s%2Fg%2F1wrtdn7y!19sChIJdYs4Jfrf2IgRajXIvamHBNI?authuser=0&hl=en&rclk=1
"Automotive Repair in Delray Beach, Florida",Kata's Auto Repair Services Corporation,4.2,11,,Auto repair shop,1880 Dr. Andres Way,26.456878,-80.0922281,Open,Closes 6 PM,,2025-03-07 14:07:23,(561) 265-5341,,https://www.google.com/maps/place/Kata%27s+Auto+Repair+Services+Corporation/data=!4m7!3m6!1s0x88d8dffc1b13045b:0xeceb20752f1b069!8m2!3d26.456878!4d-80.0922281!16s%2Fg%2F1260f02_3!19sChIJWwQTG_zf2IgRabDxUgeyzg4?authuser=0&hl=en&rclk=1
"Automotive Repair in Delray Beach, Florida",GNA Auto Service,4.9,60,,Auto repair shop,3025 N Old Dixie Hwy,26.4936265,-80.0646463,Open,Closes 3 PM,http://www.gnaauto.com/,2025-03-07 14:07:24,(561) 501-6905," 
""His prices are more than fair, he is quick and performs top notch work.""",https://www.google.com/maps/place/GNA+Auto+Service/data=!4m7!3m6!1s0x88d8dfc6512f721b:0x8db52fc30d029b36!8m2!3d26.4936265!4d-80.0646463!16s%2Fg%2F11bwyxpdz_!19sChIJG3IvUcbf2IgRNpsCDcMvtY0?authuser=0&hl=en&rclk=1
"Automotive Repair in Delray Beach, Florida",King & Son Motorcars,4.8,64,,Auto repair shop,725 SW 16th Ave,26.4498988,-80.0885956,Open,Closes 5 PM,,2025-03-07 14:07:25,(561) 450-7122," 
Onsite services",https://www.google.com/maps/place/King+%26+Son+Motorcars/data=!4m7!3m6!1s0x88d8e007bf967251:0x2cafb109bf412ee0!8m2!3d26.4498988!4d-80.0885956!16s%2Fg%2F11bwnd0_zb!19sChIJUXKWvwfg2IgR4C5Bvwmxryw?authuser=0&hl=en&rclk=1
"Automotive Repair in Delray Beach, Florida",Mike Barber Automotive Repair & Maintenance,4.9,44,,Auto repair shop,455 SE 1st Ave,26.4530795,-80.0720905,Open,Closes 5 PM,,2025-03-07 14:07:26,(561) 455-2173," 
""Helped me diagnose a problem without even charging me for his time.""",https://www.google.com/maps/place/Mike+Barber+Automotive+Repair+%26+Maintenance/data=!4m7!3m6!1s0x88d8dffc1be5780b:0x4bb485bf9304725!8m2!3d26.4530795!4d-80.0720905!16s%2Fg%2F11bc70z9d3!19sChIJC3jlG_zf2IgRJUcw-VtIuwQ?authuser=0&hl=en&rclk=1
"Automotive Repair in Delray Beach, Florida",Foreign Car Engineering,5.0,26,,Car repair and maintenance service,75 N Congress Ave,26.4627543,-80.0934308,Open,Closes 6 PM,http://www.fcecarcare.com/index.html_,2025-03-07 14:07:28,(561) 276-0114," 
""Skippy and his staff are very professional.""",https://www.google.com/maps/place/Foreign+Car+Engineering/data=!4m7!3m6!1s0x88d8dff9f1d36699:0xc21f62dd18056c5!8m2!3d26.4627543!4d-80.0934308!16s%2Fg%2F1tfcv03z!19sChIJmWbT8fnf2IgRxVaA0S32IQw?authuser=0&hl=en&rclk=1
"Automotive Repair in Delray Beach, Florida",Autowerks,4.7,24,,Auto repair shop,258 SE 2nd Ave,26.4570612,-80.0714032,Closed,Opens 10 AM,,2025-03-07 14:07:29,(561) 391-0862," 
""Great guy, really knows what he is doing.""",https://www.google.com/maps/place/Autowerks/data=!4m7!3m6!1s0x88d8e1e8dd41414f:0x492c0d4fee6bd256!8m2!3d26.4570612!4d-80.0714032!16s%2Fg%2F11g8_jkh00!19sChIJT0FB3ejh2IgRVtJr7k8NLEk?authuser=0&hl=en&rclk=1
"Automotive Repair in Delray Beach, Florida",Tires4U2,4.5,221,,Auto repair shop,1 Linton Blvd #4,26.4400998,-80.0744237,Open,Closes 5:30 PM,http://tires4u2.com/,2025-03-07 14:07:31,(561) 272-2226," 
""They were able to fix it for a reasonable price and quickly!""",https://www.google.com/maps/place/Tires4U2/data=!4m7!3m6!1s0x88d8e07295379abf:0x49bf2ae6a5a13ab5!8m2!3d26.4400998!4d-80.0744237!16s%2Fg%2F1tz725hz!19sChIJv5o3lXLg2IgRtTqhpeYqv0k?authuser=0&hl=en&rclk=1
"Automotive Repair in Delray Beach, Florida",Alex European Autoworks,4.2,40,,Auto repair shop,41 N Congress Ave #1b,26.4620058,-80.0933569,Open,Closes 5 PM,,2025-03-07 14:07:32,(561) 523-8227," 
""Alex took great care of me with an emergency repair as an out of towner.""",https://www.google.com/maps/place/Alex+European+Autoworks/data=!4m7!3m6!1s0x88d8dff98c39847d:0x902677ad94683120!8m2!3d26.4620058!4d-80.0933569!16s%2Fg%2F11c0rn3ml3!19sChIJfYQ5jPnf2IgRIDFolK13JpA?authuser=0&hl=en&rclk=1
"Automotive Repair in Delray Beach, Florida",Motion Auto Care,5.0,1,,Auto repair shop,1208 Georgia St Bay # 3,26.4427967,-80.0862416,Open,Closes 5:30 PM,http://www.motionautocare.com/,2025-03-07 14:07:33,(561) 404-0489," 
""Motion Auto Care ran diagnostics on my car and found the problem.""",https://www.google.com/maps/place/Motion+Auto+Care/data=!4m7!3m6!1s0x88d8e00f7773f115:0xd7c61a8af4e1bf95!8m2!3d26.4427967!4d-80.0862416!16s%2Fg%2F1trprlks!19sChIJFfFzdw_g2IgRlb_h9Ioaxtc?authuser=0&hl=en&rclk=1
"Automotive Repair in Delray Beach, Florida",German Motors Autohaus,5.0,40,,Auto repair shop,425 SE 1st Ave STE D,26.4536128,-80.0722004,Open,Closes 5 PM,http://www.germanmotorsautohaus.com/,2025-03-07 14:07:35,(561) 501-4912," 
""Sorin not only solved the issue, but he saved us a lot of money.""",https://www.google.com/maps/place/German+Motors+Autohaus/data=!4m7!3m6!1s0x80e852a888a5c25b:0xc346daf2a2b75190!8m2!3d26.4536128!4d-80.0722004!16s%2Fg%2F12jc0z35k!19sChIJW8KliKhS6IARkFG3ovLaRsM?authuser=0&hl=en&rclk=1
"Automotive Repair in Delray Beach, Florida",The Automotive Specialists of Delray,4.8,22,,Mechanic,1 Linton Blvd #15,26.4403988,-80.0741493,Open,Closes 4:30 PM,https://www.linkedin.com/in/lorenzo-goodman-973b61142/,2025-03-07 14:07:36,(561) 563-8113,"  ""service, A/C is 🥶  and his prices  don't compare  with competitors.""",https://www.google.com/maps/place/The+Automotive+Specialists+of+Delray/data=!4m7!3m6!1s0x88d8e16b6f92e4b5:0x5b02fd4baae2de0d!8m2!3d26.4403988!4d-80.0741493!16s%2Fg%2F11h2jj57sm!19sChIJteSSb2vh2IgRDd7iqkv9Als?authuser=0&hl=en&rclk=1
"Automotive Repair in Delray Beach, Florida",Ace Auto Repair,4.5,126,,Auto repair shop,3030 S Congress Ave,26.4967613,-80.0895462,Open,Closes 5 PM,http://www.aceautorepairshop.com/,2025-03-07 14:07:40,(561) 738-6575," 
""Helped diagnose an issue, was able to fix it without parts or labor;""",https://www.google.com/maps/place/Ace+Auto+Repair/data=!4m7!3m6!1s0x88d8df828cb33cd5:0xba62cfbb63733b7b!8m2!3d26.4967613!4d-80.0895462!16s%2Fg%2F1td4w1n5!19sChIJ1TyzjILf2IgReztzY7vPYro?authuser=0&hl=en&rclk=1
"Automotive Repair in Delray Beach, Florida",Complete Automotive Service,4.5,69,,Auto repair shop,12550 S Military Trl Suite 5,26.4906757,-80.1222072,Open,Closes 5:30 PM,https://www.completeautomotiveservice.com/,2025-03-07 14:07:43,(561) 336-6100," 
""They repaired what was needed and did not try to upsell or scam us.""",https://www.google.com/maps/place/Complete+Automotive+Service/data=!4m7!3m6!1s0x88d9205d1430d02b:0x5abb38470d52a9f2!8m2!3d26.4906757!4d-80.1222072!16s%2Fg%2F11b6v5lyjh!19sChIJK9AwFF0g2YgR8qlSDUc4u1o?authuser=0&hl=en&rclk=1
"Automotive Repair in Delray Beach, Florida",Boynton Auto Repair and Transmission,4.7,171,,Auto repair shop,409 N Railroad Ave,26.530267,-80.059601,Open,Closes 6 PM,https://boyntonautorepair.com/,2025-03-07 14:07:44,(561) 336-2470," 
Onsite services",https://www.google.com/maps/place/Boynton+Auto+Repair+and+Transmission/data=!4m7!3m6!1s0x88d8df25e63d43f1:0x33775d31b7b8f196!8m2!3d26.530267!4d-80.059601!16s%2Fg%2F124t414lf!19sChIJ8UM95iXf2IgRlvG4tzFddzM?authuser=0&hl=en&rclk=1
"Automotive Repair in Delray Beach, Florida",Frenel Auto Repair,4.5,27,,Auto repair shop,445 NE 6th Ave #14,26.4700498,-80.0669817,Open,Closes 5 PM,,2025-03-07 14:07:45,(786) 587-3344," 
""great service very easy and cheap""",https://www.google.com/maps/place/Frenel+Auto+Repair/data=!4m7!3m6!1s0x88d8dfe655811b73:0x137b23c55d16c2b5!8m2!3d26.4700498!4d-80.0669817!16s%2Fg%2F11fl78g8sr!19sChIJcxuBVebf2IgRtcIWXcUjexM?authuser=0&hl=en&rclk=1
"Automotive Repair in Delray Beach, Florida",Tire Choice Auto Service Centers,4.2,456,,Tire shop,4715 W Atlantic Ave,26.4583251,-80.1175075,Open,Closes 7 PM,https://locations.thetirechoice.com/fl/delray-beach/4715-west-atlantic-avenue?&utm_source=google&utm_medium=organic&utm_campaign=gbp-listing-store_1294,2025-03-07 14:07:47,(561) 270-4491," 
In-store shopping
·
In-store pickup",https://www.google.com/maps/place/Tire+Choice+Auto+Service+Centers/data=!4m7!3m6!1s0x88d9201ed9d68263:0x5a9a990bf9572858!8m2!3d26.4583251!4d-80.1175075!16s%2Fg%2F1tfx5psk!19sChIJY4LW2R4g2YgRWChX-QuZmlo?authuser=0&hl=en&rclk=1
"Automotive Repair in Delray Beach, Florida",East Coast Auto Service INC,4.5,173,,Auto repair shop,611 Industrial Ave,26.5322559,-80.0755528,Open,Closes 5 PM,http://eastcoastautoservice1.com/,2025-03-07 14:07:48,(561) 740-1020," 
""They always work hard to get our vehicles returned to us quickly.""",https://www.google.com/maps/place/East+Coast+Auto+Service+INC/data=!4m7!3m6!1s0x88d8df3801a98073:0xba7fd998cfdb1a77!8m2!3d26.5322559!4d-80.0755528!16s%2Fg%2F1q5bw40b1!19sChIJc4CpATjf2IgRdxrbz5jZf7o?authuser=0&hl=en&rclk=1
"Automotive Repair in Delray Beach, Florida",D & R Auto Salon,4.4,43,,Auto repair shop,3025 N Old Dixie Hwy,26.4936099,-80.0648696,Open,Closes 5 PM,,2025-03-07 14:07:49,(561) 752-3555," 
""Quality service and affordable prices.!!""",https://www.google.com/maps/place/D+%26+R+Auto+Salon/data=!4m7!3m6!1s0x88d8dfa8802a85b7:0xca9183f2363b8310!8m2!3d26.4936099!4d-80.0648696!16s%2Fg%2F1td33vhz!19sChIJt4UqgKjf2IgREIM7NvKDkco?authuser=0&hl=en&rclk=1
"Automotive Repair in Delray Beach, Florida",Miracle Mile Motors Inc,4.8,27,,Auto repair shop,1010 S Dixie Hwy,26.4465415,-80.0721901,Open,Closes 6 PM,,2025-03-07 14:07:50,(561) 272-3228," 
""A reliable mechanic who delivers quality work at reasonable rates.""",https://www.google.com/maps/place/Miracle+Mile+Motors+Inc/data=!4m7!3m6!1s0x88d8e0745aeeba23:0x553729ea6fb99d7!8m2!3d26.4465415!4d-80.0721901!16s%2Fg%2F1td1qp7v!19sChIJI7ruWnTg2IgR15n7pp5yUwU?authuser=0&hl=en&rclk=1
"Automotive Repair in Delray Beach, Florida",Firestone Complete Auto Care,4.2,341,,Tire shop,217 SE 6th Ave,26.4575973,-80.0666543,Open,Closes 7 PM,https://www.firestonecompleteautocare.com/florida/delray-beach/217-se-6th-ave/?utm_source=google&utm_medium=organic&utm_campaign=localmaps&cmp=oloc_google_localmaps_maps,2025-03-07 14:07:52,(561) 404-7361," 
""The repair was done quickly at a fair price and I was on my way.""
 
BOOK ONLINE",https://www.google.com/maps/place/Firestone+Complete+Auto+Care/data=!4m7!3m6!1s0x88d8dfda492044d1:0xe1a94e07f5311a40!8m2!3d26.4575973!4d-80.0666543!16s%2Fg%2F1tnl25t6!19sChIJ0UQgSdrf2IgRQBox9QdOqeE?authuser=0&hl=en&rclk=1
"Automotive Repair in Delray Beach, Florida",Delray Automotive & Marine,3.0,59,,Auto repair shop,13400 S Military Trl,26.4782589,-80.1220818,Open,Closes 9 PM,,2025-03-07 14:07:53,(561) 496-3738," 
""Did a good job mounting my new tires woukd recommend""",https://www.google.com/maps/place/Delray+Automotive+%26+Marine/data=!4m7!3m6!1s0x88d920406e862e9f:0xa4e01a7d1fdbd67d!8m2!3d26.4782589!4d-80.1220818!16s%2Fg%2F1th24ly0!19sChIJny6GbkAg2YgRfdbbH30a4KQ?authuser=0&hl=en&rclk=1
"Automotive Repair in Delray Beach, Florida",Caliber Collision,4.8,415,,Auto body shop,653 NE 5th Ave,26.4724169,-80.0678551,Open,Closes 5:30 PM,https://www.caliber.com/find-a-location/delray-beach-us-1,2025-03-07 14:07:54,(561) 819-5732," 
""They gave great service and the repairs made my car look brand new.""
 
BOOK ONLINE",https://www.google.com/maps/place/Caliber+Collision/data=!4m7!3m6!1s0x88d8dfc7718216db:0x5f699e94e4bc4b4e!8m2!3d26.4724169!4d-80.0678551!16s%2Fg%2F11csrsk063!19sChIJ2xaCccff2IgRTku85JSeaV8?authuser=0&hl=en&rclk=1
"Automotive Repair in Delray Beach, Florida",Europcar Auto Repair,4.4,19,,Auto repair shop,100 SE 4th St,26.4540985,-80.0718745,Open,Closes 5 PM,,2025-03-07 14:07:55,(561) 278-9743," 
""Great quality of work""",https://www.google.com/maps/place/Europcar+Auto+Repair/data=!4m7!3m6!1s0x88d8dfdee883067f:0xda5bebd55ab82e4a!8m2!3d26.4540985!4d-80.0718745!16s%2Fg%2F1tdj4_pt!19sChIJfwaD6N7f2IgRSi64WtXrW9o?authuser=0&hl=en&rclk=1
"Automotive Repair in Delray Beach, Florida",Tires Plus,4.0,417,,Tire shop,1801 W Atlantic Ave,26.4619645,-80.0919557,Open,Closes 7 PM,https://www.tiresplus.com/florida/delray-beach/1801-w-atlantic-ave/?utm_source=google&utm_medium=organic&utm_campaign=localmaps&cmp=oloc_google_localmaps_maps,2025-03-07 14:07:57,(561) 739-2518," 
""Thanks to Jeffson Gordon I was able to get my car back on the road.""
 
BOOK ONLINE",https://www.google.com/maps/place/Tires+Plus/data=!4m7!3m6!1s0x88d8dffa25388b75:0x77d3b057f555c280!8m2!3d26.4619645!4d-80.0919557!16s%2Fg%2F1hbpwscvb!19sChIJdYs4Jfrf2IgRgMJV9Vew03c?authuser=0&hl=en&rclk=1
"Automotive Repair in Delray Beach, Florida",Rico's Auto Repair,4.4,14,,Auto repair shop,1 Linton Blvd #23,26.4405043,-80.0743585,,,,2025-03-07 14:07:59,," 
""Resolved issues and situations in a no time frame.""",https://www.google.com/maps/place/Rico%27s+Auto+Repair/data=!4m7!3m6!1s0x88d8e07295379abf:0x2fb167c71c877e4c!8m2!3d26.4405043!4d-80.0743585!16s%2Fg%2F1td0h91y!19sChIJv5o3lXLg2IgRTH6HHMdnsS8?authuser=0&hl=en&rclk=1
"Automotive Repair in Delray Beach, Florida",Car- painter - Econo Auto Painting,4.4,126,,Auto body shop,65 NW 18th Ave,26.4624464,-80.0913865,Open,Closes 3 PM,http://www.econo-autopainting.com/,2025-03-07 14:08:01,(561) 276-3087," 
""The work completed promptly and properly at a VERY fair price.""",https://www.google.com/maps/place/Car-+painter+-+Econo+Auto+Painting/data=!4m7!3m6!1s0x88d8dfbd72b9ed97:0x99419ba0e6861afd!8m2!3d26.4624464!4d-80.0913865!16s%2Fg%2F1thxw__2!19sChIJl-25cr3f2IgR_RqG5qCbQZk?authuser=0&hl=en&rclk=1
"Automotive Repair in Delray Beach, Florida",Neal's Autohaus Inc,4.9,143,,Auto repair shop,902 N Federal Hwy,26.5346045,-80.0576969,Open,Closes 5 PM,http://www.nealsautohaus.com/,2025-03-07 14:08:02,(561) 737-6480," 
""He diagnosed my car accurately vs what Volkswagen said was needed.""",https://www.google.com/maps/place/Neal%27s+Autohaus+Inc/data=!4m7!3m6!1s0x88d8df2922113e7b:0xbe85f6e40106ccae!8m2!3d26.5346045!4d-80.0576969!16s%2Fg%2F1tgq7ftr!19sChIJez4RIinf2IgRrswGAeT2hb4?authuser=0&hl=en&rclk=1
"Automotive Repair in Delray Beach, Florida","Classic Auto Corp - Auto body shop in south Florida, Delray Beach",4.8,44,,Auto body shop,445 NE 6th Ave # 1-9,26.4703985,-80.0668252,Open,Closes 5 PM,,2025-03-07 14:08:03,(561) 265-2529," 
""Their guys took a look at it and it was a quick and simple fix on the spot.""","https://www.google.com/maps/place/Classic+Auto+Corp+-+Auto+body+shop+in+south+Florida,+Delray+Beach/data=!4m7!3m6!1s0x88d8dfc65109aaa9:0x6c7dc4803908c8ad!8m2!3d26.4703985!4d-80.0668252!16s%2Fg%2F1tfk0n1v!19sChIJqaoJUcbf2IgRrcgIOYDEfWw?authuser=0&hl=en&rclk=1"
"Automotive Repair in Delray Beach, Florida",Nomad Auto Service,5.0,31,,Car repair and maintenance service,,26.4638465,-80.4301795,Open,Closes 5 PM,http://www.nomadautodelray.com/,2025-03-07 14:08:04,(561) 703-5088," 
""Justin was quick to respond, very knowledgeable and reasonably priced.""",https://www.google.com/maps/place/Nomad+Auto+Service/data=!4m7!3m6!1s0x88d921e3a9160abf:0xffa97910fa2c50c8!8m2!3d26.4638465!4d-80.4301795!16s%2Fg%2F11c3s95_pp!19sChIJvwoWqeMh2YgRyFAs-hB5qf8?authuser=0&hl=en&rclk=1
"Automotive Repair in Delray Beach, Florida",Will Fix It Auto Repair,4.6,7,,Auto repair shop,465 SE 1st Ave unit c,26.4528084,-80.072204,Open,Closes 5 PM,,2025-03-07 14:08:06,(561) 208-5800," 
""We just showed up needing a quick hand and he dropped everything.""",https://www.google.com/maps/place/Will+Fix+It+Auto+Repair/data=!4m7!3m6!1s0x88d8dfdf1ae43933:0x16fc5f0b7a94bcbc!8m2!3d26.4528084!4d-80.072204!16s%2Fg%2F11f3x_zbjq!19sChIJMznkGt_f2IgRvLyUegtf_BY?authuser=0&hl=en&rclk=1
"Automotive Repair in Delray Beach, Florida",Scratch Car Automotive Paint Repair Specialist,4.7,144,,Auto body shop,"1 Linton Blvd Bay #19 NW Corner of Linton and, S Dixie Hwy",26.4403705,-80.0739169,Open,Closes 6 PM,http://www.scratchcar.com/,2025-03-07 14:08:07,(561) 278-2866," 
""The car was ready when promised and the bumper looks like new!""",https://www.google.com/maps/place/Scratch+Car+Automotive+Paint+Repair+Specialist/data=!4m7!3m6!1s0x88d8e07295379abf:0xf674b40ca3fc54cc!8m2!3d26.4403705!4d-80.0739169!16s%2Fg%2F1vc6f5mb!19sChIJv5o3lXLg2IgRzFT8owy0dPY?authuser=0&hl=en&rclk=1
"Automotive Repair in Delray Beach, Florida",Mercedes-Benz of Delray Service Center,4.6,339,,Auto repair shop,1001 Linton Blvd suite a,26.4402821,-80.0838494,Open,Closes 7 PM,https://www.mercedesbenzofdelray.com/service/index.htm?&utm_source=local&utm_medium=organic&utm_campaign=*000012247*GMB,2025-03-07 14:08:12,(561) 291-6095," 
Onsite services
 
BOOK ONLINE",https://www.google.com/maps/place/Mercedes-Benz+of+Delray+Service+Center/data=!4m7!3m6!1s0x88d8e00e3157b681:0x13eae90c90c1d372!8m2!3d26.4402821!4d-80.0838494!16s%2Fg%2F11g81v5qx0!19sChIJgbZXMQ7g2IgRctPBkAzp6hM?authuser=0&hl=en&rclk=1
"Automotive Repair in Delray Beach, Florida",The Friendly Guy Mobile Mechanic,5.0,17,,Car repair and maintenance service,5053 Pine Tree Dr,26.4819956,-80.1234755,Open,Closes 5 PM,https://thefriendlyguymobilemechanic.com/,2025-03-07 14:08:13,(908) 446-4472," 
Onsite services",https://www.google.com/maps/place/The+Friendly+Guy+Mobile+Mechanic/data=!4m7!3m6!1s0x88d9204175ac1349:0xca46f87f0ad9de00!8m2!3d26.4819956!4d-80.1234755!16s%2Fg%2F11vx1gyrh5!19sChIJSROsdUEg2YgRAN7ZCn_4Rso?authuser=0&hl=en&rclk=1
"Automotive Repair in Delray Beach, Florida",Delray Beach Mobile Mechanics,5.0,1,,Auto repair shop,2238 S Federal Hwy,26.4338499,-80.0731364,Open,Closes 7 PM,,2025-03-07 14:08:15,(561) 264-8816," 
""Engine trouble at work, sorted it in the lot.""",https://www.google.com/maps/place/Delray+Beach+Mobile+Mechanics/data=!4m7!3m6!1s0x88d8e100654ff92b:0x1df6211080bb80a0!8m2!3d26.4338499!4d-80.0731364!16s%2Fg%2F11vm4x_pyt!19sChIJK_lPZQDh2IgRoIC7gBAh9h0?authuser=0&hl=en&rclk=1
"Automotive Repair in Delray Beach, Florida",Brian's Mobile Auto Repair,5.0,12,,Mechanic,,26.645849,-80.4301795,Open,Closes 8:30 PM,https://www.facebook.com/profile.php?id=61553085428121&mibextid=ZbWKwL,2025-03-07 14:08:16,(954) 299-2043," 
""I called Brian's Mobile Repair and they were there in less than an hour.""",https://www.google.com/maps/place/Brian%27s+Mobile+Auto+Repair/data=!4m7!3m6!1s0xa9c6dc46eb56d0f9:0xa9cd743ea18dd7c7!8m2!3d26.645849!4d-80.4301795!16s%2Fg%2F11lclt0424!19sChIJ-dBW60bcxqkRx9eNoT50zak?authuser=0&hl=en&rclk=1
"Automotive Repair in Delray Beach, Florida",Redline Mobile Auto Techs,4.9,30,,Car repair and maintenance service,1 Linton Blvd Bay# 24,26.4400996,-80.074369,Open,Closes 6 PM,,2025-03-07 14:08:17,(561) 600-1042," 
Onsite services",https://www.google.com/maps/place/Redline+Mobile+Auto+Techs/data=!4m7!3m6!1s0x88d8e1094a69871f:0x635073484e15fb2!8m2!3d26.4400996!4d-80.074369!16s%2Fg%2F11j0hs3f55!19sChIJH4dpSgnh2IgRsl_hhDQHNQY?authuser=0&hl=en&rclk=1
"Automotive Repair in Delray Beach, Florida",Grieco Nissan of Delray Beach Service,4.2,82,,Auto repair shop,2200 S Federal Hwy,26.435116,-80.0730015,Open,Closes 6 PM,https://www.grieconissan.com/service/?utm_campaign=GBP_website_button&utm_medium=organic&utm_source=google,2025-03-07 14:08:18,(561) 666-4913," 
""Timely and professional synthetic oil change.""",https://www.google.com/maps/place/Grieco+Nissan+of+Delray+Beach+Service/data=!4m7!3m6!1s0x88d8e10f7d0635c3:0xde14f653825cb105!8m2!3d26.435116!4d-80.0730015!16s%2Fg%2F11fnynw0k5!19sChIJwzUGfQ_h2IgRBbFcglP2FN4?authuser=0&hl=en&rclk=1
"Automotive Repair in Delray Beach, Florida","Affordable Mobile Auto Repair, Inc.",4.9,342,,Car repair and maintenance service,,26.527934,-80.084258,Open,Closes 5 PM,http://www.561autorepair.com/,2025-03-07 14:08:20,(561) 676-0767," 
""Rob arrived on time and got my car running in a couple of hours.""","https://www.google.com/maps/place/Affordable+Mobile+Auto+Repair,+Inc./data=!4m7!3m6!1s0x88d8d8a2f97a5949:0x502087478bed09fc!8m2!3d26.527934!4d-80.084258!16s%2Fg%2F1pp2xbrx8!19sChIJSVl6-aLY2IgR_Anti0eHIFA?authuser=0&hl=en&rclk=1"
"Automotive Repair in Delray Beach, Florida",MPPD Auto Care,4.0,12,,Auto repair shop,445 NE 6th Ave,26.4700498,-80.0669817,Open,Closes 6 PM,,2025-03-07 14:08:21,(561) 628-6703," 
""Everything was very fast and professional with affordable prices.""",https://www.google.com/maps/place/MPPD+Auto+Care/data=!4m7!3m6!1s0x88d8dfdc445ba74f:0x9ac0eb9f23ead361!8m2!3d26.4700498!4d-80.0669817!16s%2Fg%2F11l665wh78!19sChIJT6dbRNzf2IgRYdPqI5_rwJo?authuser=0&hl=en&rclk=1
"Automotive Repair in Delray Beach, Florida",Peco's Pro Shop Auto Collision,4.8,183,,Auto body shop,101 S Congress Ave Suite A,26.4595759,-80.0932998,Open,Closes 5 PM,http://pecosproshop.com/,2025-03-07 14:08:22,(561) 272-5418," 
""Fair quote, quick perfect repair, ready within 3 days.""",https://www.google.com/maps/place/Peco%27s+Pro+Shop+Auto+Collision/data=!4m7!3m6!1s0x88d8dff969a7fe1f:0x4ef5d5b707c2bbe!8m2!3d26.4595759!4d-80.0932998!16s%2Fg%2F1v0llkyq!19sChIJH_6nafnf2IgRvit8cFtd7wQ?authuser=0&hl=en&rclk=1
"Automotive Repair in Delray Beach, Florida",Jadi Auto Recon,4.7,40,,Auto body shop,402 SE 5th Ave,26.4541897,-80.0681389,Open,Closes 6 PM,https://www.jadiautorecon.com/,2025-03-07 14:08:23,(561) 858-1584," 
Onsite services not available",https://www.google.com/maps/place/Jadi+Auto+Recon/data=!4m7!3m6!1s0x88d8df79d9ed93a7:0x783b98c227027661!8m2!3d26.4541897!4d-80.0681389!16s%2Fg%2F11pq6k97qq!19sChIJp5Pt2Xnf2IgRYXYCJ8KYO3g?authuser=0&hl=en&rclk=1
"Automotive Repair in Delray Beach, Florida",BMW of Delray Beach Service Center,4.7,360,,Auto repair shop,1311 Linton Blvd Suite A,26.4408032,-80.0864056,Open,Closes 7 PM,https://www.bmwdelraybeach.com/service/index.htm?&utm_source=local&utm_medium=organic&utm_campaign=*000012247*GMB,2025-03-07 14:08:25,(561) 491-2329," 
Onsite services
 
BOOK ONLINE",https://www.google.com/maps/place/BMW+of+Delray+Beach+Service+Center/data=!4m7!3m6!1s0x88d8e1f248030501:0x244090c33c67c649!8m2!3d26.4408032!4d-80.0864056!16s%2Fg%2F11frk7pnj6!19sChIJAQUDSPLh2IgRScZnPMOQQCQ?authuser=0&hl=en&rclk=1
"Automotive Repair in Delray Beach, Florida",Ed Morse Cadillac Delray Service Center,4.8,37,,Auto repair shop,2300 S Federal Hwy,26.4342123,-80.0728893,Open,Closes 6 PM,https://edmorsecadillacdelrayservice.com/?utm_source=google&utm_medium=organic&utm_campaign=gmb&utm_content=service-listing,2025-03-07 14:08:26,(561) 900-3199," 
""I take 3 of my vehicles here whenever there are any issues or recalls.""",https://www.google.com/maps/place/Ed+Morse+Cadillac+Delray+Service+Center/data=!4m7!3m6!1s0x88d8e06c61906e85:0xbc6bef9cb0dff36b!8m2!3d26.4342123!4d-80.0728893!16s%2Fg%2F11f63y600g!19sChIJhW6QYWzg2IgRa_PfsJzva7w?authuser=0&hl=en&rclk=1
"Automotive Repair in Delray Beach, Florida",Charles Auto Repair,5.0,4,,Auto repair shop,1880 Dr. Andres Way BAY 11/12,26.456878,-80.0922281,Open now,,,2025-03-07 14:08:27,(561) 502-9668,,https://www.google.com/maps/place/Charles+Auto+Repair/data=!4m7!3m6!1s0x88d8dfb1217d76b3:0x174b8165019bbf9b!8m2!3d26.456878!4d-80.0922281!16s%2Fg%2F11fqz35hd5!19sChIJs3Z9IbHf2IgRm7-bAWWBSxc?authuser=0&hl=en&rclk=1
"Automotive Repair in Delray Beach, Florida",German Auto Dynamics,5.0,2,,Auto body shop,1 Linton Blvd unit 25,26.4400968,-80.0744022,Open,Closes 5:30 PM,,2025-03-07 14:08:30,(561) 278-6741," 
""Very professional and quality work.""",https://www.google.com/maps/place/German+Auto+Dynamics/data=!4m7!3m6!1s0x88d8e1f4ae4ccbb5:0x9383de5d157789d8!8m2!3d26.4400968!4d-80.0744022!16s%2Fg%2F11scbqbkw6!19sChIJtctMrvTh2IgR2Il3FV3eg5M?authuser=0&hl=en&rclk=1
"Automotive Repair in Delray Beach, Florida",CARSTAR Delray Beach East,4.5,353,,Auto body shop,245 N Congress Ave,26.466636,-80.093104,Open,Closes 5 PM,https://www.carstar.com/locations/fl/delray-beach-15498/,2025-03-07 14:08:31,(561) 276-4545," 
""My car damage was minimal but it looked brand new after repair.""
 
BOOK ONLINE",https://www.google.com/maps/place/CARSTAR+Delray+Beach+East/data=!4m7!3m6!1s0x88d8dff6d927a6f5:0x81410eb9899df3ff!8m2!3d26.466636!4d-80.093104!16s%2Fg%2F1tfc7dll!19sChIJ9aYn2fbf2IgR__OdibkOQYE?authuser=0&hl=en&rclk=1
"Automotive Repair in Delray Beach, Florida",Direct Auto Body Delray Beach,3.5,33,,Auto repair shop,640 N Federal Hwy,26.4723242,-80.0674951,Open,Closes 5 PM,,2025-03-07 14:08:32,(561) 276-2555," 
""Palm beach auto group does the best work.""",https://www.google.com/maps/place/Direct+Auto+Body+Delray+Beach/data=!4m7!3m6!1s0x88d8dfc712c68291:0x58aa22eb57c2e649!8m2!3d26.4723242!4d-80.0674951!16s%2Fg%2F1pp2x6vl3!19sChIJkYLGEsff2IgRSebCV-siqlg?authuser=0&hl=en&rclk=1
"Automotive Repair in Delray Beach, Florida",Grieco Ford of Delray Beach Service Department,4.3,40,,Auto repair shop,2501 S Federal Hwy,26.4323291,-80.0716087,Open,Closes 6 PM,https://www.griecofordofdelraybeach.com/service.aspx?utm_campaign=GBP_website_button&utm_medium=organic&utm_source=google,2025-03-07 14:08:34,(561) 278-0303," 
Onsite services",https://www.google.com/maps/place/Grieco+Ford+of+Delray+Beach+Service+Department/data=!4m7!3m6!1s0x88d8e16c67e6b21f:0xd903fd0364e41767!8m2!3d26.4323291!4d-80.0716087!16s%2Fg%2F11qpw136f5!19sChIJH7LmZ2zh2IgRZxfkZAP9A9k?authuser=0&hl=en&rclk=1
"Automotive Repair in Delray Beach, Florida",Foreign Cars & Classics Inc,3.9,24,,Auto repair shop,1601 SW 10th St,26.4472098,-80.0890303,,,http://www.foreigncarsandclassics.com/,2025-03-07 14:08:35,," 
""He will actually repair your vehicle at fair and reasonable price.""",https://www.google.com/maps/place/Foreign+Cars+%26+Classics+Inc/data=!4m7!3m6!1s0x88d8e006680ea0c3:0xc99fbe508fd7b1ad!8m2!3d26.4472098!4d-80.0890303!16s%2Fg%2F1tgxvbmz!19sChIJw6AOaAbg2IgRrbHXj1C-n8k?authuser=0&hl=en&rclk=1
"Automotive Repair in Delray Beach, Florida",Tire Kingdom,4.5,875,,Tire shop,14115 S Military Trl,26.4672067,-80.1231569,Open,Closes 6 PM,https://www.mavis.com/locations/delray-beach-military-trl-fl/?utm_source=yext&utm_medium=organic&utm_campaign=gmb&stnum=4030,2025-03-07 14:08:36,(561) 923-0046," 
""The repair was completed promptly, and my car is now running smoothly again.""
 
BOOK ONLINE",https://www.google.com/maps/place/Tire+Kingdom/data=!4m7!3m6!1s0x88d9203ce0061497:0x26f2732bde04e893!8m2!3d26.4672067!4d-80.1231569!16s%2Fg%2F1tgmx1_k!19sChIJlxQG4Dwg2YgRk-gE3itz8iY?authuser=0&hl=en&rclk=1
"Automotive Repair in Delray Beach, Florida",Ed Morse Delray Toyota Service Center,4.3,87,,Auto repair shop,2800 S Federal Hwy,26.4291645,-80.0739204,Open,Closes 6 PM,https://service.delraytoyota.com/?utm_source=google&utm_medium=organic&utm_campaign=gbp&utm_content=service_website_link,2025-03-07 14:08:38,(561) 770-3157," 
""I went in for an estimate and they fixed the car on the spot for no charge.""",https://www.google.com/maps/place/Ed+Morse+Delray+Toyota+Service+Center/data=!4m7!3m6!1s0x88d8e14b928cf277:0xce679d827f12c647!8m2!3d26.4291645!4d-80.0739204!16s%2Fg%2F11j0nhwlym!19sChIJd_KMkkvh2IgRR8YSf4KdZ84?authuser=0&hl=en&rclk=1
"Automotive Repair in Aventura, Florida",Elite Auto Repair,4.6,255,,Auto repair shop,445 NE 6th Ave #23,26.469691,-80.0667894,Open,Closes 5 PM,https://www.eliteautorepair.org/,2025-03-07 14:08:55,(561) 455-4600,,https://www.google.com/maps/place/Elite+Auto+Repair/data=!4m7!3m6!1s0x88d8dfc6512f6e67:0x3b6a277f4d5afc3b!8m2!3d26.469691!4d-80.0667894!16s%2Fg%2F11h9xw4jlw!19sChIJZ24vUcbf2IgRO_xaTX8najs?authuser=0&hl=en&rclk=1
"Automotive Repair in Aventura, Florida",Delray Auto Repair & Quick Lube,4.7,162,,Auto repair shop,765 NE 6th Ave,26.4737656,-80.0669599,Open,Closes 5 PM,http://delrayautorepair.net/,2025-03-07 14:09:00,(561) 272-0071,,https://www.google.com/maps/place/Delray+Auto+Repair+%26+Quick+Lube/data=!4m7!3m6!1s0x88d8dfb87f70d9ff:0x9c051a80c6e6ee24!8m2!3d26.4737656!4d-80.0669599!16s%2Fg%2F1td266z5!19sChIJ_9lwf7jf2IgRJO7mxoAaBZw?authuser=0&hl=en&rclk=1
"Automotive Repair in Aventura, Florida","Aventura Motor Service, Aventura Collision Center",4.8,73,,Auto repair shop,18920 W Dixie Hwy STE B,25.9504944,-80.1490948,Open,Closes 6 PM,https://aventuramotorinc.com/,2025-03-07 14:09:08,(305) 931-4502," 
In-store shopping
·
Delivery","https://www.google.com/maps/place/Aventura+Motor+Service,+Aventura+Collision+Center/data=!4m7!3m6!1s0x88d9ad1f47df428f:0x6cd025a9f62f06c8!8m2!3d25.9504944!4d-80.1490948!16s%2Fg%2F11ftt_dq5r!19sChIJj0LfRx-t2YgRyAYv9qkl0Gw?authuser=0&hl=en&rclk=1"
