"kind","id","original_owner_crosswalk","control","file","line","role","fixture_entity_prestate","request_handler_middleware_result","readback_reload_retry_cancel_conflict_denial","effects","viewport_theme_keyboard","candidate_source","compiled_identity","serving_identity","verdict","qualification_remaining_owner","receipt"
"source-inventory","C2-CONTROL-1","ownership.json and control-action-crosswalk.csv","""button-add-task""","client/src/pages/mobile/MobileTasks.tsx","154","UNTESTED","UNTESTED","UNTESTED","UNTESTED","Not measured","UNTESTED","Existing census identity; not refreshed at closeout","Not attributed","Not verified","UNTESTED","C2 consumer; retained shared A/B command authority","controls.json; not automatically joined to browser cases"
"source-inventory","C2-CONTROL-2","ownership.json and control-action-crosswalk.csv","{`filter-${f}`}","client/src/pages/mobile/MobileTasks.tsx","167","UNTESTED","UNTESTED","UNTESTED","UNTESTED","Not measured","UNTESTED","Existing census identity; not refreshed at closeout","Not attributed","Not verified","UNTESTED","C2 consumer; retained shared A/B command authority","controls.json; not automatically joined to browser cases"
"source-inventory","C2-CONTROL-3","ownership.json and control-action-crosswalk.csv","button","client/src/pages/mobile/MobileTasks.tsx","198","UNTESTED","UNTESTED","UNTESTED","UNTESTED","Not measured","UNTESTED","Existing census identity; not refreshed at closeout","Not attributed","Not verified","UNTESTED","C2 consumer; retained shared A/B command authority","controls.json; not automatically joined to browser cases"
"source-inventory","C2-CONTROL-4","ownership.json and control-action-crosswalk.csv","{`button-complete-${task.id}`}","client/src/pages/mobile/MobileTasks.tsx","218","UNTESTED","UNTESTED","UNTESTED","UNTESTED","Not measured","UNTESTED","Existing census identity; not refreshed at closeout","Not attributed","Not verified","UNTESTED","C2 consumer; retained shared A/B command authority","controls.json; not automatically joined to browser cases"
"source-inventory","C2-CONTROL-5","ownership.json and control-action-crosswalk.csv","Sheet","client/src/pages/mobile/MobileTasks.tsx","268","UNTESTED","UNTESTED","UNTESTED","UNTESTED","Not measured","UNTESTED","Existing census identity; not refreshed at closeout","Not attributed","Not verified","UNTESTED","C2 consumer; retained shared A/B command authority","controls.json; not automatically joined to browser cases"
"source-inventory","C2-CONTROL-6","ownership.json and control-action-crosswalk.csv","""input-task-title""","client/src/pages/mobile/MobileTasks.tsx","283","UNTESTED","UNTESTED","UNTESTED","UNTESTED","Not measured","UNTESTED","Existing census identity; not refreshed at closeout","Not attributed","Not verified","UNTESTED","C2 consumer; retained shared A/B command authority","controls.json; not automatically joined to browser cases"
"source-inventory","C2-CONTROL-7","ownership.json and control-action-crosswalk.csv","{`button-priority-${p}`}","client/src/pages/mobile/MobileTasks.tsx","299","UNTESTED","UNTESTED","UNTESTED","UNTESTED","Not measured","UNTESTED","Existing census identity; not refreshed at closeout","Not attributed","Not verified","UNTESTED","C2 consumer; retained shared A/B command authority","controls.json; not automatically joined to browser cases"
"source-inventory","C2-CONTROL-8","ownership.json and control-action-crosswalk.csv","""input-task-due-date""","client/src/pages/mobile/MobileTasks.tsx","320","UNTESTED","UNTESTED","UNTESTED","UNTESTED","Not measured","UNTESTED","Existing census identity; not refreshed at closeout","Not attributed","Not verified","UNTESTED","C2 consumer; retained shared A/B command authority","controls.json; not automatically joined to browser cases"
"source-inventory","C2-CONTROL-9","ownership.json and control-action-crosswalk.csv","""input-task-notes""","client/src/pages/mobile/MobileTasks.tsx","332","UNTESTED","UNTESTED","UNTESTED","UNTESTED","Not measured","UNTESTED","Existing census identity; not refreshed at closeout","Not attributed","Not verified","UNTESTED","C2 consumer; retained shared A/B command authority","controls.json; not automatically joined to browser cases"
"source-inventory","C2-CONTROL-10","ownership.json and control-action-crosswalk.csv","""button-create-task""","client/src/pages/mobile/MobileTasks.tsx","343","UNTESTED","UNTESTED","UNTESTED","UNTESTED","Not measured","UNTESTED","Existing census identity; not refreshed at closeout","Not attributed","Not verified","UNTESTED","C2 consumer; retained shared A/B command authority","controls.json; not automatically joined to browser cases"
"source-inventory","C2-CONTROL-11","ownership.json and control-action-crosswalk.csv","div","client/src/pages/mobile/MobilePipeline.tsx","143","UNTESTED","UNTESTED","UNTESTED","UNTESTED","Not measured","UNTESTED","Existing census identity; not refreshed at closeout","Not attributed","Not verified","UNTESTED","C2 consumer; retained shared A/B command authority","controls.json; not automatically joined to browser cases"
"source-inventory","C2-CONTROL-12","ownership.json and control-action-crosswalk.csv","div","client/src/pages/mobile/MobilePipeline.tsx","144","UNTESTED","UNTESTED","UNTESTED","UNTESTED","Not measured","UNTESTED","Existing census identity; not refreshed at closeout","Not attributed","Not verified","UNTESTED","C2 consumer; retained shared A/B command authority","controls.json; not automatically joined to browser cases"
"source-inventory","C2-CONTROL-13","ownership.json and control-action-crosswalk.csv","button","client/src/pages/mobile/MobilePipeline.tsx","153","UNTESTED","UNTESTED","UNTESTED","UNTESTED","Not measured","UNTESTED","Existing census identity; not refreshed at closeout","Not attributed","Not verified","UNTESTED","C2 consumer; retained shared A/B command authority","controls.json; not automatically joined to browser cases"
"source-inventory","C2-CONTROL-14","ownership.json and control-action-crosswalk.csv","""input-deal-contact-search""","client/src/pages/mobile/MobilePipeline.tsx","164","UNTESTED","UNTESTED","UNTESTED","UNTESTED","Not measured","UNTESTED","Existing census identity; not refreshed at closeout","Not attributed","Not verified","UNTESTED","C2 consumer; retained shared A/B command authority","controls.json; not automatically joined to browser cases"
"source-inventory","C2-CONTROL-15","ownership.json and control-action-crosswalk.csv","button","client/src/pages/mobile/MobilePipeline.tsx","184","UNTESTED","UNTESTED","UNTESTED","UNTESTED","Not measured","UNTESTED","Existing census identity; not refreshed at closeout","Not attributed","Not verified","UNTESTED","C2 consumer; retained shared A/B command authority","controls.json; not automatically joined to browser cases"
"source-inventory","C2-CONTROL-16","ownership.json and control-action-crosswalk.csv","""input-deal-title""","client/src/pages/mobile/MobilePipeline.tsx","213","UNTESTED","UNTESTED","UNTESTED","UNTESTED","Not measured","UNTESTED","Existing census identity; not refreshed at closeout","Not attributed","Not verified","UNTESTED","C2 consumer; retained shared A/B command authority","controls.json; not automatically joined to browser cases"
"source-inventory","C2-CONTROL-17","ownership.json and control-action-crosswalk.csv","{`button-pipeline-${p}`}","client/src/pages/mobile/MobilePipeline.tsx","228","UNTESTED","UNTESTED","UNTESTED","UNTESTED","Not measured","UNTESTED","Existing census identity; not refreshed at closeout","Not attributed","Not verified","UNTESTED","C2 consumer; retained shared A/B command authority","controls.json; not automatically joined to browser cases"
"source-inventory","C2-CONTROL-18","ownership.json and control-action-crosswalk.csv","""input-deal-volume-new""","client/src/pages/mobile/MobilePipeline.tsx","249","UNTESTED","UNTESTED","UNTESTED","UNTESTED","Not measured","UNTESTED","Existing census identity; not refreshed at closeout","Not attributed","Not verified","UNTESTED","C2 consumer; retained shared A/B command authority","controls.json; not automatically joined to browser cases"
"source-inventory","C2-CONTROL-19","ownership.json and control-action-crosswalk.csv","""input-deal-owner-new""","client/src/pages/mobile/MobilePipeline.tsx","264","UNTESTED","UNTESTED","UNTESTED","UNTESTED","Not measured","UNTESTED","Existing census identity; not refreshed at closeout","Not attributed","Not verified","UNTESTED","C2 consumer; retained shared A/B command authority","controls.json; not automatically joined to browser cases"
"source-inventory","C2-CONTROL-20","ownership.json and control-action-crosswalk.csv","""button-submit-new-deal""","client/src/pages/mobile/MobilePipeline.tsx","278","UNTESTED","UNTESTED","UNTESTED","UNTESTED","Not measured","UNTESTED","Existing census identity; not refreshed at closeout","Not attributed","Not verified","UNTESTED","C2 consumer; retained shared A/B command authority","controls.json; not automatically joined to browser cases"
"source-inventory","C2-CONTROL-21","ownership.json and control-action-crosswalk.csv","{`card-deal-${deal.id}`}","client/src/pages/mobile/MobilePipeline.tsx","299","UNTESTED","UNTESTED","UNTESTED","UNTESTED","Not measured","UNTESTED","Existing census identity; not refreshed at closeout","Not attributed","Not verified","UNTESTED","C2 consumer; retained shared A/B command authority","controls.json; not automatically joined to browser cases"
"source-inventory","C2-CONTROL-22","ownership.json and control-action-crosswalk.csv","{`button-stage-${stage.replace(/\s+/g, ""-"").toLowerCase()}`}","client/src/pages/mobile/MobilePipeline.tsx","334","UNTESTED","UNTESTED","UNTESTED","UNTESTED","Not measured","UNTESTED","Existing census identity; not refreshed at closeout","Not attributed","Not verified","UNTESTED","C2 consumer; retained shared A/B command authority","controls.json; not automatically joined to browser cases"
"source-inventory","C2-CONTROL-23","ownership.json and control-action-crosswalk.csv","""button-new-deal""","client/src/pages/mobile/MobilePipeline.tsx","552","UNTESTED","UNTESTED","UNTESTED","UNTESTED","Not measured","UNTESTED","Existing census identity; not refreshed at closeout","Not attributed","Not verified","UNTESTED","C2 consumer; retained shared A/B command authority","controls.json; not automatically joined to browser cases"
"source-inventory","C2-CONTROL-24","ownership.json and control-action-crosswalk.csv","""input-search-deals""","client/src/pages/mobile/MobilePipeline.tsx","565","UNTESTED","UNTESTED","UNTESTED","UNTESTED","Not measured","UNTESTED","Existing census identity; not refreshed at closeout","Not attributed","Not verified","UNTESTED","C2 consumer; retained shared A/B command authority","controls.json; not automatically joined to browser cases"
"source-inventory","C2-CONTROL-25","ownership.json and control-action-crosswalk.csv","""button-clear-search""","client/src/pages/mobile/MobilePipeline.tsx","570","UNTESTED","UNTESTED","UNTESTED","UNTESTED","Not measured","UNTESTED","Existing census identity; not refreshed at closeout","Not attributed","Not verified","UNTESTED","C2 consumer; retained shared A/B command authority","controls.json; not automatically joined to browser cases"
"source-inventory","C2-CONTROL-26","ownership.json and control-action-crosswalk.csv","""button-toggle-my-deals""","client/src/pages/mobile/MobilePipeline.tsx","577","UNTESTED","UNTESTED","UNTESTED","UNTESTED","Not measured","UNTESTED","Existing census identity; not refreshed at closeout","Not attributed","Not verified","UNTESTED","C2 consumer; retained shared A/B command authority","controls.json; not automatically joined to browser cases"
"source-inventory","C2-CONTROL-27","ownership.json and control-action-crosswalk.csv","""button-retry-deals""","client/src/pages/mobile/MobilePipeline.tsx","594","UNTESTED","UNTESTED","UNTESTED","UNTESTED","Not measured","UNTESTED","Existing census identity; not refreshed at closeout","Not attributed","Not verified","UNTESTED","C2 consumer; retained shared A/B command authority","controls.json; not automatically joined to browser cases"
"source-inventory","C2-CONTROL-28","ownership.json and control-action-crosswalk.csv","button","client/src/pages/mobile/MobilePipeline.tsx","608","UNTESTED","UNTESTED","UNTESTED","UNTESTED","Not measured","UNTESTED","Existing census identity; not refreshed at closeout","Not attributed","Not verified","UNTESTED","C2 consumer; retained shared A/B command authority","controls.json; not automatically joined to browser cases"
"source-inventory","C2-CONTROL-29","ownership.json and control-action-crosswalk.csv","""button-retry-pipeline""","client/src/pages/mobile/MobilePipeline.tsx","624","UNTESTED","UNTESTED","UNTESTED","UNTESTED","Not measured","UNTESTED","Existing census identity; not refreshed at closeout","Not attributed","Not verified","UNTESTED","C2 consumer; retained shared A/B command authority","controls.json; not automatically joined to browser cases"
"source-inventory","C2-CONTROL-30","ownership.json and control-action-crosswalk.csv","div","client/src/pages/mobile/MobilePipeline.tsx","643","UNTESTED","UNTESTED","UNTESTED","UNTESTED","Not measured","UNTESTED","Existing census identity; not refreshed at closeout","Not attributed","Not verified","UNTESTED","C2 consumer; retained shared A/B command authority","controls.json; not automatically joined to browser cases"
"source-inventory","C2-CONTROL-31","ownership.json and control-action-crosswalk.csv","div","client/src/pages/mobile/MobilePipeline.tsx","644","UNTESTED","UNTESTED","UNTESTED","UNTESTED","Not measured","UNTESTED","Existing census identity; not refreshed at closeout","Not attributed","Not verified","UNTESTED","C2 consumer; retained shared A/B command authority","controls.json; not automatically joined to browser cases"
"source-inventory","C2-CONTROL-32","ownership.json and control-action-crosswalk.csv","a","client/src/pages/mobile/MobilePipeline.tsx","670","UNTESTED","UNTESTED","UNTESTED","UNTESTED","Not measured","UNTESTED","Existing census identity; not refreshed at closeout","Not attributed","Not verified","UNTESTED","C2 consumer; retained shared A/B command authority","controls.json; not automatically joined to browser cases"
"source-inventory","C2-CONTROL-33","ownership.json and control-action-crosswalk.csv","a","client/src/pages/mobile/MobilePipeline.tsx","677","UNTESTED","UNTESTED","UNTESTED","UNTESTED","Not measured","UNTESTED","Existing census identity; not refreshed at closeout","Not attributed","Not verified","UNTESTED","C2 consumer; retained shared A/B command authority","controls.json; not automatically joined to browser cases"
"source-inventory","C2-CONTROL-34","ownership.json and control-action-crosswalk.csv","""button-open-contact""","client/src/pages/mobile/MobilePipeline.tsx","683","UNTESTED","UNTESTED","UNTESTED","UNTESTED","Not measured","UNTESTED","Existing census identity; not refreshed at closeout","Not attributed","Not verified","UNTESTED","C2 consumer; retained shared A/B command authority","controls.json; not automatically joined to browser cases"
"source-inventory","C2-CONTROL-35","ownership.json and control-action-crosswalk.csv","""input-deal-owner""","client/src/pages/mobile/MobilePipeline.tsx","697","UNTESTED","UNTESTED","UNTESTED","UNTESTED","Not measured","UNTESTED","Existing census identity; not refreshed at closeout","Not attributed","Not verified","UNTESTED","C2 consumer; retained shared A/B command authority","controls.json; not automatically joined to browser cases"
"source-inventory","C2-CONTROL-36","ownership.json and control-action-crosswalk.csv","""input-deal-volume""","client/src/pages/mobile/MobilePipeline.tsx","707","UNTESTED","UNTESTED","UNTESTED","UNTESTED","Not measured","UNTESTED","Existing census identity; not refreshed at closeout","Not attributed","Not verified","UNTESTED","C2 consumer; retained shared A/B command authority","controls.json; not automatically joined to browser cases"
"source-inventory","C2-CONTROL-37","ownership.json and control-action-crosswalk.csv","""input-deal-notes""","client/src/pages/mobile/MobilePipeline.tsx","717","UNTESTED","UNTESTED","UNTESTED","UNTESTED","Not measured","UNTESTED","Existing census identity; not refreshed at closeout","Not attributed","Not verified","UNTESTED","C2 consumer; retained shared A/B command authority","controls.json; not automatically joined to browser cases"
"source-inventory","C2-CONTROL-38","ownership.json and control-action-crosswalk.csv","""button-save-deal-edits""","client/src/pages/mobile/MobilePipeline.tsx","726","UNTESTED","UNTESTED","UNTESTED","UNTESTED","Not measured","UNTESTED","Existing census identity; not refreshed at closeout","Not attributed","Not verified","UNTESTED","C2 consumer; retained shared A/B command authority","controls.json; not automatically joined to browser cases"
"source-inventory","C2-CONTROL-39","ownership.json and control-action-crosswalk.csv","{`button-move-stage-${stage.replace(/\s+/g, ""-"").toLowerCase()}`}","client/src/pages/mobile/MobilePipeline.tsx","742","UNTESTED","UNTESTED","UNTESTED","UNTESTED","Not measured","UNTESTED","Existing census identity; not refreshed at closeout","Not attributed","Not verified","UNTESTED","C2 consumer; retained shared A/B command authority","controls.json; not automatically joined to browser cases"
"source-inventory","C2-CONTROL-40","ownership.json and control-action-crosswalk.csv","""input-deal-note""","client/src/pages/mobile/MobilePipeline.tsx","761","UNTESTED","UNTESTED","UNTESTED","UNTESTED","Not measured","UNTESTED","Existing census identity; not refreshed at closeout","Not attributed","Not verified","UNTESTED","C2 consumer; retained shared A/B command authority","controls.json; not automatically joined to browser cases"
"source-inventory","C2-CONTROL-41","ownership.json and control-action-crosswalk.csv","""button-save-note""","client/src/pages/mobile/MobilePipeline.tsx","766","UNTESTED","UNTESTED","UNTESTED","UNTESTED","Not measured","UNTESTED","Existing census identity; not refreshed at closeout","Not attributed","Not verified","UNTESTED","C2 consumer; retained shared A/B command authority","controls.json; not automatically joined to browser cases"
"source-inventory","C2-CONTROL-42","ownership.json and control-action-crosswalk.csv","button","client/src/pages/mobile/MobilePipeline.tsx","775","UNTESTED","UNTESTED","UNTESTED","UNTESTED","Not measured","UNTESTED","Existing census identity; not refreshed at closeout","Not attributed","Not verified","UNTESTED","C2 consumer; retained shared A/B command authority","controls.json; not automatically joined to browser cases"
"source-inventory","C2-CONTROL-43","ownership.json and control-action-crosswalk.csv","""button-back-inbox""","client/src/pages/mobile/MobileInbox.tsx","79","UNTESTED","UNTESTED","UNTESTED","UNTESTED","Not measured","UNTESTED","Existing census identity; not refreshed at closeout","Not attributed","Not verified","UNTESTED","C2 consumer; retained shared A/B command authority","controls.json; not automatically joined to browser cases"
"source-inventory","C2-CONTROL-44","ownership.json and control-action-crosswalk.csv","Button","client/src/pages/mobile/MobileInbox.tsx","108","UNTESTED","UNTESTED","UNTESTED","UNTESTED","Not measured","UNTESTED","Existing census identity; not refreshed at closeout","Not attributed","Not verified","UNTESTED","C2 consumer; retained shared A/B command authority","controls.json; not automatically joined to browser cases"
"source-inventory","C2-CONTROL-45","ownership.json and control-action-crosswalk.csv","""input-inbox-reply""","client/src/pages/mobile/MobileInbox.tsx","133","UNTESTED","UNTESTED","UNTESTED","UNTESTED","Not measured","UNTESTED","Existing census identity; not refreshed at closeout","Not attributed","Not verified","UNTESTED","C2 consumer; retained shared A/B command authority","controls.json; not automatically joined to browser cases"
"source-inventory","C2-CONTROL-46","ownership.json and control-action-crosswalk.csv","Button","client/src/pages/mobile/MobileInbox.tsx","142","UNTESTED","UNTESTED","UNTESTED","UNTESTED","Not measured","UNTESTED","Existing census identity; not refreshed at closeout","Not attributed","Not verified","UNTESTED","C2 consumer; retained shared A/B command authority","controls.json; not automatically joined to browser cases"
"source-inventory","C2-CONTROL-47","ownership.json and control-action-crosswalk.csv","""button-send-reply""","client/src/pages/mobile/MobileInbox.tsx","146","UNTESTED","UNTESTED","UNTESTED","UNTESTED","Not measured","UNTESTED","Existing census identity; not refreshed at closeout","Not attributed","Not verified","UNTESTED","C2 consumer; retained shared A/B command authority","controls.json; not automatically joined to browser cases"
"source-inventory","C2-CONTROL-48","ownership.json and control-action-crosswalk.csv","button","client/src/pages/mobile/MobileInbox.tsx","153","UNTESTED","UNTESTED","UNTESTED","UNTESTED","Not measured","UNTESTED","Existing census identity; not refreshed at closeout","Not attributed","Not verified","UNTESTED","C2 consumer; retained shared A/B command authority","controls.json; not automatically joined to browser cases"
"source-inventory","C2-CONTROL-49","ownership.json and control-action-crosswalk.csv","Button","client/src/pages/mobile/MobileInbox.tsx","219","UNTESTED","UNTESTED","UNTESTED","UNTESTED","Not measured","UNTESTED","Existing census identity; not refreshed at closeout","Not attributed","Not verified","UNTESTED","C2 consumer; retained shared A/B command authority","controls.json; not automatically joined to browser cases"
"source-inventory","C2-CONTROL-50","ownership.json and control-action-crosswalk.csv","Button","client/src/pages/mobile/MobileInbox.tsx","225","UNTESTED","UNTESTED","UNTESTED","UNTESTED","Not measured","UNTESTED","Existing census identity; not refreshed at closeout","Not attributed","Not verified","UNTESTED","C2 consumer; retained shared A/B command authority","controls.json; not automatically joined to browser cases"
"source-inventory","C2-CONTROL-51","ownership.json and control-action-crosswalk.csv","""input-search-inbox""","client/src/pages/mobile/MobileInbox.tsx","246","UNTESTED","UNTESTED","UNTESTED","UNTESTED","Not measured","UNTESTED","Existing census identity; not refreshed at closeout","Not attributed","Not verified","UNTESTED","C2 consumer; retained shared A/B command authority","controls.json; not automatically joined to browser cases"
"source-inventory","C2-CONTROL-52","ownership.json and control-action-crosswalk.csv","select","client/src/pages/mobile/MobileInbox.tsx","258","UNTESTED","UNTESTED","UNTESTED","UNTESTED","Not measured","UNTESTED","Existing census identity; not refreshed at closeout","Not attributed","Not verified","UNTESTED","C2 consumer; retained shared A/B command authority","controls.json; not automatically joined to browser cases"
"source-inventory","C2-CONTROL-53","ownership.json and control-action-crosswalk.csv","button","client/src/pages/mobile/MobileInbox.tsx","267","UNTESTED","UNTESTED","UNTESTED","UNTESTED","Not measured","UNTESTED","Existing census identity; not refreshed at closeout","Not attributed","Not verified","UNTESTED","C2 consumer; retained shared A/B command authority","controls.json; not automatically joined to browser cases"
"source-inventory","C2-CONTROL-54","ownership.json and control-action-crosswalk.csv","summary","client/src/pages/mobile/MobileInbox.tsx","276","UNTESTED","UNTESTED","UNTESTED","UNTESTED","Not measured","UNTESTED","Existing census identity; not refreshed at closeout","Not attributed","Not verified","UNTESTED","C2 consumer; retained shared A/B command authority","controls.json; not automatically joined to browser cases"
"source-inventory","C2-CONTROL-55","ownership.json and control-action-crosswalk.csv","Button","client/src/pages/mobile/MobileInbox.tsx","280","UNTESTED","UNTESTED","UNTESTED","UNTESTED","Not measured","UNTESTED","Existing census identity; not refreshed at closeout","Not attributed","Not verified","UNTESTED","C2 consumer; retained shared A/B command authority","controls.json; not automatically joined to browser cases"
"source-inventory","C2-CONTROL-56","ownership.json and control-action-crosswalk.csv","Button","client/src/pages/mobile/MobileInbox.tsx","293","UNTESTED","UNTESTED","UNTESTED","UNTESTED","Not measured","UNTESTED","Existing census identity; not refreshed at closeout","Not attributed","Not verified","UNTESTED","C2 consumer; retained shared A/B command authority","controls.json; not automatically joined to browser cases"
"source-inventory","C2-CONTROL-57","ownership.json and control-action-crosswalk.csv","{`inbox-item-${item.id}`}","client/src/pages/mobile/MobileInbox.tsx","311","UNTESTED","UNTESTED","UNTESTED","UNTESTED","Not measured","UNTESTED","Existing census identity; not refreshed at closeout","Not attributed","Not verified","UNTESTED","C2 consumer; retained shared A/B command authority","controls.json; not automatically joined to browser cases"
"source-inventory","C2-CONTROL-58","ownership.json and control-action-crosswalk.csv","Button","client/src/pages/mobile/MobileInbox.tsx","356","UNTESTED","UNTESTED","UNTESTED","UNTESTED","Not measured","UNTESTED","Existing census identity; not refreshed at closeout","Not attributed","Not verified","UNTESTED","C2 consumer; retained shared A/B command authority","controls.json; not automatically joined to browser cases"
"source-inventory","C2-CONTROL-59","ownership.json and control-action-crosswalk.csv","Sheet","client/src/components/crm/CrmPresentation.tsx","46","UNTESTED","UNTESTED","UNTESTED","UNTESTED","Not measured","UNTESTED","Existing census identity; not refreshed at closeout","Not attributed","Not verified","UNTESTED","C1 presentation primitive; C2 adopted workspace binding","controls.json; not automatically joined to browser cases"
"source-inventory","C2-CONTROL-60","ownership.json and control-action-crosswalk.csv","input","client/src/components/crm/CrmPresentation.tsx","150","UNTESTED","UNTESTED","UNTESTED","UNTESTED","Not measured","UNTESTED","Existing census identity; not refreshed at closeout","Not attributed","Not verified","UNTESTED","C1 presentation primitive; C2 adopted workspace binding","controls.json; not automatically joined to browser cases"
"source-inventory","C2-CONTROL-61","ownership.json and control-action-crosswalk.csv","button","client/src/components/crm/CrmPresentation.tsx","153","UNTESTED","UNTESTED","UNTESTED","UNTESTED","Not measured","UNTESTED","Existing census identity; not refreshed at closeout","Not attributed","Not verified","UNTESTED","C1 presentation primitive; C2 adopted workspace binding","controls.json; not automatically joined to browser cases"
"source-inventory","C2-CONTROL-62","ownership.json and control-action-crosswalk.csv","button","client/src/components/crm/CrmPresentation.tsx","209","UNTESTED","UNTESTED","UNTESTED","UNTESTED","Not measured","UNTESTED","Existing census identity; not refreshed at closeout","Not attributed","Not verified","UNTESTED","C1 presentation primitive; C2 adopted workspace binding","controls.json; not automatically joined to browser cases"
"source-inventory","C2-CONTROL-63","ownership.json and control-action-crosswalk.csv","{testId ? `${testId}-row-${row.id}` : undefined}","client/src/components/crm/CrmPresentation.tsx","218","UNTESTED","UNTESTED","UNTESTED","UNTESTED","Not measured","UNTESTED","Existing census identity; not refreshed at closeout","Not attributed","Not verified","UNTESTED","C1 presentation primitive; C2 adopted workspace binding","controls.json; not automatically joined to browser cases"
"source-inventory","C2-CONTROL-64","ownership.json and control-action-crosswalk.csv","td","client/src/components/crm/CrmPresentation.tsx","224","UNTESTED","UNTESTED","UNTESTED","UNTESTED","Not measured","UNTESTED","Existing census identity; not refreshed at closeout","Not attributed","Not verified","UNTESTED","C1 presentation primitive; C2 adopted workspace binding","controls.json; not automatically joined to browser cases"
"source-inventory","C2-CONTROL-65","ownership.json and control-action-crosswalk.csv","input","client/src/components/crm/CrmPresentation.tsx","224","UNTESTED","UNTESTED","UNTESTED","UNTESTED","Not measured","UNTESTED","Existing census identity; not refreshed at closeout","Not attributed","Not verified","UNTESTED","C1 presentation primitive; C2 adopted workspace binding","controls.json; not automatically joined to browser cases"
"source-inventory","C2-CONTROL-66","ownership.json and control-action-crosswalk.csv","{testId ? `${testId}-card-${row.id}` : undefined}","client/src/components/crm/CrmPresentation.tsx","232","UNTESTED","UNTESTED","UNTESTED","UNTESTED","Not measured","UNTESTED","Existing census identity; not refreshed at closeout","Not attributed","Not verified","UNTESTED","C1 presentation primitive; C2 adopted workspace binding","controls.json; not automatically joined to browser cases"
"source-inventory","C2-CONTROL-67","ownership.json and control-action-crosswalk.csv","input","client/src/components/crm/CrmPresentation.tsx","238","UNTESTED","UNTESTED","UNTESTED","UNTESTED","Not measured","UNTESTED","Existing census identity; not refreshed at closeout","Not attributed","Not verified","UNTESTED","C1 presentation primitive; C2 adopted workspace binding","controls.json; not automatically joined to browser cases"
"source-inventory","C2-CONTROL-68","ownership.json and control-action-crosswalk.csv","button","client/src/components/crm/CrmPresentation.tsx","247","UNTESTED","UNTESTED","UNTESTED","UNTESTED","Not measured","UNTESTED","Existing census identity; not refreshed at closeout","Not attributed","Not verified","UNTESTED","C1 presentation primitive; C2 adopted workspace binding","controls.json; not automatically joined to browser cases"
"source-inventory","C2-CONTROL-69","ownership.json and control-action-crosswalk.csv","button","client/src/components/crm/CrmPresentation.tsx","250","UNTESTED","UNTESTED","UNTESTED","UNTESTED","Not measured","UNTESTED","Existing census identity; not refreshed at closeout","Not attributed","Not verified","UNTESTED","C1 presentation primitive; C2 adopted workspace binding","controls.json; not automatically joined to browser cases"
"source-inventory","C2-CONTROL-70","ownership.json and control-action-crosswalk.csv","button","client/src/components/crm/CrmPresentation.tsx","264","UNTESTED","UNTESTED","UNTESTED","UNTESTED","Not measured","UNTESTED","Existing census identity; not refreshed at closeout","Not attributed","Not verified","UNTESTED","C1 presentation primitive; C2 adopted workspace binding","controls.json; not automatically joined to browser cases"
"source-inventory","C2-CONTROL-71","ownership.json and control-action-crosswalk.csv","Sheet","client/src/components/crm/CrmPresentation.tsx","309","UNTESTED","UNTESTED","UNTESTED","UNTESTED","Not measured","UNTESTED","Existing census identity; not refreshed at closeout","Not attributed","Not verified","UNTESTED","C1 presentation primitive; C2 adopted workspace binding","controls.json; not automatically joined to browser cases"
"source-inventory","C2-CONTROL-72","ownership.json and control-action-crosswalk.csv","""button-retry""","client/src/components/DashboardErrorState.tsx","23","UNTESTED","UNTESTED","UNTESTED","UNTESTED","Not measured","UNTESTED","Existing census identity; not refreshed at closeout","Not attributed","Not verified","UNTESTED","C2 consumer; retained shared A/B command authority","controls.json; not automatically joined to browser cases"
"source-inventory","C2-CONTROL-73","ownership.json and control-action-crosswalk.csv","""button-retry-deals""","client/src/pages/mobile/MobileHome.tsx","156","UNTESTED","UNTESTED","UNTESTED","UNTESTED","Not measured","UNTESTED","Existing census identity; not refreshed at closeout","Not attributed","Not verified","UNTESTED","C2 consumer; retained shared A/B command authority","controls.json; not automatically joined to browser cases"
"source-inventory","C2-CONTROL-74","ownership.json and control-action-crosswalk.csv","""button-retry-contacts""","client/src/pages/mobile/MobileHome.tsx","175","UNTESTED","UNTESTED","UNTESTED","UNTESTED","Not measured","UNTESTED","Existing census identity; not refreshed at closeout","Not attributed","Not verified","UNTESTED","C2 consumer; retained shared A/B command authority","controls.json; not automatically joined to browser cases"
"source-inventory","C2-CONTROL-75","ownership.json and control-action-crosswalk.csv","""button-quick-log""","client/src/pages/mobile/MobileHome.tsx","196","UNTESTED","UNTESTED","UNTESTED","UNTESTED","Not measured","UNTESTED","Existing census identity; not refreshed at closeout","Not attributed","Not verified","UNTESTED","C2 consumer; retained shared A/B command authority","controls.json; not automatically joined to browser cases"
"source-inventory","C2-CONTROL-76","ownership.json and control-action-crosswalk.csv","""card-field-day""","client/src/pages/mobile/MobileHome.tsx","214","UNTESTED","UNTESTED","UNTESTED","UNTESTED","Not measured","UNTESTED","Existing census identity; not refreshed at closeout","Not attributed","Not verified","UNTESTED","C2 consumer; retained shared A/B command authority","controls.json; not automatically joined to browser cases"
"source-inventory","C2-CONTROL-77","ownership.json and control-action-crosswalk.csv","button","client/src/pages/mobile/MobileHome.tsx","261","UNTESTED","UNTESTED","UNTESTED","UNTESTED","Not measured","UNTESTED","Existing census identity; not refreshed at closeout","Not attributed","Not verified","UNTESTED","C2 consumer; retained shared A/B command authority","controls.json; not automatically joined to browser cases"
"source-inventory","C2-CONTROL-78","ownership.json and control-action-crosswalk.csv","button","client/src/pages/mobile/MobileHome.tsx","278","UNTESTED","UNTESTED","UNTESTED","UNTESTED","Not measured","UNTESTED","Existing census identity; not refreshed at closeout","Not attributed","Not verified","UNTESTED","C2 consumer; retained shared A/B command authority","controls.json; not automatically joined to browser cases"
"source-inventory","C2-CONTROL-79","ownership.json and control-action-crosswalk.csv","button","client/src/pages/mobile/MobileHome.tsx","288","UNTESTED","UNTESTED","UNTESTED","UNTESTED","Not measured","UNTESTED","Existing census identity; not refreshed at closeout","Not attributed","Not verified","UNTESTED","C2 consumer; retained shared A/B command authority","controls.json; not automatically joined to browser cases"
"source-inventory","C2-CONTROL-80","ownership.json and control-action-crosswalk.csv","{`button-complete-task-${task.id}`}","client/src/pages/mobile/MobileHome.tsx","298","UNTESTED","UNTESTED","UNTESTED","UNTESTED","Not measured","UNTESTED","Existing census identity; not refreshed at closeout","Not attributed","Not verified","UNTESTED","C2 consumer; retained shared A/B command authority","controls.json; not automatically joined to browser cases"
"source-inventory","C2-CONTROL-81","ownership.json and control-action-crosswalk.csv","button","client/src/pages/mobile/MobileHome.tsx","331","UNTESTED","UNTESTED","UNTESTED","UNTESTED","Not measured","UNTESTED","Existing census identity; not refreshed at closeout","Not attributed","Not verified","UNTESTED","C2 consumer; retained shared A/B command authority","controls.json; not automatically joined to browser cases"
"source-inventory","C2-CONTROL-82","ownership.json and control-action-crosswalk.csv","""button-view-contacts""","client/src/pages/mobile/MobileHome.tsx","366","UNTESTED","UNTESTED","UNTESTED","UNTESTED","Not measured","UNTESTED","Existing census identity; not refreshed at closeout","Not attributed","Not verified","UNTESTED","C2 consumer; retained shared A/B command authority","controls.json; not automatically joined to browser cases"
"source-inventory","C2-CONTROL-83","ownership.json and control-action-crosswalk.csv","""button-view-pipeline""","client/src/pages/mobile/MobileHome.tsx","374","UNTESTED","UNTESTED","UNTESTED","UNTESTED","Not measured","UNTESTED","Existing census identity; not refreshed at closeout","Not attributed","Not verified","UNTESTED","C2 consumer; retained shared A/B command authority","controls.json; not automatically joined to browser cases"
"source-inventory","C2-CONTROL-84","ownership.json and control-action-crosswalk.csv","""button-view-tasks""","client/src/pages/mobile/MobileHome.tsx","382","UNTESTED","UNTESTED","UNTESTED","UNTESTED","Not measured","UNTESTED","Existing census identity; not refreshed at closeout","Not attributed","Not verified","UNTESTED","C2 consumer; retained shared A/B command authority","controls.json; not automatically joined to browser cases"
"source-inventory","C2-CONTROL-85","ownership.json and control-action-crosswalk.csv","""button-open-quick-log-2""","client/src/pages/mobile/MobileHome.tsx","390","UNTESTED","UNTESTED","UNTESTED","UNTESTED","Not measured","UNTESTED","Existing census identity; not refreshed at closeout","Not attributed","Not verified","UNTESTED","C2 consumer; retained shared A/B command authority","controls.json; not automatically joined to browser cases"
"source-inventory","C2-CONTROL-86","ownership.json and control-action-crosswalk.csv","""button-switch-to-desktop""","client/src/pages/mobile/MobileHome.tsx","403","UNTESTED","UNTESTED","UNTESTED","UNTESTED","Not measured","UNTESTED","Existing census identity; not refreshed at closeout","Not attributed","Not verified","UNTESTED","C2 consumer; retained shared A/B command authority","controls.json; not automatically joined to browser cases"
"source-inventory","C2-CONTROL-87","ownership.json and control-action-crosswalk.csv","div","client/src/pages/mobile/MobileQuickLog.tsx","182","UNTESTED","UNTESTED","UNTESTED","UNTESTED","Not measured","UNTESTED","Existing census identity; not refreshed at closeout","Not attributed","Not verified","UNTESTED","C2 consumer; retained shared A/B command authority","controls.json; not automatically joined to browser cases"
"source-inventory","C2-CONTROL-88","ownership.json and control-action-crosswalk.csv","div","client/src/pages/mobile/MobileQuickLog.tsx","183","UNTESTED","UNTESTED","UNTESTED","UNTESTED","Not measured","UNTESTED","Existing census identity; not refreshed at closeout","Not attributed","Not verified","UNTESTED","C2 consumer; retained shared A/B command authority","controls.json; not automatically joined to browser cases"
"source-inventory","C2-CONTROL-89","ownership.json and control-action-crosswalk.csv","""button-close-quick-log""","client/src/pages/mobile/MobileQuickLog.tsx","191","UNTESTED","UNTESTED","UNTESTED","UNTESTED","Not measured","UNTESTED","Existing census identity; not refreshed at closeout","Not attributed","Not verified","UNTESTED","C2 consumer; retained shared A/B command authority","controls.json; not automatically joined to browser cases"
"source-inventory","C2-CONTROL-90","ownership.json and control-action-crosswalk.csv","{`tab-${id}`}","client/src/pages/mobile/MobileQuickLog.tsx","197","UNTESTED","UNTESTED","UNTESTED","UNTESTED","Not measured","UNTESTED","Existing census identity; not refreshed at closeout","Not attributed","Not verified","UNTESTED","C2 consumer; retained shared A/B command authority","controls.json; not automatically joined to browser cases"
"source-inventory","C2-CONTROL-91","ownership.json and control-action-crosswalk.csv","""select-contact""","client/src/pages/mobile/MobileQuickLog.tsx","218","UNTESTED","UNTESTED","UNTESTED","UNTESTED","Not measured","UNTESTED","Existing census identity; not refreshed at closeout","Not attributed","Not verified","UNTESTED","C2 consumer; retained shared A/B command authority","controls.json; not automatically joined to browser cases"
"source-inventory","C2-CONTROL-92","ownership.json and control-action-crosswalk.csv","{`button-outcome-${o.replace(/\s+/g, ""-"").toLowerCase()}`}","client/src/pages/mobile/MobileQuickLog.tsx","240","UNTESTED","UNTESTED","UNTESTED","UNTESTED","Not measured","UNTESTED","Existing census identity; not refreshed at closeout","Not attributed","Not verified","UNTESTED","C2 consumer; retained shared A/B command authority","controls.json; not automatically joined to browser cases"
"source-inventory","C2-CONTROL-93","ownership.json and control-action-crosswalk.csv","""input-call-notes""","client/src/pages/mobile/MobileQuickLog.tsx","258","UNTESTED","UNTESTED","UNTESTED","UNTESTED","Not measured","UNTESTED","Existing census identity; not refreshed at closeout","Not attributed","Not verified","UNTESTED","C2 consumer; retained shared A/B command authority","controls.json; not automatically joined to browser cases"
"source-inventory","C2-CONTROL-94","ownership.json and control-action-crosswalk.csv","""button-log-call-submit""","client/src/pages/mobile/MobileQuickLog.tsx","267","UNTESTED","UNTESTED","UNTESTED","UNTESTED","Not measured","UNTESTED","Existing census identity; not refreshed at closeout","Not attributed","Not verified","UNTESTED","C2 consumer; retained shared A/B command authority","controls.json; not automatically joined to browser cases"
"source-inventory","C2-CONTROL-95","ownership.json and control-action-crosswalk.csv","{`button-template-${i}`}","client/src/pages/mobile/MobileQuickLog.tsx","285","UNTESTED","UNTESTED","UNTESTED","UNTESTED","Not measured","UNTESTED","Existing census identity; not refreshed at closeout","Not attributed","Not verified","UNTESTED","C2 consumer; retained shared A/B command authority","controls.json; not automatically joined to browser cases"
"source-inventory","C2-CONTROL-96","ownership.json and control-action-crosswalk.csv","""input-sms-body""","client/src/pages/mobile/MobileQuickLog.tsx","304","UNTESTED","UNTESTED","UNTESTED","UNTESTED","Not measured","UNTESTED","Existing census identity; not refreshed at closeout","Not attributed","Not verified","UNTESTED","C2 consumer; retained shared A/B command authority","controls.json; not automatically joined to browser cases"
"source-inventory","C2-CONTROL-97","ownership.json and control-action-crosswalk.csv","""button-send-sms""","client/src/pages/mobile/MobileQuickLog.tsx","313","UNTESTED","UNTESTED","UNTESTED","UNTESTED","Not measured","UNTESTED","Existing census identity; not refreshed at closeout","Not attributed","Not verified","UNTESTED","C2 consumer; retained shared A/B command authority","controls.json; not automatically joined to browser cases"
"source-inventory","C2-CONTROL-98","ownership.json and control-action-crosswalk.csv","""select-task-contact""","client/src/pages/mobile/MobileQuickLog.tsx","329","UNTESTED","UNTESTED","UNTESTED","UNTESTED","Not measured","UNTESTED","Existing census identity; not refreshed at closeout","Not attributed","Not verified","UNTESTED","C2 consumer; retained shared A/B command authority","controls.json; not automatically joined to browser cases"
"source-inventory","C2-CONTROL-99","ownership.json and control-action-crosswalk.csv","""input-quick-task-title""","client/src/pages/mobile/MobileQuickLog.tsx","345","UNTESTED","UNTESTED","UNTESTED","UNTESTED","Not measured","UNTESTED","Existing census identity; not refreshed at closeout","Not attributed","Not verified","UNTESTED","C2 consumer; retained shared A/B command authority","controls.json; not automatically joined to browser cases"
"source-inventory","C2-CONTROL-100","ownership.json and control-action-crosswalk.csv","""select-task-priority""","client/src/pages/mobile/MobileQuickLog.tsx","357","UNTESTED","UNTESTED","UNTESTED","UNTESTED","Not measured","UNTESTED","Existing census identity; not refreshed at closeout","Not attributed","Not verified","UNTESTED","C2 consumer; retained shared A/B command authority","controls.json; not automatically joined to browser cases"
"source-inventory","C2-CONTROL-101","ownership.json and control-action-crosswalk.csv","""input-quick-task-due""","client/src/pages/mobile/MobileQuickLog.tsx","370","UNTESTED","UNTESTED","UNTESTED","UNTESTED","Not measured","UNTESTED","Existing census identity; not refreshed at closeout","Not attributed","Not verified","UNTESTED","C2 consumer; retained shared A/B command authority","controls.json; not automatically joined to browser cases"
"source-inventory","C2-CONTROL-102","ownership.json and control-action-crosswalk.csv","""button-create-quick-task""","client/src/pages/mobile/MobileQuickLog.tsx","379","UNTESTED","UNTESTED","UNTESTED","UNTESTED","Not measured","UNTESTED","Existing census identity; not refreshed at closeout","Not attributed","Not verified","UNTESTED","C2 consumer; retained shared A/B command authority","controls.json; not automatically joined to browser cases"
"source-inventory","C2-CONTROL-103","ownership.json and control-action-crosswalk.csv","""select-photo-contact""","client/src/pages/mobile/MobileQuickLog.tsx","395","UNTESTED","UNTESTED","UNTESTED","UNTESTED","Not measured","UNTESTED","Existing census identity; not refreshed at closeout","Not attributed","Not verified","UNTESTED","C2 consumer; retained shared A/B command authority","controls.json; not automatically joined to browser cases"
"source-inventory","C2-CONTROL-104","ownership.json and control-action-crosswalk.csv","""input-photo-caption""","client/src/pages/mobile/MobileQuickLog.tsx","411","UNTESTED","UNTESTED","UNTESTED","UNTESTED","Not measured","UNTESTED","Existing census identity; not refreshed at closeout","Not attributed","Not verified","UNTESTED","C2 consumer; retained shared A/B command authority","controls.json; not automatically joined to browser cases"
"source-inventory","C2-CONTROL-105","ownership.json and control-action-crosswalk.csv","input","client/src/pages/mobile/MobileQuickLog.tsx","427","UNTESTED","UNTESTED","UNTESTED","UNTESTED","Not measured","UNTESTED","Existing census identity; not refreshed at closeout","Not attributed","Not verified","UNTESTED","C2 consumer; retained shared A/B command authority","controls.json; not automatically joined to browser cases"
"source-inventory","C2-CONTROL-106","ownership.json and control-action-crosswalk.csv","div","client/src/pages/mobile/MobileContacts.tsx","91","UNTESTED","UNTESTED","UNTESTED","UNTESTED","Not measured","UNTESTED","Existing census identity; not refreshed at closeout","Not attributed","Not verified","UNTESTED","C2 consumer; retained shared A/B command authority","controls.json; not automatically joined to browser cases"
"source-inventory","C2-CONTROL-107","ownership.json and control-action-crosswalk.csv","div","client/src/pages/mobile/MobileContacts.tsx","92","UNTESTED","UNTESTED","UNTESTED","UNTESTED","Not measured","UNTESTED","Existing census identity; not refreshed at closeout","Not attributed","Not verified","UNTESTED","C2 consumer; retained shared A/B command authority","controls.json; not automatically joined to browser cases"
"source-inventory","C2-CONTROL-108","ownership.json and control-action-crosswalk.csv","button","client/src/pages/mobile/MobileContacts.tsx","100","UNTESTED","UNTESTED","UNTESTED","UNTESTED","Not measured","UNTESTED","Existing census identity; not refreshed at closeout","Not attributed","Not verified","UNTESTED","C2 consumer; retained shared A/B command authority","controls.json; not automatically joined to browser cases"
"source-inventory","C2-CONTROL-109","ownership.json and control-action-crosswalk.csv","input","client/src/pages/mobile/MobileContacts.tsx","110","UNTESTED","UNTESTED","UNTESTED","UNTESTED","Not measured","UNTESTED","Existing census identity; not refreshed at closeout","Not attributed","Not verified","UNTESTED","C2 consumer; retained shared A/B command authority","controls.json; not automatically joined to browser cases"
"source-inventory","C2-CONTROL-110","ownership.json and control-action-crosswalk.csv","input","client/src/pages/mobile/MobileContacts.tsx","120","UNTESTED","UNTESTED","UNTESTED","UNTESTED","Not measured","UNTESTED","Existing census identity; not refreshed at closeout","Not attributed","Not verified","UNTESTED","C2 consumer; retained shared A/B command authority","controls.json; not automatically joined to browser cases"
"source-inventory","C2-CONTROL-111","ownership.json and control-action-crosswalk.csv","input","client/src/pages/mobile/MobileContacts.tsx","132","UNTESTED","UNTESTED","UNTESTED","UNTESTED","Not measured","UNTESTED","Existing census identity; not refreshed at closeout","Not attributed","Not verified","UNTESTED","C2 consumer; retained shared A/B command authority","controls.json; not automatically joined to browser cases"
"source-inventory","C2-CONTROL-112","ownership.json and control-action-crosswalk.csv","input","client/src/pages/mobile/MobileContacts.tsx","143","UNTESTED","UNTESTED","UNTESTED","UNTESTED","Not measured","UNTESTED","Existing census identity; not refreshed at closeout","Not attributed","Not verified","UNTESTED","C2 consumer; retained shared A/B command authority","controls.json; not automatically joined to browser cases"
"source-inventory","C2-CONTROL-113","ownership.json and control-action-crosswalk.csv","input","client/src/pages/mobile/MobileContacts.tsx","154","UNTESTED","UNTESTED","UNTESTED","UNTESTED","Not measured","UNTESTED","Existing census identity; not refreshed at closeout","Not attributed","Not verified","UNTESTED","C2 consumer; retained shared A/B command authority","controls.json; not automatically joined to browser cases"
"source-inventory","C2-CONTROL-114","ownership.json and control-action-crosswalk.csv","button","client/src/pages/mobile/MobileContacts.tsx","163","UNTESTED","UNTESTED","UNTESTED","UNTESTED","Not measured","UNTESTED","Existing census identity; not refreshed at closeout","Not attributed","Not verified","UNTESTED","C2 consumer; retained shared A/B command authority","controls.json; not automatically joined to browser cases"
"source-inventory","C2-CONTROL-115","ownership.json and control-action-crosswalk.csv","""button-create-contact""","client/src/pages/mobile/MobileContacts.tsx","214","UNTESTED","UNTESTED","UNTESTED","UNTESTED","Not measured","UNTESTED","Existing census identity; not refreshed at closeout","Not attributed","Not verified","UNTESTED","C2 consumer; retained shared A/B command authority","controls.json; not automatically joined to browser cases"
"source-inventory","C2-CONTROL-116","ownership.json and control-action-crosswalk.csv","""input-search-contacts""","client/src/pages/mobile/MobileContacts.tsx","225","UNTESTED","UNTESTED","UNTESTED","UNTESTED","Not measured","UNTESTED","Existing census identity; not refreshed at closeout","Not attributed","Not verified","UNTESTED","C2 consumer; retained shared A/B command authority","controls.json; not automatically joined to browser cases"
"source-inventory","C2-CONTROL-117","ownership.json and control-action-crosswalk.csv","button","client/src/pages/mobile/MobileContacts.tsx","248","UNTESTED","UNTESTED","UNTESTED","UNTESTED","Not measured","UNTESTED","Existing census identity; not refreshed at closeout","Not attributed","Not verified","UNTESTED","C2 consumer; retained shared A/B command authority","controls.json; not automatically joined to browser cases"
"source-inventory","C2-CONTROL-118","ownership.json and control-action-crosswalk.csv","{`card-contact-${contact.id}`}","client/src/pages/mobile/MobileContacts.tsx","264","UNTESTED","UNTESTED","UNTESTED","UNTESTED","Not measured","UNTESTED","Existing census identity; not refreshed at closeout","Not attributed","Not verified","UNTESTED","C2 consumer; retained shared A/B command authority","controls.json; not automatically joined to browser cases"
"source-inventory","C2-CONTROL-119","ownership.json and control-action-crosswalk.csv","{`link-call-${contact.id}`}","client/src/pages/mobile/MobileContacts.tsx","293","UNTESTED","UNTESTED","UNTESTED","UNTESTED","Not measured","UNTESTED","Existing census identity; not refreshed at closeout","Not attributed","Not verified","UNTESTED","C2 consumer; retained shared A/B command authority","controls.json; not automatically joined to browser cases"
"source-inventory","C2-CONTROL-120","ownership.json and control-action-crosswalk.csv","{`link-sms-${contact.id}`}","client/src/pages/mobile/MobileContacts.tsx","303","UNTESTED","UNTESTED","UNTESTED","UNTESTED","Not measured","UNTESTED","Existing census identity; not refreshed at closeout","Not attributed","Not verified","UNTESTED","C2 consumer; retained shared A/B command authority","controls.json; not automatically joined to browser cases"
"source-inventory","C2-CONTROL-121","ownership.json and control-action-crosswalk.csv","input","client/src/pages/mobile/MobileContactDetail.tsx","62","UNTESTED","UNTESTED","UNTESTED","UNTESTED","Not measured","UNTESTED","Existing census identity; not refreshed at closeout","Not attributed","Not verified","UNTESTED","C2 consumer; retained shared A/B command authority","controls.json; not automatically joined to browser cases"
"source-inventory","C2-CONTROL-122","ownership.json and control-action-crosswalk.csv","div","client/src/pages/mobile/MobileContactDetail.tsx","159","UNTESTED","UNTESTED","UNTESTED","UNTESTED","Not measured","UNTESTED","Existing census identity; not refreshed at closeout","Not attributed","Not verified","UNTESTED","C2 consumer; retained shared A/B command authority","controls.json; not automatically joined to browser cases"
"source-inventory","C2-CONTROL-123","ownership.json and control-action-crosswalk.csv","div","client/src/pages/mobile/MobileContactDetail.tsx","160","UNTESTED","UNTESTED","UNTESTED","UNTESTED","Not measured","UNTESTED","Existing census identity; not refreshed at closeout","Not attributed","Not verified","UNTESTED","C2 consumer; retained shared A/B command authority","controls.json; not automatically joined to browser cases"
"source-inventory","C2-CONTROL-124","ownership.json and control-action-crosswalk.csv","button","client/src/pages/mobile/MobileContactDetail.tsx","169","UNTESTED","UNTESTED","UNTESTED","UNTESTED","Not measured","UNTESTED","Existing census identity; not refreshed at closeout","Not attributed","Not verified","UNTESTED","C2 consumer; retained shared A/B command authority","controls.json; not automatically joined to browser cases"
"source-inventory","C2-CONTROL-125","ownership.json and control-action-crosswalk.csv","button","client/src/pages/mobile/MobileContactDetail.tsx","184","UNTESTED","UNTESTED","UNTESTED","UNTESTED","Not measured","UNTESTED","Existing census identity; not refreshed at closeout","Not attributed","Not verified","UNTESTED","C2 consumer; retained shared A/B command authority","controls.json; not automatically joined to browser cases"
"source-inventory","C2-CONTROL-126","ownership.json and control-action-crosswalk.csv","{`button-enroll-sequence-${seq.id}`}","client/src/pages/mobile/MobileContactDetail.tsx","224","UNTESTED","UNTESTED","UNTESTED","UNTESTED","Not measured","UNTESTED","Existing census identity; not refreshed at closeout","Not attributed","Not verified","UNTESTED","C2 consumer; retained shared A/B command authority","controls.json; not automatically joined to browser cases"
"source-inventory","C2-CONTROL-127","ownership.json and control-action-crosswalk.csv","button","client/src/pages/mobile/MobileContactDetail.tsx","251","UNTESTED","UNTESTED","UNTESTED","UNTESTED","Not measured","UNTESTED","Existing census identity; not refreshed at closeout","Not attributed","Not verified","UNTESTED","C2 consumer; retained shared A/B command authority","controls.json; not automatically joined to browser cases"
"source-inventory","C2-CONTROL-128","ownership.json and control-action-crosswalk.csv","button","client/src/pages/mobile/MobileContactDetail.tsx","382","UNTESTED","UNTESTED","UNTESTED","UNTESTED","Not measured","UNTESTED","Existing census identity; not refreshed at closeout","Not attributed","Not verified","UNTESTED","C2 consumer; retained shared A/B command authority","controls.json; not automatically joined to browser cases"
"source-inventory","C2-CONTROL-129","ownership.json and control-action-crosswalk.csv","button","client/src/pages/mobile/MobileContactDetail.tsx","388","UNTESTED","UNTESTED","UNTESTED","UNTESTED","Not measured","UNTESTED","Existing census identity; not refreshed at closeout","Not attributed","Not verified","UNTESTED","C2 consumer; retained shared A/B command authority","controls.json; not automatically joined to browser cases"
"source-inventory","C2-CONTROL-130","ownership.json and control-action-crosswalk.csv","""button-back""","client/src/pages/mobile/MobileContactDetail.tsx","406","UNTESTED","UNTESTED","UNTESTED","UNTESTED","Not measured","UNTESTED","Existing census identity; not refreshed at closeout","Not attributed","Not verified","UNTESTED","C2 consumer; retained shared A/B command authority","controls.json; not automatically joined to browser cases"
"source-inventory","C2-CONTROL-131","ownership.json and control-action-crosswalk.csv","""button-edit-contact""","client/src/pages/mobile/MobileContactDetail.tsx","415","UNTESTED","UNTESTED","UNTESTED","UNTESTED","Not measured","UNTESTED","Existing census identity; not refreshed at closeout","Not attributed","Not verified","UNTESTED","C2 consumer; retained shared A/B command authority","controls.json; not automatically joined to browser cases"
"source-inventory","C2-CONTROL-132","ownership.json and control-action-crosswalk.csv","""button-cancel-edit""","client/src/pages/mobile/MobileContactDetail.tsx","425","UNTESTED","UNTESTED","UNTESTED","UNTESTED","Not measured","UNTESTED","Existing census identity; not refreshed at closeout","Not attributed","Not verified","UNTESTED","C2 consumer; retained shared A/B command authority","controls.json; not automatically joined to browser cases"
"source-inventory","C2-CONTROL-133","ownership.json and control-action-crosswalk.csv","""button-save-contact""","client/src/pages/mobile/MobileContactDetail.tsx","432","UNTESTED","UNTESTED","UNTESTED","UNTESTED","Not measured","UNTESTED","Existing census identity; not refreshed at closeout","Not attributed","Not verified","UNTESTED","C2 consumer; retained shared A/B command authority","controls.json; not automatically joined to browser cases"
"source-inventory","C2-CONTROL-134","ownership.json and control-action-crosswalk.csv","button","client/src/pages/mobile/MobileContactDetail.tsx","463","UNTESTED","UNTESTED","UNTESTED","UNTESTED","Not measured","UNTESTED","Existing census identity; not refreshed at closeout","Not attributed","Not verified","UNTESTED","C2 consumer; retained shared A/B command authority","controls.json; not automatically joined to browser cases"
"source-inventory","C2-CONTROL-135","ownership.json and control-action-crosswalk.csv","""link-call-contact""","client/src/pages/mobile/MobileContactDetail.tsx","483","UNTESTED","UNTESTED","UNTESTED","UNTESTED","Not measured","UNTESTED","Existing census identity; not refreshed at closeout","Not attributed","Not verified","UNTESTED","C2 consumer; retained shared A/B command authority","controls.json; not automatically joined to browser cases"
"source-inventory","C2-CONTROL-136","ownership.json and control-action-crosswalk.csv","""link-sms-contact""","client/src/pages/mobile/MobileContactDetail.tsx","491","UNTESTED","UNTESTED","UNTESTED","UNTESTED","Not measured","UNTESTED","Existing census identity; not refreshed at closeout","Not attributed","Not verified","UNTESTED","C2 consumer; retained shared A/B command authority","controls.json; not automatically joined to browser cases"
"source-inventory","C2-CONTROL-137","ownership.json and control-action-crosswalk.csv","""link-email-contact""","client/src/pages/mobile/MobileContactDetail.tsx","498","UNTESTED","UNTESTED","UNTESTED","UNTESTED","Not measured","UNTESTED","Existing census identity; not refreshed at closeout","Not attributed","Not verified","UNTESTED","C2 consumer; retained shared A/B command authority","controls.json; not automatically joined to browser cases"
"source-inventory","C2-CONTROL-138","ownership.json and control-action-crosswalk.csv","EditField","client/src/pages/mobile/MobileContactDetail.tsx","514","UNTESTED","UNTESTED","UNTESTED","UNTESTED","Not measured","UNTESTED","Existing census identity; not refreshed at closeout","Not attributed","Not verified","UNTESTED","C2 consumer; retained shared A/B command authority","controls.json; not automatically joined to browser cases"
"source-inventory","C2-CONTROL-139","ownership.json and control-action-crosswalk.csv","EditField","client/src/pages/mobile/MobileContactDetail.tsx","515","UNTESTED","UNTESTED","UNTESTED","UNTESTED","Not measured","UNTESTED","Existing census identity; not refreshed at closeout","Not attributed","Not verified","UNTESTED","C2 consumer; retained shared A/B command authority","controls.json; not automatically joined to browser cases"
"source-inventory","C2-CONTROL-140","ownership.json and control-action-crosswalk.csv","EditField","client/src/pages/mobile/MobileContactDetail.tsx","517","UNTESTED","UNTESTED","UNTESTED","UNTESTED","Not measured","UNTESTED","Existing census identity; not refreshed at closeout","Not attributed","Not verified","UNTESTED","C2 consumer; retained shared A/B command authority","controls.json; not automatically joined to browser cases"
"source-inventory","C2-CONTROL-141","ownership.json and control-action-crosswalk.csv","EditField","client/src/pages/mobile/MobileContactDetail.tsx","518","UNTESTED","UNTESTED","UNTESTED","UNTESTED","Not measured","UNTESTED","Existing census identity; not refreshed at closeout","Not attributed","Not verified","UNTESTED","C2 consumer; retained shared A/B command authority","controls.json; not automatically joined to browser cases"
"source-inventory","C2-CONTROL-142","ownership.json and control-action-crosswalk.csv","EditField","client/src/pages/mobile/MobileContactDetail.tsx","519","UNTESTED","UNTESTED","UNTESTED","UNTESTED","Not measured","UNTESTED","Existing census identity; not refreshed at closeout","Not attributed","Not verified","UNTESTED","C2 consumer; retained shared A/B command authority","controls.json; not automatically joined to browser cases"
"source-inventory","C2-CONTROL-143","ownership.json and control-action-crosswalk.csv","""select-edit-vertical""","client/src/pages/mobile/MobileContactDetail.tsx","522","UNTESTED","UNTESTED","UNTESTED","UNTESTED","Not measured","UNTESTED","Existing census identity; not refreshed at closeout","Not attributed","Not verified","UNTESTED","C2 consumer; retained shared A/B command authority","controls.json; not automatically joined to browser cases"
"source-inventory","C2-CONTROL-144","ownership.json and control-action-crosswalk.csv","EditField","client/src/pages/mobile/MobileContactDetail.tsx","535","UNTESTED","UNTESTED","UNTESTED","UNTESTED","Not measured","UNTESTED","Existing census identity; not refreshed at closeout","Not attributed","Not verified","UNTESTED","C2 consumer; retained shared A/B command authority","controls.json; not automatically joined to browser cases"
"source-inventory","C2-CONTROL-145","ownership.json and control-action-crosswalk.csv","EditField","client/src/pages/mobile/MobileContactDetail.tsx","536","UNTESTED","UNTESTED","UNTESTED","UNTESTED","Not measured","UNTESTED","Existing census identity; not refreshed at closeout","Not attributed","Not verified","UNTESTED","C2 consumer; retained shared A/B command authority","controls.json; not automatically joined to browser cases"
"source-inventory","C2-CONTROL-146","ownership.json and control-action-crosswalk.csv","EditField","client/src/pages/mobile/MobileContactDetail.tsx","538","UNTESTED","UNTESTED","UNTESTED","UNTESTED","Not measured","UNTESTED","Existing census identity; not refreshed at closeout","Not attributed","Not verified","UNTESTED","C2 consumer; retained shared A/B command authority","controls.json; not automatically joined to browser cases"
"source-inventory","C2-CONTROL-147","ownership.json and control-action-crosswalk.csv","EditField","client/src/pages/mobile/MobileContactDetail.tsx","539","UNTESTED","UNTESTED","UNTESTED","UNTESTED","Not measured","UNTESTED","Existing census identity; not refreshed at closeout","Not attributed","Not verified","UNTESTED","C2 consumer; retained shared A/B command authority","controls.json; not automatically joined to browser cases"
"source-inventory","C2-CONTROL-148","ownership.json and control-action-crosswalk.csv","""button-save-contact-bottom""","client/src/pages/mobile/MobileContactDetail.tsx","543","UNTESTED","UNTESTED","UNTESTED","UNTESTED","Not measured","UNTESTED","Existing census identity; not refreshed at closeout","Not attributed","Not verified","UNTESTED","C2 consumer; retained shared A/B command authority","controls.json; not automatically joined to browser cases"
"source-inventory","C2-CONTROL-149","ownership.json and control-action-crosswalk.csv","""text-contact-phone""","client/src/pages/mobile/MobileContactDetail.tsx","562","UNTESTED","UNTESTED","UNTESTED","UNTESTED","Not measured","UNTESTED","Existing census identity; not refreshed at closeout","Not attributed","Not verified","UNTESTED","C2 consumer; retained shared A/B command authority","controls.json; not automatically joined to browser cases"
"source-inventory","C2-CONTROL-150","ownership.json and control-action-crosswalk.csv","""text-contact-email""","client/src/pages/mobile/MobileContactDetail.tsx","570","UNTESTED","UNTESTED","UNTESTED","UNTESTED","Not measured","UNTESTED","Existing census identity; not refreshed at closeout","Not attributed","Not verified","UNTESTED","C2 consumer; retained shared A/B command authority","controls.json; not automatically joined to browser cases"
"source-inventory","C2-CONTROL-151","ownership.json and control-action-crosswalk.csv","a","client/src/pages/mobile/MobileContactDetail.tsx","594","UNTESTED","UNTESTED","UNTESTED","UNTESTED","Not measured","UNTESTED","Existing census identity; not refreshed at closeout","Not attributed","Not verified","UNTESTED","C2 consumer; retained shared A/B command authority","controls.json; not automatically joined to browser cases"
"source-inventory","C2-CONTROL-152","ownership.json and control-action-crosswalk.csv","button","client/src/pages/mobile/MobileContactDetail.tsx","602","UNTESTED","UNTESTED","UNTESTED","UNTESTED","Not measured","UNTESTED","Existing census identity; not refreshed at closeout","Not attributed","Not verified","UNTESTED","C2 consumer; retained shared A/B command authority","controls.json; not automatically joined to browser cases"
"source-inventory","C2-CONTROL-153","ownership.json and control-action-crosswalk.csv","button","client/src/pages/mobile/MobileContactDetail.tsx","603","UNTESTED","UNTESTED","UNTESTED","UNTESTED","Not measured","UNTESTED","Existing census identity; not refreshed at closeout","Not attributed","Not verified","UNTESTED","C2 consumer; retained shared A/B command authority","controls.json; not automatically joined to browser cases"
"source-inventory","C2-CONTROL-154","ownership.json and control-action-crosswalk.csv","""button-log-call""","client/src/pages/mobile/MobileContactDetail.tsx","628","UNTESTED","UNTESTED","UNTESTED","UNTESTED","Not measured","UNTESTED","Existing census identity; not refreshed at closeout","Not attributed","Not verified","UNTESTED","C2 consumer; retained shared A/B command authority","controls.json; not automatically joined to browser cases"
"source-inventory","C2-CONTROL-155","ownership.json and control-action-crosswalk.csv","""button-quick-log-contact""","client/src/pages/mobile/MobileContactDetail.tsx","638","UNTESTED","UNTESTED","UNTESTED","UNTESTED","Not measured","UNTESTED","Existing census identity; not refreshed at closeout","Not attributed","Not verified","UNTESTED","C2 consumer; retained shared A/B command authority","controls.json; not automatically joined to browser cases"
"source-inventory","C2-CONTROL-156","ownership.json and control-action-crosswalk.csv","""button-enroll-sequence""","client/src/pages/mobile/MobileContactDetail.tsx","648","UNTESTED","UNTESTED","UNTESTED","UNTESTED","Not measured","UNTESTED","Existing census identity; not refreshed at closeout","Not attributed","Not verified","UNTESTED","C2 consumer; retained shared A/B command authority","controls.json; not automatically joined to browser cases"
"source-inventory","C2-CONTROL-157","ownership.json and control-action-crosswalk.csv","div","client/src/pages/mobile/MobileContactDetail.tsx","699","UNTESTED","UNTESTED","UNTESTED","UNTESTED","Not measured","UNTESTED","Existing census identity; not refreshed at closeout","Not attributed","Not verified","UNTESTED","C2 consumer; retained shared A/B command authority","controls.json; not automatically joined to browser cases"
"source-inventory","C2-CONTROL-158","ownership.json and control-action-crosswalk.csv","div","client/src/pages/mobile/MobileContactDetail.tsx","700","UNTESTED","UNTESTED","UNTESTED","UNTESTED","Not measured","UNTESTED","Existing census identity; not refreshed at closeout","Not attributed","Not verified","UNTESTED","C2 consumer; retained shared A/B command authority","controls.json; not automatically joined to browser cases"
"source-inventory","C2-CONTROL-159","ownership.json and control-action-crosswalk.csv","{`button-outcome-${outcome.replace(/\s+/g, ""-"").toLowerCase()}`}","client/src/pages/mobile/MobileContactDetail.tsx","706","UNTESTED","UNTESTED","UNTESTED","UNTESTED","Not measured","UNTESTED","Existing census identity; not refreshed at closeout","Not attributed","Not verified","UNTESTED","C2 consumer; retained shared A/B command authority","controls.json; not automatically joined to browser cases"
"source-inventory","C2-CONTROL-160","ownership.json and control-action-crosswalk.csv","""input-call-notes""","client/src/pages/mobile/MobileContactDetail.tsx","720","UNTESTED","UNTESTED","UNTESTED","UNTESTED","Not measured","UNTESTED","Existing census identity; not refreshed at closeout","Not attributed","Not verified","UNTESTED","C2 consumer; retained shared A/B command authority","controls.json; not automatically joined to browser cases"
"source-inventory","C2-CONTROL-161","ownership.json and control-action-crosswalk.csv","""button-submit-call-log""","client/src/pages/mobile/MobileContactDetail.tsx","724","UNTESTED","UNTESTED","UNTESTED","UNTESTED","Not measured","UNTESTED","Existing census identity; not refreshed at closeout","Not attributed","Not verified","UNTESTED","C2 consumer; retained shared A/B command authority","controls.json; not automatically joined to browser cases"
"source-inventory","C2-CONTROL-162","ownership.json and control-action-crosswalk.csv","Tabs","client/src/pages/dashboard/TasksAppointments.tsx","30","UNTESTED","UNTESTED","UNTESTED","UNTESTED","Not measured","UNTESTED","Existing census identity; not refreshed at closeout","Not attributed","Not verified","UNTESTED","C2 consumer; retained shared A/B command authority","controls.json; not automatically joined to browser cases"
"source-inventory","C2-CONTROL-163","ownership.json and control-action-crosswalk.csv","""tab-tasks""","client/src/pages/dashboard/TasksAppointments.tsx","32","UNTESTED","UNTESTED","UNTESTED","UNTESTED","Not measured","UNTESTED","Existing census identity; not refreshed at closeout","Not attributed","Not verified","UNTESTED","C2 consumer; retained shared A/B command authority","controls.json; not automatically joined to browser cases"
"source-inventory","C2-CONTROL-164","ownership.json and control-action-crosswalk.csv","""tab-calendar""","client/src/pages/dashboard/TasksAppointments.tsx","36","UNTESTED","UNTESTED","UNTESTED","UNTESTED","Not measured","UNTESTED","Existing census identity; not refreshed at closeout","Not attributed","Not verified","UNTESTED","C2 consumer; retained shared A/B command authority","controls.json; not automatically joined to browser cases"
"source-inventory","C2-CONTROL-165","ownership.json and control-action-crosswalk.csv","""button-add-event""","client/src/pages/dashboard/Calendar.tsx","386","UNTESTED","UNTESTED","UNTESTED","UNTESTED","Not measured","UNTESTED","Existing census identity; not refreshed at closeout","Not attributed","Not verified","UNTESTED","C2 consumer; retained shared A/B command authority","controls.json; not automatically joined to browser cases"
"source-inventory","C2-CONTROL-166","ownership.json and control-action-crosswalk.csv","Button","client/src/pages/dashboard/Calendar.tsx","396","UNTESTED","UNTESTED","UNTESTED","UNTESTED","Not measured","UNTESTED","Existing census identity; not refreshed at closeout","Not attributed","Not verified","UNTESTED","C2 consumer; retained shared A/B command authority","controls.json; not automatically joined to browser cases"
"source-inventory","C2-CONTROL-167","ownership.json and control-action-crosswalk.csv","Button","client/src/pages/dashboard/Calendar.tsx","398","UNTESTED","UNTESTED","UNTESTED","UNTESTED","Not measured","UNTESTED","Existing census identity; not refreshed at closeout","Not attributed","Not verified","UNTESTED","C2 consumer; retained shared A/B command authority","controls.json; not automatically joined to browser cases"
"source-inventory","C2-CONTROL-168","ownership.json and control-action-crosswalk.csv","Button","client/src/pages/dashboard/Calendar.tsx","400","UNTESTED","UNTESTED","UNTESTED","UNTESTED","Not measured","UNTESTED","Existing census identity; not refreshed at closeout","Not attributed","Not verified","UNTESTED","C2 consumer; retained shared A/B command authority","controls.json; not automatically joined to browser cases"
"source-inventory","C2-CONTROL-169","ownership.json and control-action-crosswalk.csv","Button","client/src/pages/dashboard/Calendar.tsx","402","UNTESTED","UNTESTED","UNTESTED","UNTESTED","Not measured","UNTESTED","Existing census identity; not refreshed at closeout","Not attributed","Not verified","UNTESTED","C2 consumer; retained shared A/B command authority","controls.json; not automatically joined to browser cases"
"source-inventory","C2-CONTROL-170","ownership.json and control-action-crosswalk.csv","""button-prev-month""","client/src/pages/dashboard/Calendar.tsx","419","UNTESTED","UNTESTED","UNTESTED","UNTESTED","Not measured","UNTESTED","Existing census identity; not refreshed at closeout","Not attributed","Not verified","UNTESTED","C2 consumer; retained shared A/B command authority","controls.json; not automatically joined to browser cases"
"source-inventory","C2-CONTROL-171","ownership.json and control-action-crosswalk.csv","""button-next-month""","client/src/pages/dashboard/Calendar.tsx","425","UNTESTED","UNTESTED","UNTESTED","UNTESTED","Not measured","UNTESTED","Existing census identity; not refreshed at closeout","Not attributed","Not verified","UNTESTED","C2 consumer; retained shared A/B command authority","controls.json; not automatically joined to browser cases"
"source-inventory","C2-CONTROL-172","ownership.json and control-action-crosswalk.csv","{`calendar-day-${dateKey}`}","client/src/pages/dashboard/Calendar.tsx","446","UNTESTED","UNTESTED","UNTESTED","UNTESTED","Not measured","UNTESTED","Existing census identity; not refreshed at closeout","Not attributed","Not verified","UNTESTED","C2 consumer; retained shared A/B command authority","controls.json; not automatically joined to browser cases"
"source-inventory","C2-CONTROL-173","ownership.json and control-action-crosswalk.csv","{`input-fix-date-${evt.id}`}","client/src/pages/dashboard/Calendar.tsx","504","UNTESTED","UNTESTED","UNTESTED","UNTESTED","Not measured","UNTESTED","Existing census identity; not refreshed at closeout","Not attributed","Not verified","UNTESTED","C2 consumer; retained shared A/B command authority","controls.json; not automatically joined to browser cases"
"source-inventory","C2-CONTROL-174","ownership.json and control-action-crosswalk.csv","{`button-save-fix-${evt.id}`}","client/src/pages/dashboard/Calendar.tsx","511","UNTESTED","UNTESTED","UNTESTED","UNTESTED","Not measured","UNTESTED","Existing census identity; not refreshed at closeout","Not attributed","Not verified","UNTESTED","C2 consumer; retained shared A/B command authority","controls.json; not automatically joined to browser cases"
"source-inventory","C2-CONTROL-175","ownership.json and control-action-crosswalk.csv","{`button-cancel-fix-${evt.id}`}","client/src/pages/dashboard/Calendar.tsx","520","UNTESTED","UNTESTED","UNTESTED","UNTESTED","Not measured","UNTESTED","Existing census identity; not refreshed at closeout","Not attributed","Not verified","UNTESTED","C2 consumer; retained shared A/B command authority","controls.json; not automatically joined to browser cases"
"source-inventory","C2-CONTROL-176","ownership.json and control-action-crosswalk.csv","{`button-edit-invalid-date-${evt.id}`}","client/src/pages/dashboard/Calendar.tsx","532","UNTESTED","UNTESTED","UNTESTED","UNTESTED","Not measured","UNTESTED","Existing census identity; not refreshed at closeout","Not attributed","Not verified","UNTESTED","C2 consumer; retained shared A/B command authority","controls.json; not automatically joined to browser cases"
"source-inventory","C2-CONTROL-177","ownership.json and control-action-crosswalk.csv","{`button-delete-invalid-date-${evt.id}`}","client/src/pages/dashboard/Calendar.tsx","541","UNTESTED","UNTESTED","UNTESTED","UNTESTED","Not measured","UNTESTED","Existing census identity; not refreshed at closeout","Not attributed","Not verified","UNTESTED","C2 consumer; retained shared A/B command authority","controls.json; not automatically joined to browser cases"
"source-inventory","C2-CONTROL-178","ownership.json and control-action-crosswalk.csv","a","client/src/pages/dashboard/Calendar.tsx","623","UNTESTED","UNTESTED","UNTESTED","UNTESTED","Not measured","UNTESTED","Existing census identity; not refreshed at closeout","Not attributed","Not verified","UNTESTED","C2 consumer; retained shared A/B command authority","controls.json; not automatically joined to browser cases"
"source-inventory","C2-CONTROL-179","ownership.json and control-action-crosswalk.csv","Dialog","client/src/pages/dashboard/Calendar.tsx","652","UNTESTED","UNTESTED","UNTESTED","UNTESTED","Not measured","UNTESTED","Existing census identity; not refreshed at closeout","Not attributed","Not verified","UNTESTED","C2 consumer; retained shared A/B command authority","controls.json; not automatically joined to browser cases"
"source-inventory","C2-CONTROL-180","ownership.json and control-action-crosswalk.csv","""input-event-title""","client/src/pages/dashboard/Calendar.tsx","660","UNTESTED","UNTESTED","UNTESTED","UNTESTED","Not measured","UNTESTED","Existing census identity; not refreshed at closeout","Not attributed","Not verified","UNTESTED","C2 consumer; retained shared A/B command authority","controls.json; not automatically joined to browser cases"
"source-inventory","C2-CONTROL-181","ownership.json and control-action-crosswalk.csv","""input-event-date""","client/src/pages/dashboard/Calendar.tsx","669","UNTESTED","UNTESTED","UNTESTED","UNTESTED","Not measured","UNTESTED","Existing census identity; not refreshed at closeout","Not attributed","Not verified","UNTESTED","C2 consumer; retained shared A/B command authority","controls.json; not automatically joined to browser cases"
"source-inventory","C2-CONTROL-182","ownership.json and control-action-crosswalk.csv","""input-event-start-time""","client/src/pages/dashboard/Calendar.tsx","679","UNTESTED","UNTESTED","UNTESTED","UNTESTED","Not measured","UNTESTED","Existing census identity; not refreshed at closeout","Not attributed","Not verified","UNTESTED","C2 consumer; retained shared A/B command authority","controls.json; not automatically joined to browser cases"
"source-inventory","C2-CONTROL-183","ownership.json and control-action-crosswalk.csv","""input-event-end-time""","client/src/pages/dashboard/Calendar.tsx","688","UNTESTED","UNTESTED","UNTESTED","UNTESTED","Not measured","UNTESTED","Existing census identity; not refreshed at closeout","Not attributed","Not verified","UNTESTED","C2 consumer; retained shared A/B command authority","controls.json; not automatically joined to browser cases"
"source-inventory","C2-CONTROL-184","ownership.json and control-action-crosswalk.csv","Select","client/src/pages/dashboard/Calendar.tsx","698","UNTESTED","UNTESTED","UNTESTED","UNTESTED","Not measured","UNTESTED","Existing census identity; not refreshed at closeout","Not attributed","Not verified","UNTESTED","C2 consumer; retained shared A/B command authority","controls.json; not automatically joined to browser cases"
"source-inventory","C2-CONTROL-185","ownership.json and control-action-crosswalk.csv","""select-event-type""","client/src/pages/dashboard/Calendar.tsx","699","UNTESTED","UNTESTED","UNTESTED","UNTESTED","Not measured","UNTESTED","Existing census identity; not refreshed at closeout","Not attributed","Not verified","UNTESTED","C2 consumer; retained shared A/B command authority","controls.json; not automatically joined to browser cases"
"source-inventory","C2-CONTROL-186","ownership.json and control-action-crosswalk.csv","Select","client/src/pages/dashboard/Calendar.tsx","713","UNTESTED","UNTESTED","UNTESTED","UNTESTED","Not measured","UNTESTED","Existing census identity; not refreshed at closeout","Not attributed","Not verified","UNTESTED","C2 consumer; retained shared A/B command authority","controls.json; not automatically joined to browser cases"
"source-inventory","C2-CONTROL-187","ownership.json and control-action-crosswalk.csv","""select-event-contact""","client/src/pages/dashboard/Calendar.tsx","714","UNTESTED","UNTESTED","UNTESTED","UNTESTED","Not measured","UNTESTED","Existing census identity; not refreshed at closeout","Not attributed","Not verified","UNTESTED","C2 consumer; retained shared A/B command authority","controls.json; not automatically joined to browser cases"
"source-inventory","C2-CONTROL-188","ownership.json and control-action-crosswalk.csv","""input-event-notes""","client/src/pages/dashboard/Calendar.tsx","729","UNTESTED","UNTESTED","UNTESTED","UNTESTED","Not measured","UNTESTED","Existing census identity; not refreshed at closeout","Not attributed","Not verified","UNTESTED","C2 consumer; retained shared A/B command authority","controls.json; not automatically joined to browser cases"
"source-inventory","C2-CONTROL-189","ownership.json and control-action-crosswalk.csv","""button-cancel-event""","client/src/pages/dashboard/Calendar.tsx","738","UNTESTED","UNTESTED","UNTESTED","UNTESTED","Not measured","UNTESTED","Existing census identity; not refreshed at closeout","Not attributed","Not verified","UNTESTED","C2 consumer; retained shared A/B command authority","controls.json; not automatically joined to browser cases"
"source-inventory","C2-CONTROL-190","ownership.json and control-action-crosswalk.csv","""button-submit-event""","client/src/pages/dashboard/Calendar.tsx","741","UNTESTED","UNTESTED","UNTESTED","UNTESTED","Not measured","UNTESTED","Existing census identity; not refreshed at closeout","Not attributed","Not verified","UNTESTED","C2 consumer; retained shared A/B command authority","controls.json; not automatically joined to browser cases"
"source-inventory","C2-CONTROL-191","ownership.json and control-action-crosswalk.csv","Select","client/src/pages/dashboard/Tasks.tsx","445","UNTESTED","UNTESTED","UNTESTED","UNTESTED","Not measured","UNTESTED","Existing census identity; not refreshed at closeout","Not attributed","Not verified","UNTESTED","C2 consumer; retained shared A/B command authority","controls.json; not automatically joined to browser cases"
"source-inventory","C2-CONTROL-192","ownership.json and control-action-crosswalk.csv","""select-filter-source""","client/src/pages/dashboard/Tasks.tsx","446","UNTESTED","UNTESTED","UNTESTED","UNTESTED","Not measured","UNTESTED","Existing census identity; not refreshed at closeout","Not attributed","Not verified","UNTESTED","C2 consumer; retained shared A/B command authority","controls.json; not automatically joined to browser cases"
"source-inventory","C2-CONTROL-193","ownership.json and control-action-crosswalk.csv","Select","client/src/pages/dashboard/Tasks.tsx","455","UNTESTED","UNTESTED","UNTESTED","UNTESTED","Not measured","UNTESTED","Existing census identity; not refreshed at closeout","Not attributed","Not verified","UNTESTED","C2 consumer; retained shared A/B command authority","controls.json; not automatically joined to browser cases"
"source-inventory","C2-CONTROL-194","ownership.json and control-action-crosswalk.csv","""select-filter-status""","client/src/pages/dashboard/Tasks.tsx","456","UNTESTED","UNTESTED","UNTESTED","UNTESTED","Not measured","UNTESTED","Existing census identity; not refreshed at closeout","Not attributed","Not verified","UNTESTED","C2 consumer; retained shared A/B command authority","controls.json; not automatically joined to browser cases"
"source-inventory","C2-CONTROL-195","ownership.json and control-action-crosswalk.csv","""button-ai-generate-tasks""","client/src/pages/dashboard/Tasks.tsx","466","UNTESTED","UNTESTED","UNTESTED","UNTESTED","Not measured","UNTESTED","Existing census identity; not refreshed at closeout","Not attributed","Not verified","UNTESTED","C2 consumer; retained shared A/B command authority","controls.json; not automatically joined to browser cases"
"source-inventory","C2-CONTROL-196","ownership.json and control-action-crosswalk.csv","Dialog","client/src/pages/dashboard/Tasks.tsx","476","UNTESTED","UNTESTED","UNTESTED","UNTESTED","Not measured","UNTESTED","Existing census identity; not refreshed at closeout","Not attributed","Not verified","UNTESTED","C2 consumer; retained shared A/B command authority","controls.json; not automatically joined to browser cases"
"source-inventory","C2-CONTROL-197","ownership.json and control-action-crosswalk.csv","""button-new-task""","client/src/pages/dashboard/Tasks.tsx","478","UNTESTED","UNTESTED","UNTESTED","UNTESTED","Not measured","UNTESTED","Existing census identity; not refreshed at closeout","Not attributed","Not verified","UNTESTED","C2 consumer; retained shared A/B command authority","controls.json; not automatically joined to browser cases"
"source-inventory","C2-CONTROL-198","ownership.json and control-action-crosswalk.csv","""input-task-title""","client/src/pages/dashboard/Tasks.tsx","490","UNTESTED","UNTESTED","UNTESTED","UNTESTED","Not measured","UNTESTED","Existing census identity; not refreshed at closeout","Not attributed","Not verified","UNTESTED","C2 consumer; retained shared A/B command authority","controls.json; not automatically joined to browser cases"
"source-inventory","C2-CONTROL-199","ownership.json and control-action-crosswalk.csv","""input-task-description""","client/src/pages/dashboard/Tasks.tsx","500","UNTESTED","UNTESTED","UNTESTED","UNTESTED","Not measured","UNTESTED","Existing census identity; not refreshed at closeout","Not attributed","Not verified","UNTESTED","C2 consumer; retained shared A/B command authority","controls.json; not automatically joined to browser cases"
"source-inventory","C2-CONTROL-200","ownership.json and control-action-crosswalk.csv","""input-task-assigned""","client/src/pages/dashboard/Tasks.tsx","511","UNTESTED","UNTESTED","UNTESTED","UNTESTED","Not measured","UNTESTED","Existing census identity; not refreshed at closeout","Not attributed","Not verified","UNTESTED","C2 consumer; retained shared A/B command authority","controls.json; not automatically joined to browser cases"
"source-inventory","C2-CONTROL-201","ownership.json and control-action-crosswalk.csv","""input-task-duedate""","client/src/pages/dashboard/Tasks.tsx","521","UNTESTED","UNTESTED","UNTESTED","UNTESTED","Not measured","UNTESTED","Existing census identity; not refreshed at closeout","Not attributed","Not verified","UNTESTED","C2 consumer; retained shared A/B command authority","controls.json; not automatically joined to browser cases"
"source-inventory","C2-CONTROL-202","ownership.json and control-action-crosswalk.csv","Select","client/src/pages/dashboard/Tasks.tsx","532","UNTESTED","UNTESTED","UNTESTED","UNTESTED","Not measured","UNTESTED","Existing census identity; not refreshed at closeout","Not attributed","Not verified","UNTESTED","C2 consumer; retained shared A/B command authority","controls.json; not automatically joined to browser cases"
"source-inventory","C2-CONTROL-203","ownership.json and control-action-crosswalk.csv","""select-task-priority""","client/src/pages/dashboard/Tasks.tsx","533","UNTESTED","UNTESTED","UNTESTED","UNTESTED","Not measured","UNTESTED","Existing census identity; not refreshed at closeout","Not attributed","Not verified","UNTESTED","C2 consumer; retained shared A/B command authority","controls.json; not automatically joined to browser cases"
"source-inventory","C2-CONTROL-204","ownership.json and control-action-crosswalk.csv","""input-task-deal-id""","client/src/pages/dashboard/Tasks.tsx","547","UNTESTED","UNTESTED","UNTESTED","UNTESTED","Not measured","UNTESTED","Existing census identity; not refreshed at closeout","Not attributed","Not verified","UNTESTED","C2 consumer; retained shared A/B command authority","controls.json; not automatically joined to browser cases"
"source-inventory","C2-CONTROL-205","ownership.json and control-action-crosswalk.csv","""input-task-contact-id""","client/src/pages/dashboard/Tasks.tsx","557","UNTESTED","UNTESTED","UNTESTED","UNTESTED","Not measured","UNTESTED","Existing census identity; not refreshed at closeout","Not attributed","Not verified","UNTESTED","C2 consumer; retained shared A/B command authority","controls.json; not automatically joined to browser cases"
"source-inventory","C2-CONTROL-206","ownership.json and control-action-crosswalk.csv","""input-task-ticket-id""","client/src/pages/dashboard/Tasks.tsx","567","UNTESTED","UNTESTED","UNTESTED","UNTESTED","Not measured","UNTESTED","Existing census identity; not refreshed at closeout","Not attributed","Not verified","UNTESTED","C2 consumer; retained shared A/B command authority","controls.json; not automatically joined to browser cases"
"source-inventory","C2-CONTROL-207","ownership.json and control-action-crosswalk.csv","""button-cancel-task""","client/src/pages/dashboard/Tasks.tsx","577","UNTESTED","UNTESTED","UNTESTED","UNTESTED","Not measured","UNTESTED","Existing census identity; not refreshed at closeout","Not attributed","Not verified","UNTESTED","C2 consumer; retained shared A/B command authority","controls.json; not automatically joined to browser cases"
"source-inventory","C2-CONTROL-208","ownership.json and control-action-crosswalk.csv","""button-submit-task""","client/src/pages/dashboard/Tasks.tsx","580","UNTESTED","UNTESTED","UNTESTED","UNTESTED","Not measured","UNTESTED","Existing census identity; not refreshed at closeout","Not attributed","Not verified","UNTESTED","C2 consumer; retained shared A/B command authority","controls.json; not automatically joined to browser cases"
"source-inventory","C2-CONTROL-209","ownership.json and control-action-crosswalk.csv","""button-task-bulk-actions""","client/src/pages/dashboard/Tasks.tsx","598","UNTESTED","UNTESTED","UNTESTED","UNTESTED","Not measured","UNTESTED","Existing census identity; not refreshed at closeout","Not attributed","Not verified","UNTESTED","C2 consumer; retained shared A/B command authority","controls.json; not automatically joined to browser cases"
"source-inventory","C2-CONTROL-210","ownership.json and control-action-crosswalk.csv","""button-bulk-assign""","client/src/pages/dashboard/Tasks.tsx","604","UNTESTED","UNTESTED","UNTESTED","UNTESTED","Not measured","UNTESTED","Existing census identity; not refreshed at closeout","Not attributed","Not verified","UNTESTED","C2 consumer; retained shared A/B command authority","controls.json; not automatically joined to browser cases"
"source-inventory","C2-CONTROL-211","ownership.json and control-action-crosswalk.csv","""button-bulk-complete""","client/src/pages/dashboard/Tasks.tsx","611","UNTESTED","UNTESTED","UNTESTED","UNTESTED","Not measured","UNTESTED","Existing census identity; not refreshed at closeout","Not attributed","Not verified","UNTESTED","C2 consumer; retained shared A/B command authority","controls.json; not automatically joined to browser cases"
"source-inventory","C2-CONTROL-212","ownership.json and control-action-crosswalk.csv","""button-bulk-delete""","client/src/pages/dashboard/Tasks.tsx","618","UNTESTED","UNTESTED","UNTESTED","UNTESTED","Not measured","UNTESTED","Existing census identity; not refreshed at closeout","Not attributed","Not verified","UNTESTED","C2 consumer; retained shared A/B command authority","controls.json; not automatically joined to browser cases"
"source-inventory","C2-CONTROL-213","ownership.json and control-action-crosswalk.csv","""button-clear-task-selection""","client/src/pages/dashboard/Tasks.tsx","628","UNTESTED","UNTESTED","UNTESTED","UNTESTED","Not measured","UNTESTED","Existing census identity; not refreshed at closeout","Not attributed","Not verified","UNTESTED","C2 consumer; retained shared A/B command authority","controls.json; not automatically joined to browser cases"
"source-inventory","C2-CONTROL-214","ownership.json and control-action-crosswalk.csv","Dialog","client/src/pages/dashboard/Tasks.tsx","639","UNTESTED","UNTESTED","UNTESTED","UNTESTED","Not measured","UNTESTED","Existing census identity; not refreshed at closeout","Not attributed","Not verified","UNTESTED","C2 consumer; retained shared A/B command authority","controls.json; not automatically joined to browser cases"
"source-inventory","C2-CONTROL-215","ownership.json and control-action-crosswalk.csv","""button-cancel-bulk-delete""","client/src/pages/dashboard/Tasks.tsx","649","UNTESTED","UNTESTED","UNTESTED","UNTESTED","Not measured","UNTESTED","Existing census identity; not refreshed at closeout","Not attributed","Not verified","UNTESTED","C2 consumer; retained shared A/B command authority","controls.json; not automatically joined to browser cases"
"source-inventory","C2-CONTROL-216","ownership.json and control-action-crosswalk.csv","""button-confirm-bulk-delete""","client/src/pages/dashboard/Tasks.tsx","657","UNTESTED","UNTESTED","UNTESTED","UNTESTED","Not measured","UNTESTED","Existing census identity; not refreshed at closeout","Not attributed","Not verified","UNTESTED","C2 consumer; retained shared A/B command authority","controls.json; not automatically joined to browser cases"
"source-inventory","C2-CONTROL-217","ownership.json and control-action-crosswalk.csv","Dialog","client/src/pages/dashboard/Tasks.tsx","670","UNTESTED","UNTESTED","UNTESTED","UNTESTED","Not measured","UNTESTED","Existing census identity; not refreshed at closeout","Not attributed","Not verified","UNTESTED","C2 consumer; retained shared A/B command authority","controls.json; not automatically joined to browser cases"
"source-inventory","C2-CONTROL-218","ownership.json and control-action-crosswalk.csv","""input-bulk-assign-to""","client/src/pages/dashboard/Tasks.tsx","678","UNTESTED","UNTESTED","UNTESTED","UNTESTED","Not measured","UNTESTED","Existing census identity; not refreshed at closeout","Not attributed","Not verified","UNTESTED","C2 consumer; retained shared A/B command authority","controls.json; not automatically joined to browser cases"
"source-inventory","C2-CONTROL-219","ownership.json and control-action-crosswalk.csv","""button-cancel-bulk-assign""","client/src/pages/dashboard/Tasks.tsx","686","UNTESTED","UNTESTED","UNTESTED","UNTESTED","Not measured","UNTESTED","Existing census identity; not refreshed at closeout","Not attributed","Not verified","UNTESTED","C2 consumer; retained shared A/B command authority","controls.json; not automatically joined to browser cases"
"source-inventory","C2-CONTROL-220","ownership.json and control-action-crosswalk.csv","""button-submit-bulk-assign""","client/src/pages/dashboard/Tasks.tsx","689","UNTESTED","UNTESTED","UNTESTED","UNTESTED","Not measured","UNTESTED","Existing census identity; not refreshed at closeout","Not attributed","Not verified","UNTESTED","C2 consumer; retained shared A/B command authority","controls.json; not automatically joined to browser cases"
"source-inventory","C2-CONTROL-221","ownership.json and control-action-crosswalk.csv","Dialog","client/src/pages/dashboard/Tasks.tsx","702","UNTESTED","UNTESTED","UNTESTED","UNTESTED","Not measured","UNTESTED","Existing census identity; not refreshed at closeout","Not attributed","Not verified","UNTESTED","C2 consumer; retained shared A/B command authority","controls.json; not automatically joined to browser cases"
"source-inventory","C2-CONTROL-222","ownership.json and control-action-crosswalk.csv","""input-edit-task-title""","client/src/pages/dashboard/Tasks.tsx","710","UNTESTED","UNTESTED","UNTESTED","UNTESTED","Not measured","UNTESTED","Existing census identity; not refreshed at closeout","Not attributed","Not verified","UNTESTED","C2 consumer; retained shared A/B command authority","controls.json; not automatically joined to browser cases"
"source-inventory","C2-CONTROL-223","ownership.json and control-action-crosswalk.csv","""input-edit-task-description""","client/src/pages/dashboard/Tasks.tsx","719","UNTESTED","UNTESTED","UNTESTED","UNTESTED","Not measured","UNTESTED","Existing census identity; not refreshed at closeout","Not attributed","Not verified","UNTESTED","C2 consumer; retained shared A/B command authority","controls.json; not automatically joined to browser cases"
"source-inventory","C2-CONTROL-224","ownership.json and control-action-crosswalk.csv","""input-edit-task-assigned""","client/src/pages/dashboard/Tasks.tsx","730","UNTESTED","UNTESTED","UNTESTED","UNTESTED","Not measured","UNTESTED","Existing census identity; not refreshed at closeout","Not attributed","Not verified","UNTESTED","C2 consumer; retained shared A/B command authority","controls.json; not automatically joined to browser cases"
"source-inventory","C2-CONTROL-225","ownership.json and control-action-crosswalk.csv","""input-edit-task-duedate""","client/src/pages/dashboard/Tasks.tsx","739","UNTESTED","UNTESTED","UNTESTED","UNTESTED","Not measured","UNTESTED","Existing census identity; not refreshed at closeout","Not attributed","Not verified","UNTESTED","C2 consumer; retained shared A/B command authority","controls.json; not automatically joined to browser cases"
"source-inventory","C2-CONTROL-226","ownership.json and control-action-crosswalk.csv","Select","client/src/pages/dashboard/Tasks.tsx","749","UNTESTED","UNTESTED","UNTESTED","UNTESTED","Not measured","UNTESTED","Existing census identity; not refreshed at closeout","Not attributed","Not verified","UNTESTED","C2 consumer; retained shared A/B command authority","controls.json; not automatically joined to browser cases"
"source-inventory","C2-CONTROL-227","ownership.json and control-action-crosswalk.csv","""select-edit-task-priority""","client/src/pages/dashboard/Tasks.tsx","753","UNTESTED","UNTESTED","UNTESTED","UNTESTED","Not measured","UNTESTED","Existing census identity; not refreshed at closeout","Not attributed","Not verified","UNTESTED","C2 consumer; retained shared A/B command authority","controls.json; not automatically joined to browser cases"
"source-inventory","C2-CONTROL-228","ownership.json and control-action-crosswalk.csv","""button-cancel-edit-task""","client/src/pages/dashboard/Tasks.tsx","764","UNTESTED","UNTESTED","UNTESTED","UNTESTED","Not measured","UNTESTED","Existing census identity; not refreshed at closeout","Not attributed","Not verified","UNTESTED","C2 consumer; retained shared A/B command authority","controls.json; not automatically joined to browser cases"
"source-inventory","C2-CONTROL-229","ownership.json and control-action-crosswalk.csv","""button-save-edit-task""","client/src/pages/dashboard/Tasks.tsx","767","UNTESTED","UNTESTED","UNTESTED","UNTESTED","Not measured","UNTESTED","Existing census identity; not refreshed at closeout","Not attributed","Not verified","UNTESTED","C2 consumer; retained shared A/B command authority","controls.json; not automatically joined to browser cases"
"source-inventory","C2-CONTROL-230","ownership.json and control-action-crosswalk.csv","""checkbox-select-all-tasks""","client/src/pages/dashboard/Tasks.tsx","802","UNTESTED","UNTESTED","UNTESTED","UNTESTED","Not measured","UNTESTED","Existing census identity; not refreshed at closeout","Not attributed","Not verified","UNTESTED","C2 consumer; retained shared A/B command authority","controls.json; not automatically joined to browser cases"
"source-inventory","C2-CONTROL-231","ownership.json and control-action-crosswalk.csv","""button-empty-create-task""","client/src/pages/dashboard/Tasks.tsx","828","UNTESTED","UNTESTED","UNTESTED","UNTESTED","Not measured","UNTESTED","Existing census identity; not refreshed at closeout","Not attributed","Not verified","UNTESTED","C2 consumer; retained shared A/B command authority","controls.json; not automatically joined to browser cases"
"source-inventory","C2-CONTROL-232","ownership.json and control-action-crosswalk.csv","{`checkbox-task-${task.id}`}","client/src/pages/dashboard/Tasks.tsx","842","UNTESTED","UNTESTED","UNTESTED","UNTESTED","Not measured","UNTESTED","Existing census identity; not refreshed at closeout","Not attributed","Not verified","UNTESTED","C2 consumer; retained shared A/B command authority","controls.json; not automatically joined to browser cases"
"source-inventory","C2-CONTROL-233","ownership.json and control-action-crosswalk.csv","{`button-advance-${task.id}`}","client/src/pages/dashboard/Tasks.tsx","898","UNTESTED","UNTESTED","UNTESTED","UNTESTED","Not measured","UNTESTED","Existing census identity; not refreshed at closeout","Not attributed","Not verified","UNTESTED","C2 consumer; retained shared A/B command authority","controls.json; not automatically joined to browser cases"
"source-inventory","C2-CONTROL-234","ownership.json and control-action-crosswalk.csv","{`button-edit-task-${task.id}`}","client/src/pages/dashboard/Tasks.tsx","910","UNTESTED","UNTESTED","UNTESTED","UNTESTED","Not measured","UNTESTED","Existing census identity; not refreshed at closeout","Not attributed","Not verified","UNTESTED","C2 consumer; retained shared A/B command authority","controls.json; not automatically joined to browser cases"
"source-inventory","C2-CONTROL-235","ownership.json and control-action-crosswalk.csv","{`button-comments-${task.id}`}","client/src/pages/dashboard/Tasks.tsx","921","UNTESTED","UNTESTED","UNTESTED","UNTESTED","Not measured","UNTESTED","Existing census identity; not refreshed at closeout","Not attributed","Not verified","UNTESTED","C2 consumer; retained shared A/B command authority","controls.json; not automatically joined to browser cases"
"source-inventory","C2-CONTROL-236","ownership.json and control-action-crosswalk.csv","""toast-action-retry""","client/src/lib/toast-helpers.tsx","45","UNTESTED","UNTESTED","UNTESTED","UNTESTED","Not measured","UNTESTED","Existing census identity; not refreshed at closeout","Not attributed","Not verified","UNTESTED","C2 consumer; retained shared A/B command authority","controls.json; not automatically joined to browser cases"
"source-inventory","C2-CONTROL-237","ownership.json and control-action-crosswalk.csv","{`button-apply-filter-${filter.id}`}","client/src/components/SavedFilterBar.tsx","93","UNTESTED","UNTESTED","UNTESTED","UNTESTED","Not measured","UNTESTED","Existing census identity; not refreshed at closeout","Not attributed","Not verified","UNTESTED","C2 consumer; retained shared A/B command authority","controls.json; not automatically joined to browser cases"
"source-inventory","C2-CONTROL-238","ownership.json and control-action-crosswalk.csv","{`button-delete-filter-${filter.id}`}","client/src/components/SavedFilterBar.tsx","101","UNTESTED","UNTESTED","UNTESTED","UNTESTED","Not measured","UNTESTED","Existing census identity; not refreshed at closeout","Not attributed","Not verified","UNTESTED","C2 consumer; retained shared A/B command authority","controls.json; not automatically joined to browser cases"
"source-inventory","C2-CONTROL-239","ownership.json and control-action-crosswalk.csv","""button-clear-filter""","client/src/components/SavedFilterBar.tsx","116","UNTESTED","UNTESTED","UNTESTED","UNTESTED","Not measured","UNTESTED","Existing census identity; not refreshed at closeout","Not attributed","Not verified","UNTESTED","C2 consumer; retained shared A/B command authority","controls.json; not automatically joined to browser cases"
"source-inventory","C2-CONTROL-240","ownership.json and control-action-crosswalk.csv","""button-save-filter""","client/src/components/SavedFilterBar.tsx","127","UNTESTED","UNTESTED","UNTESTED","UNTESTED","Not measured","UNTESTED","Existing census identity; not refreshed at closeout","Not attributed","Not verified","UNTESTED","C2 consumer; retained shared A/B command authority","controls.json; not automatically joined to browser cases"
"source-inventory","C2-CONTROL-241","ownership.json and control-action-crosswalk.csv","Dialog","client/src/components/SavedFilterBar.tsx","139","UNTESTED","UNTESTED","UNTESTED","UNTESTED","Not measured","UNTESTED","Existing census identity; not refreshed at closeout","Not attributed","Not verified","UNTESTED","C2 consumer; retained shared A/B command authority","controls.json; not automatically joined to browser cases"
"source-inventory","C2-CONTROL-242","ownership.json and control-action-crosswalk.csv","""input-filter-name""","client/src/components/SavedFilterBar.tsx","145","UNTESTED","UNTESTED","UNTESTED","UNTESTED","Not measured","UNTESTED","Existing census identity; not refreshed at closeout","Not attributed","Not verified","UNTESTED","C2 consumer; retained shared A/B command authority","controls.json; not automatically joined to browser cases"
"source-inventory","C2-CONTROL-243","ownership.json and control-action-crosswalk.csv","""button-cancel-save-filter""","client/src/components/SavedFilterBar.tsx","153","UNTESTED","UNTESTED","UNTESTED","UNTESTED","Not measured","UNTESTED","Existing census identity; not refreshed at closeout","Not attributed","Not verified","UNTESTED","C2 consumer; retained shared A/B command authority","controls.json; not automatically joined to browser cases"
"source-inventory","C2-CONTROL-244","ownership.json and control-action-crosswalk.csv","""button-confirm-save-filter""","client/src/components/SavedFilterBar.tsx","156","UNTESTED","UNTESTED","UNTESTED","UNTESTED","Not measured","UNTESTED","Existing census identity; not refreshed at closeout","Not attributed","Not verified","UNTESTED","C2 consumer; retained shared A/B command authority","controls.json; not automatically joined to browser cases"
"source-inventory","C2-CONTROL-245","ownership.json and control-action-crosswalk.csv","{testId}","client/src/components/Comments.tsx","137","UNTESTED","UNTESTED","UNTESTED","UNTESTED","Not measured","UNTESTED","Existing census identity; not refreshed at closeout","Not attributed","Not verified","UNTESTED","C2 consumer; retained shared A/B command authority","controls.json; not automatically joined to browser cases"
"source-inventory","C2-CONTROL-246","ownership.json and control-action-crosswalk.csv","{`mention-option-${member.replace(/\s+/g, ""-"").toLowerCase()}`}","client/src/components/Comments.tsx","149","UNTESTED","UNTESTED","UNTESTED","UNTESTED","Not measured","UNTESTED","Existing census identity; not refreshed at closeout","Not attributed","Not verified","UNTESTED","C2 consumer; retained shared A/B command authority","controls.json; not automatically joined to browser cases"
"source-inventory","C2-CONTROL-247","ownership.json and control-action-crosswalk.csv","{`button-reply-${comment.id}`}","client/src/components/Comments.tsx","278","UNTESTED","UNTESTED","UNTESTED","UNTESTED","Not measured","UNTESTED","Existing census identity; not refreshed at closeout","Not attributed","Not verified","UNTESTED","C2 consumer; retained shared A/B command authority","controls.json; not automatically joined to browser cases"
"source-inventory","C2-CONTROL-248","ownership.json and control-action-crosswalk.csv","{`button-pin-${comment.id}`}","client/src/components/Comments.tsx","287","UNTESTED","UNTESTED","UNTESTED","UNTESTED","Not measured","UNTESTED","Existing census identity; not refreshed at closeout","Not attributed","Not verified","UNTESTED","C2 consumer; retained shared A/B command authority","controls.json; not automatically joined to browser cases"
"source-inventory","C2-CONTROL-249","ownership.json and control-action-crosswalk.csv","{`button-delete-comment-${comment.id}`}","client/src/components/Comments.tsx","297","UNTESTED","UNTESTED","UNTESTED","UNTESTED","Not measured","UNTESTED","Existing census identity; not refreshed at closeout","Not attributed","Not verified","UNTESTED","C2 consumer; retained shared A/B command authority","controls.json; not automatically joined to browser cases"
"source-inventory","C2-CONTROL-250","ownership.json and control-action-crosswalk.csv","{`button-toggle-replies-${comment.id}`}","client/src/components/Comments.tsx","308","UNTESTED","UNTESTED","UNTESTED","UNTESTED","Not measured","UNTESTED","Existing census identity; not refreshed at closeout","Not attributed","Not verified","UNTESTED","C2 consumer; retained shared A/B command authority","controls.json; not automatically joined to browser cases"
"source-inventory","C2-CONTROL-251","ownership.json and control-action-crosswalk.csv","MentionInput","client/src/components/Comments.tsx","322","UNTESTED","UNTESTED","UNTESTED","UNTESTED","Not measured","UNTESTED","Existing census identity; not refreshed at closeout","Not attributed","Not verified","UNTESTED","C2 consumer; retained shared A/B command authority","controls.json; not automatically joined to browser cases"
"source-inventory","C2-CONTROL-252","ownership.json and control-action-crosswalk.csv","{`button-submit-reply-${comment.id}`}","client/src/components/Comments.tsx","328","UNTESTED","UNTESTED","UNTESTED","UNTESTED","Not measured","UNTESTED","Existing census identity; not refreshed at closeout","Not attributed","Not verified","UNTESTED","C2 consumer; retained shared A/B command authority","controls.json; not automatically joined to browser cases"
"source-inventory","C2-CONTROL-253","ownership.json and control-action-crosswalk.csv","MentionInput","client/src/components/Comments.tsx","421","UNTESTED","UNTESTED","UNTESTED","UNTESTED","Not measured","UNTESTED","Existing census identity; not refreshed at closeout","Not attributed","Not verified","UNTESTED","C2 consumer; retained shared A/B command authority","controls.json; not automatically joined to browser cases"
"source-inventory","C2-CONTROL-254","ownership.json and control-action-crosswalk.csv","""button-submit-comment""","client/src/components/Comments.tsx","428","UNTESTED","UNTESTED","UNTESTED","UNTESTED","Not measured","UNTESTED","Existing census identity; not refreshed at closeout","Not attributed","Not verified","UNTESTED","C2 consumer; retained shared A/B command authority","controls.json; not automatically joined to browser cases"
"source-inventory","C2-CONTROL-255","ownership.json and control-action-crosswalk.csv","Dialog","client/src/pages/dashboard/StageRules.tsx","240","UNTESTED","UNTESTED","UNTESTED","UNTESTED","Not measured","UNTESTED","Existing census identity; not refreshed at closeout","Not attributed","Not verified","UNTESTED","C2 consumer; retained shared A/B command authority","controls.json; not automatically joined to browser cases"
"source-inventory","C2-CONTROL-256","ownership.json and control-action-crosswalk.csv","""button-create-rule""","client/src/pages/dashboard/StageRules.tsx","242","UNTESTED","UNTESTED","UNTESTED","UNTESTED","Not measured","UNTESTED","Existing census identity; not refreshed at closeout","Not attributed","Not verified","UNTESTED","C2 consumer; retained shared A/B command authority","controls.json; not automatically joined to browser cases"
"source-inventory","C2-CONTROL-257","ownership.json and control-action-crosswalk.csv","""input-rule-name""","client/src/pages/dashboard/StageRules.tsx","257","UNTESTED","UNTESTED","UNTESTED","UNTESTED","Not measured","UNTESTED","Existing census identity; not refreshed at closeout","Not attributed","Not verified","UNTESTED","C2 consumer; retained shared A/B command authority","controls.json; not automatically joined to browser cases"
"source-inventory","C2-CONTROL-258","ownership.json and control-action-crosswalk.csv","Select","client/src/pages/dashboard/StageRules.tsx","268","UNTESTED","UNTESTED","UNTESTED","UNTESTED","Not measured","UNTESTED","Existing census identity; not refreshed at closeout","Not attributed","Not verified","UNTESTED","C2 consumer; retained shared A/B command authority","controls.json; not automatically joined to browser cases"
"source-inventory","C2-CONTROL-259","ownership.json and control-action-crosswalk.csv","""select-pipeline""","client/src/pages/dashboard/StageRules.tsx","269","UNTESTED","UNTESTED","UNTESTED","UNTESTED","Not measured","UNTESTED","Existing census identity; not refreshed at closeout","Not attributed","Not verified","UNTESTED","C2 consumer; retained shared A/B command authority","controls.json; not automatically joined to browser cases"
"source-inventory","C2-CONTROL-260","ownership.json and control-action-crosswalk.csv","Select","client/src/pages/dashboard/StageRules.tsx","282","UNTESTED","UNTESTED","UNTESTED","UNTESTED","Not measured","UNTESTED","Existing census identity; not refreshed at closeout","Not attributed","Not verified","UNTESTED","C2 consumer; retained shared A/B command authority","controls.json; not automatically joined to browser cases"
"source-inventory","C2-CONTROL-261","ownership.json and control-action-crosswalk.csv","""select-from-stage""","client/src/pages/dashboard/StageRules.tsx","283","UNTESTED","UNTESTED","UNTESTED","UNTESTED","Not measured","UNTESTED","Existing census identity; not refreshed at closeout","Not attributed","Not verified","UNTESTED","C2 consumer; retained shared A/B command authority","controls.json; not automatically joined to browser cases"
"source-inventory","C2-CONTROL-262","ownership.json and control-action-crosswalk.csv","Select","client/src/pages/dashboard/StageRules.tsx","297","UNTESTED","UNTESTED","UNTESTED","UNTESTED","Not measured","UNTESTED","Existing census identity; not refreshed at closeout","Not attributed","Not verified","UNTESTED","C2 consumer; retained shared A/B command authority","controls.json; not automatically joined to browser cases"
"source-inventory","C2-CONTROL-263","ownership.json and control-action-crosswalk.csv","""select-to-stage""","client/src/pages/dashboard/StageRules.tsx","298","UNTESTED","UNTESTED","UNTESTED","UNTESTED","Not measured","UNTESTED","Existing census identity; not refreshed at closeout","Not attributed","Not verified","UNTESTED","C2 consumer; retained shared A/B command authority","controls.json; not automatically joined to browser cases"
"source-inventory","C2-CONTROL-264","ownership.json and control-action-crosswalk.csv","""button-add-action""","client/src/pages/dashboard/StageRules.tsx","312","UNTESTED","UNTESTED","UNTESTED","UNTESTED","Not measured","UNTESTED","Existing census identity; not refreshed at closeout","Not attributed","Not verified","UNTESTED","C2 consumer; retained shared A/B command authority","controls.json; not automatically joined to browser cases"
"source-inventory","C2-CONTROL-265","ownership.json and control-action-crosswalk.csv","{`button-remove-action-${idx}`}","client/src/pages/dashboard/StageRules.tsx","323","UNTESTED","UNTESTED","UNTESTED","UNTESTED","Not measured","UNTESTED","Existing census identity; not refreshed at closeout","Not attributed","Not verified","UNTESTED","C2 consumer; retained shared A/B command authority","controls.json; not automatically joined to browser cases"
"source-inventory","C2-CONTROL-266","ownership.json and control-action-crosswalk.csv","Select","client/src/pages/dashboard/StageRules.tsx","328","UNTESTED","UNTESTED","UNTESTED","UNTESTED","Not measured","UNTESTED","Existing census identity; not refreshed at closeout","Not attributed","Not verified","UNTESTED","C2 consumer; retained shared A/B command authority","controls.json; not automatically joined to browser cases"
"source-inventory","C2-CONTROL-267","ownership.json and control-action-crosswalk.csv","{`select-action-type-${idx}`}","client/src/pages/dashboard/StageRules.tsx","329","UNTESTED","UNTESTED","UNTESTED","UNTESTED","Not measured","UNTESTED","Existing census identity; not refreshed at closeout","Not attributed","Not verified","UNTESTED","C2 consumer; retained shared A/B command authority","controls.json; not automatically joined to browser cases"
"source-inventory","C2-CONTROL-268","ownership.json and control-action-crosswalk.csv","{`input-action-title-${idx}`}","client/src/pages/dashboard/StageRules.tsx","344","UNTESTED","UNTESTED","UNTESTED","UNTESTED","Not measured","UNTESTED","Existing census identity; not refreshed at closeout","Not attributed","Not verified","UNTESTED","C2 consumer; retained shared A/B command authority","controls.json; not automatically joined to browser cases"
"source-inventory","C2-CONTROL-269","ownership.json and control-action-crosswalk.csv","{`input-action-assigned-${idx}`}","client/src/pages/dashboard/StageRules.tsx","351","UNTESTED","UNTESTED","UNTESTED","UNTESTED","Not measured","UNTESTED","Existing census identity; not refreshed at closeout","Not attributed","Not verified","UNTESTED","C2 consumer; retained shared A/B command authority","controls.json; not automatically joined to browser cases"
"source-inventory","C2-CONTROL-270","ownership.json and control-action-crosswalk.csv","Select","client/src/pages/dashboard/StageRules.tsx","358","UNTESTED","UNTESTED","UNTESTED","UNTESTED","Not measured","UNTESTED","Existing census identity; not refreshed at closeout","Not attributed","Not verified","UNTESTED","C2 consumer; retained shared A/B command authority","controls.json; not automatically joined to browser cases"
"source-inventory","C2-CONTROL-271","ownership.json and control-action-crosswalk.csv","{`select-action-priority-${idx}`}","client/src/pages/dashboard/StageRules.tsx","359","UNTESTED","UNTESTED","UNTESTED","UNTESTED","Not measured","UNTESTED","Existing census identity; not refreshed at closeout","Not attributed","Not verified","UNTESTED","C2 consumer; retained shared A/B command authority","controls.json; not automatically joined to browser cases"
"source-inventory","C2-CONTROL-272","ownership.json and control-action-crosswalk.csv","{`input-action-due-hours-${idx}`}","client/src/pages/dashboard/StageRules.tsx","370","UNTESTED","UNTESTED","UNTESTED","UNTESTED","Not measured","UNTESTED","Existing census identity; not refreshed at closeout","Not attributed","Not verified","UNTESTED","C2 consumer; retained shared A/B command authority","controls.json; not automatically joined to browser cases"
"source-inventory","C2-CONTROL-273","ownership.json and control-action-crosswalk.csv","{`input-action-title-${idx}`}","client/src/pages/dashboard/StageRules.tsx","382","UNTESTED","UNTESTED","UNTESTED","UNTESTED","Not measured","UNTESTED","Existing census identity; not refreshed at closeout","Not attributed","Not verified","UNTESTED","C2 consumer; retained shared A/B command authority","controls.json; not automatically joined to browser cases"
"source-inventory","C2-CONTROL-274","ownership.json and control-action-crosswalk.csv","{`input-action-message-${idx}`}","client/src/pages/dashboard/StageRules.tsx","388","UNTESTED","UNTESTED","UNTESTED","UNTESTED","Not measured","UNTESTED","Existing census identity; not refreshed at closeout","Not attributed","Not verified","UNTESTED","C2 consumer; retained shared A/B command authority","controls.json; not automatically joined to browser cases"
"source-inventory","C2-CONTROL-275","ownership.json and control-action-crosswalk.csv","{`input-action-title-${idx}`}","client/src/pages/dashboard/StageRules.tsx","399","UNTESTED","UNTESTED","UNTESTED","UNTESTED","Not measured","UNTESTED","Existing census identity; not refreshed at closeout","Not attributed","Not verified","UNTESTED","C2 consumer; retained shared A/B command authority","controls.json; not automatically joined to browser cases"
"source-inventory","C2-CONTROL-276","ownership.json and control-action-crosswalk.csv","{`input-action-message-${idx}`}","client/src/pages/dashboard/StageRules.tsx","405","UNTESTED","UNTESTED","UNTESTED","UNTESTED","Not measured","UNTESTED","Existing census identity; not refreshed at closeout","Not attributed","Not verified","UNTESTED","C2 consumer; retained shared A/B command authority","controls.json; not automatically joined to browser cases"
"source-inventory","C2-CONTROL-277","ownership.json and control-action-crosswalk.csv","Select","client/src/pages/dashboard/StageRules.tsx","411","UNTESTED","UNTESTED","UNTESTED","UNTESTED","Not measured","UNTESTED","Existing census identity; not refreshed at closeout","Not attributed","Not verified","UNTESTED","C2 consumer; retained shared A/B command authority","controls.json; not automatically joined to browser cases"
"source-inventory","C2-CONTROL-278","ownership.json and control-action-crosswalk.csv","{`select-action-channel-${idx}`}","client/src/pages/dashboard/StageRules.tsx","412","UNTESTED","UNTESTED","UNTESTED","UNTESTED","Not measured","UNTESTED","Existing census identity; not refreshed at closeout","Not attributed","Not verified","UNTESTED","C2 consumer; retained shared A/B command authority","controls.json; not automatically joined to browser cases"
"source-inventory","C2-CONTROL-279","ownership.json and control-action-crosswalk.csv","{`input-action-title-${idx}`}","client/src/pages/dashboard/StageRules.tsx","426","UNTESTED","UNTESTED","UNTESTED","UNTESTED","Not measured","UNTESTED","Existing census identity; not refreshed at closeout","Not attributed","Not verified","UNTESTED","C2 consumer; retained shared A/B command authority","controls.json; not automatically joined to browser cases"
"source-inventory","C2-CONTROL-280","ownership.json and control-action-crosswalk.csv","{`input-action-delay-hours-${idx}`}","client/src/pages/dashboard/StageRules.tsx","432","UNTESTED","UNTESTED","UNTESTED","UNTESTED","Not measured","UNTESTED","Existing census identity; not refreshed at closeout","Not attributed","Not verified","UNTESTED","C2 consumer; retained shared A/B command authority","controls.json; not automatically joined to browser cases"
"source-inventory","C2-CONTROL-281","ownership.json and control-action-crosswalk.csv","{`input-action-description-${idx}`}","client/src/pages/dashboard/StageRules.tsx","439","UNTESTED","UNTESTED","UNTESTED","UNTESTED","Not measured","UNTESTED","Existing census identity; not refreshed at closeout","Not attributed","Not verified","UNTESTED","C2 consumer; retained shared A/B command authority","controls.json; not automatically joined to browser cases"
"source-inventory","C2-CONTROL-282","ownership.json and control-action-crosswalk.csv","Select","client/src/pages/dashboard/StageRules.tsx","450","UNTESTED","UNTESTED","UNTESTED","UNTESTED","Not measured","UNTESTED","Existing census identity; not refreshed at closeout","Not attributed","Not verified","UNTESTED","C2 consumer; retained shared A/B command authority","controls.json; not automatically joined to browser cases"
"source-inventory","C2-CONTROL-283","ownership.json and control-action-crosswalk.csv","{`select-action-sequence-${idx}`}","client/src/pages/dashboard/StageRules.tsx","451","UNTESTED","UNTESTED","UNTESTED","UNTESTED","Not measured","UNTESTED","Existing census identity; not refreshed at closeout","Not attributed","Not verified","UNTESTED","C2 consumer; retained shared A/B command authority","controls.json; not automatically joined to browser cases"
"source-inventory","C2-CONTROL-284","ownership.json and control-action-crosswalk.csv","{`input-action-owner-${idx}`}","client/src/pages/dashboard/StageRules.tsx","468","UNTESTED","UNTESTED","UNTESTED","UNTESTED","Not measured","UNTESTED","Existing census identity; not refreshed at closeout","Not attributed","Not verified","UNTESTED","C2 consumer; retained shared A/B command authority","controls.json; not automatically joined to browser cases"
"source-inventory","C2-CONTROL-285","ownership.json and control-action-crosswalk.csv","""button-save-rule""","client/src/pages/dashboard/StageRules.tsx","481","UNTESTED","UNTESTED","UNTESTED","UNTESTED","Not measured","UNTESTED","Existing census identity; not refreshed at closeout","Not attributed","Not verified","UNTESTED","C2 consumer; retained shared A/B command authority","controls.json; not automatically joined to browser cases"
"source-inventory","C2-CONTROL-286","ownership.json and control-action-crosswalk.csv","{`switch-rule-enabled-${rule.id}`}","client/src/pages/dashboard/StageRules.tsx","537","UNTESTED","UNTESTED","UNTESTED","UNTESTED","Not measured","UNTESTED","Existing census identity; not refreshed at closeout","Not attributed","Not verified","UNTESTED","C2 consumer; retained shared A/B command authority","controls.json; not automatically joined to browser cases"
"source-inventory","C2-CONTROL-287","ownership.json and control-action-crosswalk.csv","{`button-edit-rule-${rule.id}`}","client/src/pages/dashboard/StageRules.tsx","543","UNTESTED","UNTESTED","UNTESTED","UNTESTED","Not measured","UNTESTED","Existing census identity; not refreshed at closeout","Not attributed","Not verified","UNTESTED","C2 consumer; retained shared A/B command authority","controls.json; not automatically joined to browser cases"
"source-inventory","C2-CONTROL-288","ownership.json and control-action-crosswalk.csv","{`button-delete-rule-${rule.id}`}","client/src/pages/dashboard/StageRules.tsx","546","UNTESTED","UNTESTED","UNTESTED","UNTESTED","Not measured","UNTESTED","Existing census identity; not refreshed at closeout","Not attributed","Not verified","UNTESTED","C2 consumer; retained shared A/B command authority","controls.json; not automatically joined to browser cases"
"source-inventory","C2-CONTROL-289","ownership.json and control-action-crosswalk.csv","Button","client/src/pages/dashboard/ReviewComplete.tsx","212","UNTESTED","UNTESTED","UNTESTED","UNTESTED","Not measured","UNTESTED","Existing census identity; not refreshed at closeout","Not attributed","Not verified","UNTESTED","C2 consumer; retained shared A/B command authority","controls.json; not automatically joined to browser cases"
"source-inventory","C2-CONTROL-290","ownership.json and control-action-crosswalk.csv","form","client/src/pages/dashboard/ReviewComplete.tsx","216","UNTESTED","UNTESTED","UNTESTED","UNTESTED","Not measured","UNTESTED","Existing census identity; not refreshed at closeout","Not attributed","Not verified","UNTESTED","C2 consumer; retained shared A/B command authority","controls.json; not automatically joined to browser cases"
"source-inventory","C2-CONTROL-291","ownership.json and control-action-crosswalk.csv","Input","client/src/pages/dashboard/ReviewComplete.tsx","223","UNTESTED","UNTESTED","UNTESTED","UNTESTED","Not measured","UNTESTED","Existing census identity; not refreshed at closeout","Not attributed","Not verified","UNTESTED","C2 consumer; retained shared A/B command authority","controls.json; not automatically joined to browser cases"
"source-inventory","C2-CONTROL-292","ownership.json and control-action-crosswalk.csv","Select","client/src/pages/dashboard/ReviewComplete.tsx","225","UNTESTED","UNTESTED","UNTESTED","UNTESTED","Not measured","UNTESTED","Existing census identity; not refreshed at closeout","Not attributed","Not verified","UNTESTED","C2 consumer; retained shared A/B command authority","controls.json; not automatically joined to browser cases"
"source-inventory","C2-CONTROL-293","ownership.json and control-action-crosswalk.csv","""select-contact""","client/src/pages/dashboard/ReviewComplete.tsx","234","UNTESTED","UNTESTED","UNTESTED","UNTESTED","Not measured","UNTESTED","Existing census identity; not refreshed at closeout","Not attributed","Not verified","UNTESTED","C2 consumer; retained shared A/B command authority","controls.json; not automatically joined to browser cases"
"source-inventory","C2-CONTROL-294","ownership.json and control-action-crosswalk.csv","Select","client/src/pages/dashboard/ReviewComplete.tsx","260","UNTESTED","UNTESTED","UNTESTED","UNTESTED","Not measured","UNTESTED","Existing census identity; not refreshed at closeout","Not attributed","Not verified","UNTESTED","C2 consumer; retained shared A/B command authority","controls.json; not automatically joined to browser cases"
"source-inventory","C2-CONTROL-295","ownership.json and control-action-crosswalk.csv","""select-deal""","client/src/pages/dashboard/ReviewComplete.tsx","262","UNTESTED","UNTESTED","UNTESTED","UNTESTED","Not measured","UNTESTED","Existing census identity; not refreshed at closeout","Not attributed","Not verified","UNTESTED","C2 consumer; retained shared A/B command authority","controls.json; not automatically joined to browser cases"
"source-inventory","C2-CONTROL-296","ownership.json and control-action-crosswalk.csv","""input-effective-rate""","client/src/pages/dashboard/ReviewComplete.tsx","288","UNTESTED","UNTESTED","UNTESTED","UNTESTED","Not measured","UNTESTED","Existing census identity; not refreshed at closeout","Not attributed","Not verified","UNTESTED","C2 consumer; retained shared A/B command authority","controls.json; not automatically joined to browser cases"
"source-inventory","C2-CONTROL-297","ownership.json and control-action-crosswalk.csv","""input-total-volume""","client/src/pages/dashboard/ReviewComplete.tsx","302","UNTESTED","UNTESTED","UNTESTED","UNTESTED","Not measured","UNTESTED","Existing census identity; not refreshed at closeout","Not attributed","Not verified","UNTESTED","C2 consumer; retained shared A/B command authority","controls.json; not automatically joined to browser cases"
"source-inventory","C2-CONTROL-298","ownership.json and control-action-crosswalk.csv","""input-total-fees""","client/src/pages/dashboard/ReviewComplete.tsx","316","UNTESTED","UNTESTED","UNTESTED","UNTESTED","Not measured","UNTESTED","Existing census identity; not refreshed at closeout","Not attributed","Not verified","UNTESTED","C2 consumer; retained shared A/B command authority","controls.json; not automatically joined to browser cases"
"source-inventory","C2-CONTROL-299","ownership.json and control-action-crosswalk.csv","""input-cost-driver-1""","client/src/pages/dashboard/ReviewComplete.tsx","332","UNTESTED","UNTESTED","UNTESTED","UNTESTED","Not measured","UNTESTED","Existing census identity; not refreshed at closeout","Not attributed","Not verified","UNTESTED","C2 consumer; retained shared A/B command authority","controls.json; not automatically joined to browser cases"
"source-inventory","C2-CONTROL-300","ownership.json and control-action-crosswalk.csv","""input-cost-driver-2""","client/src/pages/dashboard/ReviewComplete.tsx","346","UNTESTED","UNTESTED","UNTESTED","UNTESTED","Not measured","UNTESTED","Existing census identity; not refreshed at closeout","Not attributed","Not verified","UNTESTED","C2 consumer; retained shared A/B command authority","controls.json; not automatically joined to browser cases"
"source-inventory","C2-CONTROL-301","ownership.json and control-action-crosswalk.csv","""input-cost-driver-3""","client/src/pages/dashboard/ReviewComplete.tsx","360","UNTESTED","UNTESTED","UNTESTED","UNTESTED","Not measured","UNTESTED","Existing census identity; not refreshed at closeout","Not attributed","Not verified","UNTESTED","C2 consumer; retained shared A/B command authority","controls.json; not automatically joined to browser cases"
"source-inventory","C2-CONTROL-302","ownership.json and control-action-crosswalk.csv","Select","client/src/pages/dashboard/ReviewComplete.tsx","374","UNTESTED","UNTESTED","UNTESTED","UNTESTED","Not measured","UNTESTED","Existing census identity; not refreshed at closeout","Not attributed","Not verified","UNTESTED","C2 consumer; retained shared A/B command authority","controls.json; not automatically joined to browser cases"
"source-inventory","C2-CONTROL-303","ownership.json and control-action-crosswalk.csv","""select-recommended-path""","client/src/pages/dashboard/ReviewComplete.tsx","376","UNTESTED","UNTESTED","UNTESTED","UNTESTED","Not measured","UNTESTED","Existing census identity; not refreshed at closeout","Not attributed","Not verified","UNTESTED","C2 consumer; retained shared A/B command authority","controls.json; not automatically joined to browser cases"
"source-inventory","C2-CONTROL-304","ownership.json and control-action-crosswalk.csv","""input-option-a""","client/src/pages/dashboard/ReviewComplete.tsx","400","UNTESTED","UNTESTED","UNTESTED","UNTESTED","Not measured","UNTESTED","Existing census identity; not refreshed at closeout","Not attributed","Not verified","UNTESTED","C2 consumer; retained shared A/B command authority","controls.json; not automatically joined to browser cases"
"source-inventory","C2-CONTROL-305","ownership.json and control-action-crosswalk.csv","""input-option-b""","client/src/pages/dashboard/ReviewComplete.tsx","414","UNTESTED","UNTESTED","UNTESTED","UNTESTED","Not measured","UNTESTED","Existing census identity; not refreshed at closeout","Not attributed","Not verified","UNTESTED","C2 consumer; retained shared A/B command authority","controls.json; not automatically joined to browser cases"
"source-inventory","C2-CONTROL-306","ownership.json and control-action-crosswalk.csv","Select","client/src/pages/dashboard/ReviewComplete.tsx","427","UNTESTED","UNTESTED","UNTESTED","UNTESTED","Not measured","UNTESTED","Existing census identity; not refreshed at closeout","Not attributed","Not verified","UNTESTED","C2 consumer; retained shared A/B command authority","controls.json; not automatically joined to browser cases"
"source-inventory","C2-CONTROL-307","ownership.json and control-action-crosswalk.csv","""select-terminal-recommendation""","client/src/pages/dashboard/ReviewComplete.tsx","429","UNTESTED","UNTESTED","UNTESTED","UNTESTED","Not measured","UNTESTED","Existing census identity; not refreshed at closeout","Not attributed","Not verified","UNTESTED","C2 consumer; retained shared A/B command authority","controls.json; not automatically joined to browser cases"
"source-inventory","C2-CONTROL-308","ownership.json and control-action-crosswalk.csv","""input-funding-notes""","client/src/pages/dashboard/ReviewComplete.tsx","453","UNTESTED","UNTESTED","UNTESTED","UNTESTED","Not measured","UNTESTED","Existing census identity; not refreshed at closeout","Not attributed","Not verified","UNTESTED","C2 consumer; retained shared A/B command authority","controls.json; not automatically joined to browser cases"
"source-inventory","C2-CONTROL-309","ownership.json and control-action-crosswalk.csv","""button-submit-review""","client/src/pages/dashboard/ReviewComplete.tsx","460","UNTESTED","UNTESTED","UNTESTED","UNTESTED","Not measured","UNTESTED","Existing census identity; not refreshed at closeout","Not attributed","Not verified","UNTESTED","C2 consumer; retained shared A/B command authority","controls.json; not automatically joined to browser cases"
"source-inventory","C2-CONTROL-310","ownership.json and control-action-crosswalk.csv","div","client/src/pages/dashboard/Pipeline.tsx","208","UNTESTED","UNTESTED","UNTESTED","UNTESTED","Not measured","UNTESTED","Existing census identity; not refreshed at closeout","Not attributed","Not verified","UNTESTED","C2 consumer; retained shared A/B command authority","controls.json; not automatically joined to browser cases"
"source-inventory","C2-CONTROL-311","ownership.json and control-action-crosswalk.csv","{`textarea-quick-note-${deal.id}`}","client/src/pages/dashboard/Pipeline.tsx","209","UNTESTED","UNTESTED","UNTESTED","UNTESTED","Not measured","UNTESTED","Existing census identity; not refreshed at closeout","Not attributed","Not verified","UNTESTED","C2 consumer; retained shared A/B command authority","controls.json; not automatically joined to browser cases"
"source-inventory","C2-CONTROL-312","ownership.json and control-action-crosswalk.csv","{`button-quick-note-${deal.id}`}","client/src/pages/dashboard/Pipeline.tsx","230","UNTESTED","UNTESTED","UNTESTED","UNTESTED","Not measured","UNTESTED","Existing census identity; not refreshed at closeout","Not attributed","Not verified","UNTESTED","C2 consumer; retained shared A/B command authority","controls.json; not automatically joined to browser cases"
"source-inventory","C2-CONTROL-313","ownership.json and control-action-crosswalk.csv","{`button-view-full-notes-${deal.id}`}","client/src/pages/dashboard/Pipeline.tsx","247","UNTESTED","UNTESTED","UNTESTED","UNTESTED","Not measured","UNTESTED","Existing census identity; not refreshed at closeout","Not attributed","Not verified","UNTESTED","C2 consumer; retained shared A/B command authority","controls.json; not automatically joined to browser cases"
"source-inventory","C2-CONTROL-314","ownership.json and control-action-crosswalk.csv","Dialog","client/src/pages/dashboard/Pipeline.tsx","254","UNTESTED","UNTESTED","UNTESTED","UNTESTED","Not measured","UNTESTED","Existing census identity; not refreshed at closeout","Not attributed","Not verified","UNTESTED","C2 consumer; retained shared A/B command authority","controls.json; not automatically joined to browser cases"
"source-inventory","C2-CONTROL-315","ownership.json and control-action-crosswalk.csv","{`button-close-notes-${deal.id}`}","client/src/pages/dashboard/Pipeline.tsx","264","UNTESTED","UNTESTED","UNTESTED","UNTESTED","Not measured","UNTESTED","Existing census identity; not refreshed at closeout","Not attributed","Not verified","UNTESTED","C2 consumer; retained shared A/B command authority","controls.json; not automatically joined to browser cases"
"source-inventory","C2-CONTROL-316","ownership.json and control-action-crosswalk.csv","Sheet","client/src/pages/dashboard/Pipeline.tsx","432","UNTESTED","UNTESTED","UNTESTED","UNTESTED","Not measured","UNTESTED","Existing census identity; not refreshed at closeout","Not attributed","Not verified","UNTESTED","C2 consumer; retained shared A/B command authority","controls.json; not automatically joined to browser cases"
"source-inventory","C2-CONTROL-317","ownership.json and control-action-crosswalk.csv","""input-qe-first-name""","client/src/pages/dashboard/Pipeline.tsx","445","UNTESTED","UNTESTED","UNTESTED","UNTESTED","Not measured","UNTESTED","Existing census identity; not refreshed at closeout","Not attributed","Not verified","UNTESTED","C2 consumer; retained shared A/B command authority","controls.json; not automatically joined to browser cases"
"source-inventory","C2-CONTROL-318","ownership.json and control-action-crosswalk.csv","""input-qe-last-name""","client/src/pages/dashboard/Pipeline.tsx","453","UNTESTED","UNTESTED","UNTESTED","UNTESTED","Not measured","UNTESTED","Existing census identity; not refreshed at closeout","Not attributed","Not verified","UNTESTED","C2 consumer; retained shared A/B command authority","controls.json; not automatically joined to browser cases"
"source-inventory","C2-CONTROL-319","ownership.json and control-action-crosswalk.csv","""input-qe-company""","client/src/pages/dashboard/Pipeline.tsx","464","UNTESTED","UNTESTED","UNTESTED","UNTESTED","Not measured","UNTESTED","Existing census identity; not refreshed at closeout","Not attributed","Not verified","UNTESTED","C2 consumer; retained shared A/B command authority","controls.json; not automatically joined to browser cases"
"source-inventory","C2-CONTROL-320","ownership.json and control-action-crosswalk.csv","""input-qe-email""","client/src/pages/dashboard/Pipeline.tsx","473","UNTESTED","UNTESTED","UNTESTED","UNTESTED","Not measured","UNTESTED","Existing census identity; not refreshed at closeout","Not attributed","Not verified","UNTESTED","C2 consumer; retained shared A/B command authority","controls.json; not automatically joined to browser cases"
"source-inventory","C2-CONTROL-321","ownership.json and control-action-crosswalk.csv","""input-qe-phone""","client/src/pages/dashboard/Pipeline.tsx","484","UNTESTED","UNTESTED","UNTESTED","UNTESTED","Not measured","UNTESTED","Existing census identity; not refreshed at closeout","Not attributed","Not verified","UNTESTED","C2 consumer; retained shared A/B command authority","controls.json; not automatically joined to browser cases"
"source-inventory","C2-CONTROL-322","ownership.json and control-action-crosswalk.csv","Select","client/src/pages/dashboard/Pipeline.tsx","494","UNTESTED","UNTESTED","UNTESTED","UNTESTED","Not measured","UNTESTED","Existing census identity; not refreshed at closeout","Not attributed","Not verified","UNTESTED","C2 consumer; retained shared A/B command authority","controls.json; not automatically joined to browser cases"
"source-inventory","C2-CONTROL-323","ownership.json and control-action-crosswalk.csv","""select-qe-vertical""","client/src/pages/dashboard/Pipeline.tsx","498","UNTESTED","UNTESTED","UNTESTED","UNTESTED","Not measured","UNTESTED","Existing census identity; not refreshed at closeout","Not attributed","Not verified","UNTESTED","C2 consumer; retained shared A/B command authority","controls.json; not automatically joined to browser cases"
"source-inventory","C2-CONTROL-324","ownership.json and control-action-crosswalk.csv","""input-qe-monthly-volume""","client/src/pages/dashboard/Pipeline.tsx","512","UNTESTED","UNTESTED","UNTESTED","UNTESTED","Not measured","UNTESTED","Existing census identity; not refreshed at closeout","Not attributed","Not verified","UNTESTED","C2 consumer; retained shared A/B command authority","controls.json; not automatically joined to browser cases"
"source-inventory","C2-CONTROL-325","ownership.json and control-action-crosswalk.csv","""input-qe-current-provider""","client/src/pages/dashboard/Pipeline.tsx","522","UNTESTED","UNTESTED","UNTESTED","UNTESTED","Not measured","UNTESTED","Existing census identity; not refreshed at closeout","Not attributed","Not verified","UNTESTED","C2 consumer; retained shared A/B command authority","controls.json; not automatically joined to browser cases"
"source-inventory","C2-CONTROL-326","ownership.json and control-action-crosswalk.csv","""input-qe-source""","client/src/pages/dashboard/Pipeline.tsx","531","UNTESTED","UNTESTED","UNTESTED","UNTESTED","Not measured","UNTESTED","Existing census identity; not refreshed at closeout","Not attributed","Not verified","UNTESTED","C2 consumer; retained shared A/B command authority","controls.json; not automatically joined to browser cases"
"source-inventory","C2-CONTROL-327","ownership.json and control-action-crosswalk.csv","Select","client/src/pages/dashboard/Pipeline.tsx","540","UNTESTED","UNTESTED","UNTESTED","UNTESTED","Not measured","UNTESTED","Existing census identity; not refreshed at closeout","Not attributed","Not verified","UNTESTED","C2 consumer; retained shared A/B command authority","controls.json; not automatically joined to browser cases"
"source-inventory","C2-CONTROL-328","ownership.json and control-action-crosswalk.csv","""select-qe-preferred-channel""","client/src/pages/dashboard/Pipeline.tsx","544","UNTESTED","UNTESTED","UNTESTED","UNTESTED","Not measured","UNTESTED","Existing census identity; not refreshed at closeout","Not attributed","Not verified","UNTESTED","C2 consumer; retained shared A/B command authority","controls.json; not automatically joined to browser cases"
"source-inventory","C2-CONTROL-329","ownership.json and control-action-crosswalk.csv","""input-qe-deal-name""","client/src/pages/dashboard/Pipeline.tsx","560","UNTESTED","UNTESTED","UNTESTED","UNTESTED","Not measured","UNTESTED","Existing census identity; not refreshed at closeout","Not attributed","Not verified","UNTESTED","C2 consumer; retained shared A/B command authority","controls.json; not automatically joined to browser cases"
"source-inventory","C2-CONTROL-330","ownership.json and control-action-crosswalk.csv","Select","client/src/pages/dashboard/Pipeline.tsx","568","UNTESTED","UNTESTED","UNTESTED","UNTESTED","Not measured","UNTESTED","Existing census identity; not refreshed at closeout","Not attributed","Not verified","UNTESTED","C2 consumer; retained shared A/B command authority","controls.json; not automatically joined to browser cases"
"source-inventory","C2-CONTROL-331","ownership.json and control-action-crosswalk.csv","""select-qe-offer-path""","client/src/pages/dashboard/Pipeline.tsx","572","UNTESTED","UNTESTED","UNTESTED","UNTESTED","Not measured","UNTESTED","Existing census identity; not refreshed at closeout","Not attributed","Not verified","UNTESTED","C2 consumer; retained shared A/B command authority","controls.json; not automatically joined to browser cases"
"source-inventory","C2-CONTROL-332","ownership.json and control-action-crosswalk.csv","""button-qe-cancel""","client/src/pages/dashboard/Pipeline.tsx","586","UNTESTED","UNTESTED","UNTESTED","UNTESTED","Not measured","UNTESTED","Existing census identity; not refreshed at closeout","Not attributed","Not verified","UNTESTED","C2 consumer; retained shared A/B command authority","controls.json; not automatically joined to browser cases"
"source-inventory","C2-CONTROL-333","ownership.json and control-action-crosswalk.csv","""button-qe-save""","client/src/pages/dashboard/Pipeline.tsx","587","UNTESTED","UNTESTED","UNTESTED","UNTESTED","Not measured","UNTESTED","Existing census identity; not refreshed at closeout","Not attributed","Not verified","UNTESTED","C2 consumer; retained shared A/B command authority","controls.json; not automatically joined to browser cases"
"source-inventory","C2-CONTROL-334","ownership.json and control-action-crosswalk.csv","{`card-deal-${deal.id}`}","client/src/pages/dashboard/Pipeline.tsx","663","UNTESTED","UNTESTED","UNTESTED","UNTESTED","Not measured","UNTESTED","Existing census identity; not refreshed at closeout","Not attributed","Not verified","UNTESTED","C2 consumer; retained shared A/B command authority","controls.json; not automatically joined to browser cases"
"source-inventory","C2-CONTROL-335","ownership.json and control-action-crosswalk.csv","{`checkbox-deal-${deal.id}`}","client/src/pages/dashboard/Pipeline.tsx","670","UNTESTED","UNTESTED","UNTESTED","UNTESTED","Not measured","UNTESTED","Existing census identity; not refreshed at closeout","Not attributed","Not verified","UNTESTED","C2 consumer; retained shared A/B command authority","controls.json; not automatically joined to browser cases"
"source-inventory","C2-CONTROL-336","ownership.json and control-action-crosswalk.csv","div","client/src/pages/dashboard/Pipeline.tsx","677","UNTESTED","UNTESTED","UNTESTED","UNTESTED","Not measured","UNTESTED","Existing census identity; not refreshed at closeout","Not attributed","Not verified","UNTESTED","C2 consumer; retained shared A/B command authority","controls.json; not automatically joined to browser cases"
"source-inventory","C2-CONTROL-337","ownership.json and control-action-crosswalk.csv","{`button-deal-actions-${deal.id}`}","client/src/pages/dashboard/Pipeline.tsx","689","UNTESTED","UNTESTED","UNTESTED","UNTESTED","Not measured","UNTESTED","Existing census identity; not refreshed at closeout","Not attributed","Not verified","UNTESTED","C2 consumer; retained shared A/B command authority","controls.json; not automatically joined to browser cases"
"source-inventory","C2-CONTROL-338","ownership.json and control-action-crosswalk.csv","{`menu-quick-edit-deal-${deal.id}`}","client/src/pages/dashboard/Pipeline.tsx","694","UNTESTED","UNTESTED","UNTESTED","UNTESTED","Not measured","UNTESTED","Existing census identity; not refreshed at closeout","Not attributed","Not verified","UNTESTED","C2 consumer; retained shared A/B command authority","controls.json; not automatically joined to browser cases"
"source-inventory","C2-CONTROL-339","ownership.json and control-action-crosswalk.csv","{`menu-ai-advisor-deal-${deal.id}`}","client/src/pages/dashboard/Pipeline.tsx","703","UNTESTED","UNTESTED","UNTESTED","UNTESTED","Not measured","UNTESTED","Existing census identity; not refreshed at closeout","Not attributed","Not verified","UNTESTED","C2 consumer; retained shared A/B command authority","controls.json; not automatically joined to browser cases"
"source-inventory","C2-CONTROL-340","ownership.json and control-action-crosswalk.csv","{`menu-restore-deal-${deal.id}`}","client/src/pages/dashboard/Pipeline.tsx","714","UNTESTED","UNTESTED","UNTESTED","UNTESTED","Not measured","UNTESTED","Existing census identity; not refreshed at closeout","Not attributed","Not verified","UNTESTED","C2 consumer; retained shared A/B command authority","controls.json; not automatically joined to browser cases"
"source-inventory","C2-CONTROL-341","ownership.json and control-action-crosswalk.csv","{`menu-archive-deal-${deal.id}`}","client/src/pages/dashboard/Pipeline.tsx","721","UNTESTED","UNTESTED","UNTESTED","UNTESTED","Not measured","UNTESTED","Existing census identity; not refreshed at closeout","Not attributed","Not verified","UNTESTED","C2 consumer; retained shared A/B command authority","controls.json; not automatically joined to browser cases"
"source-inventory","C2-CONTROL-342","ownership.json and control-action-crosswalk.csv","{`button-open-deal-${deal.id}`}","client/src/pages/dashboard/Pipeline.tsx","731","UNTESTED","UNTESTED","UNTESTED","UNTESTED","Not measured","UNTESTED","Existing census identity; not refreshed at closeout","Not attributed","Not verified","UNTESTED","C2 consumer; retained shared A/B command authority","controls.json; not automatically joined to browser cases"
"source-inventory","C2-CONTROL-343","ownership.json and control-action-crosswalk.csv","div","client/src/pages/dashboard/Pipeline.tsx","997","UNTESTED","UNTESTED","UNTESTED","UNTESTED","Not measured","UNTESTED","Existing census identity; not refreshed at closeout","Not attributed","Not verified","UNTESTED","C2 consumer; retained shared A/B command authority","controls.json; not automatically joined to browser cases"
"source-inventory","C2-CONTROL-344","ownership.json and control-action-crosswalk.csv","{`button-retry-proposals-${deal.id}`}","client/src/pages/dashboard/Pipeline.tsx","1001","UNTESTED","UNTESTED","UNTESTED","UNTESTED","Not measured","UNTESTED","Existing census identity; not refreshed at closeout","Not attributed","Not verified","UNTESTED","C2 consumer; retained shared A/B command authority","controls.json; not automatically joined to browser cases"
"source-inventory","C2-CONTROL-345","ownership.json and control-action-crosswalk.csv","{`badge-confirmation-failed-deal-${deal.id}`}","client/src/pages/dashboard/Pipeline.tsx","1048","UNTESTED","UNTESTED","UNTESTED","UNTESTED","Not measured","UNTESTED","Existing census identity; not refreshed at closeout","Not attributed","Not verified","UNTESTED","C2 consumer; retained shared A/B command authority","controls.json; not automatically joined to browser cases"
"source-inventory","C2-CONTROL-346","ownership.json and control-action-crosswalk.csv","{`button-add-deal-${stage.replace(/\s+/g, ""-"").toLowerCase()}`}","client/src/pages/dashboard/Pipeline.tsx","1215","UNTESTED","UNTESTED","UNTESTED","UNTESTED","Not measured","UNTESTED","Existing census identity; not refreshed at closeout","Not attributed","Not verified","UNTESTED","C2 consumer; retained shared A/B command authority","controls.json; not automatically joined to browser cases"
"source-inventory","C2-CONTROL-347","ownership.json and control-action-crosswalk.csv","button","client/src/pages/dashboard/Pipeline.tsx","1254","UNTESTED","UNTESTED","UNTESTED","UNTESTED","Not measured","UNTESTED","Existing census identity; not refreshed at closeout","Not attributed","Not verified","UNTESTED","C2 consumer; retained shared A/B command authority","controls.json; not automatically joined to browser cases"
"source-inventory","C2-CONTROL-348","ownership.json and control-action-crosswalk.csv","""input-new-competitor""","client/src/pages/dashboard/Pipeline.tsx","1260","UNTESTED","UNTESTED","UNTESTED","UNTESTED","Not measured","UNTESTED","Existing census identity; not refreshed at closeout","Not attributed","Not verified","UNTESTED","C2 consumer; retained shared A/B command authority","controls.json; not automatically joined to browser cases"
"source-inventory","C2-CONTROL-349","ownership.json and control-action-crosswalk.csv","Button","client/src/pages/dashboard/Pipeline.tsx","1269","UNTESTED","UNTESTED","UNTESTED","UNTESTED","Not measured","UNTESTED","Existing census identity; not refreshed at closeout","Not attributed","Not verified","UNTESTED","C2 consumer; retained shared A/B command authority","controls.json; not automatically joined to browser cases"
"source-inventory","C2-CONTROL-350","ownership.json and control-action-crosswalk.csv","{`deal-history-toggle-${entry.id}`}","client/src/pages/dashboard/Pipeline.tsx","1353","UNTESTED","UNTESTED","UNTESTED","UNTESTED","Not measured","UNTESTED","Existing census identity; not refreshed at closeout","Not attributed","Not verified","UNTESTED","C2 consumer; retained shared A/B command authority","controls.json; not automatically joined to browser cases"
"source-inventory","C2-CONTROL-351","ownership.json and control-action-crosswalk.csv","Button","client/src/pages/dashboard/Pipeline.tsx","2449","UNTESTED","UNTESTED","UNTESTED","UNTESTED","Not measured","UNTESTED","Existing census identity; not refreshed at closeout","Not attributed","Not verified","UNTESTED","C2 consumer; retained shared A/B command authority","controls.json; not automatically joined to browser cases"
"source-inventory","C2-CONTROL-352","ownership.json and control-action-crosswalk.csv","""switch-show-archived-deals""","client/src/pages/dashboard/Pipeline.tsx","2462","UNTESTED","UNTESTED","UNTESTED","UNTESTED","Not measured","UNTESTED","Existing census identity; not refreshed at closeout","Not attributed","Not verified","UNTESTED","C2 consumer; retained shared A/B command authority","controls.json; not automatically joined to browser cases"
"source-inventory","C2-CONTROL-353","ownership.json and control-action-crosswalk.csv","Label","client/src/pages/dashboard/Pipeline.tsx","2467","UNTESTED","UNTESTED","UNTESTED","UNTESTED","Not measured","UNTESTED","Existing census identity; not refreshed at closeout","Not attributed","Not verified","UNTESTED","C2 consumer; retained shared A/B command authority","controls.json; not automatically joined to browser cases"
"source-inventory","C2-CONTROL-354","ownership.json and control-action-crosswalk.csv","""switch-hide-empty-stages""","client/src/pages/dashboard/Pipeline.tsx","2473","UNTESTED","UNTESTED","UNTESTED","UNTESTED","Not measured","UNTESTED","Existing census identity; not refreshed at closeout","Not attributed","Not verified","UNTESTED","C2 consumer; retained shared A/B command authority","controls.json; not automatically joined to browser cases"
"source-inventory","C2-CONTROL-355","ownership.json and control-action-crosswalk.csv","Label","client/src/pages/dashboard/Pipeline.tsx","2478","UNTESTED","UNTESTED","UNTESTED","UNTESTED","Not measured","UNTESTED","Existing census identity; not refreshed at closeout","Not attributed","Not verified","UNTESTED","C2 consumer; retained shared A/B command authority","controls.json; not automatically joined to browser cases"
"source-inventory","C2-CONTROL-356","ownership.json and control-action-crosswalk.csv","""switch-unassigned-only""","client/src/pages/dashboard/Pipeline.tsx","2484","UNTESTED","UNTESTED","UNTESTED","UNTESTED","Not measured","UNTESTED","Existing census identity; not refreshed at closeout","Not attributed","Not verified","UNTESTED","C2 consumer; retained shared A/B command authority","controls.json; not automatically joined to browser cases"
"source-inventory","C2-CONTROL-357","ownership.json and control-action-crosswalk.csv","Label","client/src/pages/dashboard/Pipeline.tsx","2489","UNTESTED","UNTESTED","UNTESTED","UNTESTED","Not measured","UNTESTED","Existing census identity; not refreshed at closeout","Not attributed","Not verified","UNTESTED","C2 consumer; retained shared A/B command authority","controls.json; not automatically joined to browser cases"
"source-inventory","C2-CONTROL-358","ownership.json and control-action-crosswalk.csv","""button-view-kanban""","client/src/pages/dashboard/Pipeline.tsx","2495","UNTESTED","UNTESTED","UNTESTED","UNTESTED","Not measured","UNTESTED","Existing census identity; not refreshed at closeout","Not attributed","Not verified","UNTESTED","C2 consumer; retained shared A/B command authority","controls.json; not automatically joined to browser cases"
"source-inventory","C2-CONTROL-359","ownership.json and control-action-crosswalk.csv","""button-view-list""","client/src/pages/dashboard/Pipeline.tsx","2503","UNTESTED","UNTESTED","UNTESTED","UNTESTED","Not measured","UNTESTED","Existing census identity; not refreshed at closeout","Not attributed","Not verified","UNTESTED","C2 consumer; retained shared A/B command authority","controls.json; not automatically joined to browser cases"
"source-inventory","C2-CONTROL-360","ownership.json and control-action-crosswalk.csv","Select","client/src/pages/dashboard/Pipeline.tsx","2512","UNTESTED","UNTESTED","UNTESTED","UNTESTED","Not measured","UNTESTED","Existing census identity; not refreshed at closeout","Not attributed","Not verified","UNTESTED","C2 consumer; retained shared A/B command authority","controls.json; not automatically joined to browser cases"
"source-inventory","C2-CONTROL-361","ownership.json and control-action-crosswalk.csv","""select-pipeline-sort""","client/src/pages/dashboard/Pipeline.tsx","2513","UNTESTED","UNTESTED","UNTESTED","UNTESTED","Not measured","UNTESTED","Existing census identity; not refreshed at closeout","Not attributed","Not verified","UNTESTED","C2 consumer; retained shared A/B command authority","controls.json; not automatically joined to browser cases"
"source-inventory","C2-CONTROL-362","ownership.json and control-action-crosswalk.csv","Select","client/src/pages/dashboard/Pipeline.tsx","2528","UNTESTED","UNTESTED","UNTESTED","UNTESTED","Not measured","UNTESTED","Existing census identity; not refreshed at closeout","Not attributed","Not verified","UNTESTED","C2 consumer; retained shared A/B command authority","controls.json; not automatically joined to browser cases"
"source-inventory","C2-CONTROL-363","ownership.json and control-action-crosswalk.csv","""select-pipeline-rep-filter""","client/src/pages/dashboard/Pipeline.tsx","2529","UNTESTED","UNTESTED","UNTESTED","UNTESTED","Not measured","UNTESTED","Existing census identity; not refreshed at closeout","Not attributed","Not verified","UNTESTED","C2 consumer; retained shared A/B command authority","controls.json; not automatically joined to browser cases"
"source-inventory","C2-CONTROL-364","ownership.json and control-action-crosswalk.csv","Select","client/src/pages/dashboard/Pipeline.tsx","2543","UNTESTED","UNTESTED","UNTESTED","UNTESTED","Not measured","UNTESTED","Existing census identity; not refreshed at closeout","Not attributed","Not verified","UNTESTED","C2 consumer; retained shared A/B command authority","controls.json; not automatically joined to browser cases"
"source-inventory","C2-CONTROL-365","ownership.json and control-action-crosswalk.csv","""select-pipeline-vertical-filter""","client/src/pages/dashboard/Pipeline.tsx","2544","UNTESTED","UNTESTED","UNTESTED","UNTESTED","Not measured","UNTESTED","Existing census identity; not refreshed at closeout","Not attributed","Not verified","UNTESTED","C2 consumer; retained shared A/B command authority","controls.json; not automatically joined to browser cases"
"source-inventory","C2-CONTROL-366","ownership.json and control-action-crosswalk.csv","Select","client/src/pages/dashboard/Pipeline.tsx","2553","UNTESTED","UNTESTED","UNTESTED","UNTESTED","Not measured","UNTESTED","Existing census identity; not refreshed at closeout","Not attributed","Not verified","UNTESTED","C2 consumer; retained shared A/B command authority","controls.json; not automatically joined to browser cases"
"source-inventory","C2-CONTROL-367","ownership.json and control-action-crosswalk.csv","""select-pipeline-offerpath-filter""","client/src/pages/dashboard/Pipeline.tsx","2554","UNTESTED","UNTESTED","UNTESTED","UNTESTED","Not measured","UNTESTED","Existing census identity; not refreshed at closeout","Not attributed","Not verified","UNTESTED","C2 consumer; retained shared A/B command authority","controls.json; not automatically joined to browser cases"
"source-inventory","C2-CONTROL-368","ownership.json and control-action-crosswalk.csv","""chip-no-followup""","client/src/pages/dashboard/Pipeline.tsx","2563","UNTESTED","UNTESTED","UNTESTED","UNTESTED","Not measured","UNTESTED","Existing census identity; not refreshed at closeout","Not attributed","Not verified","UNTESTED","C2 consumer; retained shared A/B command authority","controls.json; not automatically joined to browser cases"
"source-inventory","C2-CONTROL-369","ownership.json and control-action-crosswalk.csv","Dialog","client/src/pages/dashboard/Pipeline.tsx","2574","UNTESTED","UNTESTED","UNTESTED","UNTESTED","Not measured","UNTESTED","Existing census identity; not refreshed at closeout","Not attributed","Not verified","UNTESTED","C2 consumer; retained shared A/B command authority","controls.json; not automatically joined to browser cases"
"source-inventory","C2-CONTROL-370","ownership.json and control-action-crosswalk.csv","""select-pipeline-group-filter""","client/src/pages/dashboard/Pipeline.tsx","2575","UNTESTED","UNTESTED","UNTESTED","UNTESTED","Not measured","UNTESTED","Existing census identity; not refreshed at closeout","Not attributed","Not verified","UNTESTED","C2 consumer; retained shared A/B command authority","controls.json; not automatically joined to browser cases"
"source-inventory","C2-CONTROL-371","ownership.json and control-action-crosswalk.csv","""group-filter-all""","client/src/pages/dashboard/Pipeline.tsx","2581","UNTESTED","UNTESTED","UNTESTED","UNTESTED","Not measured","UNTESTED","Existing census identity; not refreshed at closeout","Not attributed","Not verified","UNTESTED","C2 consumer; retained shared A/B command authority","controls.json; not automatically joined to browser cases"
"source-inventory","C2-CONTROL-372","ownership.json and control-action-crosswalk.csv","""button-export-deals""","client/src/pages/dashboard/Pipeline.tsx","2584","UNTESTED","UNTESTED","UNTESTED","UNTESTED","Not measured","UNTESTED","Existing census identity; not refreshed at closeout","Not attributed","Not verified","UNTESTED","C2 consumer; retained shared A/B command authority","controls.json; not automatically joined to browser cases"
"source-inventory","C2-CONTROL-373","ownership.json and control-action-crosswalk.csv","""button-ai-auto-progress""","client/src/pages/dashboard/Pipeline.tsx","2623","UNTESTED","UNTESTED","UNTESTED","UNTESTED","Not measured","UNTESTED","Existing census identity; not refreshed at closeout","Not attributed","Not verified","UNTESTED","C2 consumer; retained shared A/B command authority","controls.json; not automatically joined to browser cases"
"source-inventory","C2-CONTROL-374","ownership.json and control-action-crosswalk.csv","""button-configure-stages""","client/src/pages/dashboard/Pipeline.tsx","2633","UNTESTED","UNTESTED","UNTESTED","UNTESTED","Not measured","UNTESTED","Existing census identity; not refreshed at closeout","Not attributed","Not verified","UNTESTED","C2 consumer; retained shared A/B command authority","controls.json; not automatically joined to browser cases"
"source-inventory","C2-CONTROL-375","ownership.json and control-action-crosswalk.csv","Dialog","client/src/pages/dashboard/Pipeline.tsx","2642","UNTESTED","UNTESTED","UNTESTED","UNTESTED","Not measured","UNTESTED","Existing census identity; not refreshed at closeout","Not attributed","Not verified","UNTESTED","C2 consumer; retained shared A/B command authority","controls.json; not automatically joined to browser cases"
"source-inventory","C2-CONTROL-376","ownership.json and control-action-crosswalk.csv","""button-new-deal""","client/src/pages/dashboard/Pipeline.tsx","2644","UNTESTED","UNTESTED","UNTESTED","UNTESTED","Not measured","UNTESTED","Existing census identity; not refreshed at closeout","Not attributed","Not verified","UNTESTED","C2 consumer; retained shared A/B command authority","controls.json; not automatically joined to browser cases"
"source-inventory","C2-CONTROL-377","ownership.json and control-action-crosswalk.csv","""input-pipeline""","client/src/pages/dashboard/Pipeline.tsx","2661","UNTESTED","UNTESTED","UNTESTED","UNTESTED","Not measured","UNTESTED","Existing census identity; not refreshed at closeout","Not attributed","Not verified","UNTESTED","C2 consumer; retained shared A/B command authority","controls.json; not automatically joined to browser cases"
"source-inventory","C2-CONTROL-378","ownership.json and control-action-crosswalk.csv","Select","client/src/pages/dashboard/Pipeline.tsx","2665","UNTESTED","UNTESTED","UNTESTED","UNTESTED","Not measured","UNTESTED","Existing census identity; not refreshed at closeout","Not attributed","Not verified","UNTESTED","C2 consumer; retained shared A/B command authority","controls.json; not automatically joined to browser cases"
"source-inventory","C2-CONTROL-379","ownership.json and control-action-crosswalk.csv","""select-stage""","client/src/pages/dashboard/Pipeline.tsx","2666","UNTESTED","UNTESTED","UNTESTED","UNTESTED","Not measured","UNTESTED","Existing census identity; not refreshed at closeout","Not attributed","Not verified","UNTESTED","C2 consumer; retained shared A/B command authority","controls.json; not automatically joined to browser cases"
"source-inventory","C2-CONTROL-380","ownership.json and control-action-crosswalk.csv","Select","client/src/pages/dashboard/Pipeline.tsx","2678","UNTESTED","UNTESTED","UNTESTED","UNTESTED","Not measured","UNTESTED","Existing census identity; not refreshed at closeout","Not attributed","Not verified","UNTESTED","C2 consumer; retained shared A/B command authority","controls.json; not automatically joined to browser cases"
"source-inventory","C2-CONTROL-381","ownership.json and control-action-crosswalk.csv","""select-offer-path""","client/src/pages/dashboard/Pipeline.tsx","2679","UNTESTED","UNTESTED","UNTESTED","UNTESTED","Not measured","UNTESTED","Existing census identity; not refreshed at closeout","Not attributed","Not verified","UNTESTED","C2 consumer; retained shared A/B command authority","controls.json; not automatically joined to browser cases"
"source-inventory","C2-CONTROL-382","ownership.json and control-action-crosswalk.csv","Select","client/src/pages/dashboard/Pipeline.tsx","2691","UNTESTED","UNTESTED","UNTESTED","UNTESTED","Not measured","UNTESTED","Existing census identity; not refreshed at closeout","Not attributed","Not verified","UNTESTED","C2 consumer; retained shared A/B command authority","controls.json; not automatically joined to browser cases"
"source-inventory","C2-CONTROL-383","ownership.json and control-action-crosswalk.csv","""select-deal-vertical""","client/src/pages/dashboard/Pipeline.tsx","2692","UNTESTED","UNTESTED","UNTESTED","UNTESTED","Not measured","UNTESTED","Existing census identity; not refreshed at closeout","Not attributed","Not verified","UNTESTED","C2 consumer; retained shared A/B command authority","controls.json; not automatically joined to browser cases"
"source-inventory","C2-CONTROL-384","ownership.json and control-action-crosswalk.csv","""input-notes""","client/src/pages/dashboard/Pipeline.tsx","2704","UNTESTED","UNTESTED","UNTESTED","UNTESTED","Not measured","UNTESTED","Existing census identity; not refreshed at closeout","Not attributed","Not verified","UNTESTED","C2 consumer; retained shared A/B command authority","controls.json; not automatically joined to browser cases"
"source-inventory","C2-CONTROL-385","ownership.json and control-action-crosswalk.csv","""button-cancel-create""","client/src/pages/dashboard/Pipeline.tsx","2712","UNTESTED","UNTESTED","UNTESTED","UNTESTED","Not measured","UNTESTED","Existing census identity; not refreshed at closeout","Not attributed","Not verified","UNTESTED","C2 consumer; retained shared A/B command authority","controls.json; not automatically joined to browser cases"
"source-inventory","C2-CONTROL-386","ownership.json and control-action-crosswalk.csv","""button-submit-deal""","client/src/pages/dashboard/Pipeline.tsx","2715","UNTESTED","UNTESTED","UNTESTED","UNTESTED","Not measured","UNTESTED","Existing census identity; not refreshed at closeout","Not attributed","Not verified","UNTESTED","C2 consumer; retained shared A/B command authority","controls.json; not automatically joined to browser cases"
"source-inventory","C2-CONTROL-387","ownership.json and control-action-crosswalk.csv","""button-bulk-actions""","client/src/pages/dashboard/Pipeline.tsx","2736","UNTESTED","UNTESTED","UNTESTED","UNTESTED","Not measured","UNTESTED","Existing census identity; not refreshed at closeout","Not attributed","Not verified","UNTESTED","C2 consumer; retained shared A/B command authority","controls.json; not automatically joined to browser cases"
"source-inventory","C2-CONTROL-388","ownership.json and control-action-crosswalk.csv","{`button-bulk-stage-${stage.replace(/\s+/g, ""-"").toLowerCase()}`}","client/src/pages/dashboard/Pipeline.tsx","2750","UNTESTED","UNTESTED","UNTESTED","UNTESTED","Not measured","UNTESTED","Existing census identity; not refreshed at closeout","Not attributed","Not verified","UNTESTED","C2 consumer; retained shared A/B command authority","controls.json; not automatically joined to browser cases"
"source-inventory","C2-CONTROL-389","ownership.json and control-action-crosswalk.csv","{`button-bulk-assign-${agent.id}`}","client/src/pages/dashboard/Pipeline.tsx","2769","UNTESTED","UNTESTED","UNTESTED","UNTESTED","Not measured","UNTESTED","Existing census identity; not refreshed at closeout","Not attributed","Not verified","UNTESTED","C2 consumer; retained shared A/B command authority","controls.json; not automatically joined to browser cases"
"source-inventory","C2-CONTROL-390","ownership.json and control-action-crosswalk.csv","""button-bulk-archive""","client/src/pages/dashboard/Pipeline.tsx","2791","UNTESTED","UNTESTED","UNTESTED","UNTESTED","Not measured","UNTESTED","Existing census identity; not refreshed at closeout","Not attributed","Not verified","UNTESTED","C2 consumer; retained shared A/B command authority","controls.json; not automatically joined to browser cases"
"source-inventory","C2-CONTROL-391","ownership.json and control-action-crosswalk.csv","""button-clear-selection""","client/src/pages/dashboard/Pipeline.tsx","2800","UNTESTED","UNTESTED","UNTESTED","UNTESTED","Not measured","UNTESTED","Existing census identity; not refreshed at closeout","Not attributed","Not verified","UNTESTED","C2 consumer; retained shared A/B command authority","controls.json; not automatically joined to browser cases"
"source-inventory","C2-CONTROL-392","ownership.json and control-action-crosswalk.csv","""button-reconcile-bulk-stage""","client/src/pages/dashboard/Pipeline.tsx","2824","UNTESTED","UNTESTED","UNTESTED","UNTESTED","Not measured","UNTESTED","Existing census identity; not refreshed at closeout","Not attributed","Not verified","UNTESTED","C2 consumer; retained shared A/B command authority","controls.json; not automatically joined to browser cases"
"source-inventory","C2-CONTROL-393","ownership.json and control-action-crosswalk.csv","{`rep-period-${p}d`}","client/src/pages/dashboard/Pipeline.tsx","2961","UNTESTED","UNTESTED","UNTESTED","UNTESTED","Not measured","UNTESTED","Existing census identity; not refreshed at closeout","Not attributed","Not verified","UNTESTED","C2 consumer; retained shared A/B command authority","controls.json; not automatically joined to browser cases"
"source-inventory","C2-CONTROL-394","ownership.json and control-action-crosswalk.csv","{`sort-list-${k}`}","client/src/pages/dashboard/Pipeline.tsx","3001","UNTESTED","UNTESTED","UNTESTED","UNTESTED","Not measured","UNTESTED","Existing census identity; not refreshed at closeout","Not attributed","Not verified","UNTESTED","C2 consumer; retained shared A/B command authority","controls.json; not automatically joined to browser cases"
"source-inventory","C2-CONTROL-395","ownership.json and control-action-crosswalk.csv","{`list-row-deal-${deal.id}`}","client/src/pages/dashboard/Pipeline.tsx","3023","UNTESTED","UNTESTED","UNTESTED","UNTESTED","Not measured","UNTESTED","Existing census identity; not refreshed at closeout","Not attributed","Not verified","UNTESTED","C2 consumer; retained shared A/B command authority","controls.json; not automatically joined to browser cases"
"source-inventory","C2-CONTROL-396","ownership.json and control-action-crosswalk.csv","DndContext","client/src/pages/dashboard/Pipeline.tsx","3043","UNTESTED","UNTESTED","UNTESTED","UNTESTED","Not measured","UNTESTED","Existing census identity; not refreshed at closeout","Not attributed","Not verified","UNTESTED","C2 consumer; retained shared A/B command authority","controls.json; not automatically joined to browser cases"
"source-inventory","C2-CONTROL-397","ownership.json and control-action-crosswalk.csv","Dialog","client/src/pages/dashboard/Pipeline.tsx","3109","UNTESTED","UNTESTED","UNTESTED","UNTESTED","Not measured","UNTESTED","Existing census identity; not refreshed at closeout","Not attributed","Not verified","UNTESTED","C2 consumer; retained shared A/B command authority","controls.json; not automatically joined to browser cases"
"source-inventory","C2-CONTROL-398","ownership.json and control-action-crosswalk.csv","""text-detail-contact""","client/src/pages/dashboard/Pipeline.tsx","3126","UNTESTED","UNTESTED","UNTESTED","UNTESTED","Not measured","UNTESTED","Existing census identity; not refreshed at closeout","Not attributed","Not verified","UNTESTED","C2 consumer; retained shared A/B command authority","controls.json; not automatically joined to browser cases"
"source-inventory","C2-CONTROL-399","ownership.json and control-action-crosswalk.csv","Select","client/src/pages/dashboard/Pipeline.tsx","3175","UNTESTED","UNTESTED","UNTESTED","UNTESTED","Not measured","UNTESTED","Existing census identity; not refreshed at closeout","Not attributed","Not verified","UNTESTED","C2 consumer; retained shared A/B command authority","controls.json; not automatically joined to browser cases"
"source-inventory","C2-CONTROL-400","ownership.json and control-action-crosswalk.csv","""select-edit-stage""","client/src/pages/dashboard/Pipeline.tsx","3176","UNTESTED","UNTESTED","UNTESTED","UNTESTED","Not measured","UNTESTED","Existing census identity; not refreshed at closeout","Not attributed","Not verified","UNTESTED","C2 consumer; retained shared A/B command authority","controls.json; not automatically joined to browser cases"
"source-inventory","C2-CONTROL-401","ownership.json and control-action-crosswalk.csv","Select","client/src/pages/dashboard/Pipeline.tsx","3189","UNTESTED","UNTESTED","UNTESTED","UNTESTED","Not measured","UNTESTED","Existing census identity; not refreshed at closeout","Not attributed","Not verified","UNTESTED","C2 consumer; retained shared A/B command authority","controls.json; not automatically joined to browser cases"
"source-inventory","C2-CONTROL-402","ownership.json and control-action-crosswalk.csv","""select-edit-vertical""","client/src/pages/dashboard/Pipeline.tsx","3193","UNTESTED","UNTESTED","UNTESTED","UNTESTED","Not measured","UNTESTED","Existing census identity; not refreshed at closeout","Not attributed","Not verified","UNTESTED","C2 consumer; retained shared A/B command authority","controls.json; not automatically joined to browser cases"
"source-inventory","C2-CONTROL-403","ownership.json and control-action-crosswalk.csv","""input-edit-notes""","client/src/pages/dashboard/Pipeline.tsx","3207","UNTESTED","UNTESTED","UNTESTED","UNTESTED","Not measured","UNTESTED","Existing census identity; not refreshed at closeout","Not attributed","Not verified","UNTESTED","C2 consumer; retained shared A/B command authority","controls.json; not automatically joined to browser cases"
"source-inventory","C2-CONTROL-404","ownership.json and control-action-crosswalk.csv","""button-suggest-followup""","client/src/pages/dashboard/Pipeline.tsx","3233","UNTESTED","UNTESTED","UNTESTED","UNTESTED","Not measured","UNTESTED","Existing census identity; not refreshed at closeout","Not attributed","Not verified","UNTESTED","C2 consumer; retained shared A/B command authority","controls.json; not automatically joined to browser cases"
"source-inventory","C2-CONTROL-405","ownership.json and control-action-crosswalk.csv","""input-edit-followup""","client/src/pages/dashboard/Pipeline.tsx","3244","UNTESTED","UNTESTED","UNTESTED","UNTESTED","Not measured","UNTESTED","Existing census identity; not refreshed at closeout","Not attributed","Not verified","UNTESTED","C2 consumer; retained shared A/B command authority","controls.json; not automatically joined to browser cases"
"source-inventory","C2-CONTROL-406","ownership.json and control-action-crosswalk.csv","""input-edit-expected-go-live""","client/src/pages/dashboard/Pipeline.tsx","3255","UNTESTED","UNTESTED","UNTESTED","UNTESTED","Not measured","UNTESTED","Existing census identity; not refreshed at closeout","Not attributed","Not verified","UNTESTED","C2 consumer; retained shared A/B command authority","controls.json; not automatically joined to browser cases"
"source-inventory","C2-CONTROL-407","ownership.json and control-action-crosswalk.csv","""input-edit-mid""","client/src/pages/dashboard/Pipeline.tsx","3266","UNTESTED","UNTESTED","UNTESTED","UNTESTED","Not measured","UNTESTED","Existing census identity; not refreshed at closeout","Not attributed","Not verified","UNTESTED","C2 consumer; retained shared A/B command authority","controls.json; not automatically joined to browser cases"
"source-inventory","C2-CONTROL-408","ownership.json and control-action-crosswalk.csv","Select","client/src/pages/dashboard/Pipeline.tsx","3300","UNTESTED","UNTESTED","UNTESTED","UNTESTED","Not measured","UNTESTED","Existing census identity; not refreshed at closeout","Not attributed","Not verified","UNTESTED","C2 consumer; retained shared A/B command authority","controls.json; not automatically joined to browser cases"
"source-inventory","C2-CONTROL-409","ownership.json and control-action-crosswalk.csv","""select-assign-agent""","client/src/pages/dashboard/Pipeline.tsx","3311","UNTESTED","UNTESTED","UNTESTED","UNTESTED","Not measured","UNTESTED","Existing census identity; not refreshed at closeout","Not attributed","Not verified","UNTESTED","C2 consumer; retained shared A/B command authority","controls.json; not automatically joined to browser cases"
"source-inventory","C2-CONTROL-410","ownership.json and control-action-crosswalk.csv","""button-restore-deal-detail""","client/src/pages/dashboard/Pipeline.tsx","3332","UNTESTED","UNTESTED","UNTESTED","UNTESTED","Not measured","UNTESTED","Existing census identity; not refreshed at closeout","Not attributed","Not verified","UNTESTED","C2 consumer; retained shared A/B command authority","controls.json; not automatically joined to browser cases"
"source-inventory","C2-CONTROL-411","ownership.json and control-action-crosswalk.csv","Button","client/src/pages/dashboard/Pipeline.tsx","3368","UNTESTED","UNTESTED","UNTESTED","UNTESTED","Not measured","UNTESTED","Existing census identity; not refreshed at closeout","Not attributed","Not verified","UNTESTED","C2 consumer; retained shared A/B command authority","controls.json; not automatically joined to browser cases"
"source-inventory","C2-CONTROL-412","ownership.json and control-action-crosswalk.csv","{`uw-task-toggle-${task.id}`}","client/src/pages/dashboard/Pipeline.tsx","3378","UNTESTED","UNTESTED","UNTESTED","UNTESTED","Not measured","UNTESTED","Existing census identity; not refreshed at closeout","Not attributed","Not verified","UNTESTED","C2 consumer; retained shared A/B command authority","controls.json; not automatically joined to browser cases"
"source-inventory","C2-CONTROL-413","ownership.json and control-action-crosswalk.csv","""button-submit-for-review""","client/src/pages/dashboard/Pipeline.tsx","3418","UNTESTED","UNTESTED","UNTESTED","UNTESTED","Not measured","UNTESTED","Existing census identity; not refreshed at closeout","Not attributed","Not verified","UNTESTED","C2 consumer; retained shared A/B command authority","controls.json; not automatically joined to browser cases"
"source-inventory","C2-CONTROL-414","ownership.json and control-action-crosswalk.csv","""button-archive-deal-detail""","client/src/pages/dashboard/Pipeline.tsx","3438","UNTESTED","UNTESTED","UNTESTED","UNTESTED","Not measured","UNTESTED","Existing census identity; not refreshed at closeout","Not attributed","Not verified","UNTESTED","C2 consumer; retained shared A/B command authority","controls.json; not automatically joined to browser cases"
"source-inventory","C2-CONTROL-415","ownership.json and control-action-crosswalk.csv","""button-cancel-edit""","client/src/pages/dashboard/Pipeline.tsx","3446","UNTESTED","UNTESTED","UNTESTED","UNTESTED","Not measured","UNTESTED","Existing census identity; not refreshed at closeout","Not attributed","Not verified","UNTESTED","C2 consumer; retained shared A/B command authority","controls.json; not automatically joined to browser cases"
"source-inventory","C2-CONTROL-416","ownership.json and control-action-crosswalk.csv","""button-save-deal""","client/src/pages/dashboard/Pipeline.tsx","3449","UNTESTED","UNTESTED","UNTESTED","UNTESTED","Not measured","UNTESTED","Existing census identity; not refreshed at closeout","Not attributed","Not verified","UNTESTED","C2 consumer; retained shared A/B command authority","controls.json; not automatically joined to browser cases"
"source-inventory","C2-CONTROL-417","ownership.json and control-action-crosswalk.csv","Dialog","client/src/pages/dashboard/Pipeline.tsx","3455","UNTESTED","UNTESTED","UNTESTED","UNTESTED","Not measured","UNTESTED","Existing census identity; not refreshed at closeout","Not attributed","Not verified","UNTESTED","C2 consumer; retained shared A/B command authority","controls.json; not automatically joined to browser cases"
"source-inventory","C2-CONTROL-418","ownership.json and control-action-crosswalk.csv","""textarea-close-reason""","client/src/pages/dashboard/Pipeline.tsx","3466","UNTESTED","UNTESTED","UNTESTED","UNTESTED","Not measured","UNTESTED","Existing census identity; not refreshed at closeout","Not attributed","Not verified","UNTESTED","C2 consumer; retained shared A/B command authority","controls.json; not automatically joined to browser cases"
"source-inventory","C2-CONTROL-419","ownership.json and control-action-crosswalk.csv","""button-close-reason-cancel""","client/src/pages/dashboard/Pipeline.tsx","3475","UNTESTED","UNTESTED","UNTESTED","UNTESTED","Not measured","UNTESTED","Existing census identity; not refreshed at closeout","Not attributed","Not verified","UNTESTED","C2 consumer; retained shared A/B command authority","controls.json; not automatically joined to browser cases"
"source-inventory","C2-CONTROL-420","ownership.json and control-action-crosswalk.csv","""button-close-reason-save""","client/src/pages/dashboard/Pipeline.tsx","3478","UNTESTED","UNTESTED","UNTESTED","UNTESTED","Not measured","UNTESTED","Existing census identity; not refreshed at closeout","Not attributed","Not verified","UNTESTED","C2 consumer; retained shared A/B command authority","controls.json; not automatically joined to browser cases"
"source-inventory","C2-CONTROL-421","ownership.json and control-action-crosswalk.csv","Select","client/src/pages/dashboard/Pipeline.tsx","3501","UNTESTED","UNTESTED","UNTESTED","UNTESTED","Not measured","UNTESTED","Existing census identity; not refreshed at closeout","Not attributed","Not verified","UNTESTED","C2 consumer; retained shared A/B command authority","controls.json; not automatically joined to browser cases"
"source-inventory","C2-CONTROL-422","ownership.json and control-action-crosswalk.csv","""select-proposal-plan""","client/src/pages/dashboard/Pipeline.tsx","3502","UNTESTED","UNTESTED","UNTESTED","UNTESTED","Not measured","UNTESTED","Existing census identity; not refreshed at closeout","Not attributed","Not verified","UNTESTED","C2 consumer; retained shared A/B command authority","controls.json; not automatically joined to browser cases"
"source-inventory","C2-CONTROL-423","ownership.json and control-action-crosswalk.csv","""button-generate-co-branded-proposal""","client/src/pages/dashboard/Pipeline.tsx","3512","UNTESTED","UNTESTED","UNTESTED","UNTESTED","Not measured","UNTESTED","Existing census identity; not refreshed at closeout","Not attributed","Not verified","UNTESTED","C2 consumer; retained shared A/B command authority","controls.json; not automatically joined to browser cases"
"source-inventory","C2-CONTROL-424","ownership.json and control-action-crosswalk.csv","""button-retry-deal-proposals""","client/src/pages/dashboard/Pipeline.tsx","3538","UNTESTED","UNTESTED","UNTESTED","UNTESTED","Not measured","UNTESTED","Existing census identity; not refreshed at closeout","Not attributed","Not verified","UNTESTED","C2 consumer; retained shared A/B command authority","controls.json; not automatically joined to browser cases"
"source-inventory","C2-CONTROL-425","ownership.json and control-action-crosswalk.csv","{`button-send-ghl-deal-proposal-${p.id}`}","client/src/pages/dashboard/Pipeline.tsx","3580","UNTESTED","UNTESTED","UNTESTED","UNTESTED","Not measured","UNTESTED","Existing census identity; not refreshed at closeout","Not attributed","Not verified","UNTESTED","C2 consumer; retained shared A/B command authority","controls.json; not automatically joined to browser cases"
"source-inventory","C2-CONTROL-426","ownership.json and control-action-crosswalk.csv","{`button-copy-deal-proposal-${p.id}`}","client/src/pages/dashboard/Pipeline.tsx","3594","UNTESTED","UNTESTED","UNTESTED","UNTESTED","Not measured","UNTESTED","Existing census identity; not refreshed at closeout","Not attributed","Not verified","UNTESTED","C2 consumer; retained shared A/B command authority","controls.json; not automatically joined to browser cases"
"source-inventory","C2-CONTROL-427","ownership.json and control-action-crosswalk.csv","a","client/src/pages/dashboard/Pipeline.tsx","3602","UNTESTED","UNTESTED","UNTESTED","UNTESTED","Not measured","UNTESTED","Existing census identity; not refreshed at closeout","Not attributed","Not verified","UNTESTED","C2 consumer; retained shared A/B command authority","controls.json; not automatically joined to browser cases"
"source-inventory","C2-CONTROL-428","ownership.json and control-action-crosswalk.csv","{`button-view-deal-proposal-${p.id}`}","client/src/pages/dashboard/Pipeline.tsx","3603","UNTESTED","UNTESTED","UNTESTED","UNTESTED","Not measured","UNTESTED","Existing census identity; not refreshed at closeout","Not attributed","Not verified","UNTESTED","C2 consumer; retained shared A/B command authority","controls.json; not automatically joined to browser cases"
"source-inventory","C2-CONTROL-429","ownership.json and control-action-crosswalk.csv","{`button-mark-viewed-proposal-${p.id}`}","client/src/pages/dashboard/Pipeline.tsx","3613","UNTESTED","UNTESTED","UNTESTED","UNTESTED","Not measured","UNTESTED","Existing census identity; not refreshed at closeout","Not attributed","Not verified","UNTESTED","C2 consumer; retained shared A/B command authority","controls.json; not automatically joined to browser cases"
"source-inventory","C2-CONTROL-430","ownership.json and control-action-crosswalk.csv","""input-rejection-reason""","client/src/pages/dashboard/Pipeline.tsx","3705","UNTESTED","UNTESTED","UNTESTED","UNTESTED","Not measured","UNTESTED","Existing census identity; not refreshed at closeout","Not attributed","Not verified","UNTESTED","C2 consumer; retained shared A/B command authority","controls.json; not automatically joined to browser cases"
"source-inventory","C2-CONTROL-431","ownership.json and control-action-crosswalk.csv","""button-approve-terminal""","client/src/pages/dashboard/Pipeline.tsx","3713","UNTESTED","UNTESTED","UNTESTED","UNTESTED","Not measured","UNTESTED","Existing census identity; not refreshed at closeout","Not attributed","Not verified","UNTESTED","C2 consumer; retained shared A/B command authority","controls.json; not automatically joined to browser cases"
"source-inventory","C2-CONTROL-432","ownership.json and control-action-crosswalk.csv","""button-reject-terminal""","client/src/pages/dashboard/Pipeline.tsx","3723","UNTESTED","UNTESTED","UNTESTED","UNTESTED","Not measured","UNTESTED","Existing census identity; not refreshed at closeout","Not attributed","Not verified","UNTESTED","C2 consumer; retained shared A/B command authority","controls.json; not automatically joined to browser cases"
"source-inventory","C2-CONTROL-433","ownership.json and control-action-crosswalk.csv","""button-request-terminal-approval""","client/src/pages/dashboard/Pipeline.tsx","3739","UNTESTED","UNTESTED","UNTESTED","UNTESTED","Not measured","UNTESTED","Existing census identity; not refreshed at closeout","Not attributed","Not verified","UNTESTED","C2 consumer; retained shared A/B command authority","controls.json; not automatically joined to browser cases"
"source-inventory","C2-CONTROL-434","ownership.json and control-action-crosswalk.csv","Dialog","client/src/pages/dashboard/Pipeline.tsx","3774","UNTESTED","UNTESTED","UNTESTED","UNTESTED","Not measured","UNTESTED","Existing census identity; not refreshed at closeout","Not attributed","Not verified","UNTESTED","C2 consumer; retained shared A/B command authority","controls.json; not automatically joined to browser cases"
"source-inventory","C2-CONTROL-435","ownership.json and control-action-crosswalk.csv","Select","client/src/pages/dashboard/Pipeline.tsx","3782","UNTESTED","UNTESTED","UNTESTED","UNTESTED","Not measured","UNTESTED","Existing census identity; not refreshed at closeout","Not attributed","Not verified","UNTESTED","C2 consumer; retained shared A/B command authority","controls.json; not automatically joined to browser cases"
"source-inventory","C2-CONTROL-436","ownership.json and control-action-crosswalk.csv","""select-config-pipeline""","client/src/pages/dashboard/Pipeline.tsx","3783","UNTESTED","UNTESTED","UNTESTED","UNTESTED","Not measured","UNTESTED","Existing census identity; not refreshed at closeout","Not attributed","Not verified","UNTESTED","C2 consumer; retained shared A/B command authority","controls.json; not automatically joined to browser cases"
"source-inventory","C2-CONTROL-437","ownership.json and control-action-crosswalk.csv","""input-edit-stage-name""","client/src/pages/dashboard/Pipeline.tsx","3817","UNTESTED","UNTESTED","UNTESTED","UNTESTED","Not measured","UNTESTED","Existing census identity; not refreshed at closeout","Not attributed","Not verified","UNTESTED","C2 consumer; retained shared A/B command authority","controls.json; not automatically joined to browser cases"
"source-inventory","C2-CONTROL-438","ownership.json and control-action-crosswalk.csv","{`color-edit-${c.replace(""#"", """")}`}","client/src/pages/dashboard/Pipeline.tsx","3825","UNTESTED","UNTESTED","UNTESTED","UNTESTED","Not measured","UNTESTED","Existing census identity; not refreshed at closeout","Not attributed","Not verified","UNTESTED","C2 consumer; retained shared A/B command authority","controls.json; not automatically joined to browser cases"
"source-inventory","C2-CONTROL-439","ownership.json and control-action-crosswalk.csv","""button-save-stage-edit""","client/src/pages/dashboard/Pipeline.tsx","3835","UNTESTED","UNTESTED","UNTESTED","UNTESTED","Not measured","UNTESTED","Existing census identity; not refreshed at closeout","Not attributed","Not verified","UNTESTED","C2 consumer; retained shared A/B command authority","controls.json; not automatically joined to browser cases"
"source-inventory","C2-CONTROL-440","ownership.json and control-action-crosswalk.csv","""button-cancel-stage-edit""","client/src/pages/dashboard/Pipeline.tsx","3838","UNTESTED","UNTESTED","UNTESTED","UNTESTED","Not measured","UNTESTED","Existing census identity; not refreshed at closeout","Not attributed","Not verified","UNTESTED","C2 consumer; retained shared A/B command authority","controls.json; not automatically joined to browser cases"
"source-inventory","C2-CONTROL-441","ownership.json and control-action-crosswalk.csv","{`button-move-up-${stage.id}`}","client/src/pages/dashboard/Pipeline.tsx","3853","UNTESTED","UNTESTED","UNTESTED","UNTESTED","Not measured","UNTESTED","Existing census identity; not refreshed at closeout","Not attributed","Not verified","UNTESTED","C2 consumer; retained shared A/B command authority","controls.json; not automatically joined to browser cases"
"source-inventory","C2-CONTROL-442","ownership.json and control-action-crosswalk.csv","{`button-move-down-${stage.id}`}","client/src/pages/dashboard/Pipeline.tsx","3863","UNTESTED","UNTESTED","UNTESTED","UNTESTED","Not measured","UNTESTED","Existing census identity; not refreshed at closeout","Not attributed","Not verified","UNTESTED","C2 consumer; retained shared A/B command authority","controls.json; not automatically joined to browser cases"
"source-inventory","C2-CONTROL-443","ownership.json and control-action-crosswalk.csv","{`button-edit-stage-${stage.id}`}","client/src/pages/dashboard/Pipeline.tsx","3873","UNTESTED","UNTESTED","UNTESTED","UNTESTED","Not measured","UNTESTED","Existing census identity; not refreshed at closeout","Not attributed","Not verified","UNTESTED","C2 consumer; retained shared A/B command authority","controls.json; not automatically joined to browser cases"
"source-inventory","C2-CONTROL-444","ownership.json and control-action-crosswalk.csv","{`button-delete-stage-${stage.id}`}","client/src/pages/dashboard/Pipeline.tsx","3886","UNTESTED","UNTESTED","UNTESTED","UNTESTED","Not measured","UNTESTED","Existing census identity; not refreshed at closeout","Not attributed","Not verified","UNTESTED","C2 consumer; retained shared A/B command authority","controls.json; not automatically joined to browser cases"
"source-inventory","C2-CONTROL-445","ownership.json and control-action-crosswalk.csv","""input-add-stage-name""","client/src/pages/dashboard/Pipeline.tsx","3907","UNTESTED","UNTESTED","UNTESTED","UNTESTED","Not measured","UNTESTED","Existing census identity; not refreshed at closeout","Not attributed","Not verified","UNTESTED","C2 consumer; retained shared A/B command authority","controls.json; not automatically joined to browser cases"
"source-inventory","C2-CONTROL-446","ownership.json and control-action-crosswalk.csv","""button-add-stage""","client/src/pages/dashboard/Pipeline.tsx","3915","UNTESTED","UNTESTED","UNTESTED","UNTESTED","Not measured","UNTESTED","Existing census identity; not refreshed at closeout","Not attributed","Not verified","UNTESTED","C2 consumer; retained shared A/B command authority","controls.json; not automatically joined to browser cases"
"source-inventory","C2-CONTROL-447","ownership.json and control-action-crosswalk.csv","{`color-add-${c.replace(""#"", """")}`}","client/src/pages/dashboard/Pipeline.tsx","3927","UNTESTED","UNTESTED","UNTESTED","UNTESTED","Not measured","UNTESTED","Existing census identity; not refreshed at closeout","Not attributed","Not verified","UNTESTED","C2 consumer; retained shared A/B command authority","controls.json; not automatically joined to browser cases"
"source-inventory","C2-CONTROL-448","ownership.json and control-action-crosswalk.csv","AlertDialog","client/src/pages/dashboard/Pipeline.tsx","3941","UNTESTED","UNTESTED","UNTESTED","UNTESTED","Not measured","UNTESTED","Existing census identity; not refreshed at closeout","Not attributed","Not verified","UNTESTED","C2 consumer; retained shared A/B command authority","controls.json; not automatically joined to browser cases"
"source-inventory","C2-CONTROL-449","ownership.json and control-action-crosswalk.csv","""button-confirm-delete-stage""","client/src/pages/dashboard/Pipeline.tsx","3954","UNTESTED","UNTESTED","UNTESTED","UNTESTED","Not measured","UNTESTED","Existing census identity; not refreshed at closeout","Not attributed","Not verified","UNTESTED","C2 consumer; retained shared A/B command authority","controls.json; not automatically joined to browser cases"
"source-inventory","C2-CONTROL-450","ownership.json and control-action-crosswalk.csv","{`${testId}-clear`}","client/src/components/crm/AuthorizedContactPicker.tsx","35","UNTESTED","UNTESTED","UNTESTED","UNTESTED","Not measured","UNTESTED","Existing census identity; not refreshed at closeout","Not attributed","Not verified","UNTESTED","C2 consumer; retained shared A/B command authority","controls.json; not automatically joined to browser cases"
"source-inventory","C2-CONTROL-451","ownership.json and control-action-crosswalk.csv","{`${testId}-search`}","client/src/components/crm/AuthorizedContactPicker.tsx","37","UNTESTED","UNTESTED","UNTESTED","UNTESTED","Not measured","UNTESTED","Existing census identity; not refreshed at closeout","Not attributed","Not verified","UNTESTED","C2 consumer; retained shared A/B command authority","controls.json; not automatically joined to browser cases"
"source-inventory","C2-CONTROL-452","ownership.json and control-action-crosswalk.csv","{`${testId}-option-${contact.id}`}","client/src/components/crm/AuthorizedContactPicker.tsx","44","UNTESTED","UNTESTED","UNTESTED","UNTESTED","Not measured","UNTESTED","Existing census identity; not refreshed at closeout","Not attributed","Not verified","UNTESTED","C2 consumer; retained shared A/B command authority","controls.json; not automatically joined to browser cases"
"source-inventory","C2-CONTROL-453","ownership.json and control-action-crosswalk.csv","Button","client/src/components/crm/AuthorizedContactPicker.tsx","51","UNTESTED","UNTESTED","UNTESTED","UNTESTED","Not measured","UNTESTED","Existing census identity; not refreshed at closeout","Not attributed","Not verified","UNTESTED","C2 consumer; retained shared A/B command authority","controls.json; not automatically joined to browser cases"
"source-inventory","C2-CONTROL-454","ownership.json and control-action-crosswalk.csv","Button","client/src/components/crm/AuthorizedContactPicker.tsx","52","UNTESTED","UNTESTED","UNTESTED","UNTESTED","Not measured","UNTESTED","Existing census identity; not refreshed at closeout","Not attributed","Not verified","UNTESTED","C2 consumer; retained shared A/B command authority","controls.json; not automatically joined to browser cases"
"source-inventory","C2-CONTROL-455","ownership.json and control-action-crosswalk.csv","""button-approve-terminal""","client/src/components/TerminalEconomicsCard.tsx","174","UNTESTED","UNTESTED","UNTESTED","UNTESTED","Not measured","UNTESTED","Existing census identity; not refreshed at closeout","Not attributed","Not verified","UNTESTED","C4 existing interior; C2 outer guard/context","controls.json; not automatically joined to browser cases"
"source-inventory","C2-CONTROL-456","ownership.json and control-action-crosswalk.csv","Button","client/src/pages/dashboard/Overview.tsx","97","UNTESTED","UNTESTED","UNTESTED","UNTESTED","Not measured","UNTESTED","Existing census identity; not refreshed at closeout","Not attributed","Not verified","UNTESTED","C2 consumer; retained shared A/B command authority","controls.json; not automatically joined to browser cases"
"source-inventory","C2-CONTROL-457","ownership.json and control-action-crosswalk.csv","button","client/src/pages/dashboard/Overview.tsx","107","UNTESTED","UNTESTED","UNTESTED","UNTESTED","Not measured","UNTESTED","Existing census identity; not refreshed at closeout","Not attributed","Not verified","UNTESTED","C2 consumer; retained shared A/B command authority","controls.json; not automatically joined to browser cases"
"source-inventory","C2-CONTROL-458","ownership.json and control-action-crosswalk.csv","Button","client/src/pages/dashboard/Overview.tsx","385","UNTESTED","UNTESTED","UNTESTED","UNTESTED","Not measured","UNTESTED","Existing census identity; not refreshed at closeout","Not attributed","Not verified","UNTESTED","C2 consumer; retained shared A/B command authority","controls.json; not automatically joined to browser cases"
"source-inventory","C2-CONTROL-459","ownership.json and control-action-crosswalk.csv","""button-send-digest""","client/src/pages/dashboard/Overview.tsx","488","UNTESTED","UNTESTED","UNTESTED","UNTESTED","Not measured","UNTESTED","Existing census identity; not refreshed at closeout","Not attributed","Not verified","UNTESTED","C2 consumer; retained shared A/B command authority","controls.json; not automatically joined to browser cases"
"source-inventory","C2-CONTROL-460","ownership.json and control-action-crosswalk.csv","""button-get-insights""","client/src/pages/dashboard/Overview.tsx","499","UNTESTED","UNTESTED","UNTESTED","UNTESTED","Not measured","UNTESTED","Existing census identity; not refreshed at closeout","Not attributed","Not verified","UNTESTED","C2 consumer; retained shared A/B command authority","controls.json; not automatically joined to browser cases"
"source-inventory","C2-CONTROL-461","ownership.json and control-action-crosswalk.csv","""button-get-insights""","client/src/pages/dashboard/Overview.tsx","510","UNTESTED","UNTESTED","UNTESTED","UNTESTED","Not measured","UNTESTED","Existing census identity; not refreshed at closeout","Not attributed","Not verified","UNTESTED","C2 consumer; retained shared A/B command authority","controls.json; not automatically joined to browser cases"
"source-inventory","C2-CONTROL-462","ownership.json and control-action-crosswalk.csv","summary","client/src/pages/dashboard/Overview.tsx","563","UNTESTED","UNTESTED","UNTESTED","UNTESTED","Not measured","UNTESTED","Existing census identity; not refreshed at closeout","Not attributed","Not verified","UNTESTED","C2 consumer; retained shared A/B command authority","controls.json; not automatically joined to browser cases"
"source-inventory","C2-CONTROL-463","ownership.json and control-action-crosswalk.csv","""button-mark-all-read""","client/src/pages/dashboard/Notifications.tsx","382","UNTESTED","UNTESTED","UNTESTED","UNTESTED","Not measured","UNTESTED","Existing census identity; not refreshed at closeout","Not attributed","Not verified","UNTESTED","C2 consumer; retained shared A/B command authority","controls.json; not automatically joined to browser cases"
"source-inventory","C2-CONTROL-464","ownership.json and control-action-crosswalk.csv","""button-clear-old-read""","client/src/pages/dashboard/Notifications.tsx","393","UNTESTED","UNTESTED","UNTESTED","UNTESTED","Not measured","UNTESTED","Existing census identity; not refreshed at closeout","Not attributed","Not verified","UNTESTED","C2 consumer; retained shared A/B command authority","controls.json; not automatically joined to browser cases"
"source-inventory","C2-CONTROL-465","ownership.json and control-action-crosswalk.csv","Dialog","client/src/pages/dashboard/Notifications.tsx","403","UNTESTED","UNTESTED","UNTESTED","UNTESTED","Not measured","UNTESTED","Existing census identity; not refreshed at closeout","Not attributed","Not verified","UNTESTED","C2 consumer; retained shared A/B command authority","controls.json; not automatically joined to browser cases"
"source-inventory","C2-CONTROL-466","ownership.json and control-action-crosswalk.csv","""button-notification-settings""","client/src/pages/dashboard/Notifications.tsx","405","UNTESTED","UNTESTED","UNTESTED","UNTESTED","Not measured","UNTESTED","Existing census identity; not refreshed at closeout","Not attributed","Not verified","UNTESTED","C2 consumer; retained shared A/B command authority","controls.json; not automatically joined to browser cases"
"source-inventory","C2-CONTROL-467","ownership.json and control-action-crosswalk.csv","""tab-events""","client/src/pages/dashboard/Notifications.tsx","420","UNTESTED","UNTESTED","UNTESTED","UNTESTED","Not measured","UNTESTED","Existing census identity; not refreshed at closeout","Not attributed","Not verified","UNTESTED","C2 consumer; retained shared A/B command authority","controls.json; not automatically joined to browser cases"
"source-inventory","C2-CONTROL-468","ownership.json and control-action-crosswalk.csv","""tab-digests""","client/src/pages/dashboard/Notifications.tsx","424","UNTESTED","UNTESTED","UNTESTED","UNTESTED","Not measured","UNTESTED","Existing census identity; not refreshed at closeout","Not attributed","Not verified","UNTESTED","C2 consumer; retained shared A/B command authority","controls.json; not automatically joined to browser cases"
"source-inventory","C2-CONTROL-469","ownership.json and control-action-crosswalk.csv","{`switch-pref-${eventType}`}","client/src/pages/dashboard/Notifications.tsx","459","UNTESTED","UNTESTED","UNTESTED","UNTESTED","Not measured","UNTESTED","Existing census identity; not refreshed at closeout","Not attributed","Not verified","UNTESTED","C2 consumer; retained shared A/B command authority","controls.json; not automatically joined to browser cases"
"source-inventory","C2-CONTROL-470","ownership.json and control-action-crosswalk.csv","{`switch-email-${eventType}`}","client/src/pages/dashboard/Notifications.tsx","467","UNTESTED","UNTESTED","UNTESTED","UNTESTED","Not measured","UNTESTED","Existing census identity; not refreshed at closeout","Not attributed","Not verified","UNTESTED","C2 consumer; retained shared A/B command authority","controls.json; not automatically joined to browser cases"
"source-inventory","C2-CONTROL-471","ownership.json and control-action-crosswalk.csv","{`switch-digest-${eventType}`}","client/src/pages/dashboard/Notifications.tsx","557","UNTESTED","UNTESTED","UNTESTED","UNTESTED","Not measured","UNTESTED","Existing census identity; not refreshed at closeout","Not attributed","Not verified","UNTESTED","C2 consumer; retained shared A/B command authority","controls.json; not automatically joined to browser cases"
"source-inventory","C2-CONTROL-472","ownership.json and control-action-crosswalk.csv","""tabs-category-filter""","client/src/pages/dashboard/Notifications.tsx","583","UNTESTED","UNTESTED","UNTESTED","UNTESTED","Not measured","UNTESTED","Existing census identity; not refreshed at closeout","Not attributed","Not verified","UNTESTED","C2 consumer; retained shared A/B command authority","controls.json; not automatically joined to browser cases"
"source-inventory","C2-CONTROL-473","ownership.json and control-action-crosswalk.csv","{`tab-category-${tab.value}`}","client/src/pages/dashboard/Notifications.tsx","586","UNTESTED","UNTESTED","UNTESTED","UNTESTED","Not measured","UNTESTED","Existing census identity; not refreshed at closeout","Not attributed","Not verified","UNTESTED","C2 consumer; retained shared A/B command authority","controls.json; not automatically joined to browser cases"
"source-inventory","C2-CONTROL-474","ownership.json and control-action-crosswalk.csv","{`card-notification-${notification.id}`}","client/src/pages/dashboard/Notifications.tsx","608","UNTESTED","UNTESTED","UNTESTED","UNTESTED","Not measured","UNTESTED","Existing census identity; not refreshed at closeout","Not attributed","Not verified","UNTESTED","C2 consumer; retained shared A/B command authority","controls.json; not automatically joined to browser cases"
"source-inventory","C2-CONTROL-475","ownership.json and control-action-crosswalk.csv","{`button-dismiss-${notification.id}`}","client/src/pages/dashboard/Notifications.tsx","648","UNTESTED","UNTESTED","UNTESTED","UNTESTED","Not measured","UNTESTED","Existing census identity; not refreshed at closeout","Not attributed","Not verified","UNTESTED","C2 consumer; retained shared A/B command authority","controls.json; not automatically joined to browser cases"
"source-inventory","C2-CONTROL-476","ownership.json and control-action-crosswalk.csv","""button-load-more""","client/src/pages/dashboard/Notifications.tsx","674","UNTESTED","UNTESTED","UNTESTED","UNTESTED","Not measured","UNTESTED","Existing census identity; not refreshed at closeout","Not attributed","Not verified","UNTESTED","C2 consumer; retained shared A/B command authority","controls.json; not automatically joined to browser cases"
"source-inventory","C2-CONTROL-477","ownership.json and control-action-crosswalk.csv","Button","client/src/pages/dashboard/NbaPriorityPage.tsx","151","UNTESTED","UNTESTED","UNTESTED","UNTESTED","Not measured","UNTESTED","Existing census identity; not refreshed at closeout","Not attributed","Not verified","UNTESTED","C2 consumer; retained shared A/B command authority","controls.json; not automatically joined to browser cases"
"source-inventory","C2-CONTROL-478","ownership.json and control-action-crosswalk.csv","Select","client/src/pages/dashboard/NbaPriorityPage.tsx","164","UNTESTED","UNTESTED","UNTESTED","UNTESTED","Not measured","UNTESTED","Existing census identity; not refreshed at closeout","Not attributed","Not verified","UNTESTED","C2 consumer; retained shared A/B command authority","controls.json; not automatically joined to browser cases"
"source-inventory","C2-CONTROL-479","ownership.json and control-action-crosswalk.csv","SelectTrigger","client/src/pages/dashboard/NbaPriorityPage.tsx","165","UNTESTED","UNTESTED","UNTESTED","UNTESTED","Not measured","UNTESTED","Existing census identity; not refreshed at closeout","Not attributed","Not verified","UNTESTED","C2 consumer; retained shared A/B command authority","controls.json; not automatically joined to browser cases"
"source-inventory","C2-CONTROL-480","ownership.json and control-action-crosswalk.csv","Button","client/src/pages/dashboard/NbaPriorityPage.tsx","192","UNTESTED","UNTESTED","UNTESTED","UNTESTED","Not measured","UNTESTED","Existing census identity; not refreshed at closeout","Not attributed","Not verified","UNTESTED","C2 consumer; retained shared A/B command authority","controls.json; not automatically joined to browser cases"
"source-inventory","C2-CONTROL-481","ownership.json and control-action-crosswalk.csv","Button","client/src/pages/dashboard/NbaPriorityPage.tsx","266","UNTESTED","UNTESTED","UNTESTED","UNTESTED","Not measured","UNTESTED","Existing census identity; not refreshed at closeout","Not attributed","Not verified","UNTESTED","C2 consumer; retained shared A/B command authority","controls.json; not automatically joined to browser cases"
"source-inventory","C2-CONTROL-482","ownership.json and control-action-crosswalk.csv","Button","client/src/pages/dashboard/NbaPriorityPage.tsx","274","UNTESTED","UNTESTED","UNTESTED","UNTESTED","Not measured","UNTESTED","Existing census identity; not refreshed at closeout","Not attributed","Not verified","UNTESTED","C2 consumer; retained shared A/B command authority","controls.json; not automatically joined to browser cases"
"source-inventory","C2-CONTROL-483","ownership.json and control-action-crosswalk.csv","Tabs","client/src/pages/dashboard/ContactsAndLeads.tsx","56","UNTESTED","UNTESTED","UNTESTED","UNTESTED","Not measured","UNTESTED","Existing census identity; not refreshed at closeout","Not attributed","Not verified","UNTESTED","C2 consumer; retained shared A/B command authority","controls.json; not automatically joined to browser cases"
"source-inventory","C2-CONTROL-484","ownership.json and control-action-crosswalk.csv","""tab-contacts-people""","client/src/pages/dashboard/ContactsAndLeads.tsx","58","UNTESTED","UNTESTED","UNTESTED","UNTESTED","Not measured","UNTESTED","Existing census identity; not refreshed at closeout","Not attributed","Not verified","UNTESTED","C2 consumer; retained shared A/B command authority","controls.json; not automatically joined to browser cases"
"source-inventory","C2-CONTROL-485","ownership.json and control-action-crosswalk.csv","""tab-contacts-leads""","client/src/pages/dashboard/ContactsAndLeads.tsx","62","UNTESTED","UNTESTED","UNTESTED","UNTESTED","Not measured","UNTESTED","Existing census identity; not refreshed at closeout","Not attributed","Not verified","UNTESTED","C2 consumer; retained shared A/B command authority","controls.json; not automatically joined to browser cases"
"source-inventory","C2-CONTROL-486","ownership.json and control-action-crosswalk.csv","button","client/src/pages/dashboard/Leads.tsx","63","UNTESTED","UNTESTED","UNTESTED","UNTESTED","Not measured","UNTESTED","Existing census identity; not refreshed at closeout","Not attributed","Not verified","UNTESTED","C2 consumer; retained shared A/B command authority","controls.json; not automatically joined to browser cases"
"source-inventory","C2-CONTROL-487","ownership.json and control-action-crosswalk.csv","button","client/src/pages/dashboard/Leads.tsx","64","UNTESTED","UNTESTED","UNTESTED","UNTESTED","Not measured","UNTESTED","Existing census identity; not refreshed at closeout","Not attributed","Not verified","UNTESTED","C2 consumer; retained shared A/B command authority","controls.json; not automatically joined to browser cases"
"source-inventory","C2-CONTROL-488","ownership.json and control-action-crosswalk.csv","a","client/src/pages/dashboard/Leads.tsx","85","UNTESTED","UNTESTED","UNTESTED","UNTESTED","Not measured","UNTESTED","Existing census identity; not refreshed at closeout","Not attributed","Not verified","UNTESTED","C2 consumer; retained shared A/B command authority","controls.json; not automatically joined to browser cases"
"source-inventory","C2-CONTROL-489","ownership.json and control-action-crosswalk.csv","a","client/src/pages/dashboard/Leads.tsx","86","UNTESTED","UNTESTED","UNTESTED","UNTESTED","Not measured","UNTESTED","Existing census identity; not refreshed at closeout","Not attributed","Not verified","UNTESTED","C2 consumer; retained shared A/B command authority","controls.json; not automatically joined to browser cases"
"source-inventory","C2-CONTROL-490","ownership.json and control-action-crosswalk.csv","Dialog","client/src/pages/dashboard/Contacts.tsx","284","UNTESTED","UNTESTED","UNTESTED","UNTESTED","Not measured","UNTESTED","Existing census identity; not refreshed at closeout","Not attributed","Not verified","UNTESTED","C2 consumer; retained shared A/B command authority","controls.json; not automatically joined to browser cases"
"source-inventory","C2-CONTROL-491","ownership.json and control-action-crosswalk.csv","Input","client/src/pages/dashboard/Contacts.tsx","296","UNTESTED","UNTESTED","UNTESTED","UNTESTED","Not measured","UNTESTED","Existing census identity; not refreshed at closeout","Not attributed","Not verified","UNTESTED","C2 consumer; retained shared A/B command authority","controls.json; not automatically joined to browser cases"
"source-inventory","C2-CONTROL-492","ownership.json and control-action-crosswalk.csv","Button","client/src/pages/dashboard/Contacts.tsx","297","UNTESTED","UNTESTED","UNTESTED","UNTESTED","Not measured","UNTESTED","Existing census identity; not refreshed at closeout","Not attributed","Not verified","UNTESTED","C2 consumer; retained shared A/B command authority","controls.json; not automatically joined to browser cases"
"source-inventory","C2-CONTROL-493","ownership.json and control-action-crosswalk.csv","""button-back-to-list""","client/src/pages/dashboard/Contacts.tsx","302","UNTESTED","UNTESTED","UNTESTED","UNTESTED","Not measured","UNTESTED","Existing census identity; not refreshed at closeout","Not attributed","Not verified","UNTESTED","C2 consumer; retained shared A/B command authority","controls.json; not automatically joined to browser cases"
"source-inventory","C2-CONTROL-494","ownership.json and control-action-crosswalk.csv","{`merge-candidate-${c.id}`}","client/src/pages/dashboard/Contacts.tsx","310","UNTESTED","UNTESTED","UNTESTED","UNTESTED","Not measured","UNTESTED","Existing census identity; not refreshed at closeout","Not attributed","Not verified","UNTESTED","C2 consumer; retained shared A/B command authority","controls.json; not automatically joined to browser cases"
"source-inventory","C2-CONTROL-495","ownership.json and control-action-crosswalk.csv","{`radio-contact-${c.id}`}","client/src/pages/dashboard/Contacts.tsx","318","UNTESTED","UNTESTED","UNTESTED","UNTESTED","Not measured","UNTESTED","Existing census identity; not refreshed at closeout","Not attributed","Not verified","UNTESTED","C2 consumer; retained shared A/B command authority","controls.json; not automatically joined to browser cases"
"source-inventory","C2-CONTROL-496","ownership.json and control-action-crosswalk.csv","""button-merge-cancel""","client/src/pages/dashboard/Contacts.tsx","362","UNTESTED","UNTESTED","UNTESTED","UNTESTED","Not measured","UNTESTED","Existing census identity; not refreshed at closeout","Not attributed","Not verified","UNTESTED","C2 consumer; retained shared A/B command authority","controls.json; not automatically joined to browser cases"
"source-inventory","C2-CONTROL-497","ownership.json and control-action-crosswalk.csv","""button-confirm-merge""","client/src/pages/dashboard/Contacts.tsx","365","UNTESTED","UNTESTED","UNTESTED","UNTESTED","Not measured","UNTESTED","Existing census identity; not refreshed at closeout","Not attributed","Not verified","UNTESTED","C2 consumer; retained shared A/B command authority","controls.json; not automatically joined to browser cases"
"source-inventory","C2-CONTROL-498","ownership.json and control-action-crosswalk.csv","Button","client/src/pages/dashboard/Contacts.tsx","378","UNTESTED","UNTESTED","UNTESTED","UNTESTED","Not measured","UNTESTED","Existing census identity; not refreshed at closeout","Not attributed","Not verified","UNTESTED","C2 consumer; retained shared A/B command authority","controls.json; not automatically joined to browser cases"
"source-inventory","C2-CONTROL-499","ownership.json and control-action-crosswalk.csv","Button","client/src/pages/dashboard/Contacts.tsx","379","UNTESTED","UNTESTED","UNTESTED","UNTESTED","Not measured","UNTESTED","Existing census identity; not refreshed at closeout","Not attributed","Not verified","UNTESTED","C2 consumer; retained shared A/B command authority","controls.json; not automatically joined to browser cases"
"source-inventory","C2-CONTROL-500","ownership.json and control-action-crosswalk.csv","Button","client/src/pages/dashboard/Contacts.tsx","380","UNTESTED","UNTESTED","UNTESTED","UNTESTED","Not measured","UNTESTED","Existing census identity; not refreshed at closeout","Not attributed","Not verified","UNTESTED","C2 consumer; retained shared A/B command authority","controls.json; not automatically joined to browser cases"
"source-inventory","C2-CONTROL-501","ownership.json and control-action-crosswalk.csv","""button-add-contact""","client/src/pages/dashboard/Contacts.tsx","966","UNTESTED","UNTESTED","UNTESTED","UNTESTED","Not measured","UNTESTED","Existing census identity; not refreshed at closeout","Not attributed","Not verified","UNTESTED","C2 consumer; retained shared A/B command authority","controls.json; not automatically joined to browser cases"
"source-inventory","C2-CONTROL-502","ownership.json and control-action-crosswalk.csv","""stat-email-health-all""","client/src/pages/dashboard/Contacts.tsx","973","UNTESTED","UNTESTED","UNTESTED","UNTESTED","Not measured","UNTESTED","Existing census identity; not refreshed at closeout","Not attributed","Not verified","UNTESTED","C2 consumer; retained shared A/B command authority","controls.json; not automatically joined to browser cases"
"source-inventory","C2-CONTROL-503","ownership.json and control-action-crosswalk.csv","{`stat-email-health-${stat.key}`}","client/src/pages/dashboard/Contacts.tsx","995","UNTESTED","UNTESTED","UNTESTED","UNTESTED","Not measured","UNTESTED","Existing census identity; not refreshed at closeout","Not attributed","Not verified","UNTESTED","C2 consumer; retained shared A/B command authority","controls.json; not automatically joined to browser cases"
"source-inventory","C2-CONTROL-504","ownership.json and control-action-crosswalk.csv","""input-search-contacts""","client/src/pages/dashboard/Contacts.tsx","1030","UNTESTED","UNTESTED","UNTESTED","UNTESTED","Not measured","UNTESTED","Existing census identity; not refreshed at closeout","Not attributed","Not verified","UNTESTED","C2 consumer; retained shared A/B command authority","controls.json; not automatically joined to browser cases"
"source-inventory","C2-CONTROL-505","ownership.json and control-action-crosswalk.csv","Select","client/src/pages/dashboard/Contacts.tsx","1054","UNTESTED","UNTESTED","UNTESTED","UNTESTED","Not measured","UNTESTED","Existing census identity; not refreshed at closeout","Not attributed","Not verified","UNTESTED","C2 consumer; retained shared A/B command authority","controls.json; not automatically joined to browser cases"
"source-inventory","C2-CONTROL-506","ownership.json and control-action-crosswalk.csv","""select-contact-sort""","client/src/pages/dashboard/Contacts.tsx","1055","UNTESTED","UNTESTED","UNTESTED","UNTESTED","Not measured","UNTESTED","Existing census identity; not refreshed at closeout","Not attributed","Not verified","UNTESTED","C2 consumer; retained shared A/B command authority","controls.json; not automatically joined to browser cases"
"source-inventory","C2-CONTROL-507","ownership.json and control-action-crosswalk.csv","{`chip-email-health-${opt.value || ""all""}`}","client/src/pages/dashboard/Contacts.tsx","1073","UNTESTED","UNTESTED","UNTESTED","UNTESTED","Not measured","UNTESTED","Existing census identity; not refreshed at closeout","Not attributed","Not verified","UNTESTED","C2 consumer; retained shared A/B command authority","controls.json; not automatically joined to browser cases"
"source-inventory","C2-CONTROL-508","ownership.json and control-action-crosswalk.csv","""chip-assigned-to-me""","client/src/pages/dashboard/Contacts.tsx","1102","UNTESTED","UNTESTED","UNTESTED","UNTESTED","Not measured","UNTESTED","Existing census identity; not refreshed at closeout","Not attributed","Not verified","UNTESTED","C2 consumer; retained shared A/B command authority","controls.json; not automatically joined to browser cases"
"source-inventory","C2-CONTROL-509","ownership.json and control-action-crosswalk.csv","""chip-never-contacted""","client/src/pages/dashboard/Contacts.tsx","1118","UNTESTED","UNTESTED","UNTESTED","UNTESTED","Not measured","UNTESTED","Existing census identity; not refreshed at closeout","Not attributed","Not verified","UNTESTED","C2 consumer; retained shared A/B command authority","controls.json; not automatically joined to browser cases"
"source-inventory","C2-CONTROL-510","ownership.json and control-action-crosswalk.csv","""chip-contacted-today""","client/src/pages/dashboard/Contacts.tsx","1131","UNTESTED","UNTESTED","UNTESTED","UNTESTED","Not measured","UNTESTED","Existing census identity; not refreshed at closeout","Not attributed","Not verified","UNTESTED","C2 consumer; retained shared A/B command authority","controls.json; not automatically joined to browser cases"
"source-inventory","C2-CONTROL-511","ownership.json and control-action-crosswalk.csv","""chip-created-this-week""","client/src/pages/dashboard/Contacts.tsx","1144","UNTESTED","UNTESTED","UNTESTED","UNTESTED","Not measured","UNTESTED","Existing census identity; not refreshed at closeout","Not attributed","Not verified","UNTESTED","C2 consumer; retained shared A/B command authority","controls.json; not automatically joined to browser cases"
"source-inventory","C2-CONTROL-512","ownership.json and control-action-crosswalk.csv","""chip-stale-contacts""","client/src/pages/dashboard/Contacts.tsx","1157","UNTESTED","UNTESTED","UNTESTED","UNTESTED","Not measured","UNTESTED","Existing census identity; not refreshed at closeout","Not attributed","Not verified","UNTESTED","C2 consumer; retained shared A/B command authority","controls.json; not automatically joined to browser cases"
"source-inventory","C2-CONTROL-513","ownership.json and control-action-crosswalk.csv","""chip-recently-updated""","client/src/pages/dashboard/Contacts.tsx","1170","UNTESTED","UNTESTED","UNTESTED","UNTESTED","Not measured","UNTESTED","Existing census identity; not refreshed at closeout","Not attributed","Not verified","UNTESTED","C2 consumer; retained shared A/B command authority","controls.json; not automatically joined to browser cases"
"source-inventory","C2-CONTROL-514","ownership.json and control-action-crosswalk.csv","""chip-not-contacted-30d""","client/src/pages/dashboard/Contacts.tsx","1183","UNTESTED","UNTESTED","UNTESTED","UNTESTED","Not measured","UNTESTED","Existing census identity; not refreshed at closeout","Not attributed","Not verified","UNTESTED","C2 consumer; retained shared A/B command authority","controls.json; not automatically joined to browser cases"
"source-inventory","C2-CONTROL-515","ownership.json and control-action-crosswalk.csv","""chip-blocked-contacts""","client/src/pages/dashboard/Contacts.tsx","1196","UNTESTED","UNTESTED","UNTESTED","UNTESTED","Not measured","UNTESTED","Existing census identity; not refreshed at closeout","Not attributed","Not verified","UNTESTED","C2 consumer; retained shared A/B command authority","controls.json; not automatically joined to browser cases"
"source-inventory","C2-CONTROL-516","ownership.json and control-action-crosswalk.csv","""chip-churn-risk""","client/src/pages/dashboard/Contacts.tsx","1209","UNTESTED","UNTESTED","UNTESTED","UNTESTED","Not measured","UNTESTED","Existing census identity; not refreshed at closeout","Not attributed","Not verified","UNTESTED","C2 consumer; retained shared A/B command authority","controls.json; not automatically joined to browser cases"
"source-inventory","C2-CONTROL-517","ownership.json and control-action-crosswalk.csv","""chip-no-outreach-24h""","client/src/pages/dashboard/Contacts.tsx","1222","UNTESTED","UNTESTED","UNTESTED","UNTESTED","Not measured","UNTESTED","Existing census identity; not refreshed at closeout","Not attributed","Not verified","UNTESTED","C2 consumer; retained shared A/B command authority","controls.json; not automatically joined to browser cases"
"source-inventory","C2-CONTROL-518","ownership.json and control-action-crosswalk.csv","{`chip-record-class-${cls}`}","client/src/pages/dashboard/Contacts.tsx","1243","UNTESTED","UNTESTED","UNTESTED","UNTESTED","Not measured","UNTESTED","Existing census identity; not refreshed at closeout","Not attributed","Not verified","UNTESTED","C2 consumer; retained shared A/B command authority","controls.json; not automatically joined to browser cases"
"source-inventory","C2-CONTROL-519","ownership.json and control-action-crosswalk.csv","""chip-no-deal""","client/src/pages/dashboard/Contacts.tsx","1274","UNTESTED","UNTESTED","UNTESTED","UNTESTED","Not measured","UNTESTED","Existing census identity; not refreshed at closeout","Not attributed","Not verified","UNTESTED","C2 consumer; retained shared A/B command authority","controls.json; not automatically joined to browser cases"
"source-inventory","C2-CONTROL-520","ownership.json and control-action-crosswalk.csv","""chip-has-assignee""","client/src/pages/dashboard/Contacts.tsx","1286","UNTESTED","UNTESTED","UNTESTED","UNTESTED","Not measured","UNTESTED","Existing census identity; not refreshed at closeout","Not attributed","Not verified","UNTESTED","C2 consumer; retained shared A/B command authority","controls.json; not automatically joined to browser cases"
"source-inventory","C2-CONTROL-521","ownership.json and control-action-crosswalk.csv","""switch-show-archived-contacts""","client/src/pages/dashboard/Contacts.tsx","1299","UNTESTED","UNTESTED","UNTESTED","UNTESTED","Not measured","UNTESTED","Existing census identity; not refreshed at closeout","Not attributed","Not verified","UNTESTED","C2 consumer; retained shared A/B command authority","controls.json; not automatically joined to browser cases"
"source-inventory","C2-CONTROL-522","ownership.json and control-action-crosswalk.csv","Label","client/src/pages/dashboard/Contacts.tsx","1304","UNTESTED","UNTESTED","UNTESTED","UNTESTED","Not measured","UNTESTED","Existing census identity; not refreshed at closeout","Not attributed","Not verified","UNTESTED","C2 consumer; retained shared A/B command authority","controls.json; not automatically joined to browser cases"
"source-inventory","C2-CONTROL-523","ownership.json and control-action-crosswalk.csv","""button-advanced-filters""","client/src/pages/dashboard/Contacts.tsx","1309","UNTESTED","UNTESTED","UNTESTED","UNTESTED","Not measured","UNTESTED","Existing census identity; not refreshed at closeout","Not attributed","Not verified","UNTESTED","C2 consumer; retained shared A/B command authority","controls.json; not automatically joined to browser cases"
"source-inventory","C2-CONTROL-524","ownership.json and control-action-crosswalk.csv","""button-select-all-matching""","client/src/pages/dashboard/Contacts.tsx","1321","UNTESTED","UNTESTED","UNTESTED","UNTESTED","Not measured","UNTESTED","Existing census identity; not refreshed at closeout","Not attributed","Not verified","UNTESTED","C2 consumer; retained shared A/B command authority","controls.json; not automatically joined to browser cases"
"source-inventory","C2-CONTROL-525","ownership.json and control-action-crosswalk.csv","""button-bulk-actions""","client/src/pages/dashboard/Contacts.tsx","1339","UNTESTED","UNTESTED","UNTESTED","UNTESTED","Not measured","UNTESTED","Existing census identity; not refreshed at closeout","Not attributed","Not verified","UNTESTED","C2 consumer; retained shared A/B command authority","controls.json; not automatically joined to browser cases"
"source-inventory","C2-CONTROL-526","ownership.json and control-action-crosswalk.csv","""bulk-mark-lead""","client/src/pages/dashboard/Contacts.tsx","1345","UNTESTED","UNTESTED","UNTESTED","UNTESTED","Not measured","UNTESTED","Existing census identity; not refreshed at closeout","Not attributed","Not verified","UNTESTED","C2 consumer; retained shared A/B command authority","controls.json; not automatically joined to browser cases"
"source-inventory","C2-CONTROL-527","ownership.json and control-action-crosswalk.csv","""bulk-mark-contacted""","client/src/pages/dashboard/Contacts.tsx","1346","UNTESTED","UNTESTED","UNTESTED","UNTESTED","Not measured","UNTESTED","Existing census identity; not refreshed at closeout","Not attributed","Not verified","UNTESTED","C2 consumer; retained shared A/B command authority","controls.json; not automatically joined to browser cases"
"source-inventory","C2-CONTROL-528","ownership.json and control-action-crosswalk.csv","""bulk-mark-won""","client/src/pages/dashboard/Contacts.tsx","1347","UNTESTED","UNTESTED","UNTESTED","UNTESTED","Not measured","UNTESTED","Existing census identity; not refreshed at closeout","Not attributed","Not verified","UNTESTED","C2 consumer; retained shared A/B command authority","controls.json; not automatically joined to browser cases"
"source-inventory","C2-CONTROL-529","ownership.json and control-action-crosswalk.csv","""bulk-mark-lost""","client/src/pages/dashboard/Contacts.tsx","1348","UNTESTED","UNTESTED","UNTESTED","UNTESTED","Not measured","UNTESTED","Existing census identity; not refreshed at closeout","Not attributed","Not verified","UNTESTED","C2 consumer; retained shared A/B command authority","controls.json; not automatically joined to browser cases"
"source-inventory","C2-CONTROL-530","ownership.json and control-action-crosswalk.csv","""bulk-hard-delete""","client/src/pages/dashboard/Contacts.tsx","1354","UNTESTED","UNTESTED","UNTESTED","UNTESTED","Not measured","UNTESTED","Existing census identity; not refreshed at closeout","Not attributed","Not verified","UNTESTED","C2 consumer; retained shared A/B command authority","controls.json; not automatically joined to browser cases"
"source-inventory","C2-CONTROL-531","ownership.json and control-action-crosswalk.csv","""bulk-archive""","client/src/pages/dashboard/Contacts.tsx","1366","UNTESTED","UNTESTED","UNTESTED","UNTESTED","Not measured","UNTESTED","Existing census identity; not refreshed at closeout","Not attributed","Not verified","UNTESTED","C2 consumer; retained shared A/B command authority","controls.json; not automatically joined to browser cases"
"source-inventory","C2-CONTROL-532","ownership.json and control-action-crosswalk.csv","""bulk-rescore""","client/src/pages/dashboard/Contacts.tsx","1389","UNTESTED","UNTESTED","UNTESTED","UNTESTED","Not measured","UNTESTED","Existing census identity; not refreshed at closeout","Not attributed","Not verified","UNTESTED","C2 consumer; retained shared A/B command authority","controls.json; not automatically joined to browser cases"
"source-inventory","C2-CONTROL-533","ownership.json and control-action-crosswalk.csv","""bulk-reassign-unassign""","client/src/pages/dashboard/Contacts.tsx","1418","UNTESTED","UNTESTED","UNTESTED","UNTESTED","Not measured","UNTESTED","Existing census identity; not refreshed at closeout","Not attributed","Not verified","UNTESTED","C2 consumer; retained shared A/B command authority","controls.json; not automatically joined to browser cases"
"source-inventory","C2-CONTROL-534","ownership.json and control-action-crosswalk.csv","{`bulk-reassign-${agent.id}`}","client/src/pages/dashboard/Contacts.tsx","1437","UNTESTED","UNTESTED","UNTESTED","UNTESTED","Not measured","UNTESTED","Existing census identity; not refreshed at closeout","Not attributed","Not verified","UNTESTED","C2 consumer; retained shared A/B command authority","controls.json; not automatically joined to browser cases"
"source-inventory","C2-CONTROL-535","ownership.json and control-action-crosswalk.csv","{`bulk-lifecycle-${state}`}","client/src/pages/dashboard/Contacts.tsx","1468","UNTESTED","UNTESTED","UNTESTED","UNTESTED","Not measured","UNTESTED","Existing census identity; not refreshed at closeout","Not attributed","Not verified","UNTESTED","C2 consumer; retained shared A/B command authority","controls.json; not automatically joined to browser cases"
"source-inventory","C2-CONTROL-536","ownership.json and control-action-crosswalk.csv","""bulk-tag-vertical""","client/src/pages/dashboard/Contacts.tsx","1491","UNTESTED","UNTESTED","UNTESTED","UNTESTED","Not measured","UNTESTED","Existing census identity; not refreshed at closeout","Not attributed","Not verified","UNTESTED","C2 consumer; retained shared A/B command authority","controls.json; not automatically joined to browser cases"
"source-inventory","C2-CONTROL-537","ownership.json and control-action-crosswalk.csv","""button-find-duplicates""","client/src/pages/dashboard/Contacts.tsx","1518","UNTESTED","UNTESTED","UNTESTED","UNTESTED","Not measured","UNTESTED","Existing census identity; not refreshed at closeout","Not attributed","Not verified","UNTESTED","C2 consumer; retained shared A/B command authority","controls.json; not automatically joined to browser cases"
"source-inventory","C2-CONTROL-538","ownership.json and control-action-crosswalk.csv","""button-export-blocked-contacts""","client/src/pages/dashboard/Contacts.tsx","1523","UNTESTED","UNTESTED","UNTESTED","UNTESTED","Not measured","UNTESTED","Existing census identity; not refreshed at closeout","Not attributed","Not verified","UNTESTED","C2 consumer; retained shared A/B command authority","controls.json; not automatically joined to browser cases"
"source-inventory","C2-CONTROL-539","ownership.json and control-action-crosswalk.csv","""button-export-bounced-contacts""","client/src/pages/dashboard/Contacts.tsx","1541","UNTESTED","UNTESTED","UNTESTED","UNTESTED","Not measured","UNTESTED","Existing census identity; not refreshed at closeout","Not attributed","Not verified","UNTESTED","C2 consumer; retained shared A/B command authority","controls.json; not automatically joined to browser cases"
"source-inventory","C2-CONTROL-540","ownership.json and control-action-crosswalk.csv","""button-export-contacts""","client/src/pages/dashboard/Contacts.tsx","1556","UNTESTED","UNTESTED","UNTESTED","UNTESTED","Not measured","UNTESTED","Existing census identity; not refreshed at closeout","Not attributed","Not verified","UNTESTED","C2 consumer; retained shared A/B command authority","controls.json; not automatically joined to browser cases"
"source-inventory","C2-CONTROL-541","ownership.json and control-action-crosswalk.csv","Dialog","client/src/pages/dashboard/Contacts.tsx","1588","UNTESTED","UNTESTED","UNTESTED","UNTESTED","Not measured","UNTESTED","Existing census identity; not refreshed at closeout","Not attributed","Not verified","UNTESTED","C2 consumer; retained shared A/B command authority","controls.json; not automatically joined to browser cases"
"source-inventory","C2-CONTROL-542","ownership.json and control-action-crosswalk.csv","form","client/src/pages/dashboard/Contacts.tsx","1594","UNTESTED","UNTESTED","UNTESTED","UNTESTED","Not measured","UNTESTED","Existing census identity; not refreshed at closeout","Not attributed","Not verified","UNTESTED","C2 consumer; retained shared A/B command authority","controls.json; not automatically joined to browser cases"
"source-inventory","C2-CONTROL-543","ownership.json and control-action-crosswalk.csv","""input-create-contact-first-name""","client/src/pages/dashboard/Contacts.tsx","1602","UNTESTED","UNTESTED","UNTESTED","UNTESTED","Not measured","UNTESTED","Existing census identity; not refreshed at closeout","Not attributed","Not verified","UNTESTED","C2 consumer; retained shared A/B command authority","controls.json; not automatically joined to browser cases"
"source-inventory","C2-CONTROL-544","ownership.json and control-action-crosswalk.csv","""input-create-contact-last-name""","client/src/pages/dashboard/Contacts.tsx","1613","UNTESTED","UNTESTED","UNTESTED","UNTESTED","Not measured","UNTESTED","Existing census identity; not refreshed at closeout","Not attributed","Not verified","UNTESTED","C2 consumer; retained shared A/B command authority","controls.json; not automatically joined to browser cases"
"source-inventory","C2-CONTROL-545","ownership.json and control-action-crosswalk.csv","""input-create-contact-email""","client/src/pages/dashboard/Contacts.tsx","1625","UNTESTED","UNTESTED","UNTESTED","UNTESTED","Not measured","UNTESTED","Existing census identity; not refreshed at closeout","Not attributed","Not verified","UNTESTED","C2 consumer; retained shared A/B command authority","controls.json; not automatically joined to browser cases"
"source-inventory","C2-CONTROL-546","ownership.json and control-action-crosswalk.csv","""input-create-contact-phone""","client/src/pages/dashboard/Contacts.tsx","1636","UNTESTED","UNTESTED","UNTESTED","UNTESTED","Not measured","UNTESTED","Existing census identity; not refreshed at closeout","Not attributed","Not verified","UNTESTED","C2 consumer; retained shared A/B command authority","controls.json; not automatically joined to browser cases"
"source-inventory","C2-CONTROL-547","ownership.json and control-action-crosswalk.csv","""input-create-contact-company""","client/src/pages/dashboard/Contacts.tsx","1647","UNTESTED","UNTESTED","UNTESTED","UNTESTED","Not measured","UNTESTED","Existing census identity; not refreshed at closeout","Not attributed","Not verified","UNTESTED","C2 consumer; retained shared A/B command authority","controls.json; not automatically joined to browser cases"
"source-inventory","C2-CONTROL-548","ownership.json and control-action-crosswalk.csv","Select","client/src/pages/dashboard/Contacts.tsx","1658","UNTESTED","UNTESTED","UNTESTED","UNTESTED","Not measured","UNTESTED","Existing census identity; not refreshed at closeout","Not attributed","Not verified","UNTESTED","C2 consumer; retained shared A/B command authority","controls.json; not automatically joined to browser cases"
"source-inventory","C2-CONTROL-549","ownership.json and control-action-crosswalk.csv","""select-contact-vertical""","client/src/pages/dashboard/Contacts.tsx","1660","UNTESTED","UNTESTED","UNTESTED","UNTESTED","Not measured","UNTESTED","Existing census identity; not refreshed at closeout","Not attributed","Not verified","UNTESTED","C2 consumer; retained shared A/B command authority","controls.json; not automatically joined to browser cases"
"source-inventory","C2-CONTROL-550","ownership.json and control-action-crosswalk.csv","""input-contact-notes""","client/src/pages/dashboard/Contacts.tsx","1682","UNTESTED","UNTESTED","UNTESTED","UNTESTED","Not measured","UNTESTED","Existing census identity; not refreshed at closeout","Not attributed","Not verified","UNTESTED","C2 consumer; retained shared A/B command authority","controls.json; not automatically joined to browser cases"
"source-inventory","C2-CONTROL-551","ownership.json and control-action-crosswalk.csv","Button","client/src/pages/dashboard/Contacts.tsx","1694","UNTESTED","UNTESTED","UNTESTED","UNTESTED","Not measured","UNTESTED","Existing census identity; not refreshed at closeout","Not attributed","Not verified","UNTESTED","C2 consumer; retained shared A/B command authority","controls.json; not automatically joined to browser cases"
"source-inventory","C2-CONTROL-552","ownership.json and control-action-crosswalk.csv","""button-bulk-email""","client/src/pages/dashboard/Contacts.tsx","1710","UNTESTED","UNTESTED","UNTESTED","UNTESTED","Not measured","UNTESTED","Existing census identity; not refreshed at closeout","Not attributed","Not verified","UNTESTED","C2 consumer; retained shared A/B command authority","controls.json; not automatically joined to browser cases"
"source-inventory","C2-CONTROL-553","ownership.json and control-action-crosswalk.csv","""button-bulk-sms""","client/src/pages/dashboard/Contacts.tsx","1713","UNTESTED","UNTESTED","UNTESTED","UNTESTED","Not measured","UNTESTED","Existing census identity; not refreshed at closeout","Not attributed","Not verified","UNTESTED","C2 consumer; retained shared A/B command authority","controls.json; not automatically joined to browser cases"
"source-inventory","C2-CONTROL-554","ownership.json and control-action-crosswalk.csv","""button-bulk-archive""","client/src/pages/dashboard/Contacts.tsx","1717","UNTESTED","UNTESTED","UNTESTED","UNTESTED","Not measured","UNTESTED","Existing census identity; not refreshed at closeout","Not attributed","Not verified","UNTESTED","C2 consumer; retained shared A/B command authority","controls.json; not automatically joined to browser cases"
"source-inventory","C2-CONTROL-555","ownership.json and control-action-crosswalk.csv","""button-bulk-delete""","client/src/pages/dashboard/Contacts.tsx","1742","UNTESTED","UNTESTED","UNTESTED","UNTESTED","Not measured","UNTESTED","Existing census identity; not refreshed at closeout","Not attributed","Not verified","UNTESTED","C2 consumer; retained shared A/B command authority","controls.json; not automatically joined to browser cases"
"source-inventory","C2-CONTROL-556","ownership.json and control-action-crosswalk.csv","""button-clear-selection""","client/src/pages/dashboard/Contacts.tsx","1754","UNTESTED","UNTESTED","UNTESTED","UNTESTED","Not measured","UNTESTED","Existing census identity; not refreshed at closeout","Not attributed","Not verified","UNTESTED","C2 consumer; retained shared A/B command authority","controls.json; not automatically joined to browser cases"
"source-inventory","C2-CONTROL-557","ownership.json and control-action-crosswalk.csv","CrmFilterPanel","client/src/pages/dashboard/Contacts.tsx","1761","UNTESTED","UNTESTED","UNTESTED","UNTESTED","Not measured","UNTESTED","Existing census identity; not refreshed at closeout","Not attributed","Not verified","UNTESTED","C2 consumer; retained shared A/B command authority","controls.json; not automatically joined to browser cases"
"source-inventory","C2-CONTROL-558","ownership.json and control-action-crosswalk.csv","""button-clear-vertical""","client/src/pages/dashboard/Contacts.tsx","1766","UNTESTED","UNTESTED","UNTESTED","UNTESTED","Not measured","UNTESTED","Existing census identity; not refreshed at closeout","Not attributed","Not verified","UNTESTED","C2 consumer; retained shared A/B command authority","controls.json; not automatically joined to browser cases"
"source-inventory","C2-CONTROL-559","ownership.json and control-action-crosswalk.csv","Select","client/src/pages/dashboard/Contacts.tsx","1774","UNTESTED","UNTESTED","UNTESTED","UNTESTED","Not measured","UNTESTED","Existing census identity; not refreshed at closeout","Not attributed","Not verified","UNTESTED","C2 consumer; retained shared A/B command authority","controls.json; not automatically joined to browser cases"
"source-inventory","C2-CONTROL-560","ownership.json and control-action-crosswalk.csv","""select-vertical-filter""","client/src/pages/dashboard/Contacts.tsx","1775","UNTESTED","UNTESTED","UNTESTED","UNTESTED","Not measured","UNTESTED","Existing census identity; not refreshed at closeout","Not attributed","Not verified","UNTESTED","C2 consumer; retained shared A/B command authority","controls.json; not automatically joined to browser cases"
"source-inventory","C2-CONTROL-561","ownership.json and control-action-crosswalk.csv","Select","client/src/pages/dashboard/Contacts.tsx","1788","UNTESTED","UNTESTED","UNTESTED","UNTESTED","Not measured","UNTESTED","Existing census identity; not refreshed at closeout","Not attributed","Not verified","UNTESTED","C2 consumer; retained shared A/B command authority","controls.json; not automatically joined to browser cases"
"source-inventory","C2-CONTROL-562","ownership.json and control-action-crosswalk.csv","""select-status-filter-advanced""","client/src/pages/dashboard/Contacts.tsx","1789","UNTESTED","UNTESTED","UNTESTED","UNTESTED","Not measured","UNTESTED","Existing census identity; not refreshed at closeout","Not attributed","Not verified","UNTESTED","C2 consumer; retained shared A/B command authority","controls.json; not automatically joined to browser cases"
"source-inventory","C2-CONTROL-563","ownership.json and control-action-crosswalk.csv","Select","client/src/pages/dashboard/Contacts.tsx","1803","UNTESTED","UNTESTED","UNTESTED","UNTESTED","Not measured","UNTESTED","Existing census identity; not refreshed at closeout","Not attributed","Not verified","UNTESTED","C2 consumer; retained shared A/B command authority","controls.json; not automatically joined to browser cases"
"source-inventory","C2-CONTROL-564","ownership.json and control-action-crosswalk.csv","""select-lifecycle-filter""","client/src/pages/dashboard/Contacts.tsx","1804","UNTESTED","UNTESTED","UNTESTED","UNTESTED","Not measured","UNTESTED","Existing census identity; not refreshed at closeout","Not attributed","Not verified","UNTESTED","C2 consumer; retained shared A/B command authority","controls.json; not automatically joined to browser cases"
"source-inventory","C2-CONTROL-565","ownership.json and control-action-crosswalk.csv","Select","client/src/pages/dashboard/Contacts.tsx","1818","UNTESTED","UNTESTED","UNTESTED","UNTESTED","Not measured","UNTESTED","Existing census identity; not refreshed at closeout","Not attributed","Not verified","UNTESTED","C2 consumer; retained shared A/B command authority","controls.json; not automatically joined to browser cases"
"source-inventory","C2-CONTROL-566","ownership.json and control-action-crosswalk.csv","""select-lead-source-filter""","client/src/pages/dashboard/Contacts.tsx","1819","UNTESTED","UNTESTED","UNTESTED","UNTESTED","Not measured","UNTESTED","Existing census identity; not refreshed at closeout","Not attributed","Not verified","UNTESTED","C2 consumer; retained shared A/B command authority","controls.json; not automatically joined to browser cases"
"source-inventory","C2-CONTROL-567","ownership.json and control-action-crosswalk.csv","""input-tag-filter""","client/src/pages/dashboard/Contacts.tsx","1834","UNTESTED","UNTESTED","UNTESTED","UNTESTED","Not measured","UNTESTED","Existing census identity; not refreshed at closeout","Not attributed","Not verified","UNTESTED","C2 consumer; retained shared A/B command authority","controls.json; not automatically joined to browser cases"
"source-inventory","C2-CONTROL-568","ownership.json and control-action-crosswalk.csv","""button-clear-tag-filter""","client/src/pages/dashboard/Contacts.tsx","1842","UNTESTED","UNTESTED","UNTESTED","UNTESTED","Not measured","UNTESTED","Existing census identity; not refreshed at closeout","Not attributed","Not verified","UNTESTED","C2 consumer; retained shared A/B command authority","controls.json; not automatically joined to browser cases"
"source-inventory","C2-CONTROL-569","ownership.json and control-action-crosswalk.csv","""preset-people-all""","client/src/pages/dashboard/Contacts.tsx","1858","UNTESTED","UNTESTED","UNTESTED","UNTESTED","Not measured","UNTESTED","Existing census identity; not refreshed at closeout","Not attributed","Not verified","UNTESTED","C2 consumer; retained shared A/B command authority","controls.json; not automatically joined to browser cases"
"source-inventory","C2-CONTROL-570","ownership.json and control-action-crosswalk.csv","""preset-people-mine""","client/src/pages/dashboard/Contacts.tsx","1863","UNTESTED","UNTESTED","UNTESTED","UNTESTED","Not measured","UNTESTED","Existing census identity; not refreshed at closeout","Not attributed","Not verified","UNTESTED","C2 consumer; retained shared A/B command authority","controls.json; not automatically joined to browser cases"
"source-inventory","C2-CONTROL-571","ownership.json and control-action-crosswalk.csv","""preset-people-blocked""","client/src/pages/dashboard/Contacts.tsx","1867","UNTESTED","UNTESTED","UNTESTED","UNTESTED","Not measured","UNTESTED","Existing census identity; not refreshed at closeout","Not attributed","Not verified","UNTESTED","C2 consumer; retained shared A/B command authority","controls.json; not automatically joined to browser cases"
"source-inventory","C2-CONTROL-572","ownership.json and control-action-crosswalk.csv","""button-empty-add-contact""","client/src/pages/dashboard/Contacts.tsx","1921","UNTESTED","UNTESTED","UNTESTED","UNTESTED","Not measured","UNTESTED","Existing census identity; not refreshed at closeout","Not attributed","Not verified","UNTESTED","C2 consumer; retained shared A/B command authority","controls.json; not automatically joined to browser cases"
"source-inventory","C2-CONTROL-573","ownership.json and control-action-crosswalk.csv","""checkbox-select-all""","client/src/pages/dashboard/Contacts.tsx","1931","UNTESTED","UNTESTED","UNTESTED","UNTESTED","Not measured","UNTESTED","Existing census identity; not refreshed at closeout","Not attributed","Not verified","UNTESTED","C2 consumer; retained shared A/B command authority","controls.json; not automatically joined to browser cases"
"source-inventory","C2-CONTROL-574","ownership.json and control-action-crosswalk.csv","""label-select-all""","client/src/pages/dashboard/Contacts.tsx","1940","UNTESTED","UNTESTED","UNTESTED","UNTESTED","Not measured","UNTESTED","Existing census identity; not refreshed at closeout","Not attributed","Not verified","UNTESTED","C2 consumer; retained shared A/B command authority","controls.json; not automatically joined to browser cases"
"source-inventory","C2-CONTROL-575","ownership.json and control-action-crosswalk.csv","{`checkbox-contact-${contact.id}`}","client/src/pages/dashboard/Contacts.tsx","1960","UNTESTED","UNTESTED","UNTESTED","UNTESTED","Not measured","UNTESTED","Existing census identity; not refreshed at closeout","Not attributed","Not verified","UNTESTED","C2 consumer; retained shared A/B command authority","controls.json; not automatically joined to browser cases"
"source-inventory","C2-CONTROL-576","ownership.json and control-action-crosswalk.csv","{`link-contact-${contact.id}`}","client/src/pages/dashboard/Contacts.tsx","1984","UNTESTED","UNTESTED","UNTESTED","UNTESTED","Not measured","UNTESTED","Existing census identity; not refreshed at closeout","Not attributed","Not verified","UNTESTED","C2 consumer; retained shared A/B command authority","controls.json; not automatically joined to browser cases"
"source-inventory","C2-CONTROL-577","ownership.json and control-action-crosswalk.csv","{`badge-confirmation-failed-${contact.id}`}","client/src/pages/dashboard/Contacts.tsx","1988","UNTESTED","UNTESTED","UNTESTED","UNTESTED","Not measured","UNTESTED","Existing census identity; not refreshed at closeout","Not attributed","Not verified","UNTESTED","C2 consumer; retained shared A/B command authority","controls.json; not automatically joined to browser cases"
"source-inventory","C2-CONTROL-578","ownership.json and control-action-crosswalk.csv","{`select-assigned-rep-${contact.id}`}","client/src/pages/dashboard/Contacts.tsx","2136","UNTESTED","UNTESTED","UNTESTED","UNTESTED","Not measured","UNTESTED","Existing census identity; not refreshed at closeout","Not attributed","Not verified","UNTESTED","C2 consumer; retained shared A/B command authority","controls.json; not automatically joined to browser cases"
"source-inventory","C2-CONTROL-579","ownership.json and control-action-crosswalk.csv","div","client/src/pages/dashboard/Contacts.tsx","2171","UNTESTED","UNTESTED","UNTESTED","UNTESTED","Not measured","UNTESTED","Existing census identity; not refreshed at closeout","Not attributed","Not verified","UNTESTED","C2 consumer; retained shared A/B command authority","controls.json; not automatically joined to browser cases"
"source-inventory","C2-CONTROL-580","ownership.json and control-action-crosswalk.csv","{`button-restore-contact-${contact.id}`}","client/src/pages/dashboard/Contacts.tsx","2173","UNTESTED","UNTESTED","UNTESTED","UNTESTED","Not measured","UNTESTED","Existing census identity; not refreshed at closeout","Not attributed","Not verified","UNTESTED","C2 consumer; retained shared A/B command authority","controls.json; not automatically joined to browser cases"
"source-inventory","C2-CONTROL-581","ownership.json and control-action-crosswalk.csv","{`button-view-${contact.id}`}","client/src/pages/dashboard/Contacts.tsx","2180","UNTESTED","UNTESTED","UNTESTED","UNTESTED","Not measured","UNTESTED","Existing census identity; not refreshed at closeout","Not attributed","Not verified","UNTESTED","C2 consumer; retained shared A/B command authority","controls.json; not automatically joined to browser cases"
"source-inventory","C2-CONTROL-582","ownership.json and control-action-crosswalk.csv","{`button-actions-${contact.id}`}","client/src/pages/dashboard/Contacts.tsx","2188","UNTESTED","UNTESTED","UNTESTED","UNTESTED","Not measured","UNTESTED","Existing census identity; not refreshed at closeout","Not attributed","Not verified","UNTESTED","C2 consumer; retained shared A/B command authority","controls.json; not automatically joined to browser cases"
"source-inventory","C2-CONTROL-583","ownership.json and control-action-crosswalk.csv","DropdownMenuItem","client/src/pages/dashboard/Contacts.tsx","2195","UNTESTED","UNTESTED","UNTESTED","UNTESTED","Not measured","UNTESTED","Existing census identity; not refreshed at closeout","Not attributed","Not verified","UNTESTED","C2 consumer; retained shared A/B command authority","controls.json; not automatically joined to browser cases"
"source-inventory","C2-CONTROL-584","ownership.json and control-action-crosswalk.csv","DropdownMenuItem","client/src/pages/dashboard/Contacts.tsx","2198","UNTESTED","UNTESTED","UNTESTED","UNTESTED","Not measured","UNTESTED","Existing census identity; not refreshed at closeout","Not attributed","Not verified","UNTESTED","C2 consumer; retained shared A/B command authority","controls.json; not automatically joined to browser cases"
"source-inventory","C2-CONTROL-585","ownership.json and control-action-crosswalk.csv","DropdownMenuItem","client/src/pages/dashboard/Contacts.tsx","2201","UNTESTED","UNTESTED","UNTESTED","UNTESTED","Not measured","UNTESTED","Existing census identity; not refreshed at closeout","Not attributed","Not verified","UNTESTED","C2 consumer; retained shared A/B command authority","controls.json; not automatically joined to browser cases"
"source-inventory","C2-CONTROL-586","ownership.json and control-action-crosswalk.csv","{`menu-snooze-contact-${contact.id}`}","client/src/pages/dashboard/Contacts.tsx","2205","UNTESTED","UNTESTED","UNTESTED","UNTESTED","Not measured","UNTESTED","Existing census identity; not refreshed at closeout","Not attributed","Not verified","UNTESTED","C2 consumer; retained shared A/B command authority","controls.json; not automatically joined to browser cases"
"source-inventory","C2-CONTROL-587","ownership.json and control-action-crosswalk.csv","{`menu-restore-contact-${contact.id}`}","client/src/pages/dashboard/Contacts.tsx","2221","UNTESTED","UNTESTED","UNTESTED","UNTESTED","Not measured","UNTESTED","Existing census identity; not refreshed at closeout","Not attributed","Not verified","UNTESTED","C2 consumer; retained shared A/B command authority","controls.json; not automatically joined to browser cases"
"source-inventory","C2-CONTROL-588","ownership.json and control-action-crosswalk.csv","{`menu-archive-contact-${contact.id}`}","client/src/pages/dashboard/Contacts.tsx","2225","UNTESTED","UNTESTED","UNTESTED","UNTESTED","Not measured","UNTESTED","Existing census identity; not refreshed at closeout","Not attributed","Not verified","UNTESTED","C2 consumer; retained shared A/B command authority","controls.json; not automatically joined to browser cases"
"source-inventory","C2-CONTROL-589","ownership.json and control-action-crosswalk.csv","{`checkbox-contact-mobile-${contact.id}`}","client/src/pages/dashboard/Contacts.tsx","2245","UNTESTED","UNTESTED","UNTESTED","UNTESTED","Not measured","UNTESTED","Existing census identity; not refreshed at closeout","Not attributed","Not verified","UNTESTED","C2 consumer; retained shared A/B command authority","controls.json; not automatically joined to browser cases"
"source-inventory","C2-CONTROL-590","ownership.json and control-action-crosswalk.csv","{`link-contact-card-${contact.id}`}","client/src/pages/dashboard/Contacts.tsx","2264","UNTESTED","UNTESTED","UNTESTED","UNTESTED","Not measured","UNTESTED","Existing census identity; not refreshed at closeout","Not attributed","Not verified","UNTESTED","C2 consumer; retained shared A/B command authority","controls.json; not automatically joined to browser cases"
"source-inventory","C2-CONTROL-591","ownership.json and control-action-crosswalk.csv","""select-people-page-size""","client/src/pages/dashboard/Contacts.tsx","2302","UNTESTED","UNTESTED","UNTESTED","UNTESTED","Not measured","UNTESTED","Existing census identity; not refreshed at closeout","Not attributed","Not verified","UNTESTED","C2 consumer; retained shared A/B command authority","controls.json; not automatically joined to browser cases"
"source-inventory","C2-CONTROL-592","ownership.json and control-action-crosswalk.csv","""button-contacts-prev""","client/src/pages/dashboard/Contacts.tsx","2307","UNTESTED","UNTESTED","UNTESTED","UNTESTED","Not measured","UNTESTED","Existing census identity; not refreshed at closeout","Not attributed","Not verified","UNTESTED","C2 consumer; retained shared A/B command authority","controls.json; not automatically joined to browser cases"
"source-inventory","C2-CONTROL-593","ownership.json and control-action-crosswalk.csv","""button-contacts-next""","client/src/pages/dashboard/Contacts.tsx","2310","UNTESTED","UNTESTED","UNTESTED","UNTESTED","Not measured","UNTESTED","Existing census identity; not refreshed at closeout","Not attributed","Not verified","UNTESTED","C2 consumer; retained shared A/B command authority","controls.json; not automatically joined to browser cases"
"source-inventory","C2-CONTROL-594","ownership.json and control-action-crosswalk.csv","DuplicateFinderDialog","client/src/pages/dashboard/Contacts.tsx","2318","UNTESTED","UNTESTED","UNTESTED","UNTESTED","Not measured","UNTESTED","Existing census identity; not refreshed at closeout","Not attributed","Not verified","UNTESTED","C2 consumer; retained shared A/B command authority","controls.json; not automatically joined to browser cases"
"source-inventory","C2-CONTROL-595","ownership.json and control-action-crosswalk.csv","Dialog","client/src/pages/dashboard/Contacts.tsx","2321","UNTESTED","UNTESTED","UNTESTED","UNTESTED","Not measured","UNTESTED","Existing census identity; not refreshed at closeout","Not attributed","Not verified","UNTESTED","C2 consumer; retained shared A/B command authority","controls.json; not automatically joined to browser cases"
"source-inventory","C2-CONTROL-596","ownership.json and control-action-crosswalk.csv","""input-confirm-phrase""","client/src/pages/dashboard/Contacts.tsx","2381","UNTESTED","UNTESTED","UNTESTED","UNTESTED","Not measured","UNTESTED","Existing census identity; not refreshed at closeout","Not attributed","Not verified","UNTESTED","C2 consumer; retained shared A/B command authority","controls.json; not automatically joined to browser cases"
"source-inventory","C2-CONTROL-597","ownership.json and control-action-crosswalk.csv","""button-hard-delete-cancel""","client/src/pages/dashboard/Contacts.tsx","2392","UNTESTED","UNTESTED","UNTESTED","UNTESTED","Not measured","UNTESTED","Existing census identity; not refreshed at closeout","Not attributed","Not verified","UNTESTED","C2 consumer; retained shared A/B command authority","controls.json; not automatically joined to browser cases"
"source-inventory","C2-CONTROL-598","ownership.json and control-action-crosswalk.csv","""button-hard-delete-confirm""","client/src/pages/dashboard/Contacts.tsx","2400","UNTESTED","UNTESTED","UNTESTED","UNTESTED","Not measured","UNTESTED","Existing census identity; not refreshed at closeout","Not attributed","Not verified","UNTESTED","C2 consumer; retained shared A/B command authority","controls.json; not automatically joined to browser cases"
"source-inventory","C2-CONTROL-599","ownership.json and control-action-crosswalk.csv","Dialog","client/src/pages/dashboard/Contacts.tsx","2425","UNTESTED","UNTESTED","UNTESTED","UNTESTED","Not measured","UNTESTED","Existing census identity; not refreshed at closeout","Not attributed","Not verified","UNTESTED","C2 consumer; retained shared A/B command authority","controls.json; not automatically joined to browser cases"
"source-inventory","C2-CONTROL-600","ownership.json and control-action-crosswalk.csv","""input-bulk-subject""","client/src/pages/dashboard/Contacts.tsx","2440","UNTESTED","UNTESTED","UNTESTED","UNTESTED","Not measured","UNTESTED","Existing census identity; not refreshed at closeout","Not attributed","Not verified","UNTESTED","C2 consumer; retained shared A/B command authority","controls.json; not automatically joined to browser cases"
"source-inventory","C2-CONTROL-601","ownership.json and control-action-crosswalk.csv","""input-bulk-message""","client/src/pages/dashboard/Contacts.tsx","2451","UNTESTED","UNTESTED","UNTESTED","UNTESTED","Not measured","UNTESTED","Existing census identity; not refreshed at closeout","Not attributed","Not verified","UNTESTED","C2 consumer; retained shared A/B command authority","controls.json; not automatically joined to browser cases"
"source-inventory","C2-CONTROL-602","ownership.json and control-action-crosswalk.csv","""button-fab-add-contact""","client/src/pages/dashboard/Contacts.tsx","2480","UNTESTED","UNTESTED","UNTESTED","UNTESTED","Not measured","UNTESTED","Existing census identity; not refreshed at closeout","Not attributed","Not verified","UNTESTED","C2 consumer; retained shared A/B command authority","controls.json; not automatically joined to browser cases"
"source-inventory","C2-CONTROL-603","ownership.json and control-action-crosswalk.csv","""button-bulk-cancel""","client/src/pages/dashboard/Contacts.tsx","2492","UNTESTED","UNTESTED","UNTESTED","UNTESTED","Not measured","UNTESTED","Existing census identity; not refreshed at closeout","Not attributed","Not verified","UNTESTED","C2 consumer; retained shared A/B command authority","controls.json; not automatically joined to browser cases"
"source-inventory","C2-CONTROL-604","ownership.json and control-action-crosswalk.csv","""button-bulk-send""","client/src/pages/dashboard/Contacts.tsx","2496","UNTESTED","UNTESTED","UNTESTED","UNTESTED","Not measured","UNTESTED","Existing census identity; not refreshed at closeout","Not attributed","Not verified","UNTESTED","C2 consumer; retained shared A/B command authority","controls.json; not automatically joined to browser cases"
"source-inventory","C2-CONTROL-605","ownership.json and control-action-crosswalk.csv","{`button-copy-${label}`}","client/src/pages/dashboard/ContactDetail.tsx","60","UNTESTED","UNTESTED","UNTESTED","UNTESTED","Not measured","UNTESTED","Existing census identity; not refreshed at closeout","Not attributed","Not verified","UNTESTED","C2 consumer; retained shared A/B command authority","controls.json; not automatically joined to browser cases"
"source-inventory","C2-CONTROL-606","ownership.json and control-action-crosswalk.csv","""button-confirmation-history-toggle""","client/src/pages/dashboard/ContactDetail.tsx","175","UNTESTED","UNTESTED","UNTESTED","UNTESTED","Not measured","UNTESTED","Existing census identity; not refreshed at closeout","Not attributed","Not verified","UNTESTED","C2 consumer; retained shared A/B command authority","controls.json; not automatically joined to browser cases"
"source-inventory","C2-CONTROL-607","ownership.json and control-action-crosswalk.csv","""button-zb-history-toggle""","client/src/pages/dashboard/ContactDetail.tsx","307","UNTESTED","UNTESTED","UNTESTED","UNTESTED","Not measured","UNTESTED","Existing census identity; not refreshed at closeout","Not attributed","Not verified","UNTESTED","C2 consumer; retained shared A/B command authority","controls.json; not automatically joined to browser cases"
"source-inventory","C2-CONTROL-608","ownership.json and control-action-crosswalk.csv","""button-toggle-lifecycle-history""","client/src/pages/dashboard/ContactDetail.tsx","513","UNTESTED","UNTESTED","UNTESTED","UNTESTED","Not measured","UNTESTED","Existing census identity; not refreshed at closeout","Not attributed","Not verified","UNTESTED","C2 consumer; retained shared A/B command authority","controls.json; not automatically joined to browser cases"
"source-inventory","C2-CONTROL-609","ownership.json and control-action-crosswalk.csv","""button-compute-churn""","client/src/pages/dashboard/ContactDetail.tsx","804","UNTESTED","UNTESTED","UNTESTED","UNTESTED","Not measured","UNTESTED","Existing census identity; not refreshed at closeout","Not attributed","Not verified","UNTESTED","C2 consumer; retained shared A/B command authority","controls.json; not automatically joined to browser cases"
"source-inventory","C2-CONTROL-610","ownership.json and control-action-crosswalk.csv","""button-recompute-churn""","client/src/pages/dashboard/ContactDetail.tsx","867","UNTESTED","UNTESTED","UNTESTED","UNTESTED","Not measured","UNTESTED","Existing census identity; not refreshed at closeout","Not attributed","Not verified","UNTESTED","C2 consumer; retained shared A/B command authority","controls.json; not automatically joined to browser cases"
"source-inventory","C2-CONTROL-611","ownership.json and control-action-crosswalk.csv","""button-clear-override""","client/src/pages/dashboard/ContactDetail.tsx","874","UNTESTED","UNTESTED","UNTESTED","UNTESTED","Not measured","UNTESTED","Existing census identity; not refreshed at closeout","Not attributed","Not verified","UNTESTED","C2 consumer; retained shared A/B command authority","controls.json; not automatically joined to browser cases"
"source-inventory","C2-CONTROL-612","ownership.json and control-action-crosswalk.csv","""button-set-override""","client/src/pages/dashboard/ContactDetail.tsx","879","UNTESTED","UNTESTED","UNTESTED","UNTESTED","Not measured","UNTESTED","Existing census identity; not refreshed at closeout","Not attributed","Not verified","UNTESTED","C2 consumer; retained shared A/B command authority","controls.json; not automatically joined to browser cases"
"source-inventory","C2-CONTROL-613","ownership.json and control-action-crosswalk.csv","""input-override-score""","client/src/pages/dashboard/ContactDetail.tsx","903","UNTESTED","UNTESTED","UNTESTED","UNTESTED","Not measured","UNTESTED","Existing census identity; not refreshed at closeout","Not attributed","Not verified","UNTESTED","C2 consumer; retained shared A/B command authority","controls.json; not automatically joined to browser cases"
"source-inventory","C2-CONTROL-614","ownership.json and control-action-crosswalk.csv","""input-override-note""","client/src/pages/dashboard/ContactDetail.tsx","916","UNTESTED","UNTESTED","UNTESTED","UNTESTED","Not measured","UNTESTED","Existing census identity; not refreshed at closeout","Not attributed","Not verified","UNTESTED","C2 consumer; retained shared A/B command authority","controls.json; not automatically joined to browser cases"
"source-inventory","C2-CONTROL-615","ownership.json and control-action-crosswalk.csv","""button-save-override""","client/src/pages/dashboard/ContactDetail.tsx","925","UNTESTED","UNTESTED","UNTESTED","UNTESTED","Not measured","UNTESTED","Existing census identity; not refreshed at closeout","Not attributed","Not verified","UNTESTED","C2 consumer; retained shared A/B command authority","controls.json; not automatically joined to browser cases"
"source-inventory","C2-CONTROL-616","ownership.json and control-action-crosswalk.csv","""button-cancel-override""","client/src/pages/dashboard/ContactDetail.tsx","928","UNTESTED","UNTESTED","UNTESTED","UNTESTED","Not measured","UNTESTED","Existing census identity; not refreshed at closeout","Not attributed","Not verified","UNTESTED","C2 consumer; retained shared A/B command authority","controls.json; not automatically joined to browser cases"
"source-inventory","C2-CONTROL-617","ownership.json and control-action-crosswalk.csv","""button-nba-execute""","client/src/pages/dashboard/ContactDetail.tsx","1158","UNTESTED","UNTESTED","UNTESTED","UNTESTED","Not measured","UNTESTED","Existing census identity; not refreshed at closeout","Not attributed","Not verified","UNTESTED","C2 consumer; retained shared A/B command authority","controls.json; not automatically joined to browser cases"
"source-inventory","C2-CONTROL-618","ownership.json and control-action-crosswalk.csv","""button-nba-dismiss""","client/src/pages/dashboard/ContactDetail.tsx","1168","UNTESTED","UNTESTED","UNTESTED","UNTESTED","Not measured","UNTESTED","Existing census identity; not refreshed at closeout","Not attributed","Not verified","UNTESTED","C2 consumer; retained shared A/B command authority","controls.json; not automatically joined to browser cases"
"source-inventory","C2-CONTROL-619","ownership.json and control-action-crosswalk.csv","""button-back-error""","client/src/pages/dashboard/ContactDetail.tsx","1583","UNTESTED","UNTESTED","UNTESTED","UNTESTED","Not measured","UNTESTED","Existing census identity; not refreshed at closeout","Not attributed","Not verified","UNTESTED","C2 consumer; retained shared A/B command authority","controls.json; not automatically joined to browser cases"
"source-inventory","C2-CONTROL-620","ownership.json and control-action-crosswalk.csv","""button-back""","client/src/pages/dashboard/ContactDetail.tsx","1883","UNTESTED","UNTESTED","UNTESTED","UNTESTED","Not measured","UNTESTED","Existing census identity; not refreshed at closeout","Not attributed","Not verified","UNTESTED","C2 consumer; retained shared A/B command authority","controls.json; not automatically joined to browser cases"
"source-inventory","C2-CONTROL-621","ownership.json and control-action-crosswalk.csv","""input-edit-firstname""","client/src/pages/dashboard/ContactDetail.tsx","1893","UNTESTED","UNTESTED","UNTESTED","UNTESTED","Not measured","UNTESTED","Existing census identity; not refreshed at closeout","Not attributed","Not verified","UNTESTED","C2 consumer; retained shared A/B command authority","controls.json; not automatically joined to browser cases"
"source-inventory","C2-CONTROL-622","ownership.json and control-action-crosswalk.csv","""input-edit-lastname""","client/src/pages/dashboard/ContactDetail.tsx","1899","UNTESTED","UNTESTED","UNTESTED","UNTESTED","Not measured","UNTESTED","Existing census identity; not refreshed at closeout","Not attributed","Not verified","UNTESTED","C2 consumer; retained shared A/B command authority","controls.json; not automatically joined to browser cases"
"source-inventory","C2-CONTROL-623","ownership.json and control-action-crosswalk.csv","""input-edit-company""","client/src/pages/dashboard/ContactDetail.tsx","1939","UNTESTED","UNTESTED","UNTESTED","UNTESTED","Not measured","UNTESTED","Existing census identity; not refreshed at closeout","Not attributed","Not verified","UNTESTED","C2 consumer; retained shared A/B command authority","controls.json; not automatically joined to browser cases"
"source-inventory","C2-CONTROL-624","ownership.json and control-action-crosswalk.csv","""input-edit-email""","client/src/pages/dashboard/ContactDetail.tsx","1951","UNTESTED","UNTESTED","UNTESTED","UNTESTED","Not measured","UNTESTED","Existing census identity; not refreshed at closeout","Not attributed","Not verified","UNTESTED","C2 consumer; retained shared A/B command authority","controls.json; not automatically joined to browser cases"
"source-inventory","C2-CONTROL-625","ownership.json and control-action-crosswalk.csv","""input-edit-phone""","client/src/pages/dashboard/ContactDetail.tsx","1969","UNTESTED","UNTESTED","UNTESTED","UNTESTED","Not measured","UNTESTED","Existing census identity; not refreshed at closeout","Not attributed","Not verified","UNTESTED","C2 consumer; retained shared A/B command authority","controls.json; not automatically joined to browser cases"
"source-inventory","C2-CONTROL-626","ownership.json and control-action-crosswalk.csv","""link-phone-call""","client/src/pages/dashboard/ContactDetail.tsx","1977","UNTESTED","UNTESTED","UNTESTED","UNTESTED","Not measured","UNTESTED","Existing census identity; not refreshed at closeout","Not attributed","Not verified","UNTESTED","C2 consumer; retained shared A/B command authority","controls.json; not automatically joined to browser cases"
"source-inventory","C2-CONTROL-627","ownership.json and control-action-crosswalk.csv","Select","client/src/pages/dashboard/ContactDetail.tsx","2009","UNTESTED","UNTESTED","UNTESTED","UNTESTED","Not measured","UNTESTED","Existing census identity; not refreshed at closeout","Not attributed","Not verified","UNTESTED","C2 consumer; retained shared A/B command authority","controls.json; not automatically joined to browser cases"
"source-inventory","C2-CONTROL-628","ownership.json and control-action-crosswalk.csv","""select-edit-vertical""","client/src/pages/dashboard/ContactDetail.tsx","2013","UNTESTED","UNTESTED","UNTESTED","UNTESTED","Not measured","UNTESTED","Existing census identity; not refreshed at closeout","Not attributed","Not verified","UNTESTED","C2 consumer; retained shared A/B command authority","controls.json; not automatically joined to browser cases"
"source-inventory","C2-CONTROL-629","ownership.json and control-action-crosswalk.csv","Select","client/src/pages/dashboard/ContactDetail.tsx","2033","UNTESTED","UNTESTED","UNTESTED","UNTESTED","Not measured","UNTESTED","Existing census identity; not refreshed at closeout","Not attributed","Not verified","UNTESTED","C2 consumer; retained shared A/B command authority","controls.json; not automatically joined to browser cases"
"source-inventory","C2-CONTROL-630","ownership.json and control-action-crosswalk.csv","""select-edit-assigned-to""","client/src/pages/dashboard/ContactDetail.tsx","2037","UNTESTED","UNTESTED","UNTESTED","UNTESTED","Not measured","UNTESTED","Existing census identity; not refreshed at closeout","Not attributed","Not verified","UNTESTED","C2 consumer; retained shared A/B command authority","controls.json; not automatically joined to browser cases"
"source-inventory","C2-CONTROL-631","ownership.json and control-action-crosswalk.csv","""input-edit-referral-source""","client/src/pages/dashboard/ContactDetail.tsx","2059","UNTESTED","UNTESTED","UNTESTED","UNTESTED","Not measured","UNTESTED","Existing census identity; not refreshed at closeout","Not attributed","Not verified","UNTESTED","C2 consumer; retained shared A/B command authority","controls.json; not automatically joined to browser cases"
"source-inventory","C2-CONTROL-632","ownership.json and control-action-crosswalk.csv","""input-edit-deal-name""","client/src/pages/dashboard/ContactDetail.tsx","2078","UNTESTED","UNTESTED","UNTESTED","UNTESTED","Not measured","UNTESTED","Existing census identity; not refreshed at closeout","Not attributed","Not verified","UNTESTED","C2 consumer; retained shared A/B command authority","controls.json; not automatically joined to browser cases"
"source-inventory","C2-CONTROL-633","ownership.json and control-action-crosswalk.csv","Select","client/src/pages/dashboard/ContactDetail.tsx","2085","UNTESTED","UNTESTED","UNTESTED","UNTESTED","Not measured","UNTESTED","Existing census identity; not refreshed at closeout","Not attributed","Not verified","UNTESTED","C2 consumer; retained shared A/B command authority","controls.json; not automatically joined to browser cases"
"source-inventory","C2-CONTROL-634","ownership.json and control-action-crosswalk.csv","""select-edit-deal-offer-path""","client/src/pages/dashboard/ContactDetail.tsx","2089","UNTESTED","UNTESTED","UNTESTED","UNTESTED","Not measured","UNTESTED","Existing census identity; not refreshed at closeout","Not attributed","Not verified","UNTESTED","C2 consumer; retained shared A/B command authority","controls.json; not automatically joined to browser cases"
"source-inventory","C2-CONTROL-635","ownership.json and control-action-crosswalk.csv","{`toggle-vertical-${v.toLowerCase().replace(/\W+/g, ""-"")}`}","client/src/pages/dashboard/ContactDetail.tsx","2110","UNTESTED","UNTESTED","UNTESTED","UNTESTED","Not measured","UNTESTED","Existing census identity; not refreshed at closeout","Not attributed","Not verified","UNTESTED","C2 consumer; retained shared A/B command authority","controls.json; not automatically joined to browser cases"
"source-inventory","C2-CONTROL-636","ownership.json and control-action-crosswalk.csv","""badge-part-of-parent""","client/src/pages/dashboard/ContactDetail.tsx","2194","UNTESTED","UNTESTED","UNTESTED","UNTESTED","Not measured","UNTESTED","Existing census identity; not refreshed at closeout","Not attributed","Not verified","UNTESTED","C2 consumer; retained shared A/B command authority","controls.json; not automatically joined to browser cases"
"source-inventory","C2-CONTROL-637","ownership.json and control-action-crosswalk.csv","""button-ask-ai-advisor""","client/src/pages/dashboard/ContactDetail.tsx","2267","UNTESTED","UNTESTED","UNTESTED","UNTESTED","Not measured","UNTESTED","Existing census identity; not refreshed at closeout","Not attributed","Not verified","UNTESTED","C2 consumer; retained shared A/B command authority","controls.json; not automatically joined to browser cases"
"source-inventory","C2-CONTROL-638","ownership.json and control-action-crosswalk.csv","""button-save-edit""","client/src/pages/dashboard/ContactDetail.tsx","2279","UNTESTED","UNTESTED","UNTESTED","UNTESTED","Not measured","UNTESTED","Existing census identity; not refreshed at closeout","Not attributed","Not verified","UNTESTED","C2 consumer; retained shared A/B command authority","controls.json; not automatically joined to browser cases"
"source-inventory","C2-CONTROL-639","ownership.json and control-action-crosswalk.csv","""button-cancel-edit""","client/src/pages/dashboard/ContactDetail.tsx","2282","UNTESTED","UNTESTED","UNTESTED","UNTESTED","Not measured","UNTESTED","Existing census identity; not refreshed at closeout","Not attributed","Not verified","UNTESTED","C2 consumer; retained shared A/B command authority","controls.json; not automatically joined to browser cases"
"source-inventory","C2-CONTROL-640","ownership.json and control-action-crosswalk.csv","""button-edit""","client/src/pages/dashboard/ContactDetail.tsx","2288","UNTESTED","UNTESTED","UNTESTED","UNTESTED","Not measured","UNTESTED","Existing census identity; not refreshed at closeout","Not attributed","Not verified","UNTESTED","C2 consumer; retained shared A/B command authority","controls.json; not automatically joined to browser cases"
"source-inventory","C2-CONTROL-641","ownership.json and control-action-crosswalk.csv","""button-compose-email-contact""","client/src/pages/dashboard/ContactDetail.tsx","2291","UNTESTED","UNTESTED","UNTESTED","UNTESTED","Not measured","UNTESTED","Existing census identity; not refreshed at closeout","Not attributed","Not verified","UNTESTED","C2 consumer; retained shared A/B command authority","controls.json; not automatically joined to browser cases"
"source-inventory","C2-CONTROL-642","ownership.json and control-action-crosswalk.csv","""link-view-in-ghl""","client/src/pages/dashboard/ContactDetail.tsx","2317","UNTESTED","UNTESTED","UNTESTED","UNTESTED","Not measured","UNTESTED","Existing census identity; not refreshed at closeout","Not attributed","Not verified","UNTESTED","C2 consumer; retained shared A/B command authority","controls.json; not automatically joined to browser cases"
"source-inventory","C2-CONTROL-643","ownership.json and control-action-crosswalk.csv","Button","client/src/pages/dashboard/ContactDetail.tsx","2333","UNTESTED","UNTESTED","UNTESTED","UNTESTED","Not measured","UNTESTED","Existing census identity; not refreshed at closeout","Not attributed","Not verified","UNTESTED","C2 consumer; retained shared A/B command authority","controls.json; not automatically joined to browser cases"
"source-inventory","C2-CONTROL-644","ownership.json and control-action-crosswalk.csv","{`button-mark-reviewed-${review.id}`}","client/src/pages/dashboard/ContactDetail.tsx","2368","UNTESTED","UNTESTED","UNTESTED","UNTESTED","Not measured","UNTESTED","Existing census identity; not refreshed at closeout","Not attributed","Not verified","UNTESTED","C2 consumer; retained shared A/B command authority","controls.json; not automatically joined to browser cases"
"source-inventory","C2-CONTROL-645","ownership.json and control-action-crosswalk.csv","{`button-generate-retention-proposal-${review.id}`}","client/src/pages/dashboard/ContactDetail.tsx","2381","UNTESTED","UNTESTED","UNTESTED","UNTESTED","Not measured","UNTESTED","Existing census identity; not refreshed at closeout","Not attributed","Not verified","UNTESTED","C2 consumer; retained shared A/B command authority","controls.json; not automatically joined to browser cases"
"source-inventory","C2-CONTROL-646","ownership.json and control-action-crosswalk.csv","{`button-view-rate-review-doc-${review.id}`}","client/src/pages/dashboard/ContactDetail.tsx","2393","UNTESTED","UNTESTED","UNTESTED","UNTESTED","Not measured","UNTESTED","Existing census identity; not refreshed at closeout","Not attributed","Not verified","UNTESTED","C2 consumer; retained shared A/B command authority","controls.json; not automatically joined to browser cases"
"source-inventory","C2-CONTROL-647","ownership.json and control-action-crosswalk.csv","{`button-remove-tag-${tag}`}","client/src/pages/dashboard/ContactDetail.tsx","2441","UNTESTED","UNTESTED","UNTESTED","UNTESTED","Not measured","UNTESTED","Existing census identity; not refreshed at closeout","Not attributed","Not verified","UNTESTED","C2 consumer; retained shared A/B command authority","controls.json; not automatically joined to browser cases"
"source-inventory","C2-CONTROL-648","ownership.json and control-action-crosswalk.csv","form","client/src/pages/dashboard/ContactDetail.tsx","2450","UNTESTED","UNTESTED","UNTESTED","UNTESTED","Not measured","UNTESTED","Existing census identity; not refreshed at closeout","Not attributed","Not verified","UNTESTED","C2 consumer; retained shared A/B command authority","controls.json; not automatically joined to browser cases"
"source-inventory","C2-CONTROL-649","ownership.json and control-action-crosswalk.csv","""input-add-tag""","client/src/pages/dashboard/ContactDetail.tsx","2454","UNTESTED","UNTESTED","UNTESTED","UNTESTED","Not measured","UNTESTED","Existing census identity; not refreshed at closeout","Not attributed","Not verified","UNTESTED","C2 consumer; retained shared A/B command authority","controls.json; not automatically joined to browser cases"
"source-inventory","C2-CONTROL-650","ownership.json and control-action-crosswalk.csv","""button-add-tag""","client/src/pages/dashboard/ContactDetail.tsx","2461","UNTESTED","UNTESTED","UNTESTED","UNTESTED","Not measured","UNTESTED","Existing census identity; not refreshed at closeout","Not attributed","Not verified","UNTESTED","C2 consumer; retained shared A/B command authority","controls.json; not automatically joined to browser cases"
"source-inventory","C2-CONTROL-651","ownership.json and control-action-crosswalk.csv","""button-trigger-rescore""","client/src/pages/dashboard/ContactDetail.tsx","2480","UNTESTED","UNTESTED","UNTESTED","UNTESTED","Not measured","UNTESTED","Existing census identity; not refreshed at closeout","Not attributed","Not verified","UNTESTED","C2 consumer; retained shared A/B command authority","controls.json; not automatically joined to browser cases"
"source-inventory","C2-CONTROL-652","ownership.json and control-action-crosswalk.csv","""button-add-company""","client/src/pages/dashboard/ContactDetail.tsx","2505","UNTESTED","UNTESTED","UNTESTED","UNTESTED","Not measured","UNTESTED","Existing census identity; not refreshed at closeout","Not attributed","Not verified","UNTESTED","C2 consumer; retained shared A/B command authority","controls.json; not automatically joined to browser cases"
"source-inventory","C2-CONTROL-653","ownership.json and control-action-crosswalk.csv","Button","client/src/pages/dashboard/ContactDetail.tsx","2520","UNTESTED","UNTESTED","UNTESTED","UNTESTED","Not measured","UNTESTED","Existing census identity; not refreshed at closeout","Not attributed","Not verified","UNTESTED","C2 consumer; retained shared A/B command authority","controls.json; not automatically joined to browser cases"
"source-inventory","C2-CONTROL-654","ownership.json and control-action-crosswalk.csv","{`link-company-detail-${cc.id}`}","client/src/pages/dashboard/ContactDetail.tsx","2536","UNTESTED","UNTESTED","UNTESTED","UNTESTED","Not measured","UNTESTED","Existing census identity; not refreshed at closeout","Not attributed","Not verified","UNTESTED","C2 consumer; retained shared A/B command authority","controls.json; not automatically joined to browser cases"
"source-inventory","C2-CONTROL-655","ownership.json and control-action-crosswalk.csv","{`button-remove-company-${cc.id}`}","client/src/pages/dashboard/ContactDetail.tsx","2559","UNTESTED","UNTESTED","UNTESTED","UNTESTED","Not measured","UNTESTED","Existing census identity; not refreshed at closeout","Not attributed","Not verified","UNTESTED","C2 consumer; retained shared A/B command authority","controls.json; not automatically joined to browser cases"
"source-inventory","C2-CONTROL-656","ownership.json and control-action-crosswalk.csv","""button-log-call""","client/src/pages/dashboard/ContactDetail.tsx","2579","UNTESTED","UNTESTED","UNTESTED","UNTESTED","Not measured","UNTESTED","Existing census identity; not refreshed at closeout","Not attributed","Not verified","UNTESTED","C2 consumer; retained shared A/B command authority","controls.json; not automatically joined to browser cases"
"source-inventory","C2-CONTROL-657","ownership.json and control-action-crosswalk.csv","""button-add-note""","client/src/pages/dashboard/ContactDetail.tsx","2582","UNTESTED","UNTESTED","UNTESTED","UNTESTED","Not measured","UNTESTED","Existing census identity; not refreshed at closeout","Not attributed","Not verified","UNTESTED","C2 consumer; retained shared A/B command authority","controls.json; not automatically joined to browser cases"
"source-inventory","C2-CONTROL-658","ownership.json and control-action-crosswalk.csv","""button-create-deal""","client/src/pages/dashboard/ContactDetail.tsx","2585","UNTESTED","UNTESTED","UNTESTED","UNTESTED","Not measured","UNTESTED","Existing census identity; not refreshed at closeout","Not attributed","Not verified","UNTESTED","C2 consumer; retained shared A/B command authority","controls.json; not automatically joined to browser cases"
"source-inventory","C2-CONTROL-659","ownership.json and control-action-crosswalk.csv","""button-create-task""","client/src/pages/dashboard/ContactDetail.tsx","2588","UNTESTED","UNTESTED","UNTESTED","UNTESTED","Not measured","UNTESTED","Existing census identity; not refreshed at closeout","Not attributed","Not verified","UNTESTED","C2 consumer; retained shared A/B command authority","controls.json; not automatically joined to browser cases"
"source-inventory","C2-CONTROL-660","ownership.json and control-action-crosswalk.csv","""button-create-ticket""","client/src/pages/dashboard/ContactDetail.tsx","2591","UNTESTED","UNTESTED","UNTESTED","UNTESTED","Not measured","UNTESTED","Existing census identity; not refreshed at closeout","Not attributed","Not verified","UNTESTED","C2 consumer; retained shared A/B command authority","controls.json; not automatically joined to browser cases"
"source-inventory","C2-CONTROL-661","ownership.json and control-action-crosswalk.csv","""mobile-action-log-call""","client/src/pages/dashboard/ContactDetail.tsx","2598","UNTESTED","UNTESTED","UNTESTED","UNTESTED","Not measured","UNTESTED","Existing census identity; not refreshed at closeout","Not attributed","Not verified","UNTESTED","C2 consumer; retained shared A/B command authority","controls.json; not automatically joined to browser cases"
"source-inventory","C2-CONTROL-662","ownership.json and control-action-crosswalk.csv","""mobile-action-email""","client/src/pages/dashboard/ContactDetail.tsx","2606","UNTESTED","UNTESTED","UNTESTED","UNTESTED","Not measured","UNTESTED","Existing census identity; not refreshed at closeout","Not attributed","Not verified","UNTESTED","C2 consumer; retained shared A/B command authority","controls.json; not automatically joined to browser cases"
"source-inventory","C2-CONTROL-663","ownership.json and control-action-crosswalk.csv","""mobile-action-edit""","client/src/pages/dashboard/ContactDetail.tsx","2614","UNTESTED","UNTESTED","UNTESTED","UNTESTED","Not measured","UNTESTED","Existing census identity; not refreshed at closeout","Not attributed","Not verified","UNTESTED","C2 consumer; retained shared A/B command authority","controls.json; not automatically joined to browser cases"
"source-inventory","C2-CONTROL-664","ownership.json and control-action-crosswalk.csv","""mobile-action-deal""","client/src/pages/dashboard/ContactDetail.tsx","2622","UNTESTED","UNTESTED","UNTESTED","UNTESTED","Not measured","UNTESTED","Existing census identity; not refreshed at closeout","Not attributed","Not verified","UNTESTED","C2 consumer; retained shared A/B command authority","controls.json; not automatically joined to browser cases"
"source-inventory","C2-CONTROL-665","ownership.json and control-action-crosswalk.csv","""mobile-action-task""","client/src/pages/dashboard/ContactDetail.tsx","2630","UNTESTED","UNTESTED","UNTESTED","UNTESTED","Not measured","UNTESTED","Existing census identity; not refreshed at closeout","Not attributed","Not verified","UNTESTED","C2 consumer; retained shared A/B command authority","controls.json; not automatically joined to browser cases"
"source-inventory","C2-CONTROL-666","ownership.json and control-action-crosswalk.csv","""mobile-action-ai""","client/src/pages/dashboard/ContactDetail.tsx","2638","UNTESTED","UNTESTED","UNTESTED","UNTESTED","Not measured","UNTESTED","Existing census identity; not refreshed at closeout","Not attributed","Not verified","UNTESTED","C2 consumer; retained shared A/B command authority","controls.json; not automatically joined to browser cases"
"source-inventory","C2-CONTROL-667","ownership.json and control-action-crosswalk.csv","Button","client/src/pages/dashboard/ContactDetail.tsx","2658","UNTESTED","UNTESTED","UNTESTED","UNTESTED","Not measured","UNTESTED","Existing census identity; not refreshed at closeout","Not attributed","Not verified","UNTESTED","C2 consumer; retained shared A/B command authority","controls.json; not automatically joined to browser cases"
"source-inventory","C2-CONTROL-668","ownership.json and control-action-crosswalk.csv","Button","client/src/pages/dashboard/ContactDetail.tsx","2659","UNTESTED","UNTESTED","UNTESTED","UNTESTED","Not measured","UNTESTED","Existing census identity; not refreshed at closeout","Not attributed","Not verified","UNTESTED","C2 consumer; retained shared A/B command authority","controls.json; not automatically joined to browser cases"
"source-inventory","C2-CONTROL-669","ownership.json and control-action-crosswalk.csv","""contact-tabs""","client/src/pages/dashboard/ContactDetail.tsx","2662","UNTESTED","UNTESTED","UNTESTED","UNTESTED","Not measured","UNTESTED","Existing census identity; not refreshed at closeout","Not attributed","Not verified","UNTESTED","C2 consumer; retained shared A/B command authority","controls.json; not automatically joined to browser cases"
"source-inventory","C2-CONTROL-670","ownership.json and control-action-crosswalk.csv","{`tab-${section}`}","client/src/pages/dashboard/ContactDetail.tsx","2666","UNTESTED","UNTESTED","UNTESTED","UNTESTED","Not measured","UNTESTED","Existing census identity; not refreshed at closeout","Not attributed","Not verified","UNTESTED","C2 consumer; retained shared A/B command authority","controls.json; not automatically joined to browser cases"
"source-inventory","C2-CONTROL-671","ownership.json and control-action-crosswalk.csv","""button-log-call-in-tab""","client/src/pages/dashboard/ContactDetail.tsx","2773","UNTESTED","UNTESTED","UNTESTED","UNTESTED","Not measured","UNTESTED","Existing census identity; not refreshed at closeout","Not attributed","Not verified","UNTESTED","C2 consumer; retained shared A/B command authority","controls.json; not automatically joined to browser cases"
"source-inventory","C2-CONTROL-672","ownership.json and control-action-crosswalk.csv","CrmDetailDrawer","client/src/pages/dashboard/ContactDetail.tsx","2852","UNTESTED","UNTESTED","UNTESTED","UNTESTED","Not measured","UNTESTED","Existing census identity; not refreshed at closeout","Not attributed","Not verified","UNTESTED","C2 consumer; retained shared A/B command authority","controls.json; not automatically joined to browser cases"
"source-inventory","C2-CONTROL-673","ownership.json and control-action-crosswalk.csv","Button","client/src/pages/dashboard/ContactDetail.tsx","2857","UNTESTED","UNTESTED","UNTESTED","UNTESTED","Not measured","UNTESTED","Existing census identity; not refreshed at closeout","Not attributed","Not verified","UNTESTED","C2 consumer; retained shared A/B command authority","controls.json; not automatically joined to browser cases"
"source-inventory","C2-CONTROL-674","ownership.json and control-action-crosswalk.csv","CrmDetailDrawer","client/src/pages/dashboard/ContactDetail.tsx","2861","UNTESTED","UNTESTED","UNTESTED","UNTESTED","Not measured","UNTESTED","Existing census identity; not refreshed at closeout","Not attributed","Not verified","UNTESTED","C2 consumer; retained shared A/B command authority","controls.json; not automatically joined to browser cases"
"source-inventory","C2-CONTROL-675","ownership.json and control-action-crosswalk.csv","""mobile-action-note""","client/src/pages/dashboard/ContactDetail.tsx","2871","UNTESTED","UNTESTED","UNTESTED","UNTESTED","Not measured","UNTESTED","Existing census identity; not refreshed at closeout","Not attributed","Not verified","UNTESTED","C2 consumer; retained shared A/B command authority","controls.json; not automatically joined to browser cases"
"source-inventory","C2-CONTROL-676","ownership.json and control-action-crosswalk.csv","""mobile-action-deal""","client/src/pages/dashboard/ContactDetail.tsx","2879","UNTESTED","UNTESTED","UNTESTED","UNTESTED","Not measured","UNTESTED","Existing census identity; not refreshed at closeout","Not attributed","Not verified","UNTESTED","C2 consumer; retained shared A/B command authority","controls.json; not automatically joined to browser cases"
"source-inventory","C2-CONTROL-677","ownership.json and control-action-crosswalk.csv","""mobile-action-email""","client/src/pages/dashboard/ContactDetail.tsx","2887","UNTESTED","UNTESTED","UNTESTED","UNTESTED","Not measured","UNTESTED","Existing census identity; not refreshed at closeout","Not attributed","Not verified","UNTESTED","C2 consumer; retained shared A/B command authority","controls.json; not automatically joined to browser cases"
"source-inventory","C2-CONTROL-678","ownership.json and control-action-crosswalk.csv","""mobile-action-task""","client/src/pages/dashboard/ContactDetail.tsx","2895","UNTESTED","UNTESTED","UNTESTED","UNTESTED","Not measured","UNTESTED","Existing census identity; not refreshed at closeout","Not attributed","Not verified","UNTESTED","C2 consumer; retained shared A/B command authority","controls.json; not automatically joined to browser cases"
"source-inventory","C2-CONTROL-679","ownership.json and control-action-crosswalk.csv","select","client/src/components/CallAssistPanel.tsx","49","UNTESTED","UNTESTED","UNTESTED","UNTESTED","Not measured","UNTESTED","Existing census identity; not refreshed at closeout","Not attributed","Not verified","UNTESTED","C2 consumer; retained shared A/B command authority","controls.json; not automatically joined to browser cases"
"source-inventory","C2-CONTROL-680","ownership.json and control-action-crosswalk.csv","Input","client/src/components/CallAssistPanel.tsx","59","UNTESTED","UNTESTED","UNTESTED","UNTESTED","Not measured","UNTESTED","Existing census identity; not refreshed at closeout","Not attributed","Not verified","UNTESTED","C2 consumer; retained shared A/B command authority","controls.json; not automatically joined to browser cases"
"source-inventory","C2-CONTROL-681","ownership.json and control-action-crosswalk.csv","Textarea","client/src/components/CallAssistPanel.tsx","60","UNTESTED","UNTESTED","UNTESTED","UNTESTED","Not measured","UNTESTED","Existing census identity; not refreshed at closeout","Not attributed","Not verified","UNTESTED","C2 consumer; retained shared A/B command authority","controls.json; not automatically joined to browser cases"
"source-inventory","C2-CONTROL-682","ownership.json and control-action-crosswalk.csv","Textarea","client/src/components/CallAssistPanel.tsx","64","UNTESTED","UNTESTED","UNTESTED","UNTESTED","Not measured","UNTESTED","Existing census identity; not refreshed at closeout","Not attributed","Not verified","UNTESTED","C2 consumer; retained shared A/B command authority","controls.json; not automatically joined to browser cases"
"source-inventory","C2-CONTROL-683","ownership.json and control-action-crosswalk.csv","Button","client/src/components/CallAssistPanel.tsx","65","UNTESTED","UNTESTED","UNTESTED","UNTESTED","Not measured","UNTESTED","Existing census identity; not refreshed at closeout","Not attributed","Not verified","UNTESTED","C2 consumer; retained shared A/B command authority","controls.json; not automatically joined to browser cases"
"source-inventory","C2-CONTROL-684","ownership.json and control-action-crosswalk.csv","Select","client/src/pages/dashboard/contact-detail-tabs/NextStepsWidget.tsx","84","UNTESTED","UNTESTED","UNTESTED","UNTESTED","Not measured","UNTESTED","Existing census identity; not refreshed at closeout","Not attributed","Not verified","UNTESTED","C2 consumer; retained shared A/B command authority","controls.json; not automatically joined to browser cases"
"source-inventory","C2-CONTROL-685","ownership.json and control-action-crosswalk.csv","""select-next-action-type""","client/src/pages/dashboard/contact-detail-tabs/NextStepsWidget.tsx","85","UNTESTED","UNTESTED","UNTESTED","UNTESTED","Not measured","UNTESTED","Existing census identity; not refreshed at closeout","Not attributed","Not verified","UNTESTED","C2 consumer; retained shared A/B command authority","controls.json; not automatically joined to browser cases"
"source-inventory","C2-CONTROL-686","ownership.json and control-action-crosswalk.csv","""input-next-step-datetime""","client/src/pages/dashboard/contact-detail-tabs/NextStepsWidget.tsx","99","UNTESTED","UNTESTED","UNTESTED","UNTESTED","Not measured","UNTESTED","Existing census identity; not refreshed at closeout","Not attributed","Not verified","UNTESTED","C2 consumer; retained shared A/B command authority","controls.json; not automatically joined to browser cases"
"source-inventory","C2-CONTROL-687","ownership.json and control-action-crosswalk.csv","""input-next-step-note""","client/src/pages/dashboard/contact-detail-tabs/NextStepsWidget.tsx","111","UNTESTED","UNTESTED","UNTESTED","UNTESTED","Not measured","UNTESTED","Existing census identity; not refreshed at closeout","Not attributed","Not verified","UNTESTED","C2 consumer; retained shared A/B command authority","controls.json; not automatically joined to browser cases"
"source-inventory","C2-CONTROL-688","ownership.json and control-action-crosswalk.csv","""button-save-next-step""","client/src/pages/dashboard/contact-detail-tabs/NextStepsWidget.tsx","122","UNTESTED","UNTESTED","UNTESTED","UNTESTED","Not measured","UNTESTED","Existing census identity; not refreshed at closeout","Not attributed","Not verified","UNTESTED","C2 consumer; retained shared A/B command authority","controls.json; not automatically joined to browser cases"
"source-inventory","C2-CONTROL-689","ownership.json and control-action-crosswalk.csv","""button-cancel-next-step""","client/src/pages/dashboard/contact-detail-tabs/NextStepsWidget.tsx","135","UNTESTED","UNTESTED","UNTESTED","UNTESTED","Not measured","UNTESTED","Existing census identity; not refreshed at closeout","Not attributed","Not verified","UNTESTED","C2 consumer; retained shared A/B command authority","controls.json; not automatically joined to browser cases"
"source-inventory","C2-CONTROL-690","ownership.json and control-action-crosswalk.csv","""button-open-next-steps""","client/src/pages/dashboard/contact-detail-tabs/NextStepsWidget.tsx","181","UNTESTED","UNTESTED","UNTESTED","UNTESTED","Not measured","UNTESTED","Existing census identity; not refreshed at closeout","Not attributed","Not verified","UNTESTED","C2 consumer; retained shared A/B command authority","controls.json; not automatically joined to browser cases"
"source-inventory","C2-CONTROL-691","ownership.json and control-action-crosswalk.csv","""button-open-next-steps-mobile""","client/src/pages/dashboard/contact-detail-tabs/NextStepsWidget.tsx","197","UNTESTED","UNTESTED","UNTESTED","UNTESTED","Not measured","UNTESTED","Existing census identity; not refreshed at closeout","Not attributed","Not verified","UNTESTED","C2 consumer; retained shared A/B command authority","controls.json; not automatically joined to browser cases"
"source-inventory","C2-CONTROL-692","ownership.json and control-action-crosswalk.csv","Sheet","client/src/pages/dashboard/contact-detail-tabs/NextStepsWidget.tsx","208","UNTESTED","UNTESTED","UNTESTED","UNTESTED","Not measured","UNTESTED","Existing census identity; not refreshed at closeout","Not attributed","Not verified","UNTESTED","C2 consumer; retained shared A/B command authority","controls.json; not automatically joined to browser cases"
"source-inventory","C2-CONTROL-693","ownership.json and control-action-crosswalk.csv","Sheet","client/src/pages/dashboard/contact-detail-tabs/LogCallSheet.tsx","114","UNTESTED","UNTESTED","UNTESTED","UNTESTED","Not measured","UNTESTED","Existing census identity; not refreshed at closeout","Not attributed","Not verified","UNTESTED","C2 consumer; retained shared A/B command authority","controls.json; not automatically joined to browser cases"
"source-inventory","C2-CONTROL-694","ownership.json and control-action-crosswalk.csv","Select","client/src/pages/dashboard/contact-detail-tabs/LogCallSheet.tsx","127","UNTESTED","UNTESTED","UNTESTED","UNTESTED","Not measured","UNTESTED","Existing census identity; not refreshed at closeout","Not attributed","Not verified","UNTESTED","C2 consumer; retained shared A/B command authority","controls.json; not automatically joined to browser cases"
"source-inventory","C2-CONTROL-695","ownership.json and control-action-crosswalk.csv","""select-call-outcome""","client/src/pages/dashboard/contact-detail-tabs/LogCallSheet.tsx","128","UNTESTED","UNTESTED","UNTESTED","UNTESTED","Not measured","UNTESTED","Existing census identity; not refreshed at closeout","Not attributed","Not verified","UNTESTED","C2 consumer; retained shared A/B command authority","controls.json; not automatically joined to browser cases"
"source-inventory","C2-CONTROL-696","ownership.json and control-action-crosswalk.csv","""input-call-duration""","client/src/pages/dashboard/contact-detail-tabs/LogCallSheet.tsx","147","UNTESTED","UNTESTED","UNTESTED","UNTESTED","Not measured","UNTESTED","Existing census identity; not refreshed at closeout","Not attributed","Not verified","UNTESTED","C2 consumer; retained shared A/B command authority","controls.json; not automatically joined to browser cases"
"source-inventory","C2-CONTROL-697","ownership.json and control-action-crosswalk.csv","""textarea-call-notes""","client/src/pages/dashboard/contact-detail-tabs/LogCallSheet.tsx","162","UNTESTED","UNTESTED","UNTESTED","UNTESTED","Not measured","UNTESTED","Existing census identity; not refreshed at closeout","Not attributed","Not verified","UNTESTED","C2 consumer; retained shared A/B command authority","controls.json; not automatically joined to browser cases"
"source-inventory","C2-CONTROL-698","ownership.json and control-action-crosswalk.csv","""textarea-call-next-steps""","client/src/pages/dashboard/contact-detail-tabs/LogCallSheet.tsx","175","UNTESTED","UNTESTED","UNTESTED","UNTESTED","Not measured","UNTESTED","Existing census identity; not refreshed at closeout","Not attributed","Not verified","UNTESTED","C2 consumer; retained shared A/B command authority","controls.json; not automatically joined to browser cases"
"source-inventory","C2-CONTROL-699","ownership.json and control-action-crosswalk.csv","""checkbox-create-task""","client/src/pages/dashboard/contact-detail-tabs/LogCallSheet.tsx","187","UNTESTED","UNTESTED","UNTESTED","UNTESTED","Not measured","UNTESTED","Existing census identity; not refreshed at closeout","Not attributed","Not verified","UNTESTED","C2 consumer; retained shared A/B command authority","controls.json; not automatically joined to browser cases"
"source-inventory","C2-CONTROL-700","ownership.json and control-action-crosswalk.csv","Select","client/src/pages/dashboard/contact-detail-tabs/LogCallSheet.tsx","204","UNTESTED","UNTESTED","UNTESTED","UNTESTED","Not measured","UNTESTED","Existing census identity; not refreshed at closeout","Not attributed","Not verified","UNTESTED","C2 consumer; retained shared A/B command authority","controls.json; not automatically joined to browser cases"
"source-inventory","C2-CONTROL-701","ownership.json and control-action-crosswalk.csv","""select-task-type""","client/src/pages/dashboard/contact-detail-tabs/LogCallSheet.tsx","205","UNTESTED","UNTESTED","UNTESTED","UNTESTED","Not measured","UNTESTED","Existing census identity; not refreshed at closeout","Not attributed","Not verified","UNTESTED","C2 consumer; retained shared A/B command authority","controls.json; not automatically joined to browser cases"
"source-inventory","C2-CONTROL-702","ownership.json and control-action-crosswalk.csv","""input-task-due""","client/src/pages/dashboard/contact-detail-tabs/LogCallSheet.tsx","217","UNTESTED","UNTESTED","UNTESTED","UNTESTED","Not measured","UNTESTED","Existing census identity; not refreshed at closeout","Not attributed","Not verified","UNTESTED","C2 consumer; retained shared A/B command authority","controls.json; not automatically joined to browser cases"
"source-inventory","C2-CONTROL-703","ownership.json and control-action-crosswalk.csv","""input-task-note""","client/src/pages/dashboard/contact-detail-tabs/LogCallSheet.tsx","227","UNTESTED","UNTESTED","UNTESTED","UNTESTED","Not measured","UNTESTED","Existing census identity; not refreshed at closeout","Not attributed","Not verified","UNTESTED","C2 consumer; retained shared A/B command authority","controls.json; not automatically joined to browser cases"
"source-inventory","C2-CONTROL-704","ownership.json and control-action-crosswalk.csv","""button-save-call-log""","client/src/pages/dashboard/contact-detail-tabs/LogCallSheet.tsx","239","UNTESTED","UNTESTED","UNTESTED","UNTESTED","Not measured","UNTESTED","Existing census identity; not refreshed at closeout","Not attributed","Not verified","UNTESTED","C2 consumer; retained shared A/B command authority","controls.json; not automatically joined to browser cases"
"source-inventory","C2-CONTROL-705","ownership.json and control-action-crosswalk.csv","""button-cancel-call-log""","client/src/pages/dashboard/contact-detail-tabs/LogCallSheet.tsx","251","UNTESTED","UNTESTED","UNTESTED","UNTESTED","Not measured","UNTESTED","Existing census identity; not refreshed at closeout","Not attributed","Not verified","UNTESTED","C2 consumer; retained shared A/B command authority","controls.json; not automatically joined to browser cases"
"source-inventory","C2-CONTROL-706","ownership.json and control-action-crosswalk.csv","{`link-voicemail-play-${vm.id}`}","client/src/pages/dashboard/contact-detail-tabs/CallLogsTab.tsx","99","UNTESTED","UNTESTED","UNTESTED","UNTESTED","Not measured","UNTESTED","Existing census identity; not refreshed at closeout","Not attributed","Not verified","UNTESTED","C2 consumer; retained shared A/B command authority","controls.json; not automatically joined to browser cases"
"source-inventory","C2-CONTROL-707","ownership.json and control-action-crosswalk.csv","""btn-retry-comm-timeline""","client/src/pages/dashboard/contact-detail-tabs/CommunicationTimelineTab.tsx","259","UNTESTED","UNTESTED","UNTESTED","UNTESTED","Not measured","UNTESTED","Existing census identity; not refreshed at closeout","Not attributed","Not verified","UNTESTED","C2 consumer; retained shared A/B command authority","controls.json; not automatically joined to browser cases"
"source-inventory","C2-CONTROL-708","ownership.json and control-action-crosswalk.csv","""btn-log-inbound-sms""","client/src/pages/dashboard/contact-detail-tabs/CommunicationTimelineTab.tsx","300","UNTESTED","UNTESTED","UNTESTED","UNTESTED","Not measured","UNTESTED","Existing census identity; not refreshed at closeout","Not attributed","Not verified","UNTESTED","C2 consumer; retained shared A/B command authority","controls.json; not automatically joined to browser cases"
"source-inventory","C2-CONTROL-709","ownership.json and control-action-crosswalk.csv","""btn-refresh-comm-timeline""","client/src/pages/dashboard/contact-detail-tabs/CommunicationTimelineTab.tsx","327","UNTESTED","UNTESTED","UNTESTED","UNTESTED","Not measured","UNTESTED","Existing census identity; not refreshed at closeout","Not attributed","Not verified","UNTESTED","C2 consumer; retained shared A/B command authority","controls.json; not automatically joined to browser cases"
"source-inventory","C2-CONTROL-710","ownership.json and control-action-crosswalk.csv","""btn-retry-delivery-log""","client/src/pages/dashboard/contact-detail-tabs/DeliveryLogTab.tsx","87","UNTESTED","UNTESTED","UNTESTED","UNTESTED","Not measured","UNTESTED","Existing census identity; not refreshed at closeout","Not attributed","Not verified","UNTESTED","C2 consumer; retained shared A/B command authority","controls.json; not automatically joined to browser cases"
"source-inventory","C2-CONTROL-711","ownership.json and control-action-crosswalk.csv","{`button-confirm-remove-${enrollment.id}`}","client/src/pages/dashboard/contact-detail-tabs/SalesPrepTab.tsx","161","UNTESTED","UNTESTED","UNTESTED","UNTESTED","Not measured","UNTESTED","Existing census identity; not refreshed at closeout","Not attributed","Not verified","UNTESTED","C3 evidence/preparation interior; C2 composition/context","controls.json; not automatically joined to browser cases"
"source-inventory","C2-CONTROL-712","ownership.json and control-action-crosswalk.csv","{`button-cancel-remove-${enrollment.id}`}","client/src/pages/dashboard/contact-detail-tabs/SalesPrepTab.tsx","171","UNTESTED","UNTESTED","UNTESTED","UNTESTED","Not measured","UNTESTED","Existing census identity; not refreshed at closeout","Not attributed","Not verified","UNTESTED","C3 evidence/preparation interior; C2 composition/context","controls.json; not automatically joined to browser cases"
"source-inventory","C2-CONTROL-713","ownership.json and control-action-crosswalk.csv","{`button-${enrollment.status === ""paused"" ? ""resume"" : ""pause""}-enrollment-${enrollment.id}`}","client/src/pages/dashboard/contact-detail-tabs/SalesPrepTab.tsx","184","UNTESTED","UNTESTED","UNTESTED","UNTESTED","Not measured","UNTESTED","Existing census identity; not refreshed at closeout","Not attributed","Not verified","UNTESTED","C3 evidence/preparation interior; C2 composition/context","controls.json; not automatically joined to browser cases"
"source-inventory","C2-CONTROL-714","ownership.json and control-action-crosswalk.csv","{`button-remove-enrollment-${enrollment.id}`}","client/src/pages/dashboard/contact-detail-tabs/SalesPrepTab.tsx","198","UNTESTED","UNTESTED","UNTESTED","UNTESTED","Not measured","UNTESTED","Existing census identity; not refreshed at closeout","Not attributed","Not verified","UNTESTED","C3 evidence/preparation interior; C2 composition/context","controls.json; not automatically joined to browser cases"
"source-inventory","C2-CONTROL-715","ownership.json and control-action-crosswalk.csv","Select","client/src/pages/dashboard/contact-detail-tabs/SalesPrepTab.tsx","416","UNTESTED","UNTESTED","UNTESTED","UNTESTED","Not measured","UNTESTED","Existing census identity; not refreshed at closeout","Not attributed","Not verified","UNTESTED","C3 evidence/preparation interior; C2 composition/context","controls.json; not automatically joined to browser cases"
"source-inventory","C2-CONTROL-716","ownership.json and control-action-crosswalk.csv","""select-sequence""","client/src/pages/dashboard/contact-detail-tabs/SalesPrepTab.tsx","423","UNTESTED","UNTESTED","UNTESTED","UNTESTED","Not measured","UNTESTED","Existing census identity; not refreshed at closeout","Not attributed","Not verified","UNTESTED","C3 evidence/preparation interior; C2 composition/context","controls.json; not automatically joined to browser cases"
"source-inventory","C2-CONTROL-717","ownership.json and control-action-crosswalk.csv","""checkbox-confirm-enroll""","client/src/pages/dashboard/contact-detail-tabs/SalesPrepTab.tsx","447","UNTESTED","UNTESTED","UNTESTED","UNTESTED","Not measured","UNTESTED","Existing census identity; not refreshed at closeout","Not attributed","Not verified","UNTESTED","C3 evidence/preparation interior; C2 composition/context","controls.json; not automatically joined to browser cases"
"source-inventory","C2-CONTROL-718","ownership.json and control-action-crosswalk.csv","""button-enroll-submit""","client/src/pages/dashboard/contact-detail-tabs/SalesPrepTab.tsx","476","UNTESTED","UNTESTED","UNTESTED","UNTESTED","Not measured","UNTESTED","Existing census identity; not refreshed at closeout","Not attributed","Not verified","UNTESTED","C3 evidence/preparation interior; C2 composition/context","controls.json; not automatically joined to browser cases"
"source-inventory","C2-CONTROL-719","ownership.json and control-action-crosswalk.csv","""button-generate-sales-prep""","client/src/pages/dashboard/contact-detail-tabs/SalesPrepTab.tsx","560","UNTESTED","UNTESTED","UNTESTED","UNTESTED","Not measured","UNTESTED","Existing census identity; not refreshed at closeout","Not attributed","Not verified","UNTESTED","C3 evidence/preparation interior; C2 composition/context","controls.json; not automatically joined to browser cases"
"source-inventory","C2-CONTROL-720","ownership.json and control-action-crosswalk.csv","""button-regenerate-sales-prep""","client/src/pages/dashboard/contact-detail-tabs/SalesPrepTab.tsx","599","UNTESTED","UNTESTED","UNTESTED","UNTESTED","Not measured","UNTESTED","Existing census identity; not refreshed at closeout","Not attributed","Not verified","UNTESTED","C3 evidence/preparation interior; C2 composition/context","controls.json; not automatically joined to browser cases"
"source-inventory","C2-CONTROL-721","ownership.json and control-action-crosswalk.csv","""button-refresh-offer-route""","client/src/pages/dashboard/contact-detail-tabs/OfferIntelligenceTab.tsx","121","UNTESTED","UNTESTED","UNTESTED","UNTESTED","Not measured","UNTESTED","Existing census identity; not refreshed at closeout","Not attributed","Not verified","UNTESTED","C2 consumer; retained shared A/B command authority","controls.json; not automatically joined to browser cases"
"source-inventory","C2-CONTROL-722","ownership.json and control-action-crosswalk.csv","""button-refresh-offer-route""","client/src/pages/dashboard/contact-detail-tabs/OfferIntelligenceTab.tsx","148","UNTESTED","UNTESTED","UNTESTED","UNTESTED","Not measured","UNTESTED","Existing census identity; not refreshed at closeout","Not attributed","Not verified","UNTESTED","C2 consumer; retained shared A/B command authority","controls.json; not automatically joined to browser cases"
"source-inventory","C2-CONTROL-723","ownership.json and control-action-crosswalk.csv","""button-override-offer-route""","client/src/pages/dashboard/contact-detail-tabs/OfferIntelligenceTab.tsx","163","UNTESTED","UNTESTED","UNTESTED","UNTESTED","Not measured","UNTESTED","Existing census identity; not refreshed at closeout","Not attributed","Not verified","UNTESTED","C2 consumer; retained shared A/B command authority","controls.json; not automatically joined to browser cases"
"source-inventory","C2-CONTROL-724","ownership.json and control-action-crosswalk.csv","""button-toggle-reasoning""","client/src/pages/dashboard/contact-detail-tabs/OfferIntelligenceTab.tsx","231","UNTESTED","UNTESTED","UNTESTED","UNTESTED","Not measured","UNTESTED","Existing census identity; not refreshed at closeout","Not attributed","Not verified","UNTESTED","C2 consumer; retained shared A/B command authority","controls.json; not automatically joined to browser cases"
"source-inventory","C2-CONTROL-725","ownership.json and control-action-crosswalk.csv","Dialog","client/src/pages/dashboard/contact-detail-tabs/OfferIntelligenceTab.tsx","257","UNTESTED","UNTESTED","UNTESTED","UNTESTED","Not measured","UNTESTED","Existing census identity; not refreshed at closeout","Not attributed","Not verified","UNTESTED","C2 consumer; retained shared A/B command authority","controls.json; not automatically joined to browser cases"
"source-inventory","C2-CONTROL-726","ownership.json and control-action-crosswalk.csv","Select","client/src/pages/dashboard/contact-detail-tabs/OfferIntelligenceTab.tsx","265","UNTESTED","UNTESTED","UNTESTED","UNTESTED","Not measured","UNTESTED","Existing census identity; not refreshed at closeout","Not attributed","Not verified","UNTESTED","C2 consumer; retained shared A/B command authority","controls.json; not automatically joined to browser cases"
"source-inventory","C2-CONTROL-727","ownership.json and control-action-crosswalk.csv","""select-override-route""","client/src/pages/dashboard/contact-detail-tabs/OfferIntelligenceTab.tsx","266","UNTESTED","UNTESTED","UNTESTED","UNTESTED","Not measured","UNTESTED","Existing census identity; not refreshed at closeout","Not attributed","Not verified","UNTESTED","C2 consumer; retained shared A/B command authority","controls.json; not automatically joined to browser cases"
"source-inventory","C2-CONTROL-728","ownership.json and control-action-crosswalk.csv","Select","client/src/pages/dashboard/contact-detail-tabs/OfferIntelligenceTab.tsx","278","UNTESTED","UNTESTED","UNTESTED","UNTESTED","Not measured","UNTESTED","Existing census identity; not refreshed at closeout","Not attributed","Not verified","UNTESTED","C2 consumer; retained shared A/B command authority","controls.json; not automatically joined to browser cases"
"source-inventory","C2-CONTROL-729","ownership.json and control-action-crosswalk.csv","""select-override-action""","client/src/pages/dashboard/contact-detail-tabs/OfferIntelligenceTab.tsx","279","UNTESTED","UNTESTED","UNTESTED","UNTESTED","Not measured","UNTESTED","Existing census identity; not refreshed at closeout","Not attributed","Not verified","UNTESTED","C2 consumer; retained shared A/B command authority","controls.json; not automatically joined to browser cases"
"source-inventory","C2-CONTROL-730","ownership.json and control-action-crosswalk.csv","""input-override-reason""","client/src/pages/dashboard/contact-detail-tabs/OfferIntelligenceTab.tsx","291","UNTESTED","UNTESTED","UNTESTED","UNTESTED","Not measured","UNTESTED","Existing census identity; not refreshed at closeout","Not attributed","Not verified","UNTESTED","C2 consumer; retained shared A/B command authority","controls.json; not automatically joined to browser cases"
"source-inventory","C2-CONTROL-731","ownership.json and control-action-crosswalk.csv","""button-cancel-override""","client/src/pages/dashboard/contact-detail-tabs/OfferIntelligenceTab.tsx","299","UNTESTED","UNTESTED","UNTESTED","UNTESTED","Not measured","UNTESTED","Existing census identity; not refreshed at closeout","Not attributed","Not verified","UNTESTED","C2 consumer; retained shared A/B command authority","controls.json; not automatically joined to browser cases"
"source-inventory","C2-CONTROL-732","ownership.json and control-action-crosswalk.csv","""button-confirm-override""","client/src/pages/dashboard/contact-detail-tabs/OfferIntelligenceTab.tsx","302","UNTESTED","UNTESTED","UNTESTED","UNTESTED","Not measured","UNTESTED","Existing census identity; not refreshed at closeout","Not attributed","Not verified","UNTESTED","C2 consumer; retained shared A/B command authority","controls.json; not automatically joined to browser cases"
"source-inventory","C2-CONTROL-733","ownership.json and control-action-crosswalk.csv","""btn-retry-comm-health-contact""","client/src/pages/dashboard/contact-detail-tabs/CommunicationHealthTab.tsx","105","UNTESTED","UNTESTED","UNTESTED","UNTESTED","Not measured","UNTESTED","Existing census identity; not refreshed at closeout","Not attributed","Not verified","UNTESTED","C2 consumer; retained shared A/B command authority","controls.json; not automatically joined to browser cases"
"source-inventory","C2-CONTROL-734","ownership.json and control-action-crosswalk.csv","Select","client/src/pages/dashboard/contact-detail-tabs/CompanyIntelligenceTab.tsx","114","UNTESTED","UNTESTED","UNTESTED","UNTESTED","Not measured","UNTESTED","Existing census identity; not refreshed at closeout","Not attributed","Not verified","UNTESTED","C3 evidence/preparation interior; C2 composition/context","controls.json; not automatically joined to browser cases"
"source-inventory","C2-CONTROL-735","ownership.json and control-action-crosswalk.csv","""select-mgmt-type""","client/src/pages/dashboard/contact-detail-tabs/CompanyIntelligenceTab.tsx","119","UNTESTED","UNTESTED","UNTESTED","UNTESTED","Not measured","UNTESTED","Existing census identity; not refreshed at closeout","Not attributed","Not verified","UNTESTED","C3 evidence/preparation interior; C2 composition/context","controls.json; not automatically joined to browser cases"
"source-inventory","C2-CONTROL-736","ownership.json and control-action-crosswalk.csv","""btn-clear-counterparty""","client/src/pages/dashboard/contact-detail-tabs/CompanyIntelligenceTab.tsx","228","UNTESTED","UNTESTED","UNTESTED","UNTESTED","Not measured","UNTESTED","Existing census identity; not refreshed at closeout","Not attributed","Not verified","UNTESTED","C3 evidence/preparation interior; C2 composition/context","controls.json; not automatically joined to browser cases"
"source-inventory","C2-CONTROL-737","ownership.json and control-action-crosswalk.csv","""input-counterparty-search""","client/src/pages/dashboard/contact-detail-tabs/CompanyIntelligenceTab.tsx","235","UNTESTED","UNTESTED","UNTESTED","UNTESTED","Not measured","UNTESTED","Existing census identity; not refreshed at closeout","Not attributed","Not verified","UNTESTED","C3 evidence/preparation interior; C2 composition/context","controls.json; not automatically joined to browser cases"
"source-inventory","C2-CONTROL-738","ownership.json and control-action-crosswalk.csv","{`counterparty-option-${c.id}`}","client/src/pages/dashboard/contact-detail-tabs/CompanyIntelligenceTab.tsx","245","UNTESTED","UNTESTED","UNTESTED","UNTESTED","Not measured","UNTESTED","Existing census identity; not refreshed at closeout","Not attributed","Not verified","UNTESTED","C3 evidence/preparation interior; C2 composition/context","controls.json; not automatically joined to browser cases"
"source-inventory","C2-CONTROL-739","ownership.json and control-action-crosswalk.csv","Dialog","client/src/pages/dashboard/contact-detail-tabs/CompanyIntelligenceTab.tsx","323","UNTESTED","UNTESTED","UNTESTED","UNTESTED","Not measured","UNTESTED","Existing census identity; not refreshed at closeout","Not attributed","Not verified","UNTESTED","C3 evidence/preparation interior; C2 composition/context","controls.json; not automatically joined to browser cases"
"source-inventory","C2-CONTROL-740","ownership.json and control-action-crosswalk.csv","""btn-add-ma-event""","client/src/pages/dashboard/contact-detail-tabs/CompanyIntelligenceTab.tsx","325","UNTESTED","UNTESTED","UNTESTED","UNTESTED","Not measured","UNTESTED","Existing census identity; not refreshed at closeout","Not attributed","Not verified","UNTESTED","C3 evidence/preparation interior; C2 composition/context","controls.json; not automatically joined to browser cases"
"source-inventory","C2-CONTROL-741","ownership.json and control-action-crosswalk.csv","Select","client/src/pages/dashboard/contact-detail-tabs/CompanyIntelligenceTab.tsx","336","UNTESTED","UNTESTED","UNTESTED","UNTESTED","Not measured","UNTESTED","Existing census identity; not refreshed at closeout","Not attributed","Not verified","UNTESTED","C3 evidence/preparation interior; C2 composition/context","controls.json; not automatically joined to browser cases"
"source-inventory","C2-CONTROL-742","ownership.json and control-action-crosswalk.csv","""select-event-type""","client/src/pages/dashboard/contact-detail-tabs/CompanyIntelligenceTab.tsx","337","UNTESTED","UNTESTED","UNTESTED","UNTESTED","Not measured","UNTESTED","Existing census identity; not refreshed at closeout","Not attributed","Not verified","UNTESTED","C3 evidence/preparation interior; C2 composition/context","controls.json; not automatically joined to browser cases"
"source-inventory","C2-CONTROL-743","ownership.json and control-action-crosswalk.csv","""input-counterparty-name""","client/src/pages/dashboard/contact-detail-tabs/CompanyIntelligenceTab.tsx","351","UNTESTED","UNTESTED","UNTESTED","UNTESTED","Not measured","UNTESTED","Existing census identity; not refreshed at closeout","Not attributed","Not verified","UNTESTED","C3 evidence/preparation interior; C2 composition/context","controls.json; not automatically joined to browser cases"
"source-inventory","C2-CONTROL-744","ownership.json and control-action-crosswalk.csv","""input-event-date""","client/src/pages/dashboard/contact-detail-tabs/CompanyIntelligenceTab.tsx","361","UNTESTED","UNTESTED","UNTESTED","UNTESTED","Not measured","UNTESTED","Existing census identity; not refreshed at closeout","Not attributed","Not verified","UNTESTED","C3 evidence/preparation interior; C2 composition/context","controls.json; not automatically joined to browser cases"
"source-inventory","C2-CONTROL-745","ownership.json and control-action-crosswalk.csv","""input-event-note""","client/src/pages/dashboard/contact-detail-tabs/CompanyIntelligenceTab.tsx","365","UNTESTED","UNTESTED","UNTESTED","UNTESTED","Not measured","UNTESTED","Existing census identity; not refreshed at closeout","Not attributed","Not verified","UNTESTED","C3 evidence/preparation interior; C2 composition/context","controls.json; not automatically joined to browser cases"
"source-inventory","C2-CONTROL-746","ownership.json and control-action-crosswalk.csv","""btn-submit-ma-event""","client/src/pages/dashboard/contact-detail-tabs/CompanyIntelligenceTab.tsx","367","UNTESTED","UNTESTED","UNTESTED","UNTESTED","Not measured","UNTESTED","Existing census identity; not refreshed at closeout","Not attributed","Not verified","UNTESTED","C3 evidence/preparation interior; C2 composition/context","controls.json; not automatically joined to browser cases"
"source-inventory","C2-CONTROL-747","ownership.json and control-action-crosswalk.csv","{`btn-delete-ma-event-${event.id}`}","client/src/pages/dashboard/contact-detail-tabs/CompanyIntelligenceTab.tsx","397","UNTESTED","UNTESTED","UNTESTED","UNTESTED","Not measured","UNTESTED","Existing census identity; not refreshed at closeout","Not attributed","Not verified","UNTESTED","C3 evidence/preparation interior; C2 composition/context","controls.json; not automatically joined to browser cases"
"source-inventory","C2-CONTROL-748","ownership.json and control-action-crosswalk.csv","""switch-parent-account""","client/src/pages/dashboard/contact-detail-tabs/LocationsTab.tsx","148","UNTESTED","UNTESTED","UNTESTED","UNTESTED","Not measured","UNTESTED","Existing census identity; not refreshed at closeout","Not attributed","Not verified","UNTESTED","C2 consumer; retained shared A/B command authority","controls.json; not automatically joined to browser cases"
"source-inventory","C2-CONTROL-749","ownership.json and control-action-crosswalk.csv","""button-link-location""","client/src/pages/dashboard/contact-detail-tabs/LocationsTab.tsx","210","UNTESTED","UNTESTED","UNTESTED","UNTESTED","Not measured","UNTESTED","Existing census identity; not refreshed at closeout","Not attributed","Not verified","UNTESTED","C2 consumer; retained shared A/B command authority","controls.json; not automatically joined to browser cases"
"source-inventory","C2-CONTROL-750","ownership.json and control-action-crosswalk.csv","button","client/src/pages/dashboard/contact-detail-tabs/LocationsTab.tsx","223","UNTESTED","UNTESTED","UNTESTED","UNTESTED","Not measured","UNTESTED","Existing census identity; not refreshed at closeout","Not attributed","Not verified","UNTESTED","C2 consumer; retained shared A/B command authority","controls.json; not automatically joined to browser cases"
"source-inventory","C2-CONTROL-751","ownership.json and control-action-crosswalk.csv","{`link-location-name-${loc.id}`}","client/src/pages/dashboard/contact-detail-tabs/LocationsTab.tsx","246","UNTESTED","UNTESTED","UNTESTED","UNTESTED","Not measured","UNTESTED","Existing census identity; not refreshed at closeout","Not attributed","Not verified","UNTESTED","C2 consumer; retained shared A/B command authority","controls.json; not automatically joined to browser cases"
"source-inventory","C2-CONTROL-752","ownership.json and control-action-crosswalk.csv","{`button-open-location-${loc.id}`}","client/src/pages/dashboard/contact-detail-tabs/LocationsTab.tsx","271","UNTESTED","UNTESTED","UNTESTED","UNTESTED","Not measured","UNTESTED","Existing census identity; not refreshed at closeout","Not attributed","Not verified","UNTESTED","C2 consumer; retained shared A/B command authority","controls.json; not automatically joined to browser cases"
"source-inventory","C2-CONTROL-753","ownership.json and control-action-crosswalk.csv","{`button-unlink-location-${loc.id}`}","client/src/pages/dashboard/contact-detail-tabs/LocationsTab.tsx","280","UNTESTED","UNTESTED","UNTESTED","UNTESTED","Not measured","UNTESTED","Existing census identity; not refreshed at closeout","Not attributed","Not verified","UNTESTED","C2 consumer; retained shared A/B command authority","controls.json; not automatically joined to browser cases"
"source-inventory","C2-CONTROL-754","ownership.json and control-action-crosswalk.csv","Dialog","client/src/pages/dashboard/contact-detail-tabs/LocationsTab.tsx","299","UNTESTED","UNTESTED","UNTESTED","UNTESTED","Not measured","UNTESTED","Existing census identity; not refreshed at closeout","Not attributed","Not verified","UNTESTED","C2 consumer; retained shared A/B command authority","controls.json; not automatically joined to browser cases"
"source-inventory","C2-CONTROL-755","ownership.json and control-action-crosswalk.csv","""input-link-contact-search""","client/src/pages/dashboard/contact-detail-tabs/LocationsTab.tsx","307","UNTESTED","UNTESTED","UNTESTED","UNTESTED","Not measured","UNTESTED","Existing census identity; not refreshed at closeout","Not attributed","Not verified","UNTESTED","C2 consumer; retained shared A/B command authority","controls.json; not automatically joined to browser cases"
"source-inventory","C2-CONTROL-756","ownership.json and control-action-crosswalk.csv","button","client/src/pages/dashboard/contact-detail-tabs/LocationsTab.tsx","311","UNTESTED","UNTESTED","UNTESTED","UNTESTED","Not measured","UNTESTED","Existing census identity; not refreshed at closeout","Not attributed","Not verified","UNTESTED","C2 consumer; retained shared A/B command authority","controls.json; not automatically joined to browser cases"
"source-inventory","C2-CONTROL-757","ownership.json and control-action-crosswalk.csv","{`option-contact-${c.id}`}","client/src/pages/dashboard/contact-detail-tabs/LocationsTab.tsx","314","UNTESTED","UNTESTED","UNTESTED","UNTESTED","Not measured","UNTESTED","Existing census identity; not refreshed at closeout","Not attributed","Not verified","UNTESTED","C2 consumer; retained shared A/B command authority","controls.json; not automatically joined to browser cases"
"source-inventory","C2-CONTROL-758","ownership.json and control-action-crosswalk.csv","""input-location-name""","client/src/pages/dashboard/contact-detail-tabs/LocationsTab.tsx","325","UNTESTED","UNTESTED","UNTESTED","UNTESTED","Not measured","UNTESTED","Existing census identity; not refreshed at closeout","Not attributed","Not verified","UNTESTED","C2 consumer; retained shared A/B command authority","controls.json; not automatically joined to browser cases"
"source-inventory","C2-CONTROL-759","ownership.json and control-action-crosswalk.csv","""button-cancel-link""","client/src/pages/dashboard/contact-detail-tabs/LocationsTab.tsx","334","UNTESTED","UNTESTED","UNTESTED","UNTESTED","Not measured","UNTESTED","Existing census identity; not refreshed at closeout","Not attributed","Not verified","UNTESTED","C2 consumer; retained shared A/B command authority","controls.json; not automatically joined to browser cases"
"source-inventory","C2-CONTROL-760","ownership.json and control-action-crosswalk.csv","""button-confirm-link""","client/src/pages/dashboard/contact-detail-tabs/LocationsTab.tsx","335","UNTESTED","UNTESTED","UNTESTED","UNTESTED","Not measured","UNTESTED","Existing census identity; not refreshed at closeout","Not attributed","Not verified","UNTESTED","C2 consumer; retained shared A/B command authority","controls.json; not automatically joined to browser cases"
"source-inventory","C2-CONTROL-761","ownership.json and control-action-crosswalk.csv","Button","client/src/pages/dashboard/contact-detail-tabs/RelationshipsTab.tsx","268","UNTESTED","UNTESTED","UNTESTED","UNTESTED","Not measured","UNTESTED","Existing census identity; not refreshed at closeout","Not attributed","Not verified","UNTESTED","C2 consumer; retained shared A/B command authority","controls.json; not automatically joined to browser cases"
"source-inventory","C2-CONTROL-762","ownership.json and control-action-crosswalk.csv","""button-scan-relationships""","client/src/pages/dashboard/contact-detail-tabs/RelationshipsTab.tsx","413","UNTESTED","UNTESTED","UNTESTED","UNTESTED","Not measured","UNTESTED","Existing census identity; not refreshed at closeout","Not attributed","Not verified","UNTESTED","C2 consumer; retained shared A/B command authority","controls.json; not automatically joined to browser cases"
"source-inventory","C2-CONTROL-763","ownership.json and control-action-crosswalk.csv","""button-risk-scan""","client/src/pages/dashboard/contact-detail-tabs/RelationshipsTab.tsx","423","UNTESTED","UNTESTED","UNTESTED","UNTESTED","Not measured","UNTESTED","Existing census identity; not refreshed at closeout","Not attributed","Not verified","UNTESTED","C2 consumer; retained shared A/B command authority","controls.json; not automatically joined to browser cases"
"source-inventory","C2-CONTROL-764","ownership.json and control-action-crosswalk.csv","""button-add-relationship""","client/src/pages/dashboard/contact-detail-tabs/RelationshipsTab.tsx","435","UNTESTED","UNTESTED","UNTESTED","UNTESTED","Not measured","UNTESTED","Existing census identity; not refreshed at closeout","Not attributed","Not verified","UNTESTED","C2 consumer; retained shared A/B command authority","controls.json; not automatically joined to browser cases"
"source-inventory","C2-CONTROL-765","ownership.json and control-action-crosswalk.csv","Button","client/src/pages/dashboard/contact-detail-tabs/RelationshipsTab.tsx","448","UNTESTED","UNTESTED","UNTESTED","UNTESTED","Not measured","UNTESTED","Existing census identity; not refreshed at closeout","Not attributed","Not verified","UNTESTED","C2 consumer; retained shared A/B command authority","controls.json; not automatically joined to browser cases"
"source-inventory","C2-CONTROL-766","ownership.json and control-action-crosswalk.csv","{`link-relationship-target-${rel.id}`}","client/src/pages/dashboard/contact-detail-tabs/RelationshipsTab.tsx","475","UNTESTED","UNTESTED","UNTESTED","UNTESTED","Not measured","UNTESTED","Existing census identity; not refreshed at closeout","Not attributed","Not verified","UNTESTED","C2 consumer; retained shared A/B command authority","controls.json; not automatically joined to browser cases"
"source-inventory","C2-CONTROL-767","ownership.json and control-action-crosswalk.csv","{`button-dismiss-relationship-${rel.id}`}","client/src/pages/dashboard/contact-detail-tabs/RelationshipsTab.tsx","508","UNTESTED","UNTESTED","UNTESTED","UNTESTED","Not measured","UNTESTED","Existing census identity; not refreshed at closeout","Not attributed","Not verified","UNTESTED","C2 consumer; retained shared A/B command authority","controls.json; not automatically joined to browser cases"
"source-inventory","C2-CONTROL-768","ownership.json and control-action-crosswalk.csv","summary","client/src/pages/dashboard/contact-detail-tabs/RelationshipsTab.tsx","528","UNTESTED","UNTESTED","UNTESTED","UNTESTED","Not measured","UNTESTED","Existing census identity; not refreshed at closeout","Not attributed","Not verified","UNTESTED","C2 consumer; retained shared A/B command authority","controls.json; not automatically joined to browser cases"
"source-inventory","C2-CONTROL-769","ownership.json and control-action-crosswalk.csv","Dialog","client/src/pages/dashboard/contact-detail-tabs/RelationshipsTab.tsx","541","UNTESTED","UNTESTED","UNTESTED","UNTESTED","Not measured","UNTESTED","Existing census identity; not refreshed at closeout","Not attributed","Not verified","UNTESTED","C2 consumer; retained shared A/B command authority","controls.json; not automatically joined to browser cases"
"source-inventory","C2-CONTROL-770","ownership.json and control-action-crosswalk.csv","Select","client/src/pages/dashboard/contact-detail-tabs/RelationshipsTab.tsx","549","UNTESTED","UNTESTED","UNTESTED","UNTESTED","Not measured","UNTESTED","Existing census identity; not refreshed at closeout","Not attributed","Not verified","UNTESTED","C2 consumer; retained shared A/B command authority","controls.json; not automatically joined to browser cases"
"source-inventory","C2-CONTROL-771","ownership.json and control-action-crosswalk.csv","""select-target-entity-type""","client/src/pages/dashboard/contact-detail-tabs/RelationshipsTab.tsx","553","UNTESTED","UNTESTED","UNTESTED","UNTESTED","Not measured","UNTESTED","Existing census identity; not refreshed at closeout","Not attributed","Not verified","UNTESTED","C2 consumer; retained shared A/B command authority","controls.json; not automatically joined to browser cases"
"source-inventory","C2-CONTROL-772","ownership.json and control-action-crosswalk.csv","""input-target-entity-id""","client/src/pages/dashboard/contact-detail-tabs/RelationshipsTab.tsx","565","UNTESTED","UNTESTED","UNTESTED","UNTESTED","Not measured","UNTESTED","Existing census identity; not refreshed at closeout","Not attributed","Not verified","UNTESTED","C2 consumer; retained shared A/B command authority","controls.json; not automatically joined to browser cases"
"source-inventory","C2-CONTROL-773","ownership.json and control-action-crosswalk.csv","Select","client/src/pages/dashboard/contact-detail-tabs/RelationshipsTab.tsx","575","UNTESTED","UNTESTED","UNTESTED","UNTESTED","Not measured","UNTESTED","Existing census identity; not refreshed at closeout","Not attributed","Not verified","UNTESTED","C2 consumer; retained shared A/B command authority","controls.json; not automatically joined to browser cases"
"source-inventory","C2-CONTROL-774","ownership.json and control-action-crosswalk.csv","""select-relationship-type""","client/src/pages/dashboard/contact-detail-tabs/RelationshipsTab.tsx","579","UNTESTED","UNTESTED","UNTESTED","UNTESTED","Not measured","UNTESTED","Existing census identity; not refreshed at closeout","Not attributed","Not verified","UNTESTED","C2 consumer; retained shared A/B command authority","controls.json; not automatically joined to browser cases"
"source-inventory","C2-CONTROL-775","ownership.json and control-action-crosswalk.csv","""input-relationship-note""","client/src/pages/dashboard/contact-detail-tabs/RelationshipsTab.tsx","595","UNTESTED","UNTESTED","UNTESTED","UNTESTED","Not measured","UNTESTED","Existing census identity; not refreshed at closeout","Not attributed","Not verified","UNTESTED","C2 consumer; retained shared A/B command authority","controls.json; not automatically joined to browser cases"
"source-inventory","C2-CONTROL-776","ownership.json and control-action-crosswalk.csv","Button","client/src/pages/dashboard/contact-detail-tabs/RelationshipsTab.tsx","604","UNTESTED","UNTESTED","UNTESTED","UNTESTED","Not measured","UNTESTED","Existing census identity; not refreshed at closeout","Not attributed","Not verified","UNTESTED","C2 consumer; retained shared A/B command authority","controls.json; not automatically joined to browser cases"
"source-inventory","C2-CONTROL-777","ownership.json and control-action-crosswalk.csv","""button-confirm-add-relationship""","client/src/pages/dashboard/contact-detail-tabs/RelationshipsTab.tsx","605","UNTESTED","UNTESTED","UNTESTED","UNTESTED","Not measured","UNTESTED","Existing census identity; not refreshed at closeout","Not attributed","Not verified","UNTESTED","C2 consumer; retained shared A/B command authority","controls.json; not automatically joined to browser cases"
"source-inventory","C2-CONTROL-778","ownership.json and control-action-crosswalk.csv","Dialog","client/src/pages/dashboard/contact-detail-tabs/RelationshipsTab.tsx","616","UNTESTED","UNTESTED","UNTESTED","UNTESTED","Not measured","UNTESTED","Existing census identity; not refreshed at closeout","Not attributed","Not verified","UNTESTED","C2 consumer; retained shared A/B command authority","controls.json; not automatically joined to browser cases"
"source-inventory","C2-CONTROL-779","ownership.json and control-action-crosswalk.csv","""input-dismiss-note""","client/src/pages/dashboard/contact-detail-tabs/RelationshipsTab.tsx","623","UNTESTED","UNTESTED","UNTESTED","UNTESTED","Not measured","UNTESTED","Existing census identity; not refreshed at closeout","Not attributed","Not verified","UNTESTED","C2 consumer; retained shared A/B command authority","controls.json; not automatically joined to browser cases"
"source-inventory","C2-CONTROL-780","ownership.json and control-action-crosswalk.csv","Button","client/src/pages/dashboard/contact-detail-tabs/RelationshipsTab.tsx","631","UNTESTED","UNTESTED","UNTESTED","UNTESTED","Not measured","UNTESTED","Existing census identity; not refreshed at closeout","Not attributed","Not verified","UNTESTED","C2 consumer; retained shared A/B command authority","controls.json; not automatically joined to browser cases"
"source-inventory","C2-CONTROL-781","ownership.json and control-action-crosswalk.csv","""button-confirm-dismiss""","client/src/pages/dashboard/contact-detail-tabs/RelationshipsTab.tsx","632","UNTESTED","UNTESTED","UNTESTED","UNTESTED","Not measured","UNTESTED","Existing census identity; not refreshed at closeout","Not attributed","Not verified","UNTESTED","C2 consumer; retained shared A/B command authority","controls.json; not automatically joined to browser cases"
"source-inventory","C2-CONTROL-782","ownership.json and control-action-crosswalk.csv","""button-resync-ghl""","client/src/pages/dashboard/contact-detail-tabs/GhlSyncStatus.tsx","42","UNTESTED","UNTESTED","UNTESTED","UNTESTED","Not measured","UNTESTED","Existing census identity; not refreshed at closeout","Not attributed","Not verified","UNTESTED","C2 consumer; retained shared A/B command authority","controls.json; not automatically joined to browser cases"
"source-inventory","C2-CONTROL-783","ownership.json and control-action-crosswalk.csv","Dialog","client/src/pages/dashboard/contact-detail-tabs/CreateDialogs.tsx","64","UNTESTED","UNTESTED","UNTESTED","UNTESTED","Not measured","UNTESTED","Existing census identity; not refreshed at closeout","Not attributed","Not verified","UNTESTED","C2 consumer; retained shared A/B command authority","controls.json; not automatically joined to browser cases"
"source-inventory","C2-CONTROL-784","ownership.json and control-action-crosswalk.csv","Select","client/src/pages/dashboard/contact-detail-tabs/CreateDialogs.tsx","72","UNTESTED","UNTESTED","UNTESTED","UNTESTED","Not measured","UNTESTED","Existing census identity; not refreshed at closeout","Not attributed","Not verified","UNTESTED","C2 consumer; retained shared A/B command authority","controls.json; not automatically joined to browser cases"
"source-inventory","C2-CONTROL-785","ownership.json and control-action-crosswalk.csv","""select-deal-pipeline""","client/src/pages/dashboard/contact-detail-tabs/CreateDialogs.tsx","73","UNTESTED","UNTESTED","UNTESTED","UNTESTED","Not measured","UNTESTED","Existing census identity; not refreshed at closeout","Not attributed","Not verified","UNTESTED","C2 consumer; retained shared A/B command authority","controls.json; not automatically joined to browser cases"
"source-inventory","C2-CONTROL-786","ownership.json and control-action-crosswalk.csv","""input-deal-stage""","client/src/pages/dashboard/contact-detail-tabs/CreateDialogs.tsx","85","UNTESTED","UNTESTED","UNTESTED","UNTESTED","Not measured","UNTESTED","Existing census identity; not refreshed at closeout","Not attributed","Not verified","UNTESTED","C2 consumer; retained shared A/B command authority","controls.json; not automatically joined to browser cases"
"source-inventory","C2-CONTROL-787","ownership.json and control-action-crosswalk.csv","""input-deal-offerpath""","client/src/pages/dashboard/contact-detail-tabs/CreateDialogs.tsx","93","UNTESTED","UNTESTED","UNTESTED","UNTESTED","Not measured","UNTESTED","Existing census identity; not refreshed at closeout","Not attributed","Not verified","UNTESTED","C2 consumer; retained shared A/B command authority","controls.json; not automatically joined to browser cases"
"source-inventory","C2-CONTROL-788","ownership.json and control-action-crosswalk.csv","""textarea-deal-notes""","client/src/pages/dashboard/contact-detail-tabs/CreateDialogs.tsx","102","UNTESTED","UNTESTED","UNTESTED","UNTESTED","Not measured","UNTESTED","Existing census identity; not refreshed at closeout","Not attributed","Not verified","UNTESTED","C2 consumer; retained shared A/B command authority","controls.json; not automatically joined to browser cases"
"source-inventory","C2-CONTROL-789","ownership.json and control-action-crosswalk.csv","""button-cancel-deal""","client/src/pages/dashboard/contact-detail-tabs/CreateDialogs.tsx","110","UNTESTED","UNTESTED","UNTESTED","UNTESTED","Not measured","UNTESTED","Existing census identity; not refreshed at closeout","Not attributed","Not verified","UNTESTED","C2 consumer; retained shared A/B command authority","controls.json; not automatically joined to browser cases"
"source-inventory","C2-CONTROL-790","ownership.json and control-action-crosswalk.csv","""button-submit-deal""","client/src/pages/dashboard/contact-detail-tabs/CreateDialogs.tsx","113","UNTESTED","UNTESTED","UNTESTED","UNTESTED","Not measured","UNTESTED","Existing census identity; not refreshed at closeout","Not attributed","Not verified","UNTESTED","C2 consumer; retained shared A/B command authority","controls.json; not automatically joined to browser cases"
"source-inventory","C2-CONTROL-791","ownership.json and control-action-crosswalk.csv","Dialog","client/src/pages/dashboard/contact-detail-tabs/CreateDialogs.tsx","122","UNTESTED","UNTESTED","UNTESTED","UNTESTED","Not measured","UNTESTED","Existing census identity; not refreshed at closeout","Not attributed","Not verified","UNTESTED","C2 consumer; retained shared A/B command authority","controls.json; not automatically joined to browser cases"
"source-inventory","C2-CONTROL-792","ownership.json and control-action-crosswalk.csv","""input-ticket-subject""","client/src/pages/dashboard/contact-detail-tabs/CreateDialogs.tsx","130","UNTESTED","UNTESTED","UNTESTED","UNTESTED","Not measured","UNTESTED","Existing census identity; not refreshed at closeout","Not attributed","Not verified","UNTESTED","C2 consumer; retained shared A/B command authority","controls.json; not automatically joined to browser cases"
"source-inventory","C2-CONTROL-793","ownership.json and control-action-crosswalk.csv","""textarea-ticket-description""","client/src/pages/dashboard/contact-detail-tabs/CreateDialogs.tsx","138","UNTESTED","UNTESTED","UNTESTED","UNTESTED","Not measured","UNTESTED","Existing census identity; not refreshed at closeout","Not attributed","Not verified","UNTESTED","C2 consumer; retained shared A/B command authority","controls.json; not automatically joined to browser cases"
"source-inventory","C2-CONTROL-794","ownership.json and control-action-crosswalk.csv","Select","client/src/pages/dashboard/contact-detail-tabs/CreateDialogs.tsx","147","UNTESTED","UNTESTED","UNTESTED","UNTESTED","Not measured","UNTESTED","Existing census identity; not refreshed at closeout","Not attributed","Not verified","UNTESTED","C2 consumer; retained shared A/B command authority","controls.json; not automatically joined to browser cases"
"source-inventory","C2-CONTROL-795","ownership.json and control-action-crosswalk.csv","""select-ticket-priority""","client/src/pages/dashboard/contact-detail-tabs/CreateDialogs.tsx","148","UNTESTED","UNTESTED","UNTESTED","UNTESTED","Not measured","UNTESTED","Existing census identity; not refreshed at closeout","Not attributed","Not verified","UNTESTED","C2 consumer; retained shared A/B command authority","controls.json; not automatically joined to browser cases"
"source-inventory","C2-CONTROL-796","ownership.json and control-action-crosswalk.csv","""button-cancel-ticket""","client/src/pages/dashboard/contact-detail-tabs/CreateDialogs.tsx","160","UNTESTED","UNTESTED","UNTESTED","UNTESTED","Not measured","UNTESTED","Existing census identity; not refreshed at closeout","Not attributed","Not verified","UNTESTED","C2 consumer; retained shared A/B command authority","controls.json; not automatically joined to browser cases"
"source-inventory","C2-CONTROL-797","ownership.json and control-action-crosswalk.csv","""button-submit-ticket""","client/src/pages/dashboard/contact-detail-tabs/CreateDialogs.tsx","163","UNTESTED","UNTESTED","UNTESTED","UNTESTED","Not measured","UNTESTED","Existing census identity; not refreshed at closeout","Not attributed","Not verified","UNTESTED","C2 consumer; retained shared A/B command authority","controls.json; not automatically joined to browser cases"
"source-inventory","C2-CONTROL-798","ownership.json and control-action-crosswalk.csv","Dialog","client/src/pages/dashboard/contact-detail-tabs/CreateDialogs.tsx","172","UNTESTED","UNTESTED","UNTESTED","UNTESTED","Not measured","UNTESTED","Existing census identity; not refreshed at closeout","Not attributed","Not verified","UNTESTED","C2 consumer; retained shared A/B command authority","controls.json; not automatically joined to browser cases"
"source-inventory","C2-CONTROL-799","ownership.json and control-action-crosswalk.csv","""input-task-title""","client/src/pages/dashboard/contact-detail-tabs/CreateDialogs.tsx","180","UNTESTED","UNTESTED","UNTESTED","UNTESTED","Not measured","UNTESTED","Existing census identity; not refreshed at closeout","Not attributed","Not verified","UNTESTED","C2 consumer; retained shared A/B command authority","controls.json; not automatically joined to browser cases"
"source-inventory","C2-CONTROL-800","ownership.json and control-action-crosswalk.csv","""textarea-task-description""","client/src/pages/dashboard/contact-detail-tabs/CreateDialogs.tsx","189","UNTESTED","UNTESTED","UNTESTED","UNTESTED","Not measured","UNTESTED","Existing census identity; not refreshed at closeout","Not attributed","Not verified","UNTESTED","C2 consumer; retained shared A/B command authority","controls.json; not automatically joined to browser cases"
"source-inventory","C2-CONTROL-801","ownership.json and control-action-crosswalk.csv","""input-task-duedate""","client/src/pages/dashboard/contact-detail-tabs/CreateDialogs.tsx","199","UNTESTED","UNTESTED","UNTESTED","UNTESTED","Not measured","UNTESTED","Existing census identity; not refreshed at closeout","Not attributed","Not verified","UNTESTED","C2 consumer; retained shared A/B command authority","controls.json; not automatically joined to browser cases"
"source-inventory","C2-CONTROL-802","ownership.json and control-action-crosswalk.csv","""button-cancel-task""","client/src/pages/dashboard/contact-detail-tabs/CreateDialogs.tsx","208","UNTESTED","UNTESTED","UNTESTED","UNTESTED","Not measured","UNTESTED","Existing census identity; not refreshed at closeout","Not attributed","Not verified","UNTESTED","C2 consumer; retained shared A/B command authority","controls.json; not automatically joined to browser cases"
"source-inventory","C2-CONTROL-803","ownership.json and control-action-crosswalk.csv","""button-submit-task""","client/src/pages/dashboard/contact-detail-tabs/CreateDialogs.tsx","211","UNTESTED","UNTESTED","UNTESTED","UNTESTED","Not measured","UNTESTED","Existing census identity; not refreshed at closeout","Not attributed","Not verified","UNTESTED","C2 consumer; retained shared A/B command authority","controls.json; not automatically joined to browser cases"
"source-inventory","C2-CONTROL-804","ownership.json and control-action-crosswalk.csv","Dialog","client/src/pages/dashboard/contact-detail-tabs/CreateDialogs.tsx","221","UNTESTED","UNTESTED","UNTESTED","UNTESTED","Not measured","UNTESTED","Existing census identity; not refreshed at closeout","Not attributed","Not verified","UNTESTED","C2 consumer; retained shared A/B command authority","controls.json; not automatically joined to browser cases"
"source-inventory","C2-CONTROL-805","ownership.json and control-action-crosswalk.csv","""button-mode-existing""","client/src/pages/dashboard/contact-detail-tabs/CreateDialogs.tsx","228","UNTESTED","UNTESTED","UNTESTED","UNTESTED","Not measured","UNTESTED","Existing census identity; not refreshed at closeout","Not attributed","Not verified","UNTESTED","C2 consumer; retained shared A/B command authority","controls.json; not automatically joined to browser cases"
"source-inventory","C2-CONTROL-806","ownership.json and control-action-crosswalk.csv","""button-mode-new""","client/src/pages/dashboard/contact-detail-tabs/CreateDialogs.tsx","236","UNTESTED","UNTESTED","UNTESTED","UNTESTED","Not measured","UNTESTED","Existing census identity; not refreshed at closeout","Not attributed","Not verified","UNTESTED","C2 consumer; retained shared A/B command authority","controls.json; not automatically joined to browser cases"
"source-inventory","C2-CONTROL-807","ownership.json and control-action-crosswalk.csv","""input-company-search""","client/src/pages/dashboard/contact-detail-tabs/CreateDialogs.tsx","249","UNTESTED","UNTESTED","UNTESTED","UNTESTED","Not measured","UNTESTED","Existing census identity; not refreshed at closeout","Not attributed","Not verified","UNTESTED","C2 consumer; retained shared A/B command authority","controls.json; not automatically joined to browser cases"
"source-inventory","C2-CONTROL-808","ownership.json and control-action-crosswalk.csv","button","client/src/pages/dashboard/contact-detail-tabs/CreateDialogs.tsx","257","UNTESTED","UNTESTED","UNTESTED","UNTESTED","Not measured","UNTESTED","Existing census identity; not refreshed at closeout","Not attributed","Not verified","UNTESTED","C2 consumer; retained shared A/B command authority","controls.json; not automatically joined to browser cases"
"source-inventory","C2-CONTROL-809","ownership.json and control-action-crosswalk.csv","{`company-option-${c.id}`}","client/src/pages/dashboard/contact-detail-tabs/CreateDialogs.tsx","269","UNTESTED","UNTESTED","UNTESTED","UNTESTED","Not measured","UNTESTED","Existing census identity; not refreshed at closeout","Not attributed","Not verified","UNTESTED","C2 consumer; retained shared A/B command authority","controls.json; not automatically joined to browser cases"
"source-inventory","C2-CONTROL-810","ownership.json and control-action-crosswalk.csv","""input-new-company-name""","client/src/pages/dashboard/contact-detail-tabs/CreateDialogs.tsx","297","UNTESTED","UNTESTED","UNTESTED","UNTESTED","Not measured","UNTESTED","Existing census identity; not refreshed at closeout","Not attributed","Not verified","UNTESTED","C2 consumer; retained shared A/B command authority","controls.json; not automatically joined to browser cases"
"source-inventory","C2-CONTROL-811","ownership.json and control-action-crosswalk.csv","""input-new-company-dba""","client/src/pages/dashboard/contact-detail-tabs/CreateDialogs.tsx","306","UNTESTED","UNTESTED","UNTESTED","UNTESTED","Not measured","UNTESTED","Existing census identity; not refreshed at closeout","Not attributed","Not verified","UNTESTED","C2 consumer; retained shared A/B command authority","controls.json; not automatically joined to browser cases"
"source-inventory","C2-CONTROL-812","ownership.json and control-action-crosswalk.csv","Select","client/src/pages/dashboard/contact-detail-tabs/CreateDialogs.tsx","315","UNTESTED","UNTESTED","UNTESTED","UNTESTED","Not measured","UNTESTED","Existing census identity; not refreshed at closeout","Not attributed","Not verified","UNTESTED","C2 consumer; retained shared A/B command authority","controls.json; not automatically joined to browser cases"
"source-inventory","C2-CONTROL-813","ownership.json and control-action-crosswalk.csv","""select-new-company-vertical""","client/src/pages/dashboard/contact-detail-tabs/CreateDialogs.tsx","316","UNTESTED","UNTESTED","UNTESTED","UNTESTED","Not measured","UNTESTED","Existing census identity; not refreshed at closeout","Not attributed","Not verified","UNTESTED","C2 consumer; retained shared A/B command authority","controls.json; not automatically joined to browser cases"
"source-inventory","C2-CONTROL-814","ownership.json and control-action-crosswalk.csv","""input-new-company-website""","client/src/pages/dashboard/contact-detail-tabs/CreateDialogs.tsx","328","UNTESTED","UNTESTED","UNTESTED","UNTESTED","Not measured","UNTESTED","Existing census identity; not refreshed at closeout","Not attributed","Not verified","UNTESTED","C2 consumer; retained shared A/B command authority","controls.json; not automatically joined to browser cases"
"source-inventory","C2-CONTROL-815","ownership.json and control-action-crosswalk.csv","Select","client/src/pages/dashboard/contact-detail-tabs/CreateDialogs.tsx","340","UNTESTED","UNTESTED","UNTESTED","UNTESTED","Not measured","UNTESTED","Existing census identity; not refreshed at closeout","Not attributed","Not verified","UNTESTED","C2 consumer; retained shared A/B command authority","controls.json; not automatically joined to browser cases"
"source-inventory","C2-CONTROL-816","ownership.json and control-action-crosswalk.csv","""select-company-role""","client/src/pages/dashboard/contact-detail-tabs/CreateDialogs.tsx","341","UNTESTED","UNTESTED","UNTESTED","UNTESTED","Not measured","UNTESTED","Existing census identity; not refreshed at closeout","Not attributed","Not verified","UNTESTED","C2 consumer; retained shared A/B command authority","controls.json; not automatically joined to browser cases"
"source-inventory","C2-CONTROL-817","ownership.json and control-action-crosswalk.csv","""checkbox-company-primary""","client/src/pages/dashboard/contact-detail-tabs/CreateDialogs.tsx","356","UNTESTED","UNTESTED","UNTESTED","UNTESTED","Not measured","UNTESTED","Existing census identity; not refreshed at closeout","Not attributed","Not verified","UNTESTED","C2 consumer; retained shared A/B command authority","controls.json; not automatically joined to browser cases"
"source-inventory","C2-CONTROL-818","ownership.json and control-action-crosswalk.csv","""button-cancel-company""","client/src/pages/dashboard/contact-detail-tabs/CreateDialogs.tsx","370","UNTESTED","UNTESTED","UNTESTED","UNTESTED","Not measured","UNTESTED","Existing census identity; not refreshed at closeout","Not attributed","Not verified","UNTESTED","C2 consumer; retained shared A/B command authority","controls.json; not automatically joined to browser cases"
"source-inventory","C2-CONTROL-819","ownership.json and control-action-crosswalk.csv","""button-submit-link-company""","client/src/pages/dashboard/contact-detail-tabs/CreateDialogs.tsx","374","UNTESTED","UNTESTED","UNTESTED","UNTESTED","Not measured","UNTESTED","Existing census identity; not refreshed at closeout","Not attributed","Not verified","UNTESTED","C2 consumer; retained shared A/B command authority","controls.json; not automatically joined to browser cases"
"source-inventory","C2-CONTROL-820","ownership.json and control-action-crosswalk.csv","""button-submit-create-company""","client/src/pages/dashboard/contact-detail-tabs/CreateDialogs.tsx","386","UNTESTED","UNTESTED","UNTESTED","UNTESTED","Not measured","UNTESTED","Existing census identity; not refreshed at closeout","Not attributed","Not verified","UNTESTED","C2 consumer; retained shared A/B command authority","controls.json; not automatically joined to browser cases"
"source-inventory","C2-CONTROL-821","ownership.json and control-action-crosswalk.csv","{`history-toggle-${entry.id}`}","client/src/pages/dashboard/contact-detail-tabs/ChangeHistoryTab.tsx","128","UNTESTED","UNTESTED","UNTESTED","UNTESTED","Not measured","UNTESTED","Existing census identity; not refreshed at closeout","Not attributed","Not verified","UNTESTED","C2 consumer; retained shared A/B command authority","controls.json; not automatically joined to browser cases"
"source-inventory","C2-CONTROL-822","ownership.json and control-action-crosswalk.csv","""link-linkedin-url""","client/src/pages/dashboard/contact-detail-tabs/LinkedinEnrichmentSection.tsx","50","UNTESTED","UNTESTED","UNTESTED","UNTESTED","Not measured","UNTESTED","Existing census identity; not refreshed at closeout","Not attributed","Not verified","UNTESTED","C2 consumer; retained shared A/B command authority","controls.json; not automatically joined to browser cases"
"source-inventory","C2-CONTROL-823","ownership.json and control-action-crosswalk.csv","""button-enrich-linkedin""","client/src/pages/dashboard/contact-detail-tabs/LinkedinEnrichmentSection.tsx","107","UNTESTED","UNTESTED","UNTESTED","UNTESTED","Not measured","UNTESTED","Existing census identity; not refreshed at closeout","Not attributed","Not verified","UNTESTED","C2 consumer; retained shared A/B command authority","controls.json; not automatically joined to browser cases"
"source-inventory","C2-CONTROL-824","ownership.json and control-action-crosswalk.csv","""button-toggle-linkedin-history""","client/src/pages/dashboard/contact-detail-tabs/LinkedinEnrichmentSection.tsx","128","UNTESTED","UNTESTED","UNTESTED","UNTESTED","Not measured","UNTESTED","Existing census identity; not refreshed at closeout","Not attributed","Not verified","UNTESTED","C2 consumer; retained shared A/B command authority","controls.json; not automatically joined to browser cases"
"source-inventory","C2-CONTROL-825","ownership.json and control-action-crosswalk.csv","""button-activity-show-more""","client/src/pages/dashboard/contact-detail-tabs/ActivityTab.tsx","68","UNTESTED","UNTESTED","UNTESTED","UNTESTED","Not measured","UNTESTED","Existing census identity; not refreshed at closeout","Not attributed","Not verified","UNTESTED","C2 consumer; retained shared A/B command authority","controls.json; not automatically joined to browser cases"
"source-inventory","C2-CONTROL-826","ownership.json and control-action-crosswalk.csv","{`button-cb-submit-${cb.id}`}","client/src/pages/dashboard/contact-detail-tabs/ChargebacksTab.tsx","101","UNTESTED","UNTESTED","UNTESTED","UNTESTED","Not measured","UNTESTED","Existing census identity; not refreshed at closeout","Not attributed","Not verified","UNTESTED","C4 existing interior; C2 outer guard/context","controls.json; not automatically joined to browser cases"
"source-inventory","C2-CONTROL-827","ownership.json and control-action-crosswalk.csv","{`input-cb-mid-${cb.id}`}","client/src/pages/dashboard/contact-detail-tabs/ChargebacksTab.tsx","123","UNTESTED","UNTESTED","UNTESTED","UNTESTED","Not measured","UNTESTED","Existing census identity; not refreshed at closeout","Not attributed","Not verified","UNTESTED","C4 existing interior; C2 outer guard/context","controls.json; not automatically joined to browser cases"
"source-inventory","C2-CONTROL-828","ownership.json and control-action-crosswalk.csv","{`input-cb-case-${cb.id}`}","client/src/pages/dashboard/contact-detail-tabs/ChargebacksTab.tsx","133","UNTESTED","UNTESTED","UNTESTED","UNTESTED","Not measured","UNTESTED","Existing census identity; not refreshed at closeout","Not attributed","Not verified","UNTESTED","C4 existing interior; C2 outer guard/context","controls.json; not automatically joined to browser cases"
"source-inventory","C2-CONTROL-829","ownership.json and control-action-crosswalk.csv","{`textarea-cb-notes-${cb.id}`}","client/src/pages/dashboard/contact-detail-tabs/ChargebacksTab.tsx","142","UNTESTED","UNTESTED","UNTESTED","UNTESTED","Not measured","UNTESTED","Existing census identity; not refreshed at closeout","Not attributed","Not verified","UNTESTED","C4 existing interior; C2 outer guard/context","controls.json; not automatically joined to browser cases"
"source-inventory","C2-CONTROL-830","ownership.json and control-action-crosswalk.csv","{`button-cb-submit-confirm-${cb.id}`}","client/src/pages/dashboard/contact-detail-tabs/ChargebacksTab.tsx","151","UNTESTED","UNTESTED","UNTESTED","UNTESTED","Not measured","UNTESTED","Existing census identity; not refreshed at closeout","Not attributed","Not verified","UNTESTED","C4 existing interior; C2 outer guard/context","controls.json; not automatically joined to browser cases"
"source-inventory","C2-CONTROL-831","ownership.json and control-action-crosswalk.csv","Button","client/src/pages/dashboard/contact-detail-tabs/ChargebacksTab.tsx","171","UNTESTED","UNTESTED","UNTESTED","UNTESTED","Not measured","UNTESTED","Existing census identity; not refreshed at closeout","Not attributed","Not verified","UNTESTED","C4 existing interior; C2 outer guard/context","controls.json; not automatically joined to browser cases"
"source-inventory","C2-CONTROL-832","ownership.json and control-action-crosswalk.csv","{`button-upload-missing-${missing.category.replace(/\s+/g, ""-"").toLowerCase()}`}","client/src/pages/dashboard/contact-detail-tabs/DocumentsTab.tsx","180","UNTESTED","UNTESTED","UNTESTED","UNTESTED","Not measured","UNTESTED","Existing census identity; not refreshed at closeout","Not attributed","Not verified","UNTESTED","C4 existing interior; C2 outer guard/context","controls.json; not automatically joined to browser cases"
"source-inventory","C2-CONTROL-833","ownership.json and control-action-crosswalk.csv","""input-placeholder-file-upload""","client/src/pages/dashboard/contact-detail-tabs/DocumentsTab.tsx","194","UNTESTED","UNTESTED","UNTESTED","UNTESTED","Not measured","UNTESTED","Existing census identity; not refreshed at closeout","Not attributed","Not verified","UNTESTED","C4 existing interior; C2 outer guard/context","controls.json; not automatically joined to browser cases"
"source-inventory","C2-CONTROL-834","ownership.json and control-action-crosswalk.csv","Select","client/src/pages/dashboard/contact-detail-tabs/DocumentsTab.tsx","217","UNTESTED","UNTESTED","UNTESTED","UNTESTED","Not measured","UNTESTED","Existing census identity; not refreshed at closeout","Not attributed","Not verified","UNTESTED","C4 existing interior; C2 outer guard/context","controls.json; not automatically joined to browser cases"
"source-inventory","C2-CONTROL-835","ownership.json and control-action-crosswalk.csv","""select-upload-category""","client/src/pages/dashboard/contact-detail-tabs/DocumentsTab.tsx","218","UNTESTED","UNTESTED","UNTESTED","UNTESTED","Not measured","UNTESTED","Existing census identity; not refreshed at closeout","Not attributed","Not verified","UNTESTED","C4 existing interior; C2 outer guard/context","controls.json; not automatically joined to browser cases"
"source-inventory","C2-CONTROL-836","ownership.json and control-action-crosswalk.csv","""dropzone-upload""","client/src/pages/dashboard/contact-detail-tabs/DocumentsTab.tsx","230","UNTESTED","UNTESTED","UNTESTED","UNTESTED","Not measured","UNTESTED","Existing census identity; not refreshed at closeout","Not attributed","Not verified","UNTESTED","C4 existing interior; C2 outer guard/context","controls.json; not automatically joined to browser cases"
"source-inventory","C2-CONTROL-837","ownership.json and control-action-crosswalk.csv","""input-file-upload""","client/src/pages/dashboard/contact-detail-tabs/DocumentsTab.tsx","240","UNTESTED","UNTESTED","UNTESTED","UNTESTED","Not measured","UNTESTED","Existing census identity; not refreshed at closeout","Not attributed","Not verified","UNTESTED","C4 existing interior; C2 outer guard/context","controls.json; not automatically joined to browser cases"
"source-inventory","C2-CONTROL-838","ownership.json and control-action-crosswalk.csv","{`button-approve-doc-${doc.id}`}","client/src/pages/dashboard/contact-detail-tabs/DocumentsTab.tsx","338","UNTESTED","UNTESTED","UNTESTED","UNTESTED","Not measured","UNTESTED","Existing census identity; not refreshed at closeout","Not attributed","Not verified","UNTESTED","C4 existing interior; C2 outer guard/context","controls.json; not automatically joined to browser cases"
"source-inventory","C2-CONTROL-839","ownership.json and control-action-crosswalk.csv","{`button-reject-doc-${doc.id}`}","client/src/pages/dashboard/contact-detail-tabs/DocumentsTab.tsx","351","UNTESTED","UNTESTED","UNTESTED","UNTESTED","Not measured","UNTESTED","Existing census identity; not refreshed at closeout","Not attributed","Not verified","UNTESTED","C4 existing interior; C2 outer guard/context","controls.json; not automatically joined to browser cases"
"source-inventory","C2-CONTROL-840","ownership.json and control-action-crosswalk.csv","{`button-download-${doc.id}`}","client/src/pages/dashboard/contact-detail-tabs/DocumentsTab.tsx","365","UNTESTED","UNTESTED","UNTESTED","UNTESTED","Not measured","UNTESTED","Existing census identity; not refreshed at closeout","Not attributed","Not verified","UNTESTED","C4 existing interior; C2 outer guard/context","controls.json; not automatically joined to browser cases"
"source-inventory","C2-CONTROL-841","ownership.json and control-action-crosswalk.csv","{`button-delete-${doc.id}`}","client/src/pages/dashboard/contact-detail-tabs/DocumentsTab.tsx","384","UNTESTED","UNTESTED","UNTESTED","UNTESTED","Not measured","UNTESTED","Existing census identity; not refreshed at closeout","Not attributed","Not verified","UNTESTED","C4 existing interior; C2 outer guard/context","controls.json; not automatically joined to browser cases"
"source-inventory","C2-CONTROL-842","ownership.json and control-action-crosswalk.csv","Dialog","client/src/pages/dashboard/contact-detail-tabs/DocumentsTab.tsx","404","UNTESTED","UNTESTED","UNTESTED","UNTESTED","Not measured","UNTESTED","Existing census identity; not refreshed at closeout","Not attributed","Not verified","UNTESTED","C4 existing interior; C2 outer guard/context","controls.json; not automatically joined to browser cases"
"source-inventory","C2-CONTROL-843","ownership.json and control-action-crosswalk.csv","""button-cancel-doc-delete""","client/src/pages/dashboard/contact-detail-tabs/DocumentsTab.tsx","415","UNTESTED","UNTESTED","UNTESTED","UNTESTED","Not measured","UNTESTED","Existing census identity; not refreshed at closeout","Not attributed","Not verified","UNTESTED","C4 existing interior; C2 outer guard/context","controls.json; not automatically joined to browser cases"
"source-inventory","C2-CONTROL-844","ownership.json and control-action-crosswalk.csv","""button-confirm-doc-delete""","client/src/pages/dashboard/contact-detail-tabs/DocumentsTab.tsx","418","UNTESTED","UNTESTED","UNTESTED","UNTESTED","Not measured","UNTESTED","Existing census identity; not refreshed at closeout","Not attributed","Not verified","UNTESTED","C4 existing interior; C2 outer guard/context","controls.json; not automatically joined to browser cases"
"source-inventory","C2-CONTROL-845","ownership.json and control-action-crosswalk.csv","""textarea-add-note""","client/src/pages/dashboard/contact-detail-tabs/NotesTab.tsx","98","UNTESTED","UNTESTED","UNTESTED","UNTESTED","Not measured","UNTESTED","Existing census identity; not refreshed at closeout","Not attributed","Not verified","UNTESTED","C2 consumer; retained shared A/B command authority","controls.json; not automatically joined to browser cases"
"source-inventory","C2-CONTROL-846","ownership.json and control-action-crosswalk.csv","""button-submit-note""","client/src/pages/dashboard/contact-detail-tabs/NotesTab.tsx","106","UNTESTED","UNTESTED","UNTESTED","UNTESTED","Not measured","UNTESTED","Existing census identity; not refreshed at closeout","Not attributed","Not verified","UNTESTED","C2 consumer; retained shared A/B command authority","controls.json; not automatically joined to browser cases"
"source-inventory","C2-CONTROL-847","ownership.json and control-action-crosswalk.csv","{`textarea-edit-note-${note.id}`}","client/src/pages/dashboard/contact-detail-tabs/NotesTab.tsx","127","UNTESTED","UNTESTED","UNTESTED","UNTESTED","Not measured","UNTESTED","Existing census identity; not refreshed at closeout","Not attributed","Not verified","UNTESTED","C2 consumer; retained shared A/B command authority","controls.json; not automatically joined to browser cases"
"source-inventory","C2-CONTROL-848","ownership.json and control-action-crosswalk.csv","{`button-save-note-${note.id}`}","client/src/pages/dashboard/contact-detail-tabs/NotesTab.tsx","135","UNTESTED","UNTESTED","UNTESTED","UNTESTED","Not measured","UNTESTED","Existing census identity; not refreshed at closeout","Not attributed","Not verified","UNTESTED","C2 consumer; retained shared A/B command authority","controls.json; not automatically joined to browser cases"
"source-inventory","C2-CONTROL-849","ownership.json and control-action-crosswalk.csv","{`button-cancel-note-${note.id}`}","client/src/pages/dashboard/contact-detail-tabs/NotesTab.tsx","143","UNTESTED","UNTESTED","UNTESTED","UNTESTED","Not measured","UNTESTED","Existing census identity; not refreshed at closeout","Not attributed","Not verified","UNTESTED","C2 consumer; retained shared A/B command authority","controls.json; not automatically joined to browser cases"
"source-inventory","C2-CONTROL-850","ownership.json and control-action-crosswalk.csv","{`button-pin-note-${note.id}`}","client/src/pages/dashboard/contact-detail-tabs/NotesTab.tsx","167","UNTESTED","UNTESTED","UNTESTED","UNTESTED","Not measured","UNTESTED","Existing census identity; not refreshed at closeout","Not attributed","Not verified","UNTESTED","C2 consumer; retained shared A/B command authority","controls.json; not automatically joined to browser cases"
"source-inventory","C2-CONTROL-851","ownership.json and control-action-crosswalk.csv","{`button-edit-note-${note.id}`}","client/src/pages/dashboard/contact-detail-tabs/NotesTab.tsx","181","UNTESTED","UNTESTED","UNTESTED","UNTESTED","Not measured","UNTESTED","Existing census identity; not refreshed at closeout","Not attributed","Not verified","UNTESTED","C2 consumer; retained shared A/B command authority","controls.json; not automatically joined to browser cases"
"source-inventory","C2-CONTROL-852","ownership.json and control-action-crosswalk.csv","Button","client/src/pages/dashboard/contact-detail-tabs/NotesTab.tsx","190","UNTESTED","UNTESTED","UNTESTED","UNTESTED","Not measured","UNTESTED","Existing census identity; not refreshed at closeout","Not attributed","Not verified","UNTESTED","C2 consumer; retained shared A/B command authority","controls.json; not automatically joined to browser cases"
"source-inventory","C2-CONTROL-853","ownership.json and control-action-crosswalk.csv","""button-load-more-notes""","client/src/pages/dashboard/contact-detail-tabs/NotesTab.tsx","203","UNTESTED","UNTESTED","UNTESTED","UNTESTED","Not measured","UNTESTED","Existing census identity; not refreshed at closeout","Not attributed","Not verified","UNTESTED","C2 consumer; retained shared A/B command authority","controls.json; not automatically joined to browser cases"
"source-inventory","C2-CONTROL-854","ownership.json and control-action-crosswalk.csv","Dialog","client/src/pages/dashboard/contact-detail-tabs/TasksTab.tsx","32","UNTESTED","UNTESTED","UNTESTED","UNTESTED","Not measured","UNTESTED","Existing census identity; not refreshed at closeout","Not attributed","Not verified","UNTESTED","C2 consumer; retained shared A/B command authority","controls.json; not automatically joined to browser cases"
"source-inventory","C2-CONTROL-855","ownership.json and control-action-crosswalk.csv","{`button-edit-record-task-${task.id}`}","client/src/pages/dashboard/contact-detail-tabs/TasksTab.tsx","33","UNTESTED","UNTESTED","UNTESTED","UNTESTED","Not measured","UNTESTED","Existing census identity; not refreshed at closeout","Not attributed","Not verified","UNTESTED","C2 consumer; retained shared A/B command authority","controls.json; not automatically joined to browser cases"
"source-inventory","C2-CONTROL-856","ownership.json and control-action-crosswalk.csv","{`input-record-task-title-${task.id}`}","client/src/pages/dashboard/contact-detail-tabs/TasksTab.tsx","36","UNTESTED","UNTESTED","UNTESTED","UNTESTED","Not measured","UNTESTED","Existing census identity; not refreshed at closeout","Not attributed","Not verified","UNTESTED","C2 consumer; retained shared A/B command authority","controls.json; not automatically joined to browser cases"
"source-inventory","C2-CONTROL-857","ownership.json and control-action-crosswalk.csv","{`button-cancel-record-task-${task.id}`}","client/src/pages/dashboard/contact-detail-tabs/TasksTab.tsx","40","UNTESTED","UNTESTED","UNTESTED","UNTESTED","Not measured","UNTESTED","Existing census identity; not refreshed at closeout","Not attributed","Not verified","UNTESTED","C2 consumer; retained shared A/B command authority","controls.json; not automatically joined to browser cases"
"source-inventory","C2-CONTROL-858","ownership.json and control-action-crosswalk.csv","{`button-save-record-task-${task.id}`}","client/src/pages/dashboard/contact-detail-tabs/TasksTab.tsx","41","UNTESTED","UNTESTED","UNTESTED","UNTESTED","Not measured","UNTESTED","Existing census identity; not refreshed at closeout","Not attributed","Not verified","UNTESTED","C2 consumer; retained shared A/B command authority","controls.json; not automatically joined to browser cases"
"source-inventory","C2-CONTROL-859","ownership.json and control-action-crosswalk.csv","{`button-complete-record-task-${task.id}`}","client/src/pages/dashboard/contact-detail-tabs/TasksTab.tsx","46","UNTESTED","UNTESTED","UNTESTED","UNTESTED","Not measured","UNTESTED","Existing census identity; not refreshed at closeout","Not attributed","Not verified","UNTESTED","C2 consumer; retained shared A/B command authority","controls.json; not automatically joined to browser cases"
"source-inventory","C2-CONTROL-860","ownership.json and control-action-crosswalk.csv","{`button-escalate-ticket-${ticket.id}`}","client/src/pages/dashboard/contact-detail-tabs/TicketsTab.tsx","73","UNTESTED","UNTESTED","UNTESTED","UNTESTED","Not measured","UNTESTED","Existing census identity; not refreshed at closeout","Not attributed","Not verified","UNTESTED","C4 existing interior; C2 outer guard/context","controls.json; not automatically joined to browser cases"
"source-inventory","C2-CONTROL-861","ownership.json and control-action-crosswalk.csv","""button-refresh-mid-stats""","client/src/components/LiveProcessingTab.tsx","132","UNTESTED","UNTESTED","UNTESTED","UNTESTED","Not measured","UNTESTED","Existing census identity; not refreshed at closeout","Not attributed","Not verified","UNTESTED","C4 existing interior; C2 outer guard/context","controls.json; not automatically joined to browser cases"
"source-inventory","C2-CONTROL-862","ownership.json and control-action-crosswalk.csv","""button-refresh-mid-stats""","client/src/components/LiveProcessingTab.tsx","181","UNTESTED","UNTESTED","UNTESTED","UNTESTED","Not measured","UNTESTED","Existing census identity; not refreshed at closeout","Not attributed","Not verified","UNTESTED","C4 existing interior; C2 outer guard/context","controls.json; not automatically joined to browser cases"
"source-inventory","C2-CONTROL-863","ownership.json and control-action-crosswalk.csv","{`button-reanalyze-statement-${dealId}`}","client/src/pages/dashboard/contact-detail-tabs/DealsTab.tsx","163","UNTESTED","UNTESTED","UNTESTED","UNTESTED","Not measured","UNTESTED","Existing census identity; not refreshed at closeout","Not attributed","Not verified","UNTESTED","C2 consumer; retained shared A/B command authority","controls.json; not automatically joined to browser cases"
"source-inventory","C2-CONTROL-864","ownership.json and control-action-crosswalk.csv","{`button-send-ghl-deal-proposal-${p.id}`}","client/src/pages/dashboard/contact-detail-tabs/DealsTab.tsx","304","UNTESTED","UNTESTED","UNTESTED","UNTESTED","Not measured","UNTESTED","Existing census identity; not refreshed at closeout","Not attributed","Not verified","UNTESTED","C2 consumer; retained shared A/B command authority","controls.json; not automatically joined to browser cases"
"source-inventory","C2-CONTROL-865","ownership.json and control-action-crosswalk.csv","Button","client/src/pages/dashboard/contact-detail-tabs/DealsTab.tsx","318","UNTESTED","UNTESTED","UNTESTED","UNTESTED","Not measured","UNTESTED","Existing census identity; not refreshed at closeout","Not attributed","Not verified","UNTESTED","C2 consumer; retained shared A/B command authority","controls.json; not automatically joined to browser cases"
"source-inventory","C2-CONTROL-866","ownership.json and control-action-crosswalk.csv","a","client/src/pages/dashboard/contact-detail-tabs/DealsTab.tsx","327","UNTESTED","UNTESTED","UNTESTED","UNTESTED","Not measured","UNTESTED","Existing census identity; not refreshed at closeout","Not attributed","Not verified","UNTESTED","C2 consumer; retained shared A/B command authority","controls.json; not automatically joined to browser cases"
"source-inventory","C2-CONTROL-867","ownership.json and control-action-crosswalk.csv","Button","client/src/pages/dashboard/contact-detail-tabs/DealsTab.tsx","328","UNTESTED","UNTESTED","UNTESTED","UNTESTED","Not measured","UNTESTED","Existing census identity; not refreshed at closeout","Not attributed","Not verified","UNTESTED","C2 consumer; retained shared A/B command authority","controls.json; not automatically joined to browser cases"
"source-inventory","C2-CONTROL-868","ownership.json and control-action-crosswalk.csv","""button-share-app-link-single""","client/src/pages/dashboard/contact-detail-tabs/DealsTab.tsx","415","UNTESTED","UNTESTED","UNTESTED","UNTESTED","Not measured","UNTESTED","Existing census identity; not refreshed at closeout","Not attributed","Not verified","UNTESTED","C2 consumer; retained shared A/B command authority","controls.json; not automatically joined to browser cases"
"source-inventory","C2-CONTROL-869","ownership.json and control-action-crosswalk.csv","""button-share-app-link-multi""","client/src/pages/dashboard/contact-detail-tabs/DealsTab.tsx","435","UNTESTED","UNTESTED","UNTESTED","UNTESTED","Not measured","UNTESTED","Existing census identity; not refreshed at closeout","Not attributed","Not verified","UNTESTED","C2 consumer; retained shared A/B command authority","controls.json; not automatically joined to browser cases"
"source-inventory","C2-CONTROL-870","ownership.json and control-action-crosswalk.csv","{`menu-app-link-deal-${d.id}`}","client/src/pages/dashboard/contact-detail-tabs/DealsTab.tsx","452","UNTESTED","UNTESTED","UNTESTED","UNTESTED","Not measured","UNTESTED","Existing census identity; not refreshed at closeout","Not attributed","Not verified","UNTESTED","C2 consumer; retained shared A/B command authority","controls.json; not automatically joined to browser cases"
"source-inventory","C2-CONTROL-871","ownership.json and control-action-crosswalk.csv","div","client/src/pages/dashboard/contact-detail-tabs/DealsTab.tsx","472","UNTESTED","UNTESTED","UNTESTED","UNTESTED","Not measured","UNTESTED","Existing census identity; not refreshed at closeout","Not attributed","Not verified","UNTESTED","C2 consumer; retained shared A/B command authority","controls.json; not automatically joined to browser cases"
"source-inventory","C2-CONTROL-872","ownership.json and control-action-crosswalk.csv","{`button-share-deal-contact-${deal.id}`}","client/src/pages/dashboard/contact-detail-tabs/DealsTab.tsx","516","UNTESTED","UNTESTED","UNTESTED","UNTESTED","Not measured","UNTESTED","Existing census identity; not refreshed at closeout","Not attributed","Not verified","UNTESTED","C2 consumer; retained shared A/B command authority","controls.json; not automatically joined to browser cases"
"source-inventory","C2-CONTROL-873","ownership.json and control-action-crosswalk.csv","{`menu-copy-link-contact-${deal.id}`}","client/src/pages/dashboard/contact-detail-tabs/DealsTab.tsx","537","UNTESTED","UNTESTED","UNTESTED","UNTESTED","Not measured","UNTESTED","Existing census identity; not refreshed at closeout","Not attributed","Not verified","UNTESTED","C2 consumer; retained shared A/B command authority","controls.json; not automatically joined to browser cases"
"source-inventory","C2-CONTROL-874","ownership.json and control-action-crosswalk.csv","{`menu-email-merchant-contact-${deal.id}`}","client/src/pages/dashboard/contact-detail-tabs/DealsTab.tsx","547","UNTESTED","UNTESTED","UNTESTED","UNTESTED","Not measured","UNTESTED","Existing census identity; not refreshed at closeout","Not attributed","Not verified","UNTESTED","C2 consumer; retained shared A/B command authority","controls.json; not automatically joined to browser cases"
"source-inventory","C2-CONTROL-875","ownership.json and control-action-crosswalk.csv","Select","client/src/pages/dashboard/contact-detail-tabs/DealAgentAssignment.tsx","42","UNTESTED","UNTESTED","UNTESTED","UNTESTED","Not measured","UNTESTED","Existing census identity; not refreshed at closeout","Not attributed","Not verified","UNTESTED","C2 consumer; retained shared A/B command authority","controls.json; not automatically joined to browser cases"
"source-inventory","C2-CONTROL-876","ownership.json and control-action-crosswalk.csv","{`select-deal-agent-${dealId}`}","client/src/pages/dashboard/contact-detail-tabs/DealAgentAssignment.tsx","46","UNTESTED","UNTESTED","UNTESTED","UNTESTED","Not measured","UNTESTED","Existing census identity; not refreshed at closeout","Not attributed","Not verified","UNTESTED","C2 consumer; retained shared A/B command authority","controls.json; not automatically joined to browser cases"
"source-inventory","C2-CONTROL-877","ownership.json and control-action-crosswalk.csv","""select-processor""","client/src/components/BoardingPanel.tsx","157","UNTESTED","UNTESTED","UNTESTED","UNTESTED","Not measured","UNTESTED","Existing census identity; not refreshed at closeout","Not attributed","Not verified","UNTESTED","C4 existing interior; C2 outer guard/context","controls.json; not automatically joined to browser cases"
"source-inventory","C2-CONTROL-878","ownership.json and control-action-crosswalk.csv","""trigger-processor-select""","client/src/components/BoardingPanel.tsx","158","UNTESTED","UNTESTED","UNTESTED","UNTESTED","Not measured","UNTESTED","Existing census identity; not refreshed at closeout","Not attributed","Not verified","UNTESTED","C4 existing interior; C2 outer guard/context","controls.json; not automatically joined to browser cases"
"source-inventory","C2-CONTROL-879","ownership.json and control-action-crosswalk.csv","""button-submit-to-processor""","client/src/components/BoardingPanel.tsx","173","UNTESTED","UNTESTED","UNTESTED","UNTESTED","Not measured","UNTESTED","Existing census identity; not refreshed at closeout","Not attributed","Not verified","UNTESTED","C4 existing interior; C2 outer guard/context","controls.json; not automatically joined to browser cases"
"source-inventory","C2-CONTROL-880","ownership.json and control-action-crosswalk.csv","""button-refresh-boarding-status""","client/src/components/BoardingPanel.tsx","185","UNTESTED","UNTESTED","UNTESTED","UNTESTED","Not measured","UNTESTED","Existing census identity; not refreshed at closeout","Not attributed","Not verified","UNTESTED","C4 existing interior; C2 outer guard/context","controls.json; not automatically joined to browser cases"
"source-inventory","C2-CONTROL-881","ownership.json and control-action-crosswalk.csv","""button-toggle-boarding-log""","client/src/components/BoardingPanel.tsx","239","UNTESTED","UNTESTED","UNTESTED","UNTESTED","Not measured","UNTESTED","Existing census identity; not refreshed at closeout","Not attributed","Not verified","UNTESTED","C4 existing interior; C2 outer guard/context","controls.json; not automatically joined to browser cases"
"source-inventory","C2-CONTROL-882","ownership.json and control-action-crosswalk.csv","""input-dnc-reason""","client/src/pages/dashboard/contact-detail-tabs/OverviewTab.tsx","115","UNTESTED","UNTESTED","UNTESTED","UNTESTED","Not measured","UNTESTED","Existing census identity; not refreshed at closeout","Not attributed","Not verified","UNTESTED","C2 consumer; retained shared A/B command authority","controls.json; not automatically joined to browser cases"
"source-inventory","C2-CONTROL-883","ownership.json and control-action-crosswalk.csv","""btn-confirm-dnc""","client/src/pages/dashboard/contact-detail-tabs/OverviewTab.tsx","123","UNTESTED","UNTESTED","UNTESTED","UNTESTED","Not measured","UNTESTED","Existing census identity; not refreshed at closeout","Not attributed","Not verified","UNTESTED","C2 consumer; retained shared A/B command authority","controls.json; not automatically joined to browser cases"
"source-inventory","C2-CONTROL-884","ownership.json and control-action-crosswalk.csv","Button","client/src/pages/dashboard/contact-detail-tabs/OverviewTab.tsx","133","UNTESTED","UNTESTED","UNTESTED","UNTESTED","Not measured","UNTESTED","Existing census identity; not refreshed at closeout","Not attributed","Not verified","UNTESTED","C2 consumer; retained shared A/B command authority","controls.json; not automatically joined to browser cases"
"source-inventory","C2-CONTROL-885","ownership.json and control-action-crosswalk.csv","""btn-mark-dnc""","client/src/pages/dashboard/contact-detail-tabs/OverviewTab.tsx","139","UNTESTED","UNTESTED","UNTESTED","UNTESTED","Not measured","UNTESTED","Existing census identity; not refreshed at closeout","Not attributed","Not verified","UNTESTED","C2 consumer; retained shared A/B command authority","controls.json; not automatically joined to browser cases"
"source-inventory","C2-CONTROL-886","ownership.json and control-action-crosswalk.csv","""btn-toggle-dm""","client/src/pages/dashboard/contact-detail-tabs/OverviewTab.tsx","194","UNTESTED","UNTESTED","UNTESTED","UNTESTED","Not measured","UNTESTED","Existing census identity; not refreshed at closeout","Not attributed","Not verified","UNTESTED","C2 consumer; retained shared A/B command authority","controls.json; not automatically joined to browser cases"
"source-inventory","C2-CONTROL-887","ownership.json and control-action-crosswalk.csv","a","client/src/pages/dashboard/contact-detail-tabs/OverviewTab.tsx","251","UNTESTED","UNTESTED","UNTESTED","UNTESTED","Not measured","UNTESTED","Existing census identity; not refreshed at closeout","Not attributed","Not verified","UNTESTED","C2 consumer; retained shared A/B command authority","controls.json; not automatically joined to browser cases"
"source-inventory","C2-CONTROL-888","ownership.json and control-action-crosswalk.csv","a","client/src/pages/dashboard/contact-detail-tabs/OverviewTab.tsx","259","UNTESTED","UNTESTED","UNTESTED","UNTESTED","Not measured","UNTESTED","Existing census identity; not refreshed at closeout","Not attributed","Not verified","UNTESTED","C2 consumer; retained shared A/B command authority","controls.json; not automatically joined to browser cases"
"source-inventory","C2-CONTROL-889","ownership.json and control-action-crosswalk.csv","""text-open-tickets""","client/src/pages/dashboard/contact-detail-tabs/OverviewTab.tsx","288","UNTESTED","UNTESTED","UNTESTED","UNTESTED","Not measured","UNTESTED","Existing census identity; not refreshed at closeout","Not attributed","Not verified","UNTESTED","C2 consumer; retained shared A/B command authority","controls.json; not automatically joined to browser cases"
"source-inventory","C2-CONTROL-890","ownership.json and control-action-crosswalk.csv","Collapsible","client/src/components/OnboardingStagesChecklist.tsx","88","UNTESTED","UNTESTED","UNTESTED","UNTESTED","Not measured","UNTESTED","Existing census identity; not refreshed at closeout","Not attributed","Not verified","UNTESTED","C4 existing interior; C2 outer guard/context","controls.json; not automatically joined to browser cases"
"source-inventory","C2-CONTROL-891","ownership.json and control-action-crosswalk.csv","Select","client/src/components/OnboardingStagesChecklist.tsx","137","UNTESTED","UNTESTED","UNTESTED","UNTESTED","Not measured","UNTESTED","Existing census identity; not refreshed at closeout","Not attributed","Not verified","UNTESTED","C4 existing interior; C2 outer guard/context","controls.json; not automatically joined to browser cases"
"source-inventory","C2-CONTROL-892","ownership.json and control-action-crosswalk.csv","{`select-status-${stageKey}`}","client/src/components/OnboardingStagesChecklist.tsx","138","UNTESTED","UNTESTED","UNTESTED","UNTESTED","Not measured","UNTESTED","Existing census identity; not refreshed at closeout","Not attributed","Not verified","UNTESTED","C4 existing interior; C2 outer guard/context","controls.json; not automatically joined to browser cases"
"source-inventory","C2-CONTROL-893","ownership.json and control-action-crosswalk.csv","{`button-expand-${stageKey}`}","client/src/components/OnboardingStagesChecklist.tsx","151","UNTESTED","UNTESTED","UNTESTED","UNTESTED","Not measured","UNTESTED","Existing census identity; not refreshed at closeout","Not attributed","Not verified","UNTESTED","C4 existing interior; C2 outer guard/context","controls.json; not automatically joined to browser cases"
"source-inventory","C2-CONTROL-894","ownership.json and control-action-crosswalk.csv","{`input-owner-${stageKey}`}","client/src/components/OnboardingStagesChecklist.tsx","163","UNTESTED","UNTESTED","UNTESTED","UNTESTED","Not measured","UNTESTED","Existing census identity; not refreshed at closeout","Not attributed","Not verified","UNTESTED","C4 existing interior; C2 outer guard/context","controls.json; not automatically joined to browser cases"
"source-inventory","C2-CONTROL-895","ownership.json and control-action-crosswalk.csv","{`input-due-date-${stageKey}`}","client/src/components/OnboardingStagesChecklist.tsx","173","UNTESTED","UNTESTED","UNTESTED","UNTESTED","Not measured","UNTESTED","Existing census identity; not refreshed at closeout","Not attributed","Not verified","UNTESTED","C4 existing interior; C2 outer guard/context","controls.json; not automatically joined to browser cases"
"source-inventory","C2-CONTROL-896","ownership.json and control-action-crosswalk.csv","{`input-equipment-ref-${stageKey}`}","client/src/components/OnboardingStagesChecklist.tsx","186","UNTESTED","UNTESTED","UNTESTED","UNTESTED","Not measured","UNTESTED","Existing census identity; not refreshed at closeout","Not attributed","Not verified","UNTESTED","C4 existing interior; C2 outer guard/context","controls.json; not automatically joined to browser cases"
"source-inventory","C2-CONTROL-897","ownership.json and control-action-crosswalk.csv","{`textarea-notes-${stageKey}`}","client/src/components/OnboardingStagesChecklist.tsx","198","UNTESTED","UNTESTED","UNTESTED","UNTESTED","Not measured","UNTESTED","Existing census identity; not refreshed at closeout","Not attributed","Not verified","UNTESTED","C4 existing interior; C2 outer guard/context","controls.json; not automatically joined to browser cases"
"source-inventory","C2-CONTROL-898","ownership.json and control-action-crosswalk.csv","Button","client/src/components/OnboardingStagesChecklist.tsx","209","UNTESTED","UNTESTED","UNTESTED","UNTESTED","Not measured","UNTESTED","Existing census identity; not refreshed at closeout","Not attributed","Not verified","UNTESTED","C4 existing interior; C2 outer guard/context","controls.json; not automatically joined to browser cases"
"source-inventory","C2-CONTROL-899","ownership.json and control-action-crosswalk.csv","Button","client/src/components/OnboardingStagesChecklist.tsx","212","UNTESTED","UNTESTED","UNTESTED","UNTESTED","Not measured","UNTESTED","Existing census identity; not refreshed at closeout","Not attributed","Not verified","UNTESTED","C4 existing interior; C2 outer guard/context","controls.json; not automatically joined to browser cases"
"source-inventory","C2-CONTROL-900","ownership.json and control-action-crosswalk.csv","""button-init-stages""","client/src/components/OnboardingStagesChecklist.tsx","267","UNTESTED","UNTESTED","UNTESTED","UNTESTED","Not measured","UNTESTED","Existing census identity; not refreshed at closeout","Not attributed","Not verified","UNTESTED","C4 existing interior; C2 outer guard/context","controls.json; not automatically joined to browser cases"
"source-inventory","C2-CONTROL-901","ownership.json and control-action-crosswalk.csv","Dialog","client/src/components/EmailComposer.tsx","118","UNTESTED","UNTESTED","UNTESTED","UNTESTED","Not measured","UNTESTED","Existing census identity; not refreshed at closeout","Not attributed","Not verified","UNTESTED","C2 consumer; retained shared A/B command authority","controls.json; not automatically joined to browser cases"
"source-inventory","C2-CONTROL-902","ownership.json and control-action-crosswalk.csv","Select","client/src/components/EmailComposer.tsx","139","UNTESTED","UNTESTED","UNTESTED","UNTESTED","Not measured","UNTESTED","Existing census identity; not refreshed at closeout","Not attributed","Not verified","UNTESTED","C2 consumer; retained shared A/B command authority","controls.json; not automatically joined to browser cases"
"source-inventory","C2-CONTROL-903","ownership.json and control-action-crosswalk.csv","""select-email-vertical""","client/src/components/EmailComposer.tsx","140","UNTESTED","UNTESTED","UNTESTED","UNTESTED","Not measured","UNTESTED","Existing census identity; not refreshed at closeout","Not attributed","Not verified","UNTESTED","C2 consumer; retained shared A/B command authority","controls.json; not automatically joined to browser cases"
"source-inventory","C2-CONTROL-904","ownership.json and control-action-crosswalk.csv","Select","client/src/components/EmailComposer.tsx","154","UNTESTED","UNTESTED","UNTESTED","UNTESTED","Not measured","UNTESTED","Existing census identity; not refreshed at closeout","Not attributed","Not verified","UNTESTED","C2 consumer; retained shared A/B command authority","controls.json; not automatically joined to browser cases"
"source-inventory","C2-CONTROL-905","ownership.json and control-action-crosswalk.csv","""select-email-tone""","client/src/components/EmailComposer.tsx","155","UNTESTED","UNTESTED","UNTESTED","UNTESTED","Not measured","UNTESTED","Existing census identity; not refreshed at closeout","Not attributed","Not verified","UNTESTED","C2 consumer; retained shared A/B command authority","controls.json; not automatically joined to browser cases"
"source-inventory","C2-CONTROL-906","ownership.json and control-action-crosswalk.csv","""input-email-context""","client/src/components/EmailComposer.tsx","170","UNTESTED","UNTESTED","UNTESTED","UNTESTED","Not measured","UNTESTED","Existing census identity; not refreshed at closeout","Not attributed","Not verified","UNTESTED","C2 consumer; retained shared A/B command authority","controls.json; not automatically joined to browser cases"
"source-inventory","C2-CONTROL-907","ownership.json and control-action-crosswalk.csv","""button-generate-email""","client/src/components/EmailComposer.tsx","180","UNTESTED","UNTESTED","UNTESTED","UNTESTED","Not measured","UNTESTED","Existing census identity; not refreshed at closeout","Not attributed","Not verified","UNTESTED","C2 consumer; retained shared A/B command authority","controls.json; not automatically joined to browser cases"
"source-inventory","C2-CONTROL-908","ownership.json and control-action-crosswalk.csv","""input-email-subject""","client/src/components/EmailComposer.tsx","212","UNTESTED","UNTESTED","UNTESTED","UNTESTED","Not measured","UNTESTED","Existing census identity; not refreshed at closeout","Not attributed","Not verified","UNTESTED","C2 consumer; retained shared A/B command authority","controls.json; not automatically joined to browser cases"
"source-inventory","C2-CONTROL-909","ownership.json and control-action-crosswalk.csv","""textarea-email-body""","client/src/components/EmailComposer.tsx","222","UNTESTED","UNTESTED","UNTESTED","UNTESTED","Not measured","UNTESTED","Existing census identity; not refreshed at closeout","Not attributed","Not verified","UNTESTED","C2 consumer; retained shared A/B command authority","controls.json; not automatically joined to browser cases"
"source-inventory","C2-CONTROL-910","ownership.json and control-action-crosswalk.csv","""button-save-email-draft""","client/src/components/EmailComposer.tsx","232","UNTESTED","UNTESTED","UNTESTED","UNTESTED","Not measured","UNTESTED","Existing census identity; not refreshed at closeout","Not attributed","Not verified","UNTESTED","C2 consumer; retained shared A/B command authority","controls.json; not automatically joined to browser cases"
"source-inventory","C2-CONTROL-911","ownership.json and control-action-crosswalk.csv","Button","client/src/components/EmailComposer.tsx","240","UNTESTED","UNTESTED","UNTESTED","UNTESTED","Not measured","UNTESTED","Existing census identity; not refreshed at closeout","Not attributed","Not verified","UNTESTED","C2 consumer; retained shared A/B command authority","controls.json; not automatically joined to browser cases"
"source-inventory","C2-CONTROL-912","ownership.json and control-action-crosswalk.csv","""button-copy-email""","client/src/components/EmailComposer.tsx","249","UNTESTED","UNTESTED","UNTESTED","UNTESTED","Not measured","UNTESTED","Existing census identity; not refreshed at closeout","Not attributed","Not verified","UNTESTED","C2 consumer; retained shared A/B command authority","controls.json; not automatically joined to browser cases"
"source-inventory","C2-CONTROL-913","ownership.json and control-action-crosswalk.csv","""button-send-email""","client/src/components/EmailComposer.tsx","257","UNTESTED","UNTESTED","UNTESTED","UNTESTED","Not measured","UNTESTED","Existing census identity; not refreshed at closeout","Not attributed","Not verified","UNTESTED","C2 consumer; retained shared A/B command authority","controls.json; not automatically joined to browser cases"
"source-inventory","C2-CONTROL-914","ownership.json and control-action-crosswalk.csv","""button-create-rfi""","client/src/components/RfiTab.tsx","149","UNTESTED","UNTESTED","UNTESTED","UNTESTED","Not measured","UNTESTED","Existing census identity; not refreshed at closeout","Not attributed","Not verified","UNTESTED","C4 existing interior; C2 outer guard/context","controls.json; not automatically joined to browser cases"
"source-inventory","C2-CONTROL-915","ownership.json and control-action-crosswalk.csv","{`button-edit-rfi-${rfi.id}`}","client/src/components/RfiTab.tsx","195","UNTESTED","UNTESTED","UNTESTED","UNTESTED","Not measured","UNTESTED","Existing census identity; not refreshed at closeout","Not attributed","Not verified","UNTESTED","C4 existing interior; C2 outer guard/context","controls.json; not automatically joined to browser cases"
"source-inventory","C2-CONTROL-916","ownership.json and control-action-crosswalk.csv","Dialog","client/src/components/RfiTab.tsx","215","UNTESTED","UNTESTED","UNTESTED","UNTESTED","Not measured","UNTESTED","Existing census identity; not refreshed at closeout","Not attributed","Not verified","UNTESTED","C4 existing interior; C2 outer guard/context","controls.json; not automatically joined to browser cases"
"source-inventory","C2-CONTROL-917","ownership.json and control-action-crosswalk.csv","""input-rfi-subject""","client/src/components/RfiTab.tsx","225","UNTESTED","UNTESTED","UNTESTED","UNTESTED","Not measured","UNTESTED","Existing census identity; not refreshed at closeout","Not attributed","Not verified","UNTESTED","C4 existing interior; C2 outer guard/context","controls.json; not automatically joined to browser cases"
"source-inventory","C2-CONTROL-918","ownership.json and control-action-crosswalk.csv","""input-rfi-description""","client/src/components/RfiTab.tsx","238","UNTESTED","UNTESTED","UNTESTED","UNTESTED","Not measured","UNTESTED","Existing census identity; not refreshed at closeout","Not attributed","Not verified","UNTESTED","C4 existing interior; C2 outer guard/context","controls.json; not automatically joined to browser cases"
"source-inventory","C2-CONTROL-919","ownership.json and control-action-crosswalk.csv","Select","client/src/components/RfiTab.tsx","250","UNTESTED","UNTESTED","UNTESTED","UNTESTED","Not measured","UNTESTED","Existing census identity; not refreshed at closeout","Not attributed","Not verified","UNTESTED","C4 existing interior; C2 outer guard/context","controls.json; not automatically joined to browser cases"
"source-inventory","C2-CONTROL-920","ownership.json and control-action-crosswalk.csv","""select-rfi-category""","client/src/components/RfiTab.tsx","251","UNTESTED","UNTESTED","UNTESTED","UNTESTED","Not measured","UNTESTED","Existing census identity; not refreshed at closeout","Not attributed","Not verified","UNTESTED","C4 existing interior; C2 outer guard/context","controls.json; not automatically joined to browser cases"
"source-inventory","C2-CONTROL-921","ownership.json and control-action-crosswalk.csv","Select","client/src/components/RfiTab.tsx","264","UNTESTED","UNTESTED","UNTESTED","UNTESTED","Not measured","UNTESTED","Existing census identity; not refreshed at closeout","Not attributed","Not verified","UNTESTED","C4 existing interior; C2 outer guard/context","controls.json; not automatically joined to browser cases"
"source-inventory","C2-CONTROL-922","ownership.json and control-action-crosswalk.csv","""select-rfi-priority""","client/src/components/RfiTab.tsx","265","UNTESTED","UNTESTED","UNTESTED","UNTESTED","Not measured","UNTESTED","Existing census identity; not refreshed at closeout","Not attributed","Not verified","UNTESTED","C4 existing interior; C2 outer guard/context","controls.json; not automatically joined to browser cases"
"source-inventory","C2-CONTROL-923","ownership.json and control-action-crosswalk.csv","Select","client/src/components/RfiTab.tsx","278","UNTESTED","UNTESTED","UNTESTED","UNTESTED","Not measured","UNTESTED","Existing census identity; not refreshed at closeout","Not attributed","Not verified","UNTESTED","C4 existing interior; C2 outer guard/context","controls.json; not automatically joined to browser cases"
"source-inventory","C2-CONTROL-924","ownership.json and control-action-crosswalk.csv","""select-rfi-status""","client/src/components/RfiTab.tsx","279","UNTESTED","UNTESTED","UNTESTED","UNTESTED","Not measured","UNTESTED","Existing census identity; not refreshed at closeout","Not attributed","Not verified","UNTESTED","C4 existing interior; C2 outer guard/context","controls.json; not automatically joined to browser cases"
"source-inventory","C2-CONTROL-925","ownership.json and control-action-crosswalk.csv","""input-rfi-due-date""","client/src/components/RfiTab.tsx","292","UNTESTED","UNTESTED","UNTESTED","UNTESTED","Not measured","UNTESTED","Existing census identity; not refreshed at closeout","Not attributed","Not verified","UNTESTED","C4 existing interior; C2 outer guard/context","controls.json; not automatically joined to browser cases"
"source-inventory","C2-CONTROL-926","ownership.json and control-action-crosswalk.csv","""button-cancel-rfi""","client/src/components/RfiTab.tsx","302","UNTESTED","UNTESTED","UNTESTED","UNTESTED","Not measured","UNTESTED","Existing census identity; not refreshed at closeout","Not attributed","Not verified","UNTESTED","C4 existing interior; C2 outer guard/context","controls.json; not automatically joined to browser cases"
"source-inventory","C2-CONTROL-927","ownership.json and control-action-crosswalk.csv","""button-save-rfi""","client/src/components/RfiTab.tsx","305","UNTESTED","UNTESTED","UNTESTED","UNTESTED","Not measured","UNTESTED","Existing census identity; not refreshed at closeout","Not attributed","Not verified","UNTESTED","C4 existing interior; C2 outer guard/context","controls.json; not automatically joined to browser cases"
"source-inventory","C2-CONTROL-928","ownership.json and control-action-crosswalk.csv","Button","client/src/pages/dashboard/CompanyDetail.tsx","222","UNTESTED","UNTESTED","UNTESTED","UNTESTED","Not measured","UNTESTED","Existing census identity; not refreshed at closeout","Not attributed","Not verified","UNTESTED","C2 consumer; retained shared A/B command authority","controls.json; not automatically joined to browser cases"
"source-inventory","C2-CONTROL-929","ownership.json and control-action-crosswalk.csv","""btn-back-company""","client/src/pages/dashboard/CompanyDetail.tsx","238","UNTESTED","UNTESTED","UNTESTED","UNTESTED","Not measured","UNTESTED","Existing census identity; not refreshed at closeout","Not attributed","Not verified","UNTESTED","C2 consumer; retained shared A/B command authority","controls.json; not automatically joined to browser cases"
"source-inventory","C2-CONTROL-930","ownership.json and control-action-crosswalk.csv","a","client/src/pages/dashboard/CompanyDetail.tsx","254","UNTESTED","UNTESTED","UNTESTED","UNTESTED","Not measured","UNTESTED","Existing census identity; not refreshed at closeout","Not attributed","Not verified","UNTESTED","C2 consumer; retained shared A/B command authority","controls.json; not automatically joined to browser cases"
"source-inventory","C2-CONTROL-931","ownership.json and control-action-crosswalk.csv","Select","client/src/pages/dashboard/CompanyDetail.tsx","270","UNTESTED","UNTESTED","UNTESTED","UNTESTED","Not measured","UNTESTED","Existing census identity; not refreshed at closeout","Not attributed","Not verified","UNTESTED","C2 consumer; retained shared A/B command authority","controls.json; not automatically joined to browser cases"
"source-inventory","C2-CONTROL-932","ownership.json and control-action-crosswalk.csv","""select-company-mgmt-type""","client/src/pages/dashboard/CompanyDetail.tsx","275","UNTESTED","UNTESTED","UNTESTED","UNTESTED","Not measured","UNTESTED","Existing census identity; not refreshed at closeout","Not attributed","Not verified","UNTESTED","C2 consumer; retained shared A/B command authority","controls.json; not automatically joined to browser cases"
"source-inventory","C2-CONTROL-933","ownership.json and control-action-crosswalk.csv","Button","client/src/pages/dashboard/CompanyDetail.tsx","300","UNTESTED","UNTESTED","UNTESTED","UNTESTED","Not measured","UNTESTED","Existing census identity; not refreshed at closeout","Not attributed","Not verified","UNTESTED","C2 consumer; retained shared A/B command authority","controls.json; not automatically joined to browser cases"
"source-inventory","C2-CONTROL-934","ownership.json and control-action-crosswalk.csv","{`link-contact-${c.id}`}","client/src/pages/dashboard/CompanyDetail.tsx","331","UNTESTED","UNTESTED","UNTESTED","UNTESTED","Not measured","UNTESTED","Existing census identity; not refreshed at closeout","Not attributed","Not verified","UNTESTED","C2 consumer; retained shared A/B command authority","controls.json; not automatically joined to browser cases"
"source-inventory","C2-CONTROL-935","ownership.json and control-action-crosswalk.csv","Dialog","client/src/pages/dashboard/CompanyDetail.tsx","367","UNTESTED","UNTESTED","UNTESTED","UNTESTED","Not measured","UNTESTED","Existing census identity; not refreshed at closeout","Not attributed","Not verified","UNTESTED","C2 consumer; retained shared A/B command authority","controls.json; not automatically joined to browser cases"
"source-inventory","C2-CONTROL-936","ownership.json and control-action-crosswalk.csv","""btn-add-company-ma-event""","client/src/pages/dashboard/CompanyDetail.tsx","369","UNTESTED","UNTESTED","UNTESTED","UNTESTED","Not measured","UNTESTED","Existing census identity; not refreshed at closeout","Not attributed","Not verified","UNTESTED","C2 consumer; retained shared A/B command authority","controls.json; not automatically joined to browser cases"
"source-inventory","C2-CONTROL-937","ownership.json and control-action-crosswalk.csv","Select","client/src/pages/dashboard/CompanyDetail.tsx","378","UNTESTED","UNTESTED","UNTESTED","UNTESTED","Not measured","UNTESTED","Existing census identity; not refreshed at closeout","Not attributed","Not verified","UNTESTED","C2 consumer; retained shared A/B command authority","controls.json; not automatically joined to browser cases"
"source-inventory","C2-CONTROL-938","ownership.json and control-action-crosswalk.csv","""select-company-event-type""","client/src/pages/dashboard/CompanyDetail.tsx","379","UNTESTED","UNTESTED","UNTESTED","UNTESTED","Not measured","UNTESTED","Existing census identity; not refreshed at closeout","Not attributed","Not verified","UNTESTED","C2 consumer; retained shared A/B command authority","controls.json; not automatically joined to browser cases"
"source-inventory","C2-CONTROL-939","ownership.json and control-action-crosswalk.csv","""input-company-counterparty""","client/src/pages/dashboard/CompanyDetail.tsx","393","UNTESTED","UNTESTED","UNTESTED","UNTESTED","Not measured","UNTESTED","Existing census identity; not refreshed at closeout","Not attributed","Not verified","UNTESTED","C2 consumer; retained shared A/B command authority","controls.json; not automatically joined to browser cases"
"source-inventory","C2-CONTROL-940","ownership.json and control-action-crosswalk.csv","""input-company-event-date""","client/src/pages/dashboard/CompanyDetail.tsx","403","UNTESTED","UNTESTED","UNTESTED","UNTESTED","Not measured","UNTESTED","Existing census identity; not refreshed at closeout","Not attributed","Not verified","UNTESTED","C2 consumer; retained shared A/B command authority","controls.json; not automatically joined to browser cases"
"source-inventory","C2-CONTROL-941","ownership.json and control-action-crosswalk.csv","""input-company-event-note""","client/src/pages/dashboard/CompanyDetail.tsx","407","UNTESTED","UNTESTED","UNTESTED","UNTESTED","Not measured","UNTESTED","Existing census identity; not refreshed at closeout","Not attributed","Not verified","UNTESTED","C2 consumer; retained shared A/B command authority","controls.json; not automatically joined to browser cases"
"source-inventory","C2-CONTROL-942","ownership.json and control-action-crosswalk.csv","""btn-submit-company-ma-event""","client/src/pages/dashboard/CompanyDetail.tsx","409","UNTESTED","UNTESTED","UNTESTED","UNTESTED","Not measured","UNTESTED","Existing census identity; not refreshed at closeout","Not attributed","Not verified","UNTESTED","C2 consumer; retained shared A/B command authority","controls.json; not automatically joined to browser cases"
"source-inventory","C2-CONTROL-943","ownership.json and control-action-crosswalk.csv","Button","client/src/pages/dashboard/CompanyDetail.tsx","419","UNTESTED","UNTESTED","UNTESTED","UNTESTED","Not measured","UNTESTED","Existing census identity; not refreshed at closeout","Not attributed","Not verified","UNTESTED","C2 consumer; retained shared A/B command authority","controls.json; not automatically joined to browser cases"
"source-inventory","C2-CONTROL-944","ownership.json and control-action-crosswalk.csv","{`btn-delete-company-ma-event-${event.id}`}","client/src/pages/dashboard/CompanyDetail.tsx","437","UNTESTED","UNTESTED","UNTESTED","UNTESTED","Not measured","UNTESTED","Existing census identity; not refreshed at closeout","Not attributed","Not verified","UNTESTED","C2 consumer; retained shared A/B command authority","controls.json; not automatically joined to browser cases"
"source-inventory","C2-CONTROL-945","ownership.json and control-action-crosswalk.csv","{`inbox-item-${item.id}`}","client/src/pages/dashboard/CommsHub.tsx","159","UNTESTED","UNTESTED","UNTESTED","UNTESTED","Not measured","UNTESTED","Existing census identity; not refreshed at closeout","Not attributed","Not verified","UNTESTED","C2 consumer; retained shared A/B command authority","controls.json; not automatically joined to browser cases"
"source-inventory","C2-CONTROL-946","ownership.json and control-action-crosswalk.csv","Button","client/src/pages/dashboard/CommsHub.tsx","324","UNTESTED","UNTESTED","UNTESTED","UNTESTED","Not measured","UNTESTED","Existing census identity; not refreshed at closeout","Not attributed","Not verified","UNTESTED","C2 consumer; retained shared A/B command authority","controls.json; not automatically joined to browser cases"
"source-inventory","C2-CONTROL-947","ownership.json and control-action-crosswalk.csv","""thread-contact-link""","client/src/pages/dashboard/CommsHub.tsx","345","UNTESTED","UNTESTED","UNTESTED","UNTESTED","Not measured","UNTESTED","Existing census identity; not refreshed at closeout","Not attributed","Not verified","UNTESTED","C2 consumer; retained shared A/B command authority","controls.json; not automatically joined to browser cases"
"source-inventory","C2-CONTROL-948","ownership.json and control-action-crosswalk.csv","a","client/src/pages/dashboard/CommsHub.tsx","377","UNTESTED","UNTESTED","UNTESTED","UNTESTED","Not measured","UNTESTED","Existing census identity; not refreshed at closeout","Not attributed","Not verified","UNTESTED","C2 consumer; retained shared A/B command authority","controls.json; not automatically joined to browser cases"
"source-inventory","C2-CONTROL-949","ownership.json and control-action-crosswalk.csv","Button","client/src/pages/dashboard/CommsHub.tsx","383","UNTESTED","UNTESTED","UNTESTED","UNTESTED","Not measured","UNTESTED","Existing census identity; not refreshed at closeout","Not attributed","Not verified","UNTESTED","C2 consumer; retained shared A/B command authority","controls.json; not automatically joined to browser cases"
"source-inventory","C2-CONTROL-950","ownership.json and control-action-crosswalk.csv","Button","client/src/pages/dashboard/CommsHub.tsx","412","UNTESTED","UNTESTED","UNTESTED","UNTESTED","Not measured","UNTESTED","Existing census identity; not refreshed at closeout","Not attributed","Not verified","UNTESTED","C2 consumer; retained shared A/B command authority","controls.json; not automatically joined to browser cases"
"source-inventory","C2-CONTROL-951","ownership.json and control-action-crosswalk.csv","Button","client/src/pages/dashboard/CommsHub.tsx","446","UNTESTED","UNTESTED","UNTESTED","UNTESTED","Not measured","UNTESTED","Existing census identity; not refreshed at closeout","Not attributed","Not verified","UNTESTED","C2 consumer; retained shared A/B command authority","controls.json; not automatically joined to browser cases"
"source-inventory","C2-CONTROL-952","ownership.json and control-action-crosswalk.csv","Button","client/src/pages/dashboard/CommsHub.tsx","493","UNTESTED","UNTESTED","UNTESTED","UNTESTED","Not measured","UNTESTED","Existing census identity; not refreshed at closeout","Not attributed","Not verified","UNTESTED","C2 consumer; retained shared A/B command authority","controls.json; not automatically joined to browser cases"
"source-inventory","C2-CONTROL-953","ownership.json and control-action-crosswalk.csv","""thread-reply-input""","client/src/pages/dashboard/CommsHub.tsx","547","UNTESTED","UNTESTED","UNTESTED","UNTESTED","Not measured","UNTESTED","Existing census identity; not refreshed at closeout","Not attributed","Not verified","UNTESTED","C2 consumer; retained shared A/B command authority","controls.json; not automatically joined to browser cases"
"source-inventory","C2-CONTROL-954","ownership.json and control-action-crosswalk.csv","""thread-save-draft""","client/src/pages/dashboard/CommsHub.tsx","569","UNTESTED","UNTESTED","UNTESTED","UNTESTED","Not measured","UNTESTED","Existing census identity; not refreshed at closeout","Not attributed","Not verified","UNTESTED","C2 consumer; retained shared A/B command authority","controls.json; not automatically joined to browser cases"
"source-inventory","C2-CONTROL-955","ownership.json and control-action-crosswalk.csv","""thread-reply-send""","client/src/pages/dashboard/CommsHub.tsx","574","UNTESTED","UNTESTED","UNTESTED","UNTESTED","Not measured","UNTESTED","Existing census identity; not refreshed at closeout","Not attributed","Not verified","UNTESTED","C2 consumer; retained shared A/B command authority","controls.json; not automatically joined to browser cases"
"source-inventory","C2-CONTROL-956","ownership.json and control-action-crosswalk.csv","Button","client/src/pages/dashboard/CommsHub.tsx","578","UNTESTED","UNTESTED","UNTESTED","UNTESTED","Not measured","UNTESTED","Existing census identity; not refreshed at closeout","Not attributed","Not verified","UNTESTED","C2 consumer; retained shared A/B command authority","controls.json; not automatically joined to browser cases"
"source-inventory","C2-CONTROL-957","ownership.json and control-action-crosswalk.csv","""live-chat-contact-search""","client/src/pages/dashboard/CommsHub.tsx","594","UNTESTED","UNTESTED","UNTESTED","UNTESTED","Not measured","UNTESTED","Existing census identity; not refreshed at closeout","Not attributed","Not verified","UNTESTED","C2 consumer; retained shared A/B command authority","controls.json; not automatically joined to browser cases"
"source-inventory","C2-CONTROL-958","ownership.json and control-action-crosswalk.csv","{`live-chat-link-contact-${contact.id}`}","client/src/pages/dashboard/CommsHub.tsx","602","UNTESTED","UNTESTED","UNTESTED","UNTESTED","Not measured","UNTESTED","Existing census identity; not refreshed at closeout","Not attributed","Not verified","UNTESTED","C2 consumer; retained shared A/B command authority","controls.json; not automatically joined to browser cases"
"source-inventory","C2-CONTROL-959","ownership.json and control-action-crosswalk.csv","button","client/src/pages/dashboard/CommsHub.tsx","615","UNTESTED","UNTESTED","UNTESTED","UNTESTED","Not measured","UNTESTED","Existing census identity; not refreshed at closeout","Not attributed","Not verified","UNTESTED","C2 consumer; retained shared A/B command authority","controls.json; not automatically joined to browser cases"
"source-inventory","C2-CONTROL-960","ownership.json and control-action-crosswalk.csv","Button","client/src/pages/dashboard/CommsHub.tsx","620","UNTESTED","UNTESTED","UNTESTED","UNTESTED","Not measured","UNTESTED","Existing census identity; not refreshed at closeout","Not attributed","Not verified","UNTESTED","C2 consumer; retained shared A/B command authority","controls.json; not automatically joined to browser cases"
"source-inventory","C2-CONTROL-961","ownership.json and control-action-crosswalk.csv","""button-refresh-inbox""","client/src/pages/dashboard/CommsHub.tsx","796","UNTESTED","UNTESTED","UNTESTED","UNTESTED","Not measured","UNTESTED","Existing census identity; not refreshed at closeout","Not attributed","Not verified","UNTESTED","C2 consumer; retained shared A/B command authority","controls.json; not automatically joined to browser cases"
"source-inventory","C2-CONTROL-962","ownership.json and control-action-crosswalk.csv","{`filter-channel-${f.key}`}","client/src/pages/dashboard/CommsHub.tsx","806","UNTESTED","UNTESTED","UNTESTED","UNTESTED","Not measured","UNTESTED","Existing census identity; not refreshed at closeout","Not attributed","Not verified","UNTESTED","C2 consumer; retained shared A/B command authority","controls.json; not automatically joined to browser cases"
"source-inventory","C2-CONTROL-963","ownership.json and control-action-crosswalk.csv","{`filter-smart-${f}`}","client/src/pages/dashboard/CommsHub.tsx","821","UNTESTED","UNTESTED","UNTESTED","UNTESTED","Not measured","UNTESTED","Existing census identity; not refreshed at closeout","Not attributed","Not verified","UNTESTED","C2 consumer; retained shared A/B command authority","controls.json; not automatically joined to browser cases"
"source-inventory","C2-CONTROL-964","ownership.json and control-action-crosswalk.csv","""input-search-inbox""","client/src/pages/dashboard/CommsHub.tsx","846","UNTESTED","UNTESTED","UNTESTED","UNTESTED","Not measured","UNTESTED","Existing census identity; not refreshed at closeout","Not attributed","Not verified","UNTESTED","C2 consumer; retained shared A/B command authority","controls.json; not automatically joined to browser cases"
"source-inventory","C2-CONTROL-965","ownership.json and control-action-crosswalk.csv","button","client/src/pages/dashboard/CommsHub.tsx","854","UNTESTED","UNTESTED","UNTESTED","UNTESTED","Not measured","UNTESTED","Existing census identity; not refreshed at closeout","Not attributed","Not verified","UNTESTED","C2 consumer; retained shared A/B command authority","controls.json; not automatically joined to browser cases"
"source-inventory","C2-CONTROL-966","ownership.json and control-action-crosswalk.csv","Button","client/src/pages/dashboard/CommsHub.tsx","876","UNTESTED","UNTESTED","UNTESTED","UNTESTED","Not measured","UNTESTED","Existing census identity; not refreshed at closeout","Not attributed","Not verified","UNTESTED","C2 consumer; retained shared A/B command authority","controls.json; not automatically joined to browser cases"
"source-inventory","C2-CONTROL-967","ownership.json and control-action-crosswalk.csv","ItemCard","client/src/pages/dashboard/CommsHub.tsx","894","UNTESTED","UNTESTED","UNTESTED","UNTESTED","Not measured","UNTESTED","Existing census identity; not refreshed at closeout","Not attributed","Not verified","UNTESTED","C2 consumer; retained shared A/B command authority","controls.json; not automatically joined to browser cases"
"source-inventory","C2-CONTROL-968","ownership.json and control-action-crosswalk.csv","Button","client/src/pages/dashboard/CommsHub.tsx","916","UNTESTED","UNTESTED","UNTESTED","UNTESTED","Not measured","UNTESTED","Existing census identity; not refreshed at closeout","Not attributed","Not verified","UNTESTED","C2 consumer; retained shared A/B command authority","controls.json; not automatically joined to browser cases"
"source-inventory","C2-CONTROL-969","ownership.json and control-action-crosswalk.csv","Button","client/src/pages/dashboard/CommsHub.tsx","932","UNTESTED","UNTESTED","UNTESTED","UNTESTED","Not measured","UNTESTED","Existing census identity; not refreshed at closeout","Not attributed","Not verified","UNTESTED","C2 consumer; retained shared A/B command authority","controls.json; not automatically joined to browser cases"
"source-inventory","C2-CONTROL-970","ownership.json and control-action-crosswalk.csv","Button","client/src/pages/dashboard/CommsHub.tsx","942","UNTESTED","UNTESTED","UNTESTED","UNTESTED","Not measured","UNTESTED","Existing census identity; not refreshed at closeout","Not attributed","Not verified","UNTESTED","C2 consumer; retained shared A/B command authority","controls.json; not automatically joined to browser cases"
"source-inventory","C2-CONTROL-971","ownership.json and control-action-crosswalk.csv","""button-log-another""","client/src/pages/dashboard/CallOutcome.tsx","404","UNTESTED","UNTESTED","UNTESTED","UNTESTED","Not measured","UNTESTED","Existing census identity; not refreshed at closeout","Not attributed","Not verified","UNTESTED","C2 consumer; retained shared A/B command authority","controls.json; not automatically joined to browser cases"
"source-inventory","C2-CONTROL-972","ownership.json and control-action-crosswalk.csv","""button-back-to-edit""","client/src/pages/dashboard/CallOutcome.tsx","426","UNTESTED","UNTESTED","UNTESTED","UNTESTED","Not measured","UNTESTED","Existing census identity; not refreshed at closeout","Not attributed","Not verified","UNTESTED","C2 consumer; retained shared A/B command authority","controls.json; not automatically joined to browser cases"
"source-inventory","C2-CONTROL-973","ownership.json and control-action-crosswalk.csv","""checkbox-send-email""","client/src/pages/dashboard/CallOutcome.tsx","458","UNTESTED","UNTESTED","UNTESTED","UNTESTED","Not measured","UNTESTED","Existing census identity; not refreshed at closeout","Not attributed","Not verified","UNTESTED","C2 consumer; retained shared A/B command authority","controls.json; not automatically joined to browser cases"
"source-inventory","C2-CONTROL-974","ownership.json and control-action-crosswalk.csv","""input-email-subject""","client/src/pages/dashboard/CallOutcome.tsx","467","UNTESTED","UNTESTED","UNTESTED","UNTESTED","Not measured","UNTESTED","Existing census identity; not refreshed at closeout","Not attributed","Not verified","UNTESTED","C2 consumer; retained shared A/B command authority","controls.json; not automatically joined to browser cases"
"source-inventory","C2-CONTROL-975","ownership.json and control-action-crosswalk.csv","""input-email-body""","client/src/pages/dashboard/CallOutcome.tsx","474","UNTESTED","UNTESTED","UNTESTED","UNTESTED","Not measured","UNTESTED","Existing census identity; not refreshed at closeout","Not attributed","Not verified","UNTESTED","C2 consumer; retained shared A/B command authority","controls.json; not automatically joined to browser cases"
"source-inventory","C2-CONTROL-976","ownership.json and control-action-crosswalk.csv","""button-approve-send""","client/src/pages/dashboard/CallOutcome.tsx","506","UNTESTED","UNTESTED","UNTESTED","UNTESTED","Not measured","UNTESTED","Existing census identity; not refreshed at closeout","Not attributed","Not verified","UNTESTED","C2 consumer; retained shared A/B command authority","controls.json; not automatically joined to browser cases"
"source-inventory","C2-CONTROL-977","ownership.json and control-action-crosswalk.csv","""button-log-only""","client/src/pages/dashboard/CallOutcome.tsx","519","UNTESTED","UNTESTED","UNTESTED","UNTESTED","Not measured","UNTESTED","Existing census identity; not refreshed at closeout","Not attributed","Not verified","UNTESTED","C2 consumer; retained shared A/B command authority","controls.json; not automatically joined to browser cases"
"source-inventory","C2-CONTROL-978","ownership.json and control-action-crosswalk.csv","""call-outcome-contact-search""","client/src/pages/dashboard/CallOutcome.tsx","542","UNTESTED","UNTESTED","UNTESTED","UNTESTED","Not measured","UNTESTED","Existing census identity; not refreshed at closeout","Not attributed","Not verified","UNTESTED","C2 consumer; retained shared A/B command authority","controls.json; not automatically joined to browser cases"
"source-inventory","C2-CONTROL-979","ownership.json and control-action-crosswalk.csv","form","client/src/pages/dashboard/CallOutcome.tsx","556","UNTESTED","UNTESTED","UNTESTED","UNTESTED","Not measured","UNTESTED","Existing census identity; not refreshed at closeout","Not attributed","Not verified","UNTESTED","C2 consumer; retained shared A/B command authority","controls.json; not automatically joined to browser cases"
"source-inventory","C2-CONTROL-980","ownership.json and control-action-crosswalk.csv","Select","client/src/pages/dashboard/CallOutcome.tsx","564","UNTESTED","UNTESTED","UNTESTED","UNTESTED","Not measured","UNTESTED","Existing census identity; not refreshed at closeout","Not attributed","Not verified","UNTESTED","C2 consumer; retained shared A/B command authority","controls.json; not automatically joined to browser cases"
"source-inventory","C2-CONTROL-981","ownership.json and control-action-crosswalk.csv","""select-contact""","client/src/pages/dashboard/CallOutcome.tsx","573","UNTESTED","UNTESTED","UNTESTED","UNTESTED","Not measured","UNTESTED","Existing census identity; not refreshed at closeout","Not attributed","Not verified","UNTESTED","C2 consumer; retained shared A/B command authority","controls.json; not automatically joined to browser cases"
"source-inventory","C2-CONTROL-982","ownership.json and control-action-crosswalk.csv","Select","client/src/pages/dashboard/CallOutcome.tsx","596","UNTESTED","UNTESTED","UNTESTED","UNTESTED","Not measured","UNTESTED","Existing census identity; not refreshed at closeout","Not attributed","Not verified","UNTESTED","C2 consumer; retained shared A/B command authority","controls.json; not automatically joined to browser cases"
"source-inventory","C2-CONTROL-983","ownership.json and control-action-crosswalk.csv","""select-deal""","client/src/pages/dashboard/CallOutcome.tsx","598","UNTESTED","UNTESTED","UNTESTED","UNTESTED","Not measured","UNTESTED","Existing census identity; not refreshed at closeout","Not attributed","Not verified","UNTESTED","C2 consumer; retained shared A/B command authority","controls.json; not automatically joined to browser cases"
"source-inventory","C2-CONTROL-984","ownership.json and control-action-crosswalk.csv","Select","client/src/pages/dashboard/CallOutcome.tsx","622","UNTESTED","UNTESTED","UNTESTED","UNTESTED","Not measured","UNTESTED","Existing census identity; not refreshed at closeout","Not attributed","Not verified","UNTESTED","C2 consumer; retained shared A/B command authority","controls.json; not automatically joined to browser cases"
"source-inventory","C2-CONTROL-985","ownership.json and control-action-crosswalk.csv","""select-outcome""","client/src/pages/dashboard/CallOutcome.tsx","624","UNTESTED","UNTESTED","UNTESTED","UNTESTED","Not measured","UNTESTED","Existing census identity; not refreshed at closeout","Not attributed","Not verified","UNTESTED","C2 consumer; retained shared A/B command authority","controls.json; not automatically joined to browser cases"
"source-inventory","C2-CONTROL-986","ownership.json and control-action-crosswalk.csv","""input-duration""","client/src/pages/dashboard/CallOutcome.tsx","652","UNTESTED","UNTESTED","UNTESTED","UNTESTED","Not measured","UNTESTED","Existing census identity; not refreshed at closeout","Not attributed","Not verified","UNTESTED","C2 consumer; retained shared A/B command authority","controls.json; not automatically joined to browser cases"
"source-inventory","C2-CONTROL-987","ownership.json and control-action-crosswalk.csv","""input-follow-up-date""","client/src/pages/dashboard/CallOutcome.tsx","666","UNTESTED","UNTESTED","UNTESTED","UNTESTED","Not measured","UNTESTED","Existing census identity; not refreshed at closeout","Not attributed","Not verified","UNTESTED","C2 consumer; retained shared A/B command authority","controls.json; not automatically joined to browser cases"
"source-inventory","C2-CONTROL-988","ownership.json and control-action-crosswalk.csv","""input-notes""","client/src/pages/dashboard/CallOutcome.tsx","681","UNTESTED","UNTESTED","UNTESTED","UNTESTED","Not measured","UNTESTED","Existing census identity; not refreshed at closeout","Not attributed","Not verified","UNTESTED","C2 consumer; retained shared A/B command authority","controls.json; not automatically joined to browser cases"
"source-inventory","C2-CONTROL-989","ownership.json and control-action-crosswalk.csv","""button-toggle-recap""","client/src/pages/dashboard/CallOutcome.tsx","695","UNTESTED","UNTESTED","UNTESTED","UNTESTED","Not measured","UNTESTED","Existing census identity; not refreshed at closeout","Not attributed","Not verified","UNTESTED","C2 consumer; retained shared A/B command authority","controls.json; not automatically joined to browser cases"
"source-inventory","C2-CONTROL-990","ownership.json and control-action-crosswalk.csv","""input-fireflies-recap""","client/src/pages/dashboard/CallOutcome.tsx","714","UNTESTED","UNTESTED","UNTESTED","UNTESTED","Not measured","UNTESTED","Existing census identity; not refreshed at closeout","Not attributed","Not verified","UNTESTED","C2 consumer; retained shared A/B command authority","controls.json; not automatically joined to browser cases"
"source-inventory","C2-CONTROL-991","ownership.json and control-action-crosswalk.csv","""checkbox-interested-0-percent""","client/src/pages/dashboard/CallOutcome.tsx","741","UNTESTED","UNTESTED","UNTESTED","UNTESTED","Not measured","UNTESTED","Existing census identity; not refreshed at closeout","Not attributed","Not verified","UNTESTED","C2 consumer; retained shared A/B command authority","controls.json; not automatically joined to browser cases"
"source-inventory","C2-CONTROL-992","ownership.json and control-action-crosswalk.csv","""checkbox-needs-terminal""","client/src/pages/dashboard/CallOutcome.tsx","758","UNTESTED","UNTESTED","UNTESTED","UNTESTED","Not measured","UNTESTED","Existing census identity; not refreshed at closeout","Not attributed","Not verified","UNTESTED","C2 consumer; retained shared A/B command authority","controls.json; not automatically joined to browser cases"
"source-inventory","C2-CONTROL-993","ownership.json and control-action-crosswalk.csv","""checkbox-send-packet""","client/src/pages/dashboard/CallOutcome.tsx","775","UNTESTED","UNTESTED","UNTESTED","UNTESTED","Not measured","UNTESTED","Existing census identity; not refreshed at closeout","Not attributed","Not verified","UNTESTED","C2 consumer; retained shared A/B command authority","controls.json; not automatically joined to browser cases"
"source-inventory","C2-CONTROL-994","ownership.json and control-action-crosswalk.csv","Select","client/src/pages/dashboard/CallOutcome.tsx","795","UNTESTED","UNTESTED","UNTESTED","UNTESTED","Not measured","UNTESTED","Existing census identity; not refreshed at closeout","Not attributed","Not verified","UNTESTED","C2 consumer; retained shared A/B command authority","controls.json; not automatically joined to browser cases"
"source-inventory","C2-CONTROL-995","ownership.json and control-action-crosswalk.csv","""select-packet-override""","client/src/pages/dashboard/CallOutcome.tsx","797","UNTESTED","UNTESTED","UNTESTED","UNTESTED","Not measured","UNTESTED","Existing census identity; not refreshed at closeout","Not attributed","Not verified","UNTESTED","C2 consumer; retained shared A/B command authority","controls.json; not automatically joined to browser cases"
"source-inventory","C2-CONTROL-996","ownership.json and control-action-crosswalk.csv","""button-generate-followups""","client/src/pages/dashboard/CallOutcome.tsx","820","UNTESTED","UNTESTED","UNTESTED","UNTESTED","Not measured","UNTESTED","Existing census identity; not refreshed at closeout","Not attributed","Not verified","UNTESTED","C2 consumer; retained shared A/B command authority","controls.json; not automatically joined to browser cases"
"source-inventory","C2-CONTROL-997","ownership.json and control-action-crosswalk.csv","""button-log-only-skip""","client/src/pages/dashboard/CallOutcome.tsx","833","UNTESTED","UNTESTED","UNTESTED","UNTESTED","Not measured","UNTESTED","Existing census identity; not refreshed at closeout","Not attributed","Not verified","UNTESTED","C2 consumer; retained shared A/B command authority","controls.json; not automatically joined to browser cases"
"source-inventory","C2-CONTROL-998","ownership.json and control-action-crosswalk.csv","""checkbox-send-sms""","client/src/components/call-outcome/SmsFollowUpSection.tsx","32","UNTESTED","UNTESTED","UNTESTED","UNTESTED","Not measured","UNTESTED","Existing census identity; not refreshed at closeout","Not attributed","Not verified","UNTESTED","C2 consumer; retained shared A/B command authority","controls.json; not automatically joined to browser cases"
"source-inventory","C2-CONTROL-999","ownership.json and control-action-crosswalk.csv","""input-sms-body""","client/src/components/call-outcome/SmsFollowUpSection.tsx","41","UNTESTED","UNTESTED","UNTESTED","UNTESTED","Not measured","UNTESTED","Existing census identity; not refreshed at closeout","Not attributed","Not verified","UNTESTED","C2 consumer; retained shared A/B command authority","controls.json; not automatically joined to browser cases"
"source-inventory","C2-CONTROL-1000","ownership.json and control-action-crosswalk.csv","""input-bin""","client/src/pages/dashboard/BinLookup.tsx","79","UNTESTED","UNTESTED","UNTESTED","UNTESTED","Not measured","UNTESTED","Existing census identity; not refreshed at closeout","Not attributed","Not verified","UNTESTED","C2 consumer; retained shared A/B command authority","controls.json; not automatically joined to browser cases"
"source-inventory","C2-CONTROL-1001","ownership.json and control-action-crosswalk.csv","""button-bin-lookup""","client/src/pages/dashboard/BinLookup.tsx","97","UNTESTED","UNTESTED","UNTESTED","UNTESTED","Not measured","UNTESTED","Existing census identity; not refreshed at closeout","Not attributed","Not verified","UNTESTED","C2 consumer; retained shared A/B command authority","controls.json; not automatically joined to browser cases"
"source-inventory","C2-CONTROL-1002","ownership.json and control-action-crosswalk.csv","Button","client/src/pages/dashboard/BinLookup.tsx","119","UNTESTED","UNTESTED","UNTESTED","UNTESTED","Not measured","UNTESTED","Existing census identity; not refreshed at closeout","Not attributed","Not verified","UNTESTED","C2 consumer; retained shared A/B command authority","controls.json; not automatically joined to browser cases"
"bounded-browser-observation","C2-BROWSER-1","ownership.json; individual control attribution remains open","Bounded observation","","","admin","See exact browser-receipts.json observation","Real synthetic sessions/CSRF/object middleware; see receipt","Only states explicitly recorded in observation","Suite external effects: 0","Only dimensions/input explicitly recorded in observation","4df9b86e6e403dbdc5464dbf0b8f01162d46490d","442c1410553bd5631840dc7f85b1f7003c6b595d3263d326a62f7779e0107338/a55b790be0c7a3b8bd343c450718edd9cdcb362c21f4d1b0a8bc464bc819d03c","Isolated compiled-client/source-handler construction only","PASS","Bounded case; not unique-control/all-state/final-source acceptance","browser-receipts.json#/receipts/0"
"bounded-browser-observation","C2-BROWSER-2","ownership.json; individual control attribution remains open","Bounded observation","","","admin","See exact browser-receipts.json observation","Real synthetic sessions/CSRF/object middleware; see receipt","Only states explicitly recorded in observation","Suite external effects: 0","Only dimensions/input explicitly recorded in observation","4df9b86e6e403dbdc5464dbf0b8f01162d46490d","442c1410553bd5631840dc7f85b1f7003c6b595d3263d326a62f7779e0107338/a55b790be0c7a3b8bd343c450718edd9cdcb362c21f4d1b0a8bc464bc819d03c","Isolated compiled-client/source-handler construction only","PASS","Bounded case; not unique-control/all-state/final-source acceptance","browser-receipts.json#/receipts/1"
"bounded-browser-observation","C2-BROWSER-3","ownership.json; individual control attribution remains open","Bounded observation","","","admin","See exact browser-receipts.json observation","Real synthetic sessions/CSRF/object middleware; see receipt","Only states explicitly recorded in observation","Suite external effects: 0","Only dimensions/input explicitly recorded in observation","4df9b86e6e403dbdc5464dbf0b8f01162d46490d","442c1410553bd5631840dc7f85b1f7003c6b595d3263d326a62f7779e0107338/a55b790be0c7a3b8bd343c450718edd9cdcb362c21f4d1b0a8bc464bc819d03c","Isolated compiled-client/source-handler construction only","PASS","Bounded case; not unique-control/all-state/final-source acceptance","browser-receipts.json#/receipts/2"
"bounded-browser-observation","C2-BROWSER-4","ownership.json; individual control attribution remains open","Bounded observation","","","admin","See exact browser-receipts.json observation","Real synthetic sessions/CSRF/object middleware; see receipt","Only states explicitly recorded in observation","Suite external effects: 0","Only dimensions/input explicitly recorded in observation","4df9b86e6e403dbdc5464dbf0b8f01162d46490d","442c1410553bd5631840dc7f85b1f7003c6b595d3263d326a62f7779e0107338/a55b790be0c7a3b8bd343c450718edd9cdcb362c21f4d1b0a8bc464bc819d03c","Isolated compiled-client/source-handler construction only","PASS","Bounded case; not unique-control/all-state/final-source acceptance","browser-receipts.json#/receipts/3"
"bounded-browser-observation","C2-BROWSER-5","ownership.json; individual control attribution remains open","Bounded observation","","","admin","See exact browser-receipts.json observation","Real synthetic sessions/CSRF/object middleware; see receipt","Only states explicitly recorded in observation","Suite external effects: 0","Only dimensions/input explicitly recorded in observation","4df9b86e6e403dbdc5464dbf0b8f01162d46490d","442c1410553bd5631840dc7f85b1f7003c6b595d3263d326a62f7779e0107338/a55b790be0c7a3b8bd343c450718edd9cdcb362c21f4d1b0a8bc464bc819d03c","Isolated compiled-client/source-handler construction only","PASS","Bounded case; not unique-control/all-state/final-source acceptance","browser-receipts.json#/receipts/4"
"bounded-browser-observation","C2-BROWSER-6","ownership.json; individual control attribution remains open","Bounded observation","","","admin","See exact browser-receipts.json observation","Real synthetic sessions/CSRF/object middleware; see receipt","Only states explicitly recorded in observation","Suite external effects: 0","Only dimensions/input explicitly recorded in observation","4df9b86e6e403dbdc5464dbf0b8f01162d46490d","442c1410553bd5631840dc7f85b1f7003c6b595d3263d326a62f7779e0107338/a55b790be0c7a3b8bd343c450718edd9cdcb362c21f4d1b0a8bc464bc819d03c","Isolated compiled-client/source-handler construction only","PASS","Bounded case; not unique-control/all-state/final-source acceptance","browser-receipts.json#/receipts/5"
"bounded-browser-observation","C2-BROWSER-7","ownership.json; individual control attribution remains open","Bounded observation","","","admin","See exact browser-receipts.json observation","Real synthetic sessions/CSRF/object middleware; see receipt","Only states explicitly recorded in observation","Suite external effects: 0","Only dimensions/input explicitly recorded in observation","4df9b86e6e403dbdc5464dbf0b8f01162d46490d","442c1410553bd5631840dc7f85b1f7003c6b595d3263d326a62f7779e0107338/a55b790be0c7a3b8bd343c450718edd9cdcb362c21f4d1b0a8bc464bc819d03c","Isolated compiled-client/source-handler construction only","PASS","Bounded case; not unique-control/all-state/final-source acceptance","browser-receipts.json#/receipts/6"
"bounded-browser-observation","C2-BROWSER-8","ownership.json; individual control attribution remains open","Bounded observation","","","admin","See exact browser-receipts.json observation","Real synthetic sessions/CSRF/object middleware; see receipt","Only states explicitly recorded in observation","Suite external effects: 0","Only dimensions/input explicitly recorded in observation","4df9b86e6e403dbdc5464dbf0b8f01162d46490d","442c1410553bd5631840dc7f85b1f7003c6b595d3263d326a62f7779e0107338/a55b790be0c7a3b8bd343c450718edd9cdcb362c21f4d1b0a8bc464bc819d03c","Isolated compiled-client/source-handler construction only","PASS","Bounded case; not unique-control/all-state/final-source acceptance","browser-receipts.json#/receipts/7"
"bounded-browser-observation","C2-BROWSER-9","ownership.json; individual control attribution remains open","Bounded observation","","","admin","See exact browser-receipts.json observation","Real synthetic sessions/CSRF/object middleware; see receipt","Only states explicitly recorded in observation","Suite external effects: 0","Only dimensions/input explicitly recorded in observation","4df9b86e6e403dbdc5464dbf0b8f01162d46490d","442c1410553bd5631840dc7f85b1f7003c6b595d3263d326a62f7779e0107338/a55b790be0c7a3b8bd343c450718edd9cdcb362c21f4d1b0a8bc464bc819d03c","Isolated compiled-client/source-handler construction only","PASS","Bounded case; not unique-control/all-state/final-source acceptance","browser-receipts.json#/receipts/8"
"bounded-browser-observation","C2-BROWSER-10","ownership.json; individual control attribution remains open","Bounded observation","","","admin","See exact browser-receipts.json observation","Real synthetic sessions/CSRF/object middleware; see receipt","Only states explicitly recorded in observation","Suite external effects: 0","Only dimensions/input explicitly recorded in observation","4df9b86e6e403dbdc5464dbf0b8f01162d46490d","442c1410553bd5631840dc7f85b1f7003c6b595d3263d326a62f7779e0107338/a55b790be0c7a3b8bd343c450718edd9cdcb362c21f4d1b0a8bc464bc819d03c","Isolated compiled-client/source-handler construction only","PASS","Bounded case; not unique-control/all-state/final-source acceptance","browser-receipts.json#/receipts/9"
"bounded-browser-observation","C2-BROWSER-11","ownership.json; individual control attribution remains open","Bounded observation","","","admin","See exact browser-receipts.json observation","Real synthetic sessions/CSRF/object middleware; see receipt","Only states explicitly recorded in observation","Suite external effects: 0","Only dimensions/input explicitly recorded in observation","4df9b86e6e403dbdc5464dbf0b8f01162d46490d","442c1410553bd5631840dc7f85b1f7003c6b595d3263d326a62f7779e0107338/a55b790be0c7a3b8bd343c450718edd9cdcb362c21f4d1b0a8bc464bc819d03c","Isolated compiled-client/source-handler construction only","PASS","Bounded case; not unique-control/all-state/final-source acceptance","browser-receipts.json#/receipts/10"
"bounded-browser-observation","C2-BROWSER-12","ownership.json; individual control attribution remains open","Bounded observation","","","admin","See exact browser-receipts.json observation","Real synthetic sessions/CSRF/object middleware; see receipt","Only states explicitly recorded in observation","Suite external effects: 0","Only dimensions/input explicitly recorded in observation","4df9b86e6e403dbdc5464dbf0b8f01162d46490d","442c1410553bd5631840dc7f85b1f7003c6b595d3263d326a62f7779e0107338/a55b790be0c7a3b8bd343c450718edd9cdcb362c21f4d1b0a8bc464bc819d03c","Isolated compiled-client/source-handler construction only","PASS","Bounded case; not unique-control/all-state/final-source acceptance","browser-receipts.json#/receipts/11"
"bounded-browser-observation","C2-BROWSER-13","ownership.json; individual control attribution remains open","Bounded observation","","","admin","See exact browser-receipts.json observation","Real synthetic sessions/CSRF/object middleware; see receipt","Only states explicitly recorded in observation","Suite external effects: 0","Only dimensions/input explicitly recorded in observation","4df9b86e6e403dbdc5464dbf0b8f01162d46490d","442c1410553bd5631840dc7f85b1f7003c6b595d3263d326a62f7779e0107338/a55b790be0c7a3b8bd343c450718edd9cdcb362c21f4d1b0a8bc464bc819d03c","Isolated compiled-client/source-handler construction only","PASS","Bounded case; not unique-control/all-state/final-source acceptance","browser-receipts.json#/receipts/12"
"bounded-browser-observation","C2-BROWSER-14","ownership.json; individual control attribution remains open","Bounded observation","","","admin","See exact browser-receipts.json observation","Real synthetic sessions/CSRF/object middleware; see receipt","Only states explicitly recorded in observation","Suite external effects: 0","Only dimensions/input explicitly recorded in observation","4df9b86e6e403dbdc5464dbf0b8f01162d46490d","442c1410553bd5631840dc7f85b1f7003c6b595d3263d326a62f7779e0107338/a55b790be0c7a3b8bd343c450718edd9cdcb362c21f4d1b0a8bc464bc819d03c","Isolated compiled-client/source-handler construction only","PASS","Bounded case; not unique-control/all-state/final-source acceptance","browser-receipts.json#/receipts/13"
"bounded-browser-observation","C2-BROWSER-15","ownership.json; individual control attribution remains open","Bounded observation","","","admin","See exact browser-receipts.json observation","Real synthetic sessions/CSRF/object middleware; see receipt","Only states explicitly recorded in observation","Suite external effects: 0","Only dimensions/input explicitly recorded in observation","4df9b86e6e403dbdc5464dbf0b8f01162d46490d","442c1410553bd5631840dc7f85b1f7003c6b595d3263d326a62f7779e0107338/a55b790be0c7a3b8bd343c450718edd9cdcb362c21f4d1b0a8bc464bc819d03c","Isolated compiled-client/source-handler construction only","PASS","Bounded case; not unique-control/all-state/final-source acceptance","browser-receipts.json#/receipts/14"
"bounded-browser-observation","C2-BROWSER-16","ownership.json; individual control attribution remains open","Bounded observation","","","admin","See exact browser-receipts.json observation","Real synthetic sessions/CSRF/object middleware; see receipt","Only states explicitly recorded in observation","Suite external effects: 0","Only dimensions/input explicitly recorded in observation","4df9b86e6e403dbdc5464dbf0b8f01162d46490d","442c1410553bd5631840dc7f85b1f7003c6b595d3263d326a62f7779e0107338/a55b790be0c7a3b8bd343c450718edd9cdcb362c21f4d1b0a8bc464bc819d03c","Isolated compiled-client/source-handler construction only","PASS","Bounded case; not unique-control/all-state/final-source acceptance","browser-receipts.json#/receipts/15"
"bounded-browser-observation","C2-BROWSER-17","ownership.json; individual control attribution remains open","Bounded observation","","","admin","See exact browser-receipts.json observation","Real synthetic sessions/CSRF/object middleware; see receipt","Only states explicitly recorded in observation","Suite external effects: 0","Only dimensions/input explicitly recorded in observation","4df9b86e6e403dbdc5464dbf0b8f01162d46490d","442c1410553bd5631840dc7f85b1f7003c6b595d3263d326a62f7779e0107338/a55b790be0c7a3b8bd343c450718edd9cdcb362c21f4d1b0a8bc464bc819d03c","Isolated compiled-client/source-handler construction only","PASS","Bounded case; not unique-control/all-state/final-source acceptance","browser-receipts.json#/receipts/16"
"bounded-browser-observation","C2-BROWSER-18","ownership.json; individual control attribution remains open","Bounded observation","","","admin","See exact browser-receipts.json observation","Real synthetic sessions/CSRF/object middleware; see receipt","Only states explicitly recorded in observation","Suite external effects: 0","Only dimensions/input explicitly recorded in observation","4df9b86e6e403dbdc5464dbf0b8f01162d46490d","442c1410553bd5631840dc7f85b1f7003c6b595d3263d326a62f7779e0107338/a55b790be0c7a3b8bd343c450718edd9cdcb362c21f4d1b0a8bc464bc819d03c","Isolated compiled-client/source-handler construction only","PASS","Bounded case; not unique-control/all-state/final-source acceptance","browser-receipts.json#/receipts/17"
"bounded-browser-observation","C2-BROWSER-19","ownership.json; individual control attribution remains open","Bounded observation","","","admin","See exact browser-receipts.json observation","Real synthetic sessions/CSRF/object middleware; see receipt","Only states explicitly recorded in observation","Suite external effects: 0","Only dimensions/input explicitly recorded in observation","4df9b86e6e403dbdc5464dbf0b8f01162d46490d","442c1410553bd5631840dc7f85b1f7003c6b595d3263d326a62f7779e0107338/a55b790be0c7a3b8bd343c450718edd9cdcb362c21f4d1b0a8bc464bc819d03c","Isolated compiled-client/source-handler construction only","PASS","Bounded case; not unique-control/all-state/final-source acceptance","browser-receipts.json#/receipts/18"
"bounded-browser-observation","C2-BROWSER-20","ownership.json; individual control attribution remains open","Bounded observation","","","admin","See exact browser-receipts.json observation","Real synthetic sessions/CSRF/object middleware; see receipt","Only states explicitly recorded in observation","Suite external effects: 0","Only dimensions/input explicitly recorded in observation","4df9b86e6e403dbdc5464dbf0b8f01162d46490d","442c1410553bd5631840dc7f85b1f7003c6b595d3263d326a62f7779e0107338/a55b790be0c7a3b8bd343c450718edd9cdcb362c21f4d1b0a8bc464bc819d03c","Isolated compiled-client/source-handler construction only","PASS","Bounded case; not unique-control/all-state/final-source acceptance","browser-receipts.json#/receipts/19"
"bounded-browser-observation","C2-BROWSER-21","ownership.json; individual control attribution remains open","Bounded observation","","","admin","See exact browser-receipts.json observation","Real synthetic sessions/CSRF/object middleware; see receipt","Only states explicitly recorded in observation","Suite external effects: 0","Only dimensions/input explicitly recorded in observation","4df9b86e6e403dbdc5464dbf0b8f01162d46490d","442c1410553bd5631840dc7f85b1f7003c6b595d3263d326a62f7779e0107338/a55b790be0c7a3b8bd343c450718edd9cdcb362c21f4d1b0a8bc464bc819d03c","Isolated compiled-client/source-handler construction only","PASS","Bounded case; not unique-control/all-state/final-source acceptance","browser-receipts.json#/receipts/20"
"bounded-browser-observation","C2-BROWSER-22","ownership.json; individual control attribution remains open","Bounded observation","","","admin","See exact browser-receipts.json observation","Real synthetic sessions/CSRF/object middleware; see receipt","Only states explicitly recorded in observation","Suite external effects: 0","Only dimensions/input explicitly recorded in observation","4df9b86e6e403dbdc5464dbf0b8f01162d46490d","442c1410553bd5631840dc7f85b1f7003c6b595d3263d326a62f7779e0107338/a55b790be0c7a3b8bd343c450718edd9cdcb362c21f4d1b0a8bc464bc819d03c","Isolated compiled-client/source-handler construction only","PASS","Bounded case; not unique-control/all-state/final-source acceptance","browser-receipts.json#/receipts/21"
"bounded-browser-observation","C2-BROWSER-23","ownership.json; individual control attribution remains open","Bounded observation","","","admin","See exact browser-receipts.json observation","Real synthetic sessions/CSRF/object middleware; see receipt","Only states explicitly recorded in observation","Suite external effects: 0","Only dimensions/input explicitly recorded in observation","4df9b86e6e403dbdc5464dbf0b8f01162d46490d","442c1410553bd5631840dc7f85b1f7003c6b595d3263d326a62f7779e0107338/a55b790be0c7a3b8bd343c450718edd9cdcb362c21f4d1b0a8bc464bc819d03c","Isolated compiled-client/source-handler construction only","PASS","Bounded case; not unique-control/all-state/final-source acceptance","browser-receipts.json#/receipts/22"
"bounded-browser-observation","C2-BROWSER-24","ownership.json; individual control attribution remains open","Bounded observation","","","admin","See exact browser-receipts.json observation","Real synthetic sessions/CSRF/object middleware; see receipt","Only states explicitly recorded in observation","Suite external effects: 0","Only dimensions/input explicitly recorded in observation","4df9b86e6e403dbdc5464dbf0b8f01162d46490d","442c1410553bd5631840dc7f85b1f7003c6b595d3263d326a62f7779e0107338/a55b790be0c7a3b8bd343c450718edd9cdcb362c21f4d1b0a8bc464bc819d03c","Isolated compiled-client/source-handler construction only","PASS","Bounded case; not unique-control/all-state/final-source acceptance","browser-receipts.json#/receipts/23"
"bounded-browser-observation","C2-BROWSER-25","ownership.json; individual control attribution remains open","Bounded observation","","","admin","See exact browser-receipts.json observation","Real synthetic sessions/CSRF/object middleware; see receipt","Only states explicitly recorded in observation","Suite external effects: 0","Only dimensions/input explicitly recorded in observation","4df9b86e6e403dbdc5464dbf0b8f01162d46490d","442c1410553bd5631840dc7f85b1f7003c6b595d3263d326a62f7779e0107338/a55b790be0c7a3b8bd343c450718edd9cdcb362c21f4d1b0a8bc464bc819d03c","Isolated compiled-client/source-handler construction only","PASS","Bounded case; not unique-control/all-state/final-source acceptance","browser-receipts.json#/receipts/24"
"bounded-browser-observation","C2-BROWSER-26","ownership.json; individual control attribution remains open","Contact Back/Forward; Work click preserves context/hash and pushes; exact legacy Inbox channels","","","admin","See exact browser-receipts.json observation","Real synthetic sessions/CSRF/object middleware; see receipt","Only states explicitly recorded in observation","Suite external effects: 0","Only dimensions/input explicitly recorded in observation","4df9b86e6e403dbdc5464dbf0b8f01162d46490d","442c1410553bd5631840dc7f85b1f7003c6b595d3263d326a62f7779e0107338/a55b790be0c7a3b8bd343c450718edd9cdcb362c21f4d1b0a8bc464bc819d03c","Isolated compiled-client/source-handler construction only","PASS","Bounded case; not unique-control/all-state/final-source acceptance","browser-receipts.json#/receipts/25"
"bounded-browser-observation","C2-BROWSER-27","ownership.json; individual control attribution remains open","Retained shared-header Add Contact / Escape Cancel / real save / exact-ID reload","","","admin","See exact browser-receipts.json observation","Real synthetic sessions/CSRF/object middleware; see receipt","Only states explicitly recorded in observation","Suite external effects: 0","Only dimensions/input explicitly recorded in observation","4df9b86e6e403dbdc5464dbf0b8f01162d46490d","442c1410553bd5631840dc7f85b1f7003c6b595d3263d326a62f7779e0107338/a55b790be0c7a3b8bd343c450718edd9cdcb362c21f4d1b0a8bc464bc819d03c","Isolated compiled-client/source-handler construction only","PASS","Bounded case; not unique-control/all-state/final-source acceptance","browser-receipts.json#/receipts/26"
"bounded-browser-observation","C2-BROWSER-28","ownership.json; individual control attribution remains open","Contextual shell and accurate denied execution reason","","","admin","See exact browser-receipts.json observation","Real synthetic sessions/CSRF/object middleware; see receipt","Only states explicitly recorded in observation","Suite external effects: 0","Only dimensions/input explicitly recorded in observation","4df9b86e6e403dbdc5464dbf0b8f01162d46490d","442c1410553bd5631840dc7f85b1f7003c6b595d3263d326a62f7779e0107338/a55b790be0c7a3b8bd343c450718edd9cdcb362c21f4d1b0a8bc464bc819d03c","Isolated compiled-client/source-handler construction only","PASS","Bounded case; not unique-control/all-state/final-source acceptance","browser-receipts.json#/receipts/27"
"bounded-browser-observation","C2-BROWSER-29","ownership.json; individual control attribution remains open","Contextual shell and accurate denied execution reason","","","admin","See exact browser-receipts.json observation","Real synthetic sessions/CSRF/object middleware; see receipt","Only states explicitly recorded in observation","Suite external effects: 0","Only dimensions/input explicitly recorded in observation","4df9b86e6e403dbdc5464dbf0b8f01162d46490d","442c1410553bd5631840dc7f85b1f7003c6b595d3263d326a62f7779e0107338/a55b790be0c7a3b8bd343c450718edd9cdcb362c21f4d1b0a8bc464bc819d03c","Isolated compiled-client/source-handler construction only","PASS","Bounded case; not unique-control/all-state/final-source acceptance","browser-receipts.json#/receipts/28"
"bounded-browser-observation","C2-BROWSER-30","ownership.json; individual control attribution remains open","Contextual shell and accurate denied execution reason","","","admin","See exact browser-receipts.json observation","Real synthetic sessions/CSRF/object middleware; see receipt","Only states explicitly recorded in observation","Suite external effects: 0","Only dimensions/input explicitly recorded in observation","4df9b86e6e403dbdc5464dbf0b8f01162d46490d","442c1410553bd5631840dc7f85b1f7003c6b595d3263d326a62f7779e0107338/a55b790be0c7a3b8bd343c450718edd9cdcb362c21f4d1b0a8bc464bc819d03c","Isolated compiled-client/source-handler construction only","PASS","Bounded case; not unique-control/all-state/final-source acceptance","browser-receipts.json#/receipts/29"
"bounded-browser-observation","C2-BROWSER-31","ownership.json; individual control attribution remains open","Contextual shell and accurate denied execution reason","","","admin","See exact browser-receipts.json observation","Real synthetic sessions/CSRF/object middleware; see receipt","Only states explicitly recorded in observation","Suite external effects: 0","Only dimensions/input explicitly recorded in observation","4df9b86e6e403dbdc5464dbf0b8f01162d46490d","442c1410553bd5631840dc7f85b1f7003c6b595d3263d326a62f7779e0107338/a55b790be0c7a3b8bd343c450718edd9cdcb362c21f4d1b0a8bc464bc819d03c","Isolated compiled-client/source-handler construction only","PASS","Bounded case; not unique-control/all-state/final-source acceptance","browser-receipts.json#/receipts/30"
"bounded-browser-observation","C2-BROWSER-32","ownership.json; individual control attribution remains open","Contextual shell and accurate denied execution reason","","","admin","See exact browser-receipts.json observation","Real synthetic sessions/CSRF/object middleware; see receipt","Only states explicitly recorded in observation","Suite external effects: 0","Only dimensions/input explicitly recorded in observation","4df9b86e6e403dbdc5464dbf0b8f01162d46490d","442c1410553bd5631840dc7f85b1f7003c6b595d3263d326a62f7779e0107338/a55b790be0c7a3b8bd343c450718edd9cdcb362c21f4d1b0a8bc464bc819d03c","Isolated compiled-client/source-handler construction only","PASS","Bounded case; not unique-control/all-state/final-source acceptance","browser-receipts.json#/receipts/31"
"bounded-browser-observation","C2-BROWSER-33","ownership.json; individual control attribution remains open","Authorized Chat search beyond first 500 + paused Enter/button zero dispatch","","","admin","See exact browser-receipts.json observation","Real synthetic sessions/CSRF/object middleware; see receipt","Only states explicitly recorded in observation","Suite external effects: 0","Only dimensions/input explicitly recorded in observation","4df9b86e6e403dbdc5464dbf0b8f01162d46490d","442c1410553bd5631840dc7f85b1f7003c6b595d3263d326a62f7779e0107338/a55b790be0c7a3b8bd343c450718edd9cdcb362c21f4d1b0a8bc464bc819d03c","Isolated compiled-client/source-handler construction only","PASS","Bounded case; not unique-control/all-state/final-source acceptance","browser-receipts.json#/receipts/32"
"bounded-browser-observation","C2-BROWSER-34","ownership.json; individual control attribution remains open","Exact linked Log Only actual lost-response/readback","","","admin","See exact browser-receipts.json observation","Real synthetic sessions/CSRF/object middleware; see receipt","Only states explicitly recorded in observation","Suite external effects: 0","Only dimensions/input explicitly recorded in observation","4df9b86e6e403dbdc5464dbf0b8f01162d46490d","442c1410553bd5631840dc7f85b1f7003c6b595d3263d326a62f7779e0107338/a55b790be0c7a3b8bd343c450718edd9cdcb362c21f4d1b0a8bc464bc819d03c","Isolated compiled-client/source-handler construction only","PASS","Bounded case; not unique-control/all-state/final-source acceptance","browser-receipts.json#/receipts/33"
"bounded-browser-observation","C2-BROWSER-35","ownership.json; individual control attribution remains open","Work create Cancel / actual lost-response same-UUID retry / new identical intent / durable reload","","","admin","See exact browser-receipts.json observation","Real synthetic sessions/CSRF/object middleware; see receipt","Only states explicitly recorded in observation","Suite external effects: 0","Only dimensions/input explicitly recorded in observation","4df9b86e6e403dbdc5464dbf0b8f01162d46490d","442c1410553bd5631840dc7f85b1f7003c6b595d3263d326a62f7779e0107338/a55b790be0c7a3b8bd343c450718edd9cdcb362c21f4d1b0a8bc464bc819d03c","Isolated compiled-client/source-handler construction only","PASS","Bounded case; not unique-control/all-state/final-source acceptance","browser-receipts.json#/receipts/34"
"bounded-browser-observation","C2-BROWSER-36","ownership.json; individual control attribution remains open","Work bulk delete Cancel zero effects / stale displayed-member atomic conflict preserves selection / fresh explicit bulk complete","","","admin","See exact browser-receipts.json observation","Real synthetic sessions/CSRF/object middleware; see receipt","Only states explicitly recorded in observation","Suite external effects: 0","Only dimensions/input explicitly recorded in observation","4df9b86e6e403dbdc5464dbf0b8f01162d46490d","442c1410553bd5631840dc7f85b1f7003c6b595d3263d326a62f7779e0107338/a55b790be0c7a3b8bd343c450718edd9cdcb362c21f4d1b0a8bc464bc819d03c","Isolated compiled-client/source-handler construction only","PASS","Bounded case; not unique-control/all-state/final-source acceptance","browser-receipts.json#/receipts/35"
"bounded-browser-observation","C2-BROWSER-37","ownership.json; individual control attribution remains open","Company counterparty authorized exact selection beyond first page / Escape Cancel","","","admin","See exact browser-receipts.json observation","Real synthetic sessions/CSRF/object middleware; see receipt","Only states explicitly recorded in observation","Suite external effects: 0","Only dimensions/input explicitly recorded in observation","4df9b86e6e403dbdc5464dbf0b8f01162d46490d","442c1410553bd5631840dc7f85b1f7003c6b595d3263d326a62f7779e0107338/a55b790be0c7a3b8bd343c450718edd9cdcb362c21f4d1b0a8bc464bc819d03c","Isolated compiled-client/source-handler construction only","PASS","Bounded case; not unique-control/all-state/final-source acceptance","browser-receipts.json#/receipts/36"
"bounded-browser-observation","C2-BROWSER-38","ownership.json; individual control attribution remains open","New Deal authorized contact search/select beyond page one; Cancel","","","admin","See exact browser-receipts.json observation","Real synthetic sessions/CSRF/object middleware; see receipt","Only states explicitly recorded in observation","Suite external effects: 0","Only dimensions/input explicitly recorded in observation","4df9b86e6e403dbdc5464dbf0b8f01162d46490d","442c1410553bd5631840dc7f85b1f7003c6b595d3263d326a62f7779e0107338/a55b790be0c7a3b8bd343c450718edd9cdcb362c21f4d1b0a8bc464bc819d03c","Isolated compiled-client/source-handler construction only","PASS","Bounded case; not unique-control/all-state/final-source acceptance","browser-receipts.json#/receipts/37"
"bounded-browser-observation","C2-BROWSER-39","ownership.json; individual control attribution remains open","Pipeline quick edit exact protected contact / Cancel zero writes / actual unavailable read hides editable placeholders","","","admin","See exact browser-receipts.json observation","Real synthetic sessions/CSRF/object middleware; see receipt","Only states explicitly recorded in observation","Suite external effects: 0","Only dimensions/input explicitly recorded in observation","4df9b86e6e403dbdc5464dbf0b8f01162d46490d","442c1410553bd5631840dc7f85b1f7003c6b595d3263d326a62f7779e0107338/a55b790be0c7a3b8bd343c450718edd9cdcb362c21f4d1b0a8bc464bc819d03c","Isolated compiled-client/source-handler construction only","PASS","Bounded case; not unique-control/all-state/final-source acceptance","browser-receipts.json#/receipts/38"
"bounded-browser-observation","C2-BROWSER-40","ownership.json; individual control attribution remains open","Keyboard Space/Enter/submenu single-record stage movement and durable Board reload","","","admin","See exact browser-receipts.json observation","Real synthetic sessions/CSRF/object middleware; see receipt","Only states explicitly recorded in observation","Suite external effects: 0","Only dimensions/input explicitly recorded in observation","4df9b86e6e403dbdc5464dbf0b8f01162d46490d","442c1410553bd5631840dc7f85b1f7003c6b595d3263d326a62f7779e0107338/a55b790be0c7a3b8bd343c450718edd9cdcb362c21f4d1b0a8bc464bc819d03c","Isolated compiled-client/source-handler construction only","PASS","Bounded case; not unique-control/all-state/final-source acceptance","browser-receipts.json#/receipts/39"
"bounded-browser-observation","C2-BROWSER-41","ownership.json; individual control attribution remains open","Pipeline immutable history failure","","","admin","See exact browser-receipts.json observation","Real synthetic sessions/CSRF/object middleware; see receipt","Only states explicitly recorded in observation","Suite external effects: 0","Only dimensions/input explicitly recorded in observation","4df9b86e6e403dbdc5464dbf0b8f01162d46490d","442c1410553bd5631840dc7f85b1f7003c6b595d3263d326a62f7779e0107338/a55b790be0c7a3b8bd343c450718edd9cdcb362c21f4d1b0a8bc464bc819d03c","Isolated compiled-client/source-handler construction only","PASS","Bounded case; not unique-control/all-state/final-source acceptance","browser-receipts.json#/receipts/40"
"bounded-browser-observation","C2-BROWSER-42","ownership.json; individual control attribution remains open","Contact survey-history read failure","","","admin","See exact browser-receipts.json observation","Real synthetic sessions/CSRF/object middleware; see receipt","Only states explicitly recorded in observation","Suite external effects: 0","Only dimensions/input explicitly recorded in observation","4df9b86e6e403dbdc5464dbf0b8f01162d46490d","442c1410553bd5631840dc7f85b1f7003c6b595d3263d326a62f7779e0107338/a55b790be0c7a3b8bd343c450718edd9cdcb362c21f4d1b0a8bc464bc819d03c","Isolated compiled-client/source-handler construction only","PASS","Bounded case; not unique-control/all-state/final-source acceptance","browser-receipts.json#/receipts/41"
"bounded-browser-observation","C2-BROWSER-43","ownership.json; individual control attribution remains open","Board/List retain recorded legacy stage and exact linked identity","","","admin","See exact browser-receipts.json observation","Real synthetic sessions/CSRF/object middleware; see receipt","Only states explicitly recorded in observation","Suite external effects: 0","Only dimensions/input explicitly recorded in observation","4df9b86e6e403dbdc5464dbf0b8f01162d46490d","442c1410553bd5631840dc7f85b1f7003c6b595d3263d326a62f7779e0107338/a55b790be0c7a3b8bd343c450718edd9cdcb362c21f4d1b0a8bc464bc819d03c","Isolated compiled-client/source-handler construction only","PASS","Bounded case; not unique-control/all-state/final-source acceptance","browser-receipts.json#/receipts/42"
"bounded-browser-observation","C2-BROWSER-44","ownership.json; individual control attribution remains open","/dashboard","","","admin","See exact browser-receipts.json observation","Real synthetic sessions/CSRF/object middleware; see receipt","Only states explicitly recorded in observation","Suite external effects: 0","Only dimensions/input explicitly recorded in observation","4df9b86e6e403dbdc5464dbf0b8f01162d46490d","442c1410553bd5631840dc7f85b1f7003c6b595d3263d326a62f7779e0107338/a55b790be0c7a3b8bd343c450718edd9cdcb362c21f4d1b0a8bc464bc819d03c","Isolated compiled-client/source-handler construction only","PASS","Bounded case; not unique-control/all-state/final-source acceptance","browser-receipts.json#/receipts/43"
"bounded-browser-observation","C2-BROWSER-45","ownership.json; individual control attribution remains open","/dashboard","","","admin","See exact browser-receipts.json observation","Real synthetic sessions/CSRF/object middleware; see receipt","Only states explicitly recorded in observation","Suite external effects: 0","Only dimensions/input explicitly recorded in observation","4df9b86e6e403dbdc5464dbf0b8f01162d46490d","442c1410553bd5631840dc7f85b1f7003c6b595d3263d326a62f7779e0107338/a55b790be0c7a3b8bd343c450718edd9cdcb362c21f4d1b0a8bc464bc819d03c","Isolated compiled-client/source-handler construction only","PASS","Bounded case; not unique-control/all-state/final-source acceptance","browser-receipts.json#/receipts/44"
"bounded-browser-observation","C2-BROWSER-46","ownership.json; individual control attribution remains open","/dashboard","","","admin","See exact browser-receipts.json observation","Real synthetic sessions/CSRF/object middleware; see receipt","Only states explicitly recorded in observation","Suite external effects: 0","Only dimensions/input explicitly recorded in observation","4df9b86e6e403dbdc5464dbf0b8f01162d46490d","442c1410553bd5631840dc7f85b1f7003c6b595d3263d326a62f7779e0107338/a55b790be0c7a3b8bd343c450718edd9cdcb362c21f4d1b0a8bc464bc819d03c","Isolated compiled-client/source-handler construction only","PASS","Bounded case; not unique-control/all-state/final-source acceptance","browser-receipts.json#/receipts/45"
"bounded-browser-observation","C2-BROWSER-47","ownership.json; individual control attribution remains open","/dashboard","","","admin","See exact browser-receipts.json observation","Real synthetic sessions/CSRF/object middleware; see receipt","Only states explicitly recorded in observation","Suite external effects: 0","Only dimensions/input explicitly recorded in observation","4df9b86e6e403dbdc5464dbf0b8f01162d46490d","442c1410553bd5631840dc7f85b1f7003c6b595d3263d326a62f7779e0107338/a55b790be0c7a3b8bd343c450718edd9cdcb362c21f4d1b0a8bc464bc819d03c","Isolated compiled-client/source-handler construction only","PASS","Bounded case; not unique-control/all-state/final-source acceptance","browser-receipts.json#/receipts/46"
"bounded-browser-observation","C2-BROWSER-48","ownership.json; individual control attribution remains open","/dashboard","","","admin","See exact browser-receipts.json observation","Real synthetic sessions/CSRF/object middleware; see receipt","Only states explicitly recorded in observation","Suite external effects: 0","Only dimensions/input explicitly recorded in observation","4df9b86e6e403dbdc5464dbf0b8f01162d46490d","442c1410553bd5631840dc7f85b1f7003c6b595d3263d326a62f7779e0107338/a55b790be0c7a3b8bd343c450718edd9cdcb362c21f4d1b0a8bc464bc819d03c","Isolated compiled-client/source-handler construction only","PASS","Bounded case; not unique-control/all-state/final-source acceptance","browser-receipts.json#/receipts/47"
"bounded-browser-observation","C2-BROWSER-49","ownership.json; individual control attribution remains open","/dashboard","","","admin","See exact browser-receipts.json observation","Real synthetic sessions/CSRF/object middleware; see receipt","Only states explicitly recorded in observation","Suite external effects: 0","Only dimensions/input explicitly recorded in observation","4df9b86e6e403dbdc5464dbf0b8f01162d46490d","442c1410553bd5631840dc7f85b1f7003c6b595d3263d326a62f7779e0107338/a55b790be0c7a3b8bd343c450718edd9cdcb362c21f4d1b0a8bc464bc819d03c","Isolated compiled-client/source-handler construction only","PASS","Bounded case; not unique-control/all-state/final-source acceptance","browser-receipts.json#/receipts/48"
"bounded-browser-observation","C2-BROWSER-50","ownership.json; individual control attribution remains open","/dashboard","","","admin","See exact browser-receipts.json observation","Real synthetic sessions/CSRF/object middleware; see receipt","Only states explicitly recorded in observation","Suite external effects: 0","Only dimensions/input explicitly recorded in observation","4df9b86e6e403dbdc5464dbf0b8f01162d46490d","442c1410553bd5631840dc7f85b1f7003c6b595d3263d326a62f7779e0107338/a55b790be0c7a3b8bd343c450718edd9cdcb362c21f4d1b0a8bc464bc819d03c","Isolated compiled-client/source-handler construction only","PASS","Bounded case; not unique-control/all-state/final-source acceptance","browser-receipts.json#/receipts/49"
"bounded-browser-observation","C2-BROWSER-51","ownership.json; individual control attribution remains open","/dashboard","","","admin","See exact browser-receipts.json observation","Real synthetic sessions/CSRF/object middleware; see receipt","Only states explicitly recorded in observation","Suite external effects: 0","Only dimensions/input explicitly recorded in observation","4df9b86e6e403dbdc5464dbf0b8f01162d46490d","442c1410553bd5631840dc7f85b1f7003c6b595d3263d326a62f7779e0107338/a55b790be0c7a3b8bd343c450718edd9cdcb362c21f4d1b0a8bc464bc819d03c","Isolated compiled-client/source-handler construction only","PASS","Bounded case; not unique-control/all-state/final-source acceptance","browser-receipts.json#/receipts/50"
"bounded-browser-observation","C2-BROWSER-52","ownership.json; individual control attribution remains open","/dashboard","","","admin","See exact browser-receipts.json observation","Real synthetic sessions/CSRF/object middleware; see receipt","Only states explicitly recorded in observation","Suite external effects: 0","Only dimensions/input explicitly recorded in observation","4df9b86e6e403dbdc5464dbf0b8f01162d46490d","442c1410553bd5631840dc7f85b1f7003c6b595d3263d326a62f7779e0107338/a55b790be0c7a3b8bd343c450718edd9cdcb362c21f4d1b0a8bc464bc819d03c","Isolated compiled-client/source-handler construction only","PASS","Bounded case; not unique-control/all-state/final-source acceptance","browser-receipts.json#/receipts/51"
"bounded-browser-observation","C2-BROWSER-53","ownership.json; individual control attribution remains open","/dashboard","","","admin","See exact browser-receipts.json observation","Real synthetic sessions/CSRF/object middleware; see receipt","Only states explicitly recorded in observation","Suite external effects: 0","Only dimensions/input explicitly recorded in observation","4df9b86e6e403dbdc5464dbf0b8f01162d46490d","442c1410553bd5631840dc7f85b1f7003c6b595d3263d326a62f7779e0107338/a55b790be0c7a3b8bd343c450718edd9cdcb362c21f4d1b0a8bc464bc819d03c","Isolated compiled-client/source-handler construction only","PASS","Bounded case; not unique-control/all-state/final-source acceptance","browser-receipts.json#/receipts/52"
"bounded-browser-observation","C2-BROWSER-54","ownership.json; individual control attribution remains open","/dashboard","","","admin","See exact browser-receipts.json observation","Real synthetic sessions/CSRF/object middleware; see receipt","Only states explicitly recorded in observation","Suite external effects: 0","Only dimensions/input explicitly recorded in observation","4df9b86e6e403dbdc5464dbf0b8f01162d46490d","442c1410553bd5631840dc7f85b1f7003c6b595d3263d326a62f7779e0107338/a55b790be0c7a3b8bd343c450718edd9cdcb362c21f4d1b0a8bc464bc819d03c","Isolated compiled-client/source-handler construction only","PASS","Bounded case; not unique-control/all-state/final-source acceptance","browser-receipts.json#/receipts/53"
"bounded-browser-observation","C2-BROWSER-55","ownership.json; individual control attribution remains open","/dashboard/contacts","","","admin","See exact browser-receipts.json observation","Real synthetic sessions/CSRF/object middleware; see receipt","Only states explicitly recorded in observation","Suite external effects: 0","Only dimensions/input explicitly recorded in observation","4df9b86e6e403dbdc5464dbf0b8f01162d46490d","442c1410553bd5631840dc7f85b1f7003c6b595d3263d326a62f7779e0107338/a55b790be0c7a3b8bd343c450718edd9cdcb362c21f4d1b0a8bc464bc819d03c","Isolated compiled-client/source-handler construction only","PASS","Bounded case; not unique-control/all-state/final-source acceptance","browser-receipts.json#/receipts/54"
"bounded-browser-observation","C2-BROWSER-56","ownership.json; individual control attribution remains open","/dashboard/contacts","","","admin","See exact browser-receipts.json observation","Real synthetic sessions/CSRF/object middleware; see receipt","Only states explicitly recorded in observation","Suite external effects: 0","Only dimensions/input explicitly recorded in observation","4df9b86e6e403dbdc5464dbf0b8f01162d46490d","442c1410553bd5631840dc7f85b1f7003c6b595d3263d326a62f7779e0107338/a55b790be0c7a3b8bd343c450718edd9cdcb362c21f4d1b0a8bc464bc819d03c","Isolated compiled-client/source-handler construction only","PASS","Bounded case; not unique-control/all-state/final-source acceptance","browser-receipts.json#/receipts/55"
"bounded-browser-observation","C2-BROWSER-57","ownership.json; individual control attribution remains open","/dashboard/contacts","","","admin","See exact browser-receipts.json observation","Real synthetic sessions/CSRF/object middleware; see receipt","Only states explicitly recorded in observation","Suite external effects: 0","Only dimensions/input explicitly recorded in observation","4df9b86e6e403dbdc5464dbf0b8f01162d46490d","442c1410553bd5631840dc7f85b1f7003c6b595d3263d326a62f7779e0107338/a55b790be0c7a3b8bd343c450718edd9cdcb362c21f4d1b0a8bc464bc819d03c","Isolated compiled-client/source-handler construction only","PASS","Bounded case; not unique-control/all-state/final-source acceptance","browser-receipts.json#/receipts/56"
"bounded-browser-observation","C2-BROWSER-58","ownership.json; individual control attribution remains open","/dashboard/contacts","","","admin","See exact browser-receipts.json observation","Real synthetic sessions/CSRF/object middleware; see receipt","Only states explicitly recorded in observation","Suite external effects: 0","Only dimensions/input explicitly recorded in observation","4df9b86e6e403dbdc5464dbf0b8f01162d46490d","442c1410553bd5631840dc7f85b1f7003c6b595d3263d326a62f7779e0107338/a55b790be0c7a3b8bd343c450718edd9cdcb362c21f4d1b0a8bc464bc819d03c","Isolated compiled-client/source-handler construction only","PASS","Bounded case; not unique-control/all-state/final-source acceptance","browser-receipts.json#/receipts/57"
"bounded-browser-observation","C2-BROWSER-59","ownership.json; individual control attribution remains open","/dashboard/contacts","","","admin","See exact browser-receipts.json observation","Real synthetic sessions/CSRF/object middleware; see receipt","Only states explicitly recorded in observation","Suite external effects: 0","Only dimensions/input explicitly recorded in observation","4df9b86e6e403dbdc5464dbf0b8f01162d46490d","442c1410553bd5631840dc7f85b1f7003c6b595d3263d326a62f7779e0107338/a55b790be0c7a3b8bd343c450718edd9cdcb362c21f4d1b0a8bc464bc819d03c","Isolated compiled-client/source-handler construction only","PASS","Bounded case; not unique-control/all-state/final-source acceptance","browser-receipts.json#/receipts/58"
"bounded-browser-observation","C2-BROWSER-60","ownership.json; individual control attribution remains open","/dashboard/contacts","","","admin","See exact browser-receipts.json observation","Real synthetic sessions/CSRF/object middleware; see receipt","Only states explicitly recorded in observation","Suite external effects: 0","Only dimensions/input explicitly recorded in observation","4df9b86e6e403dbdc5464dbf0b8f01162d46490d","442c1410553bd5631840dc7f85b1f7003c6b595d3263d326a62f7779e0107338/a55b790be0c7a3b8bd343c450718edd9cdcb362c21f4d1b0a8bc464bc819d03c","Isolated compiled-client/source-handler construction only","PASS","Bounded case; not unique-control/all-state/final-source acceptance","browser-receipts.json#/receipts/59"
"bounded-browser-observation","C2-BROWSER-61","ownership.json; individual control attribution remains open","/dashboard/contacts","","","admin","See exact browser-receipts.json observation","Real synthetic sessions/CSRF/object middleware; see receipt","Only states explicitly recorded in observation","Suite external effects: 0","Only dimensions/input explicitly recorded in observation","4df9b86e6e403dbdc5464dbf0b8f01162d46490d","442c1410553bd5631840dc7f85b1f7003c6b595d3263d326a62f7779e0107338/a55b790be0c7a3b8bd343c450718edd9cdcb362c21f4d1b0a8bc464bc819d03c","Isolated compiled-client/source-handler construction only","PASS","Bounded case; not unique-control/all-state/final-source acceptance","browser-receipts.json#/receipts/60"
"bounded-browser-observation","C2-BROWSER-62","ownership.json; individual control attribution remains open","/dashboard/contacts","","","admin","See exact browser-receipts.json observation","Real synthetic sessions/CSRF/object middleware; see receipt","Only states explicitly recorded in observation","Suite external effects: 0","Only dimensions/input explicitly recorded in observation","4df9b86e6e403dbdc5464dbf0b8f01162d46490d","442c1410553bd5631840dc7f85b1f7003c6b595d3263d326a62f7779e0107338/a55b790be0c7a3b8bd343c450718edd9cdcb362c21f4d1b0a8bc464bc819d03c","Isolated compiled-client/source-handler construction only","PASS","Bounded case; not unique-control/all-state/final-source acceptance","browser-receipts.json#/receipts/61"
"bounded-browser-observation","C2-BROWSER-63","ownership.json; individual control attribution remains open","/dashboard/contacts","","","admin","See exact browser-receipts.json observation","Real synthetic sessions/CSRF/object middleware; see receipt","Only states explicitly recorded in observation","Suite external effects: 0","Only dimensions/input explicitly recorded in observation","4df9b86e6e403dbdc5464dbf0b8f01162d46490d","442c1410553bd5631840dc7f85b1f7003c6b595d3263d326a62f7779e0107338/a55b790be0c7a3b8bd343c450718edd9cdcb362c21f4d1b0a8bc464bc819d03c","Isolated compiled-client/source-handler construction only","PASS","Bounded case; not unique-control/all-state/final-source acceptance","browser-receipts.json#/receipts/62"
"bounded-browser-observation","C2-BROWSER-64","ownership.json; individual control attribution remains open","/dashboard/contacts","","","admin","See exact browser-receipts.json observation","Real synthetic sessions/CSRF/object middleware; see receipt","Only states explicitly recorded in observation","Suite external effects: 0","Only dimensions/input explicitly recorded in observation","4df9b86e6e403dbdc5464dbf0b8f01162d46490d","442c1410553bd5631840dc7f85b1f7003c6b595d3263d326a62f7779e0107338/a55b790be0c7a3b8bd343c450718edd9cdcb362c21f4d1b0a8bc464bc819d03c","Isolated compiled-client/source-handler construction only","PASS","Bounded case; not unique-control/all-state/final-source acceptance","browser-receipts.json#/receipts/63"
"bounded-browser-observation","C2-BROWSER-65","ownership.json; individual control attribution remains open","/dashboard/contacts","","","admin","See exact browser-receipts.json observation","Real synthetic sessions/CSRF/object middleware; see receipt","Only states explicitly recorded in observation","Suite external effects: 0","Only dimensions/input explicitly recorded in observation","4df9b86e6e403dbdc5464dbf0b8f01162d46490d","442c1410553bd5631840dc7f85b1f7003c6b595d3263d326a62f7779e0107338/a55b790be0c7a3b8bd343c450718edd9cdcb362c21f4d1b0a8bc464bc819d03c","Isolated compiled-client/source-handler construction only","PASS","Bounded case; not unique-control/all-state/final-source acceptance","browser-receipts.json#/receipts/64"
"bounded-browser-observation","C2-BROWSER-66","ownership.json; individual control attribution remains open","/dashboard/contacts/601?area=overview&section=overview","","","admin","See exact browser-receipts.json observation","Real synthetic sessions/CSRF/object middleware; see receipt","Only states explicitly recorded in observation","Suite external effects: 0","Only dimensions/input explicitly recorded in observation","4df9b86e6e403dbdc5464dbf0b8f01162d46490d","442c1410553bd5631840dc7f85b1f7003c6b595d3263d326a62f7779e0107338/a55b790be0c7a3b8bd343c450718edd9cdcb362c21f4d1b0a8bc464bc819d03c","Isolated compiled-client/source-handler construction only","PASS","Bounded case; not unique-control/all-state/final-source acceptance","browser-receipts.json#/receipts/65"
"bounded-browser-observation","C2-BROWSER-67","ownership.json; individual control attribution remains open","/dashboard/contacts/601?area=overview&section=overview","","","admin","See exact browser-receipts.json observation","Real synthetic sessions/CSRF/object middleware; see receipt","Only states explicitly recorded in observation","Suite external effects: 0","Only dimensions/input explicitly recorded in observation","4df9b86e6e403dbdc5464dbf0b8f01162d46490d","442c1410553bd5631840dc7f85b1f7003c6b595d3263d326a62f7779e0107338/a55b790be0c7a3b8bd343c450718edd9cdcb362c21f4d1b0a8bc464bc819d03c","Isolated compiled-client/source-handler construction only","PASS","Bounded case; not unique-control/all-state/final-source acceptance","browser-receipts.json#/receipts/66"
"bounded-browser-observation","C2-BROWSER-68","ownership.json; individual control attribution remains open","/dashboard/contacts/601?area=overview&section=overview","","","admin","See exact browser-receipts.json observation","Real synthetic sessions/CSRF/object middleware; see receipt","Only states explicitly recorded in observation","Suite external effects: 0","Only dimensions/input explicitly recorded in observation","4df9b86e6e403dbdc5464dbf0b8f01162d46490d","442c1410553bd5631840dc7f85b1f7003c6b595d3263d326a62f7779e0107338/a55b790be0c7a3b8bd343c450718edd9cdcb362c21f4d1b0a8bc464bc819d03c","Isolated compiled-client/source-handler construction only","PASS","Bounded case; not unique-control/all-state/final-source acceptance","browser-receipts.json#/receipts/67"
"bounded-browser-observation","C2-BROWSER-69","ownership.json; individual control attribution remains open","/dashboard/contacts/601?area=overview&section=overview","","","admin","See exact browser-receipts.json observation","Real synthetic sessions/CSRF/object middleware; see receipt","Only states explicitly recorded in observation","Suite external effects: 0","Only dimensions/input explicitly recorded in observation","4df9b86e6e403dbdc5464dbf0b8f01162d46490d","442c1410553bd5631840dc7f85b1f7003c6b595d3263d326a62f7779e0107338/a55b790be0c7a3b8bd343c450718edd9cdcb362c21f4d1b0a8bc464bc819d03c","Isolated compiled-client/source-handler construction only","PASS","Bounded case; not unique-control/all-state/final-source acceptance","browser-receipts.json#/receipts/68"
"bounded-browser-observation","C2-BROWSER-70","ownership.json; individual control attribution remains open","/dashboard/contacts/601?area=overview&section=overview","","","admin","See exact browser-receipts.json observation","Real synthetic sessions/CSRF/object middleware; see receipt","Only states explicitly recorded in observation","Suite external effects: 0","Only dimensions/input explicitly recorded in observation","4df9b86e6e403dbdc5464dbf0b8f01162d46490d","442c1410553bd5631840dc7f85b1f7003c6b595d3263d326a62f7779e0107338/a55b790be0c7a3b8bd343c450718edd9cdcb362c21f4d1b0a8bc464bc819d03c","Isolated compiled-client/source-handler construction only","PASS","Bounded case; not unique-control/all-state/final-source acceptance","browser-receipts.json#/receipts/69"
"bounded-browser-observation","C2-BROWSER-71","ownership.json; individual control attribution remains open","/dashboard/contacts/601?area=overview&section=overview","","","admin","See exact browser-receipts.json observation","Real synthetic sessions/CSRF/object middleware; see receipt","Only states explicitly recorded in observation","Suite external effects: 0","Only dimensions/input explicitly recorded in observation","4df9b86e6e403dbdc5464dbf0b8f01162d46490d","442c1410553bd5631840dc7f85b1f7003c6b595d3263d326a62f7779e0107338/a55b790be0c7a3b8bd343c450718edd9cdcb362c21f4d1b0a8bc464bc819d03c","Isolated compiled-client/source-handler construction only","PASS","Bounded case; not unique-control/all-state/final-source acceptance","browser-receipts.json#/receipts/70"
"bounded-browser-observation","C2-BROWSER-72","ownership.json; individual control attribution remains open","/dashboard/contacts/601?area=overview&section=overview","","","admin","See exact browser-receipts.json observation","Real synthetic sessions/CSRF/object middleware; see receipt","Only states explicitly recorded in observation","Suite external effects: 0","Only dimensions/input explicitly recorded in observation","4df9b86e6e403dbdc5464dbf0b8f01162d46490d","442c1410553bd5631840dc7f85b1f7003c6b595d3263d326a62f7779e0107338/a55b790be0c7a3b8bd343c450718edd9cdcb362c21f4d1b0a8bc464bc819d03c","Isolated compiled-client/source-handler construction only","PASS","Bounded case; not unique-control/all-state/final-source acceptance","browser-receipts.json#/receipts/71"
"bounded-browser-observation","C2-BROWSER-73","ownership.json; individual control attribution remains open","/dashboard/contacts/601?area=overview&section=overview","","","admin","See exact browser-receipts.json observation","Real synthetic sessions/CSRF/object middleware; see receipt","Only states explicitly recorded in observation","Suite external effects: 0","Only dimensions/input explicitly recorded in observation","4df9b86e6e403dbdc5464dbf0b8f01162d46490d","442c1410553bd5631840dc7f85b1f7003c6b595d3263d326a62f7779e0107338/a55b790be0c7a3b8bd343c450718edd9cdcb362c21f4d1b0a8bc464bc819d03c","Isolated compiled-client/source-handler construction only","PASS","Bounded case; not unique-control/all-state/final-source acceptance","browser-receipts.json#/receipts/72"
"bounded-browser-observation","C2-BROWSER-74","ownership.json; individual control attribution remains open","/dashboard/contacts/601?area=overview&section=overview","","","admin","See exact browser-receipts.json observation","Real synthetic sessions/CSRF/object middleware; see receipt","Only states explicitly recorded in observation","Suite external effects: 0","Only dimensions/input explicitly recorded in observation","4df9b86e6e403dbdc5464dbf0b8f01162d46490d","442c1410553bd5631840dc7f85b1f7003c6b595d3263d326a62f7779e0107338/a55b790be0c7a3b8bd343c450718edd9cdcb362c21f4d1b0a8bc464bc819d03c","Isolated compiled-client/source-handler construction only","PASS","Bounded case; not unique-control/all-state/final-source acceptance","browser-receipts.json#/receipts/73"
"bounded-browser-observation","C2-BROWSER-75","ownership.json; individual control attribution remains open","/dashboard/contacts/601?area=overview&section=overview","","","admin","See exact browser-receipts.json observation","Real synthetic sessions/CSRF/object middleware; see receipt","Only states explicitly recorded in observation","Suite external effects: 0","Only dimensions/input explicitly recorded in observation","4df9b86e6e403dbdc5464dbf0b8f01162d46490d","442c1410553bd5631840dc7f85b1f7003c6b595d3263d326a62f7779e0107338/a55b790be0c7a3b8bd343c450718edd9cdcb362c21f4d1b0a8bc464bc819d03c","Isolated compiled-client/source-handler construction only","PASS","Bounded case; not unique-control/all-state/final-source acceptance","browser-receipts.json#/receipts/74"
"bounded-browser-observation","C2-BROWSER-76","ownership.json; individual control attribution remains open","/dashboard/contacts/601?area=overview&section=overview","","","admin","See exact browser-receipts.json observation","Real synthetic sessions/CSRF/object middleware; see receipt","Only states explicitly recorded in observation","Suite external effects: 0","Only dimensions/input explicitly recorded in observation","4df9b86e6e403dbdc5464dbf0b8f01162d46490d","442c1410553bd5631840dc7f85b1f7003c6b595d3263d326a62f7779e0107338/a55b790be0c7a3b8bd343c450718edd9cdcb362c21f4d1b0a8bc464bc819d03c","Isolated compiled-client/source-handler construction only","PASS","Bounded case; not unique-control/all-state/final-source acceptance","browser-receipts.json#/receipts/75"
"bounded-browser-observation","C2-BROWSER-77","ownership.json; individual control attribution remains open","/dashboard/pipeline?id=1","","","admin","See exact browser-receipts.json observation","Real synthetic sessions/CSRF/object middleware; see receipt","Only states explicitly recorded in observation","Suite external effects: 0","Only dimensions/input explicitly recorded in observation","4df9b86e6e403dbdc5464dbf0b8f01162d46490d","442c1410553bd5631840dc7f85b1f7003c6b595d3263d326a62f7779e0107338/a55b790be0c7a3b8bd343c450718edd9cdcb362c21f4d1b0a8bc464bc819d03c","Isolated compiled-client/source-handler construction only","PASS","Bounded case; not unique-control/all-state/final-source acceptance","browser-receipts.json#/receipts/76"
"bounded-browser-observation","C2-BROWSER-78","ownership.json; individual control attribution remains open","/dashboard/pipeline?id=1","","","admin","See exact browser-receipts.json observation","Real synthetic sessions/CSRF/object middleware; see receipt","Only states explicitly recorded in observation","Suite external effects: 0","Only dimensions/input explicitly recorded in observation","4df9b86e6e403dbdc5464dbf0b8f01162d46490d","442c1410553bd5631840dc7f85b1f7003c6b595d3263d326a62f7779e0107338/a55b790be0c7a3b8bd343c450718edd9cdcb362c21f4d1b0a8bc464bc819d03c","Isolated compiled-client/source-handler construction only","PASS","Bounded case; not unique-control/all-state/final-source acceptance","browser-receipts.json#/receipts/77"
"bounded-browser-observation","C2-BROWSER-79","ownership.json; individual control attribution remains open","/dashboard/pipeline?id=1","","","admin","See exact browser-receipts.json observation","Real synthetic sessions/CSRF/object middleware; see receipt","Only states explicitly recorded in observation","Suite external effects: 0","Only dimensions/input explicitly recorded in observation","4df9b86e6e403dbdc5464dbf0b8f01162d46490d","442c1410553bd5631840dc7f85b1f7003c6b595d3263d326a62f7779e0107338/a55b790be0c7a3b8bd343c450718edd9cdcb362c21f4d1b0a8bc464bc819d03c","Isolated compiled-client/source-handler construction only","PASS","Bounded case; not unique-control/all-state/final-source acceptance","browser-receipts.json#/receipts/78"
"bounded-browser-observation","C2-BROWSER-80","ownership.json; individual control attribution remains open","/dashboard/pipeline?id=1","","","admin","See exact browser-receipts.json observation","Real synthetic sessions/CSRF/object middleware; see receipt","Only states explicitly recorded in observation","Suite external effects: 0","Only dimensions/input explicitly recorded in observation","4df9b86e6e403dbdc5464dbf0b8f01162d46490d","442c1410553bd5631840dc7f85b1f7003c6b595d3263d326a62f7779e0107338/a55b790be0c7a3b8bd343c450718edd9cdcb362c21f4d1b0a8bc464bc819d03c","Isolated compiled-client/source-handler construction only","PASS","Bounded case; not unique-control/all-state/final-source acceptance","browser-receipts.json#/receipts/79"
"bounded-browser-observation","C2-BROWSER-81","ownership.json; individual control attribution remains open","/dashboard/pipeline?id=1","","","admin","See exact browser-receipts.json observation","Real synthetic sessions/CSRF/object middleware; see receipt","Only states explicitly recorded in observation","Suite external effects: 0","Only dimensions/input explicitly recorded in observation","4df9b86e6e403dbdc5464dbf0b8f01162d46490d","442c1410553bd5631840dc7f85b1f7003c6b595d3263d326a62f7779e0107338/a55b790be0c7a3b8bd343c450718edd9cdcb362c21f4d1b0a8bc464bc819d03c","Isolated compiled-client/source-handler construction only","PASS","Bounded case; not unique-control/all-state/final-source acceptance","browser-receipts.json#/receipts/80"
"bounded-browser-observation","C2-BROWSER-82","ownership.json; individual control attribution remains open","/dashboard/pipeline?id=1","","","admin","See exact browser-receipts.json observation","Real synthetic sessions/CSRF/object middleware; see receipt","Only states explicitly recorded in observation","Suite external effects: 0","Only dimensions/input explicitly recorded in observation","4df9b86e6e403dbdc5464dbf0b8f01162d46490d","442c1410553bd5631840dc7f85b1f7003c6b595d3263d326a62f7779e0107338/a55b790be0c7a3b8bd343c450718edd9cdcb362c21f4d1b0a8bc464bc819d03c","Isolated compiled-client/source-handler construction only","PASS","Bounded case; not unique-control/all-state/final-source acceptance","browser-receipts.json#/receipts/81"
"bounded-browser-observation","C2-BROWSER-83","ownership.json; individual control attribution remains open","/dashboard/pipeline?id=1","","","admin","See exact browser-receipts.json observation","Real synthetic sessions/CSRF/object middleware; see receipt","Only states explicitly recorded in observation","Suite external effects: 0","Only dimensions/input explicitly recorded in observation","4df9b86e6e403dbdc5464dbf0b8f01162d46490d","442c1410553bd5631840dc7f85b1f7003c6b595d3263d326a62f7779e0107338/a55b790be0c7a3b8bd343c450718edd9cdcb362c21f4d1b0a8bc464bc819d03c","Isolated compiled-client/source-handler construction only","PASS","Bounded case; not unique-control/all-state/final-source acceptance","browser-receipts.json#/receipts/82"
"bounded-browser-observation","C2-BROWSER-84","ownership.json; individual control attribution remains open","/dashboard/pipeline?id=1","","","admin","See exact browser-receipts.json observation","Real synthetic sessions/CSRF/object middleware; see receipt","Only states explicitly recorded in observation","Suite external effects: 0","Only dimensions/input explicitly recorded in observation","4df9b86e6e403dbdc5464dbf0b8f01162d46490d","442c1410553bd5631840dc7f85b1f7003c6b595d3263d326a62f7779e0107338/a55b790be0c7a3b8bd343c450718edd9cdcb362c21f4d1b0a8bc464bc819d03c","Isolated compiled-client/source-handler construction only","PASS","Bounded case; not unique-control/all-state/final-source acceptance","browser-receipts.json#/receipts/83"
"bounded-browser-observation","C2-BROWSER-85","ownership.json; individual control attribution remains open","/dashboard/pipeline?id=1","","","admin","See exact browser-receipts.json observation","Real synthetic sessions/CSRF/object middleware; see receipt","Only states explicitly recorded in observation","Suite external effects: 0","Only dimensions/input explicitly recorded in observation","4df9b86e6e403dbdc5464dbf0b8f01162d46490d","442c1410553bd5631840dc7f85b1f7003c6b595d3263d326a62f7779e0107338/a55b790be0c7a3b8bd343c450718edd9cdcb362c21f4d1b0a8bc464bc819d03c","Isolated compiled-client/source-handler construction only","PASS","Bounded case; not unique-control/all-state/final-source acceptance","browser-receipts.json#/receipts/84"
"bounded-browser-observation","C2-BROWSER-86","ownership.json; individual control attribution remains open","/dashboard/pipeline?id=1","","","admin","See exact browser-receipts.json observation","Real synthetic sessions/CSRF/object middleware; see receipt","Only states explicitly recorded in observation","Suite external effects: 0","Only dimensions/input explicitly recorded in observation","4df9b86e6e403dbdc5464dbf0b8f01162d46490d","442c1410553bd5631840dc7f85b1f7003c6b595d3263d326a62f7779e0107338/a55b790be0c7a3b8bd343c450718edd9cdcb362c21f4d1b0a8bc464bc819d03c","Isolated compiled-client/source-handler construction only","PASS","Bounded case; not unique-control/all-state/final-source acceptance","browser-receipts.json#/receipts/85"
"bounded-browser-observation","C2-BROWSER-87","ownership.json; individual control attribution remains open","/dashboard/pipeline?id=1","","","admin","See exact browser-receipts.json observation","Real synthetic sessions/CSRF/object middleware; see receipt","Only states explicitly recorded in observation","Suite external effects: 0","Only dimensions/input explicitly recorded in observation","4df9b86e6e403dbdc5464dbf0b8f01162d46490d","442c1410553bd5631840dc7f85b1f7003c6b595d3263d326a62f7779e0107338/a55b790be0c7a3b8bd343c450718edd9cdcb362c21f4d1b0a8bc464bc819d03c","Isolated compiled-client/source-handler construction only","PASS","Bounded case; not unique-control/all-state/final-source acceptance","browser-receipts.json#/receipts/86"
"bounded-browser-observation","C2-BROWSER-88","ownership.json; individual control attribution remains open","/dashboard/comms-hub?channel=email","","","admin","See exact browser-receipts.json observation","Real synthetic sessions/CSRF/object middleware; see receipt","Only states explicitly recorded in observation","Suite external effects: 0","Only dimensions/input explicitly recorded in observation","4df9b86e6e403dbdc5464dbf0b8f01162d46490d","442c1410553bd5631840dc7f85b1f7003c6b595d3263d326a62f7779e0107338/a55b790be0c7a3b8bd343c450718edd9cdcb362c21f4d1b0a8bc464bc819d03c","Isolated compiled-client/source-handler construction only","PASS","Bounded case; not unique-control/all-state/final-source acceptance","browser-receipts.json#/receipts/87"
"bounded-browser-observation","C2-BROWSER-89","ownership.json; individual control attribution remains open","/dashboard/comms-hub?channel=email","","","admin","See exact browser-receipts.json observation","Real synthetic sessions/CSRF/object middleware; see receipt","Only states explicitly recorded in observation","Suite external effects: 0","Only dimensions/input explicitly recorded in observation","4df9b86e6e403dbdc5464dbf0b8f01162d46490d","442c1410553bd5631840dc7f85b1f7003c6b595d3263d326a62f7779e0107338/a55b790be0c7a3b8bd343c450718edd9cdcb362c21f4d1b0a8bc464bc819d03c","Isolated compiled-client/source-handler construction only","PASS","Bounded case; not unique-control/all-state/final-source acceptance","browser-receipts.json#/receipts/88"
"bounded-browser-observation","C2-BROWSER-90","ownership.json; individual control attribution remains open","/dashboard/comms-hub?channel=email","","","admin","See exact browser-receipts.json observation","Real synthetic sessions/CSRF/object middleware; see receipt","Only states explicitly recorded in observation","Suite external effects: 0","Only dimensions/input explicitly recorded in observation","4df9b86e6e403dbdc5464dbf0b8f01162d46490d","442c1410553bd5631840dc7f85b1f7003c6b595d3263d326a62f7779e0107338/a55b790be0c7a3b8bd343c450718edd9cdcb362c21f4d1b0a8bc464bc819d03c","Isolated compiled-client/source-handler construction only","PASS","Bounded case; not unique-control/all-state/final-source acceptance","browser-receipts.json#/receipts/89"
"bounded-browser-observation","C2-BROWSER-91","ownership.json; individual control attribution remains open","/dashboard/comms-hub?channel=email","","","admin","See exact browser-receipts.json observation","Real synthetic sessions/CSRF/object middleware; see receipt","Only states explicitly recorded in observation","Suite external effects: 0","Only dimensions/input explicitly recorded in observation","4df9b86e6e403dbdc5464dbf0b8f01162d46490d","442c1410553bd5631840dc7f85b1f7003c6b595d3263d326a62f7779e0107338/a55b790be0c7a3b8bd343c450718edd9cdcb362c21f4d1b0a8bc464bc819d03c","Isolated compiled-client/source-handler construction only","PASS","Bounded case; not unique-control/all-state/final-source acceptance","browser-receipts.json#/receipts/90"
"bounded-browser-observation","C2-BROWSER-92","ownership.json; individual control attribution remains open","/dashboard/comms-hub?channel=email","","","admin","See exact browser-receipts.json observation","Real synthetic sessions/CSRF/object middleware; see receipt","Only states explicitly recorded in observation","Suite external effects: 0","Only dimensions/input explicitly recorded in observation","4df9b86e6e403dbdc5464dbf0b8f01162d46490d","442c1410553bd5631840dc7f85b1f7003c6b595d3263d326a62f7779e0107338/a55b790be0c7a3b8bd343c450718edd9cdcb362c21f4d1b0a8bc464bc819d03c","Isolated compiled-client/source-handler construction only","PASS","Bounded case; not unique-control/all-state/final-source acceptance","browser-receipts.json#/receipts/91"
"bounded-browser-observation","C2-BROWSER-93","ownership.json; individual control attribution remains open","/dashboard/comms-hub?channel=email","","","admin","See exact browser-receipts.json observation","Real synthetic sessions/CSRF/object middleware; see receipt","Only states explicitly recorded in observation","Suite external effects: 0","Only dimensions/input explicitly recorded in observation","4df9b86e6e403dbdc5464dbf0b8f01162d46490d","442c1410553bd5631840dc7f85b1f7003c6b595d3263d326a62f7779e0107338/a55b790be0c7a3b8bd343c450718edd9cdcb362c21f4d1b0a8bc464bc819d03c","Isolated compiled-client/source-handler construction only","PASS","Bounded case; not unique-control/all-state/final-source acceptance","browser-receipts.json#/receipts/92"
"bounded-browser-observation","C2-BROWSER-94","ownership.json; individual control attribution remains open","/dashboard/comms-hub?channel=email","","","admin","See exact browser-receipts.json observation","Real synthetic sessions/CSRF/object middleware; see receipt","Only states explicitly recorded in observation","Suite external effects: 0","Only dimensions/input explicitly recorded in observation","4df9b86e6e403dbdc5464dbf0b8f01162d46490d","442c1410553bd5631840dc7f85b1f7003c6b595d3263d326a62f7779e0107338/a55b790be0c7a3b8bd343c450718edd9cdcb362c21f4d1b0a8bc464bc819d03c","Isolated compiled-client/source-handler construction only","PASS","Bounded case; not unique-control/all-state/final-source acceptance","browser-receipts.json#/receipts/93"
"bounded-browser-observation","C2-BROWSER-95","ownership.json; individual control attribution remains open","/dashboard/comms-hub?channel=email","","","admin","See exact browser-receipts.json observation","Real synthetic sessions/CSRF/object middleware; see receipt","Only states explicitly recorded in observation","Suite external effects: 0","Only dimensions/input explicitly recorded in observation","4df9b86e6e403dbdc5464dbf0b8f01162d46490d","442c1410553bd5631840dc7f85b1f7003c6b595d3263d326a62f7779e0107338/a55b790be0c7a3b8bd343c450718edd9cdcb362c21f4d1b0a8bc464bc819d03c","Isolated compiled-client/source-handler construction only","PASS","Bounded case; not unique-control/all-state/final-source acceptance","browser-receipts.json#/receipts/94"
"bounded-browser-observation","C2-BROWSER-96","ownership.json; individual control attribution remains open","/dashboard/comms-hub?channel=email","","","admin","See exact browser-receipts.json observation","Real synthetic sessions/CSRF/object middleware; see receipt","Only states explicitly recorded in observation","Suite external effects: 0","Only dimensions/input explicitly recorded in observation","4df9b86e6e403dbdc5464dbf0b8f01162d46490d","442c1410553bd5631840dc7f85b1f7003c6b595d3263d326a62f7779e0107338/a55b790be0c7a3b8bd343c450718edd9cdcb362c21f4d1b0a8bc464bc819d03c","Isolated compiled-client/source-handler construction only","PASS","Bounded case; not unique-control/all-state/final-source acceptance","browser-receipts.json#/receipts/95"
"bounded-browser-observation","C2-BROWSER-97","ownership.json; individual control attribution remains open","/dashboard/comms-hub?channel=email","","","admin","See exact browser-receipts.json observation","Real synthetic sessions/CSRF/object middleware; see receipt","Only states explicitly recorded in observation","Suite external effects: 0","Only dimensions/input explicitly recorded in observation","4df9b86e6e403dbdc5464dbf0b8f01162d46490d","442c1410553bd5631840dc7f85b1f7003c6b595d3263d326a62f7779e0107338/a55b790be0c7a3b8bd343c450718edd9cdcb362c21f4d1b0a8bc464bc819d03c","Isolated compiled-client/source-handler construction only","PASS","Bounded case; not unique-control/all-state/final-source acceptance","browser-receipts.json#/receipts/96"
"bounded-browser-observation","C2-BROWSER-98","ownership.json; individual control attribution remains open","/dashboard/comms-hub?channel=email","","","admin","See exact browser-receipts.json observation","Real synthetic sessions/CSRF/object middleware; see receipt","Only states explicitly recorded in observation","Suite external effects: 0","Only dimensions/input explicitly recorded in observation","4df9b86e6e403dbdc5464dbf0b8f01162d46490d","442c1410553bd5631840dc7f85b1f7003c6b595d3263d326a62f7779e0107338/a55b790be0c7a3b8bd343c450718edd9cdcb362c21f4d1b0a8bc464bc819d03c","Isolated compiled-client/source-handler construction only","PASS","Bounded case; not unique-control/all-state/final-source acceptance","browser-receipts.json#/receipts/97"
"bounded-browser-observation","C2-BROWSER-99","ownership.json; individual control attribution remains open","/dashboard/tasks-appointments","","","admin","See exact browser-receipts.json observation","Real synthetic sessions/CSRF/object middleware; see receipt","Only states explicitly recorded in observation","Suite external effects: 0","Only dimensions/input explicitly recorded in observation","4df9b86e6e403dbdc5464dbf0b8f01162d46490d","442c1410553bd5631840dc7f85b1f7003c6b595d3263d326a62f7779e0107338/a55b790be0c7a3b8bd343c450718edd9cdcb362c21f4d1b0a8bc464bc819d03c","Isolated compiled-client/source-handler construction only","PASS","Bounded case; not unique-control/all-state/final-source acceptance","browser-receipts.json#/receipts/98"
"bounded-browser-observation","C2-BROWSER-100","ownership.json; individual control attribution remains open","/dashboard/tasks-appointments","","","admin","See exact browser-receipts.json observation","Real synthetic sessions/CSRF/object middleware; see receipt","Only states explicitly recorded in observation","Suite external effects: 0","Only dimensions/input explicitly recorded in observation","4df9b86e6e403dbdc5464dbf0b8f01162d46490d","442c1410553bd5631840dc7f85b1f7003c6b595d3263d326a62f7779e0107338/a55b790be0c7a3b8bd343c450718edd9cdcb362c21f4d1b0a8bc464bc819d03c","Isolated compiled-client/source-handler construction only","PASS","Bounded case; not unique-control/all-state/final-source acceptance","browser-receipts.json#/receipts/99"
"bounded-browser-observation","C2-BROWSER-101","ownership.json; individual control attribution remains open","/dashboard/tasks-appointments","","","admin","See exact browser-receipts.json observation","Real synthetic sessions/CSRF/object middleware; see receipt","Only states explicitly recorded in observation","Suite external effects: 0","Only dimensions/input explicitly recorded in observation","4df9b86e6e403dbdc5464dbf0b8f01162d46490d","442c1410553bd5631840dc7f85b1f7003c6b595d3263d326a62f7779e0107338/a55b790be0c7a3b8bd343c450718edd9cdcb362c21f4d1b0a8bc464bc819d03c","Isolated compiled-client/source-handler construction only","PASS","Bounded case; not unique-control/all-state/final-source acceptance","browser-receipts.json#/receipts/100"
"bounded-browser-observation","C2-BROWSER-102","ownership.json; individual control attribution remains open","/dashboard/tasks-appointments","","","admin","See exact browser-receipts.json observation","Real synthetic sessions/CSRF/object middleware; see receipt","Only states explicitly recorded in observation","Suite external effects: 0","Only dimensions/input explicitly recorded in observation","4df9b86e6e403dbdc5464dbf0b8f01162d46490d","442c1410553bd5631840dc7f85b1f7003c6b595d3263d326a62f7779e0107338/a55b790be0c7a3b8bd343c450718edd9cdcb362c21f4d1b0a8bc464bc819d03c","Isolated compiled-client/source-handler construction only","PASS","Bounded case; not unique-control/all-state/final-source acceptance","browser-receipts.json#/receipts/101"
"bounded-browser-observation","C2-BROWSER-103","ownership.json; individual control attribution remains open","/dashboard/tasks-appointments","","","admin","See exact browser-receipts.json observation","Real synthetic sessions/CSRF/object middleware; see receipt","Only states explicitly recorded in observation","Suite external effects: 0","Only dimensions/input explicitly recorded in observation","4df9b86e6e403dbdc5464dbf0b8f01162d46490d","442c1410553bd5631840dc7f85b1f7003c6b595d3263d326a62f7779e0107338/a55b790be0c7a3b8bd343c450718edd9cdcb362c21f4d1b0a8bc464bc819d03c","Isolated compiled-client/source-handler construction only","PASS","Bounded case; not unique-control/all-state/final-source acceptance","browser-receipts.json#/receipts/102"
"bounded-browser-observation","C2-BROWSER-104","ownership.json; individual control attribution remains open","/dashboard/tasks-appointments","","","admin","See exact browser-receipts.json observation","Real synthetic sessions/CSRF/object middleware; see receipt","Only states explicitly recorded in observation","Suite external effects: 0","Only dimensions/input explicitly recorded in observation","4df9b86e6e403dbdc5464dbf0b8f01162d46490d","442c1410553bd5631840dc7f85b1f7003c6b595d3263d326a62f7779e0107338/a55b790be0c7a3b8bd343c450718edd9cdcb362c21f4d1b0a8bc464bc819d03c","Isolated compiled-client/source-handler construction only","PASS","Bounded case; not unique-control/all-state/final-source acceptance","browser-receipts.json#/receipts/103"
"bounded-browser-observation","C2-BROWSER-105","ownership.json; individual control attribution remains open","/dashboard/tasks-appointments","","","admin","See exact browser-receipts.json observation","Real synthetic sessions/CSRF/object middleware; see receipt","Only states explicitly recorded in observation","Suite external effects: 0","Only dimensions/input explicitly recorded in observation","4df9b86e6e403dbdc5464dbf0b8f01162d46490d","442c1410553bd5631840dc7f85b1f7003c6b595d3263d326a62f7779e0107338/a55b790be0c7a3b8bd343c450718edd9cdcb362c21f4d1b0a8bc464bc819d03c","Isolated compiled-client/source-handler construction only","PASS","Bounded case; not unique-control/all-state/final-source acceptance","browser-receipts.json#/receipts/104"
"bounded-browser-observation","C2-BROWSER-106","ownership.json; individual control attribution remains open","/dashboard/tasks-appointments","","","admin","See exact browser-receipts.json observation","Real synthetic sessions/CSRF/object middleware; see receipt","Only states explicitly recorded in observation","Suite external effects: 0","Only dimensions/input explicitly recorded in observation","4df9b86e6e403dbdc5464dbf0b8f01162d46490d","442c1410553bd5631840dc7f85b1f7003c6b595d3263d326a62f7779e0107338/a55b790be0c7a3b8bd343c450718edd9cdcb362c21f4d1b0a8bc464bc819d03c","Isolated compiled-client/source-handler construction only","PASS","Bounded case; not unique-control/all-state/final-source acceptance","browser-receipts.json#/receipts/105"
"bounded-browser-observation","C2-BROWSER-107","ownership.json; individual control attribution remains open","/dashboard/tasks-appointments","","","admin","See exact browser-receipts.json observation","Real synthetic sessions/CSRF/object middleware; see receipt","Only states explicitly recorded in observation","Suite external effects: 0","Only dimensions/input explicitly recorded in observation","4df9b86e6e403dbdc5464dbf0b8f01162d46490d","442c1410553bd5631840dc7f85b1f7003c6b595d3263d326a62f7779e0107338/a55b790be0c7a3b8bd343c450718edd9cdcb362c21f4d1b0a8bc464bc819d03c","Isolated compiled-client/source-handler construction only","PASS","Bounded case; not unique-control/all-state/final-source acceptance","browser-receipts.json#/receipts/106"
"bounded-browser-observation","C2-BROWSER-108","ownership.json; individual control attribution remains open","/dashboard/tasks-appointments","","","admin","See exact browser-receipts.json observation","Real synthetic sessions/CSRF/object middleware; see receipt","Only states explicitly recorded in observation","Suite external effects: 0","Only dimensions/input explicitly recorded in observation","4df9b86e6e403dbdc5464dbf0b8f01162d46490d","442c1410553bd5631840dc7f85b1f7003c6b595d3263d326a62f7779e0107338/a55b790be0c7a3b8bd343c450718edd9cdcb362c21f4d1b0a8bc464bc819d03c","Isolated compiled-client/source-handler construction only","PASS","Bounded case; not unique-control/all-state/final-source acceptance","browser-receipts.json#/receipts/107"
"bounded-browser-observation","C2-BROWSER-109","ownership.json; individual control attribution remains open","/dashboard/tasks-appointments","","","admin","See exact browser-receipts.json observation","Real synthetic sessions/CSRF/object middleware; see receipt","Only states explicitly recorded in observation","Suite external effects: 0","Only dimensions/input explicitly recorded in observation","4df9b86e6e403dbdc5464dbf0b8f01162d46490d","442c1410553bd5631840dc7f85b1f7003c6b595d3263d326a62f7779e0107338/a55b790be0c7a3b8bd343c450718edd9cdcb362c21f4d1b0a8bc464bc819d03c","Isolated compiled-client/source-handler construction only","PASS","Bounded case; not unique-control/all-state/final-source acceptance","browser-receipts.json#/receipts/108"
"bounded-browser-observation","C2-BROWSER-110","ownership.json; individual control attribution remains open","Contact inline note actual UI save/reload","","","admin","See exact browser-receipts.json observation","Real synthetic sessions/CSRF/object middleware; see receipt","Only states explicitly recorded in observation","Suite external effects: 0","Only dimensions/input explicitly recorded in observation","4df9b86e6e403dbdc5464dbf0b8f01162d46490d","442c1410553bd5631840dc7f85b1f7003c6b595d3263d326a62f7779e0107338/a55b790be0c7a3b8bd343c450718edd9cdcb362c21f4d1b0a8bc464bc819d03c","Isolated compiled-client/source-handler construction only","PASS","Bounded case; not unique-control/all-state/final-source acceptance","browser-receipts.json#/receipts/109"
"bounded-browser-observation","C2-BROWSER-111","ownership.json; individual control attribution remains open","Contact task Cancel / create lost-reply retry / durable record readback / Edit Cancel / edit save / actual completion","","","admin","See exact browser-receipts.json observation","Real synthetic sessions/CSRF/object middleware; see receipt","Only states explicitly recorded in observation","Suite external effects: 0","Only dimensions/input explicitly recorded in observation","4df9b86e6e403dbdc5464dbf0b8f01162d46490d","442c1410553bd5631840dc7f85b1f7003c6b595d3263d326a62f7779e0107338/a55b790be0c7a3b8bd343c450718edd9cdcb362c21f4d1b0a8bc464bc819d03c","Isolated compiled-client/source-handler construction only","PASS","Bounded case; not unique-control/all-state/final-source acceptance","browser-receipts.json#/receipts/110"
"bounded-browser-observation","C2-BROWSER-112","ownership.json; individual control attribution remains open","Bounded observation","","","admin","See exact browser-receipts.json observation","Real synthetic sessions/CSRF/object middleware; see receipt","Only states explicitly recorded in observation","Suite external effects: 0","Only dimensions/input explicitly recorded in observation","4df9b86e6e403dbdc5464dbf0b8f01162d46490d","442c1410553bd5631840dc7f85b1f7003c6b595d3263d326a62f7779e0107338/a55b790be0c7a3b8bd343c450718edd9cdcb362c21f4d1b0a8bc464bc819d03c","Isolated compiled-client/source-handler construction only","PASS","Bounded case; not unique-control/all-state/final-source acceptance","browser-receipts.json#/receipts/111"
"bounded-browser-observation","C2-BROWSER-113","ownership.json; individual control attribution remains open","Bounded observation","","","admin","See exact browser-receipts.json observation","Real synthetic sessions/CSRF/object middleware; see receipt","Only states explicitly recorded in observation","Suite external effects: 0","Only dimensions/input explicitly recorded in observation","4df9b86e6e403dbdc5464dbf0b8f01162d46490d","442c1410553bd5631840dc7f85b1f7003c6b595d3263d326a62f7779e0107338/a55b790be0c7a3b8bd343c450718edd9cdcb362c21f4d1b0a8bc464bc819d03c","Isolated compiled-client/source-handler construction only","PASS","Bounded case; not unique-control/all-state/final-source acceptance","browser-receipts.json#/receipts/112"
"bounded-browser-observation","C2-BROWSER-114","ownership.json; individual control attribution remains open","Bounded observation","","","admin","See exact browser-receipts.json observation","Real synthetic sessions/CSRF/object middleware; see receipt","Only states explicitly recorded in observation","Suite external effects: 0","Only dimensions/input explicitly recorded in observation","4df9b86e6e403dbdc5464dbf0b8f01162d46490d","442c1410553bd5631840dc7f85b1f7003c6b595d3263d326a62f7779e0107338/a55b790be0c7a3b8bd343c450718edd9cdcb362c21f4d1b0a8bc464bc819d03c","Isolated compiled-client/source-handler construction only","PASS","Bounded case; not unique-control/all-state/final-source acceptance","browser-receipts.json#/receipts/113"
"bounded-browser-observation","C2-BROWSER-115","ownership.json; individual control attribution remains open","Bounded observation","","","admin","See exact browser-receipts.json observation","Real synthetic sessions/CSRF/object middleware; see receipt","Only states explicitly recorded in observation","Suite external effects: 0","Only dimensions/input explicitly recorded in observation","4df9b86e6e403dbdc5464dbf0b8f01162d46490d","442c1410553bd5631840dc7f85b1f7003c6b595d3263d326a62f7779e0107338/a55b790be0c7a3b8bd343c450718edd9cdcb362c21f4d1b0a8bc464bc819d03c","Isolated compiled-client/source-handler construction only","PASS","Bounded case; not unique-control/all-state/final-source acceptance","browser-receipts.json#/receipts/114"
"bounded-browser-observation","C2-BROWSER-116","ownership.json; individual control attribution remains open","Bounded observation","","","admin","See exact browser-receipts.json observation","Real synthetic sessions/CSRF/object middleware; see receipt","Only states explicitly recorded in observation","Suite external effects: 0","Only dimensions/input explicitly recorded in observation","4df9b86e6e403dbdc5464dbf0b8f01162d46490d","442c1410553bd5631840dc7f85b1f7003c6b595d3263d326a62f7779e0107338/a55b790be0c7a3b8bd343c450718edd9cdcb362c21f4d1b0a8bc464bc819d03c","Isolated compiled-client/source-handler construction only","PASS","Bounded case; not unique-control/all-state/final-source acceptance","browser-receipts.json#/receipts/115"
"bounded-browser-observation","C2-BROWSER-117","ownership.json; individual control attribution remains open","Bounded observation","","","admin","See exact browser-receipts.json observation","Real synthetic sessions/CSRF/object middleware; see receipt","Only states explicitly recorded in observation","Suite external effects: 0","Only dimensions/input explicitly recorded in observation","4df9b86e6e403dbdc5464dbf0b8f01162d46490d","442c1410553bd5631840dc7f85b1f7003c6b595d3263d326a62f7779e0107338/a55b790be0c7a3b8bd343c450718edd9cdcb362c21f4d1b0a8bc464bc819d03c","Isolated compiled-client/source-handler construction only","PASS","Bounded case; not unique-control/all-state/final-source acceptance","browser-receipts.json#/receipts/116"
"bounded-browser-observation","C2-BROWSER-118","ownership.json; individual control attribution remains open","Bounded observation","","","admin","See exact browser-receipts.json observation","Real synthetic sessions/CSRF/object middleware; see receipt","Only states explicitly recorded in observation","Suite external effects: 0","Only dimensions/input explicitly recorded in observation","4df9b86e6e403dbdc5464dbf0b8f01162d46490d","442c1410553bd5631840dc7f85b1f7003c6b595d3263d326a62f7779e0107338/a55b790be0c7a3b8bd343c450718edd9cdcb362c21f4d1b0a8bc464bc819d03c","Isolated compiled-client/source-handler construction only","PASS","Bounded case; not unique-control/all-state/final-source acceptance","browser-receipts.json#/receipts/117"
"bounded-browser-observation","C2-BROWSER-119","ownership.json; individual control attribution remains open","Bounded observation","","","admin","See exact browser-receipts.json observation","Real synthetic sessions/CSRF/object middleware; see receipt","Only states explicitly recorded in observation","Suite external effects: 0","Only dimensions/input explicitly recorded in observation","4df9b86e6e403dbdc5464dbf0b8f01162d46490d","442c1410553bd5631840dc7f85b1f7003c6b595d3263d326a62f7779e0107338/a55b790be0c7a3b8bd343c450718edd9cdcb362c21f4d1b0a8bc464bc819d03c","Isolated compiled-client/source-handler construction only","PASS","Bounded case; not unique-control/all-state/final-source acceptance","browser-receipts.json#/receipts/118"
"bounded-browser-observation","C2-BROWSER-120","ownership.json; individual control attribution remains open","Bounded observation","","","admin","See exact browser-receipts.json observation","Real synthetic sessions/CSRF/object middleware; see receipt","Only states explicitly recorded in observation","Suite external effects: 0","Only dimensions/input explicitly recorded in observation","4df9b86e6e403dbdc5464dbf0b8f01162d46490d","442c1410553bd5631840dc7f85b1f7003c6b595d3263d326a62f7779e0107338/a55b790be0c7a3b8bd343c450718edd9cdcb362c21f4d1b0a8bc464bc819d03c","Isolated compiled-client/source-handler construction only","PASS","Bounded case; not unique-control/all-state/final-source acceptance","browser-receipts.json#/receipts/119"
"bounded-browser-observation","C2-BROWSER-121","ownership.json; individual control attribution remains open","Bounded observation","","","admin","See exact browser-receipts.json observation","Real synthetic sessions/CSRF/object middleware; see receipt","Only states explicitly recorded in observation","Suite external effects: 0","Only dimensions/input explicitly recorded in observation","4df9b86e6e403dbdc5464dbf0b8f01162d46490d","442c1410553bd5631840dc7f85b1f7003c6b595d3263d326a62f7779e0107338/a55b790be0c7a3b8bd343c450718edd9cdcb362c21f4d1b0a8bc464bc819d03c","Isolated compiled-client/source-handler construction only","PASS","Bounded case; not unique-control/all-state/final-source acceptance","browser-receipts.json#/receipts/120"
"bounded-browser-observation","C2-BROWSER-122","ownership.json; individual control attribution remains open","Bounded observation","","","admin","See exact browser-receipts.json observation","Real synthetic sessions/CSRF/object middleware; see receipt","Only states explicitly recorded in observation","Suite external effects: 0","Only dimensions/input explicitly recorded in observation","4df9b86e6e403dbdc5464dbf0b8f01162d46490d","442c1410553bd5631840dc7f85b1f7003c6b595d3263d326a62f7779e0107338/a55b790be0c7a3b8bd343c450718edd9cdcb362c21f4d1b0a8bc464bc819d03c","Isolated compiled-client/source-handler construction only","PASS","Bounded case; not unique-control/all-state/final-source acceptance","browser-receipts.json#/receipts/121"
"bounded-browser-observation","C2-BROWSER-123","ownership.json; individual control attribution remains open","Bounded observation","","","admin","See exact browser-receipts.json observation","Real synthetic sessions/CSRF/object middleware; see receipt","Only states explicitly recorded in observation","Suite external effects: 0","Only dimensions/input explicitly recorded in observation","4df9b86e6e403dbdc5464dbf0b8f01162d46490d","442c1410553bd5631840dc7f85b1f7003c6b595d3263d326a62f7779e0107338/a55b790be0c7a3b8bd343c450718edd9cdcb362c21f4d1b0a8bc464bc819d03c","Isolated compiled-client/source-handler construction only","PASS","Bounded case; not unique-control/all-state/final-source acceptance","browser-receipts.json#/receipts/122"
"bounded-browser-observation","C2-BROWSER-124","ownership.json; individual control attribution remains open","Bounded observation","","","admin","See exact browser-receipts.json observation","Real synthetic sessions/CSRF/object middleware; see receipt","Only states explicitly recorded in observation","Suite external effects: 0","Only dimensions/input explicitly recorded in observation","4df9b86e6e403dbdc5464dbf0b8f01162d46490d","442c1410553bd5631840dc7f85b1f7003c6b595d3263d326a62f7779e0107338/a55b790be0c7a3b8bd343c450718edd9cdcb362c21f4d1b0a8bc464bc819d03c","Isolated compiled-client/source-handler construction only","PASS","Bounded case; not unique-control/all-state/final-source acceptance","browser-receipts.json#/receipts/123"
"bounded-browser-observation","C2-BROWSER-125","ownership.json; individual control attribution remains open","Bounded observation","","","admin","See exact browser-receipts.json observation","Real synthetic sessions/CSRF/object middleware; see receipt","Only states explicitly recorded in observation","Suite external effects: 0","Only dimensions/input explicitly recorded in observation","4df9b86e6e403dbdc5464dbf0b8f01162d46490d","442c1410553bd5631840dc7f85b1f7003c6b595d3263d326a62f7779e0107338/a55b790be0c7a3b8bd343c450718edd9cdcb362c21f4d1b0a8bc464bc819d03c","Isolated compiled-client/source-handler construction only","PASS","Bounded case; not unique-control/all-state/final-source acceptance","browser-receipts.json#/receipts/124"
"bounded-browser-observation","C2-BROWSER-126","ownership.json; individual control attribution remains open","Bounded observation","","","admin","See exact browser-receipts.json observation","Real synthetic sessions/CSRF/object middleware; see receipt","Only states explicitly recorded in observation","Suite external effects: 0","Only dimensions/input explicitly recorded in observation","4df9b86e6e403dbdc5464dbf0b8f01162d46490d","442c1410553bd5631840dc7f85b1f7003c6b595d3263d326a62f7779e0107338/a55b790be0c7a3b8bd343c450718edd9cdcb362c21f4d1b0a8bc464bc819d03c","Isolated compiled-client/source-handler construction only","PASS","Bounded case; not unique-control/all-state/final-source acceptance","browser-receipts.json#/receipts/125"
"bounded-browser-observation","C2-BROWSER-127","ownership.json; individual control attribution remains open","Bounded observation","","","admin","See exact browser-receipts.json observation","Real synthetic sessions/CSRF/object middleware; see receipt","Only states explicitly recorded in observation","Suite external effects: 0","Only dimensions/input explicitly recorded in observation","4df9b86e6e403dbdc5464dbf0b8f01162d46490d","442c1410553bd5631840dc7f85b1f7003c6b595d3263d326a62f7779e0107338/a55b790be0c7a3b8bd343c450718edd9cdcb362c21f4d1b0a8bc464bc819d03c","Isolated compiled-client/source-handler construction only","PASS","Bounded case; not unique-control/all-state/final-source acceptance","browser-receipts.json#/receipts/126"
"bounded-browser-observation","C2-BROWSER-128","ownership.json; individual control attribution remains open","Bounded observation","","","admin","See exact browser-receipts.json observation","Real synthetic sessions/CSRF/object middleware; see receipt","Only states explicitly recorded in observation","Suite external effects: 0","Only dimensions/input explicitly recorded in observation","4df9b86e6e403dbdc5464dbf0b8f01162d46490d","442c1410553bd5631840dc7f85b1f7003c6b595d3263d326a62f7779e0107338/a55b790be0c7a3b8bd343c450718edd9cdcb362c21f4d1b0a8bc464bc819d03c","Isolated compiled-client/source-handler construction only","PASS","Bounded case; not unique-control/all-state/final-source acceptance","browser-receipts.json#/receipts/127"
"bounded-browser-observation","C2-BROWSER-129","ownership.json; individual control attribution remains open","Bounded observation","","","admin","See exact browser-receipts.json observation","Real synthetic sessions/CSRF/object middleware; see receipt","Only states explicitly recorded in observation","Suite external effects: 0","Only dimensions/input explicitly recorded in observation","4df9b86e6e403dbdc5464dbf0b8f01162d46490d","442c1410553bd5631840dc7f85b1f7003c6b595d3263d326a62f7779e0107338/a55b790be0c7a3b8bd343c450718edd9cdcb362c21f4d1b0a8bc464bc819d03c","Isolated compiled-client/source-handler construction only","PASS","Bounded case; not unique-control/all-state/final-source acceptance","browser-receipts.json#/receipts/128"
"bounded-browser-observation","C2-BROWSER-130","ownership.json; individual control attribution remains open","Bounded observation","","","admin","See exact browser-receipts.json observation","Real synthetic sessions/CSRF/object middleware; see receipt","Only states explicitly recorded in observation","Suite external effects: 0","Only dimensions/input explicitly recorded in observation","4df9b86e6e403dbdc5464dbf0b8f01162d46490d","442c1410553bd5631840dc7f85b1f7003c6b595d3263d326a62f7779e0107338/a55b790be0c7a3b8bd343c450718edd9cdcb362c21f4d1b0a8bc464bc819d03c","Isolated compiled-client/source-handler construction only","PASS","Bounded case; not unique-control/all-state/final-source acceptance","browser-receipts.json#/receipts/129"
"bounded-browser-observation","C2-BROWSER-131","ownership.json; individual control attribution remains open","Bounded observation","","","admin","See exact browser-receipts.json observation","Real synthetic sessions/CSRF/object middleware; see receipt","Only states explicitly recorded in observation","Suite external effects: 0","Only dimensions/input explicitly recorded in observation","4df9b86e6e403dbdc5464dbf0b8f01162d46490d","442c1410553bd5631840dc7f85b1f7003c6b595d3263d326a62f7779e0107338/a55b790be0c7a3b8bd343c450718edd9cdcb362c21f4d1b0a8bc464bc819d03c","Isolated compiled-client/source-handler construction only","PASS","Bounded case; not unique-control/all-state/final-source acceptance","browser-receipts.json#/receipts/130"
"bounded-browser-observation","C2-BROWSER-132","ownership.json; individual control attribution remains open","Bounded observation","","","admin","See exact browser-receipts.json observation","Real synthetic sessions/CSRF/object middleware; see receipt","Only states explicitly recorded in observation","Suite external effects: 0","Only dimensions/input explicitly recorded in observation","4df9b86e6e403dbdc5464dbf0b8f01162d46490d","442c1410553bd5631840dc7f85b1f7003c6b595d3263d326a62f7779e0107338/a55b790be0c7a3b8bd343c450718edd9cdcb362c21f4d1b0a8bc464bc819d03c","Isolated compiled-client/source-handler construction only","PASS","Bounded case; not unique-control/all-state/final-source acceptance","browser-receipts.json#/receipts/131"
"bounded-browser-observation","C2-BROWSER-133","ownership.json; individual control attribution remains open","Bounded observation","","","admin","See exact browser-receipts.json observation","Real synthetic sessions/CSRF/object middleware; see receipt","Only states explicitly recorded in observation","Suite external effects: 0","Only dimensions/input explicitly recorded in observation","4df9b86e6e403dbdc5464dbf0b8f01162d46490d","442c1410553bd5631840dc7f85b1f7003c6b595d3263d326a62f7779e0107338/a55b790be0c7a3b8bd343c450718edd9cdcb362c21f4d1b0a8bc464bc819d03c","Isolated compiled-client/source-handler construction only","PASS","Bounded case; not unique-control/all-state/final-source acceptance","browser-receipts.json#/receipts/132"
"bounded-browser-observation","C2-BROWSER-134","ownership.json; individual control attribution remains open","Bounded observation","","","admin","See exact browser-receipts.json observation","Real synthetic sessions/CSRF/object middleware; see receipt","Only states explicitly recorded in observation","Suite external effects: 0","Only dimensions/input explicitly recorded in observation","4df9b86e6e403dbdc5464dbf0b8f01162d46490d","442c1410553bd5631840dc7f85b1f7003c6b595d3263d326a62f7779e0107338/a55b790be0c7a3b8bd343c450718edd9cdcb362c21f4d1b0a8bc464bc819d03c","Isolated compiled-client/source-handler construction only","PASS","Bounded case; not unique-control/all-state/final-source acceptance","browser-receipts.json#/receipts/133"
"bounded-browser-observation","C2-BROWSER-135","ownership.json; individual control attribution remains open","Bounded observation","","","admin","See exact browser-receipts.json observation","Real synthetic sessions/CSRF/object middleware; see receipt","Only states explicitly recorded in observation","Suite external effects: 0","Only dimensions/input explicitly recorded in observation","4df9b86e6e403dbdc5464dbf0b8f01162d46490d","442c1410553bd5631840dc7f85b1f7003c6b595d3263d326a62f7779e0107338/a55b790be0c7a3b8bd343c450718edd9cdcb362c21f4d1b0a8bc464bc819d03c","Isolated compiled-client/source-handler construction only","PASS","Bounded case; not unique-control/all-state/final-source acceptance","browser-receipts.json#/receipts/134"
"bounded-browser-observation","C2-BROWSER-136","ownership.json; individual control attribution remains open","Bounded observation","","","admin","See exact browser-receipts.json observation","Real synthetic sessions/CSRF/object middleware; see receipt","Only states explicitly recorded in observation","Suite external effects: 0","Only dimensions/input explicitly recorded in observation","4df9b86e6e403dbdc5464dbf0b8f01162d46490d","442c1410553bd5631840dc7f85b1f7003c6b595d3263d326a62f7779e0107338/a55b790be0c7a3b8bd343c450718edd9cdcb362c21f4d1b0a8bc464bc819d03c","Isolated compiled-client/source-handler construction only","PASS","Bounded case; not unique-control/all-state/final-source acceptance","browser-receipts.json#/receipts/135"
"bounded-browser-observation","C2-BROWSER-137","ownership.json; individual control attribution remains open","Inbox channel-bound draft actual post-commit response loss / same-intent retry / durable reload / paused Enter and button","","","admin","See exact browser-receipts.json observation","Real synthetic sessions/CSRF/object middleware; see receipt","Only states explicitly recorded in observation","Suite external effects: 0","Only dimensions/input explicitly recorded in observation","4df9b86e6e403dbdc5464dbf0b8f01162d46490d","442c1410553bd5631840dc7f85b1f7003c6b595d3263d326a62f7779e0107338/a55b790be0c7a3b8bd343c450718edd9cdcb362c21f4d1b0a8bc464bc819d03c","Isolated compiled-client/source-handler construction only","PASS","Bounded case; not unique-control/all-state/final-source acceptance","browser-receipts.json#/receipts/136"
"bounded-browser-observation","C2-BROWSER-138","ownership.json; individual control attribution remains open","Bounded observation","","","admin","See exact browser-receipts.json observation","Real synthetic sessions/CSRF/object middleware; see receipt","Only states explicitly recorded in observation","Suite external effects: 0","Only dimensions/input explicitly recorded in observation","4df9b86e6e403dbdc5464dbf0b8f01162d46490d","442c1410553bd5631840dc7f85b1f7003c6b595d3263d326a62f7779e0107338/a55b790be0c7a3b8bd343c450718edd9cdcb362c21f4d1b0a8bc464bc819d03c","Isolated compiled-client/source-handler construction only","PASS","Bounded case; not unique-control/all-state/final-source acceptance","browser-receipts.json#/receipts/137"
"bounded-browser-observation","C2-BROWSER-139","ownership.json; individual control attribution remains open","Bounded observation","","","admin","See exact browser-receipts.json observation","Real synthetic sessions/CSRF/object middleware; see receipt","Only states explicitly recorded in observation","Suite external effects: 0","Only dimensions/input explicitly recorded in observation","4df9b86e6e403dbdc5464dbf0b8f01162d46490d","442c1410553bd5631840dc7f85b1f7003c6b595d3263d326a62f7779e0107338/a55b790be0c7a3b8bd343c450718edd9cdcb362c21f4d1b0a8bc464bc819d03c","Isolated compiled-client/source-handler construction only","PASS","Bounded case; not unique-control/all-state/final-source acceptance","browser-receipts.json#/receipts/138"
"bounded-browser-observation","C2-BROWSER-140","ownership.json; individual control attribution remains open","Bounded observation","","","admin","See exact browser-receipts.json observation","Real synthetic sessions/CSRF/object middleware; see receipt","Only states explicitly recorded in observation","Suite external effects: 0","Only dimensions/input explicitly recorded in observation","4df9b86e6e403dbdc5464dbf0b8f01162d46490d","442c1410553bd5631840dc7f85b1f7003c6b595d3263d326a62f7779e0107338/a55b790be0c7a3b8bd343c450718edd9cdcb362c21f4d1b0a8bc464bc819d03c","Isolated compiled-client/source-handler construction only","PASS","Bounded case; not unique-control/all-state/final-source acceptance","browser-receipts.json#/receipts/139"
"bounded-browser-observation","C2-BROWSER-141","ownership.json; individual control attribution remains open","Bounded observation","","","admin","See exact browser-receipts.json observation","Real synthetic sessions/CSRF/object middleware; see receipt","Only states explicitly recorded in observation","Suite external effects: 0","Only dimensions/input explicitly recorded in observation","4df9b86e6e403dbdc5464dbf0b8f01162d46490d","442c1410553bd5631840dc7f85b1f7003c6b595d3263d326a62f7779e0107338/a55b790be0c7a3b8bd343c450718edd9cdcb362c21f4d1b0a8bc464bc819d03c","Isolated compiled-client/source-handler construction only","PASS","Bounded case; not unique-control/all-state/final-source acceptance","browser-receipts.json#/receipts/140"
"bounded-browser-observation","C2-BROWSER-142","ownership.json; individual control attribution remains open","Bounded observation","","","admin","See exact browser-receipts.json observation","Real synthetic sessions/CSRF/object middleware; see receipt","Only states explicitly recorded in observation","Suite external effects: 0","Only dimensions/input explicitly recorded in observation","4df9b86e6e403dbdc5464dbf0b8f01162d46490d","442c1410553bd5631840dc7f85b1f7003c6b595d3263d326a62f7779e0107338/a55b790be0c7a3b8bd343c450718edd9cdcb362c21f4d1b0a8bc464bc819d03c","Isolated compiled-client/source-handler construction only","PASS","Bounded case; not unique-control/all-state/final-source acceptance","browser-receipts.json#/receipts/141"
"bounded-browser-observation","C2-BROWSER-143","ownership.json; individual control attribution remains open","Bounded observation","","","admin","See exact browser-receipts.json observation","Real synthetic sessions/CSRF/object middleware; see receipt","Only states explicitly recorded in observation","Suite external effects: 0","Only dimensions/input explicitly recorded in observation","4df9b86e6e403dbdc5464dbf0b8f01162d46490d","442c1410553bd5631840dc7f85b1f7003c6b595d3263d326a62f7779e0107338/a55b790be0c7a3b8bd343c450718edd9cdcb362c21f4d1b0a8bc464bc819d03c","Isolated compiled-client/source-handler construction only","PASS","Bounded case; not unique-control/all-state/final-source acceptance","browser-receipts.json#/receipts/142"
"bounded-browser-observation","C2-BROWSER-144","ownership.json; individual control attribution remains open","Useful declared-volume list timing","","","admin","See exact browser-receipts.json observation","Real synthetic sessions/CSRF/object middleware; see receipt","Only states explicitly recorded in observation","Suite external effects: 0","Only dimensions/input explicitly recorded in observation","4df9b86e6e403dbdc5464dbf0b8f01162d46490d","442c1410553bd5631840dc7f85b1f7003c6b595d3263d326a62f7779e0107338/a55b790be0c7a3b8bd343c450718edd9cdcb362c21f4d1b0a8bc464bc819d03c","Isolated compiled-client/source-handler construction only","PASS","Bounded case; not unique-control/all-state/final-source acceptance","browser-receipts.json#/receipts/143"
"bounded-browser-observation","C2-BROWSER-145","ownership.json; individual control attribution remains open","Useful declared-volume list timing","","","admin","See exact browser-receipts.json observation","Real synthetic sessions/CSRF/object middleware; see receipt","Only states explicitly recorded in observation","Suite external effects: 0","Only dimensions/input explicitly recorded in observation","4df9b86e6e403dbdc5464dbf0b8f01162d46490d","442c1410553bd5631840dc7f85b1f7003c6b595d3263d326a62f7779e0107338/a55b790be0c7a3b8bd343c450718edd9cdcb362c21f4d1b0a8bc464bc819d03c","Isolated compiled-client/source-handler construction only","PASS","Bounded case; not unique-control/all-state/final-source acceptance","browser-receipts.json#/receipts/144"
"bounded-browser-observation","C2-BROWSER-146","ownership.json; individual control attribution remains open","Useful declared-volume list timing","","","admin","See exact browser-receipts.json observation","Real synthetic sessions/CSRF/object middleware; see receipt","Only states explicitly recorded in observation","Suite external effects: 0","Only dimensions/input explicitly recorded in observation","4df9b86e6e403dbdc5464dbf0b8f01162d46490d","442c1410553bd5631840dc7f85b1f7003c6b595d3263d326a62f7779e0107338/a55b790be0c7a3b8bd343c450718edd9cdcb362c21f4d1b0a8bc464bc819d03c","Isolated compiled-client/source-handler construction only","PASS","Bounded case; not unique-control/all-state/final-source acceptance","browser-receipts.json#/receipts/145"
"bounded-browser-observation","C2-BROWSER-147","ownership.json; individual control attribution remains open","Useful declared-volume list timing","","","admin","See exact browser-receipts.json observation","Real synthetic sessions/CSRF/object middleware; see receipt","Only states explicitly recorded in observation","Suite external effects: 0","Only dimensions/input explicitly recorded in observation","4df9b86e6e403dbdc5464dbf0b8f01162d46490d","442c1410553bd5631840dc7f85b1f7003c6b595d3263d326a62f7779e0107338/a55b790be0c7a3b8bd343c450718edd9cdcb362c21f4d1b0a8bc464bc819d03c","Isolated compiled-client/source-handler construction only","PASS","Bounded case; not unique-control/all-state/final-source acceptance","browser-receipts.json#/receipts/146"
"bounded-browser-observation","C2-BROWSER-148","ownership.json; individual control attribution remains open","Loaded-message input to rendered result","","","admin","See exact browser-receipts.json observation","Real synthetic sessions/CSRF/object middleware; see receipt","Only states explicitly recorded in observation","Suite external effects: 0","Only dimensions/input explicitly recorded in observation","4df9b86e6e403dbdc5464dbf0b8f01162d46490d","442c1410553bd5631840dc7f85b1f7003c6b595d3263d326a62f7779e0107338/a55b790be0c7a3b8bd343c450718edd9cdcb362c21f4d1b0a8bc464bc819d03c","Isolated compiled-client/source-handler construction only","PASS","Bounded case; not unique-control/all-state/final-source acceptance","browser-receipts.json#/receipts/147"
"bounded-browser-observation","C2-BROWSER-149","ownership.json; individual control attribution remains open","Bounded observation","","","manager","See exact browser-receipts.json observation","Real synthetic sessions/CSRF/object middleware; see receipt","Only states explicitly recorded in observation","Suite external effects: 0","Only dimensions/input explicitly recorded in observation","4df9b86e6e403dbdc5464dbf0b8f01162d46490d","442c1410553bd5631840dc7f85b1f7003c6b595d3263d326a62f7779e0107338/a55b790be0c7a3b8bd343c450718edd9cdcb362c21f4d1b0a8bc464bc819d03c","Isolated compiled-client/source-handler construction only","PASS","Bounded case; not unique-control/all-state/final-source acceptance","browser-receipts.json#/receipts/148"
"bounded-browser-observation","C2-BROWSER-150","ownership.json; individual control attribution remains open","Bounded observation","","","manager","See exact browser-receipts.json observation","Real synthetic sessions/CSRF/object middleware; see receipt","Only states explicitly recorded in observation","Suite external effects: 0","Only dimensions/input explicitly recorded in observation","4df9b86e6e403dbdc5464dbf0b8f01162d46490d","442c1410553bd5631840dc7f85b1f7003c6b595d3263d326a62f7779e0107338/a55b790be0c7a3b8bd343c450718edd9cdcb362c21f4d1b0a8bc464bc819d03c","Isolated compiled-client/source-handler construction only","PASS","Bounded case; not unique-control/all-state/final-source acceptance","browser-receipts.json#/receipts/149"
"bounded-browser-observation","C2-BROWSER-151","ownership.json; individual control attribution remains open","Bounded observation","","","manager","See exact browser-receipts.json observation","Real synthetic sessions/CSRF/object middleware; see receipt","Only states explicitly recorded in observation","Suite external effects: 0","Only dimensions/input explicitly recorded in observation","4df9b86e6e403dbdc5464dbf0b8f01162d46490d","442c1410553bd5631840dc7f85b1f7003c6b595d3263d326a62f7779e0107338/a55b790be0c7a3b8bd343c450718edd9cdcb362c21f4d1b0a8bc464bc819d03c","Isolated compiled-client/source-handler construction only","PASS","Bounded case; not unique-control/all-state/final-source acceptance","browser-receipts.json#/receipts/150"
"bounded-browser-observation","C2-BROWSER-152","ownership.json; individual control attribution remains open","Bounded observation","","","manager","See exact browser-receipts.json observation","Real synthetic sessions/CSRF/object middleware; see receipt","Only states explicitly recorded in observation","Suite external effects: 0","Only dimensions/input explicitly recorded in observation","4df9b86e6e403dbdc5464dbf0b8f01162d46490d","442c1410553bd5631840dc7f85b1f7003c6b595d3263d326a62f7779e0107338/a55b790be0c7a3b8bd343c450718edd9cdcb362c21f4d1b0a8bc464bc819d03c","Isolated compiled-client/source-handler construction only","PASS","Bounded case; not unique-control/all-state/final-source acceptance","browser-receipts.json#/receipts/151"
"bounded-browser-observation","C2-BROWSER-153","ownership.json; individual control attribution remains open","Bounded observation","","","manager","See exact browser-receipts.json observation","Real synthetic sessions/CSRF/object middleware; see receipt","Only states explicitly recorded in observation","Suite external effects: 0","Only dimensions/input explicitly recorded in observation","4df9b86e6e403dbdc5464dbf0b8f01162d46490d","442c1410553bd5631840dc7f85b1f7003c6b595d3263d326a62f7779e0107338/a55b790be0c7a3b8bd343c450718edd9cdcb362c21f4d1b0a8bc464bc819d03c","Isolated compiled-client/source-handler construction only","PASS","Bounded case; not unique-control/all-state/final-source acceptance","browser-receipts.json#/receipts/152"
"bounded-browser-observation","C2-BROWSER-154","ownership.json; individual control attribution remains open","Bounded observation","","","manager","See exact browser-receipts.json observation","Real synthetic sessions/CSRF/object middleware; see receipt","Only states explicitly recorded in observation","Suite external effects: 0","Only dimensions/input explicitly recorded in observation","4df9b86e6e403dbdc5464dbf0b8f01162d46490d","442c1410553bd5631840dc7f85b1f7003c6b595d3263d326a62f7779e0107338/a55b790be0c7a3b8bd343c450718edd9cdcb362c21f4d1b0a8bc464bc819d03c","Isolated compiled-client/source-handler construction only","PASS","Bounded case; not unique-control/all-state/final-source acceptance","browser-receipts.json#/receipts/153"
"bounded-browser-observation","C2-BROWSER-155","ownership.json; individual control attribution remains open","Bounded observation","","","manager","See exact browser-receipts.json observation","Real synthetic sessions/CSRF/object middleware; see receipt","Only states explicitly recorded in observation","Suite external effects: 0","Only dimensions/input explicitly recorded in observation","4df9b86e6e403dbdc5464dbf0b8f01162d46490d","442c1410553bd5631840dc7f85b1f7003c6b595d3263d326a62f7779e0107338/a55b790be0c7a3b8bd343c450718edd9cdcb362c21f4d1b0a8bc464bc819d03c","Isolated compiled-client/source-handler construction only","PASS","Bounded case; not unique-control/all-state/final-source acceptance","browser-receipts.json#/receipts/154"
"bounded-browser-observation","C2-BROWSER-156","ownership.json; individual control attribution remains open","Bounded observation","","","manager","See exact browser-receipts.json observation","Real synthetic sessions/CSRF/object middleware; see receipt","Only states explicitly recorded in observation","Suite external effects: 0","Only dimensions/input explicitly recorded in observation","4df9b86e6e403dbdc5464dbf0b8f01162d46490d","442c1410553bd5631840dc7f85b1f7003c6b595d3263d326a62f7779e0107338/a55b790be0c7a3b8bd343c450718edd9cdcb362c21f4d1b0a8bc464bc819d03c","Isolated compiled-client/source-handler construction only","PASS","Bounded case; not unique-control/all-state/final-source acceptance","browser-receipts.json#/receipts/155"
"bounded-browser-observation","C2-BROWSER-157","ownership.json; individual control attribution remains open","Bounded observation","","","manager","See exact browser-receipts.json observation","Real synthetic sessions/CSRF/object middleware; see receipt","Only states explicitly recorded in observation","Suite external effects: 0","Only dimensions/input explicitly recorded in observation","4df9b86e6e403dbdc5464dbf0b8f01162d46490d","442c1410553bd5631840dc7f85b1f7003c6b595d3263d326a62f7779e0107338/a55b790be0c7a3b8bd343c450718edd9cdcb362c21f4d1b0a8bc464bc819d03c","Isolated compiled-client/source-handler construction only","PASS","Bounded case; not unique-control/all-state/final-source acceptance","browser-receipts.json#/receipts/156"
"bounded-browser-observation","C2-BROWSER-158","ownership.json; individual control attribution remains open","Bounded observation","","","manager","See exact browser-receipts.json observation","Real synthetic sessions/CSRF/object middleware; see receipt","Only states explicitly recorded in observation","Suite external effects: 0","Only dimensions/input explicitly recorded in observation","4df9b86e6e403dbdc5464dbf0b8f01162d46490d","442c1410553bd5631840dc7f85b1f7003c6b595d3263d326a62f7779e0107338/a55b790be0c7a3b8bd343c450718edd9cdcb362c21f4d1b0a8bc464bc819d03c","Isolated compiled-client/source-handler construction only","PASS","Bounded case; not unique-control/all-state/final-source acceptance","browser-receipts.json#/receipts/157"
"bounded-browser-observation","C2-BROWSER-159","ownership.json; individual control attribution remains open","Bounded observation","","","manager","See exact browser-receipts.json observation","Real synthetic sessions/CSRF/object middleware; see receipt","Only states explicitly recorded in observation","Suite external effects: 0","Only dimensions/input explicitly recorded in observation","4df9b86e6e403dbdc5464dbf0b8f01162d46490d","442c1410553bd5631840dc7f85b1f7003c6b595d3263d326a62f7779e0107338/a55b790be0c7a3b8bd343c450718edd9cdcb362c21f4d1b0a8bc464bc819d03c","Isolated compiled-client/source-handler construction only","PASS","Bounded case; not unique-control/all-state/final-source acceptance","browser-receipts.json#/receipts/158"
"bounded-browser-observation","C2-BROWSER-160","ownership.json; individual control attribution remains open","Bounded observation","","","manager","See exact browser-receipts.json observation","Real synthetic sessions/CSRF/object middleware; see receipt","Only states explicitly recorded in observation","Suite external effects: 0","Only dimensions/input explicitly recorded in observation","4df9b86e6e403dbdc5464dbf0b8f01162d46490d","442c1410553bd5631840dc7f85b1f7003c6b595d3263d326a62f7779e0107338/a55b790be0c7a3b8bd343c450718edd9cdcb362c21f4d1b0a8bc464bc819d03c","Isolated compiled-client/source-handler construction only","PASS","Bounded case; not unique-control/all-state/final-source acceptance","browser-receipts.json#/receipts/159"
"bounded-browser-observation","C2-BROWSER-161","ownership.json; individual control attribution remains open","Bounded observation","","","manager","See exact browser-receipts.json observation","Real synthetic sessions/CSRF/object middleware; see receipt","Only states explicitly recorded in observation","Suite external effects: 0","Only dimensions/input explicitly recorded in observation","4df9b86e6e403dbdc5464dbf0b8f01162d46490d","442c1410553bd5631840dc7f85b1f7003c6b595d3263d326a62f7779e0107338/a55b790be0c7a3b8bd343c450718edd9cdcb362c21f4d1b0a8bc464bc819d03c","Isolated compiled-client/source-handler construction only","PASS","Bounded case; not unique-control/all-state/final-source acceptance","browser-receipts.json#/receipts/160"
"bounded-browser-observation","C2-BROWSER-162","ownership.json; individual control attribution remains open","Bounded observation","","","manager","See exact browser-receipts.json observation","Real synthetic sessions/CSRF/object middleware; see receipt","Only states explicitly recorded in observation","Suite external effects: 0","Only dimensions/input explicitly recorded in observation","4df9b86e6e403dbdc5464dbf0b8f01162d46490d","442c1410553bd5631840dc7f85b1f7003c6b595d3263d326a62f7779e0107338/a55b790be0c7a3b8bd343c450718edd9cdcb362c21f4d1b0a8bc464bc819d03c","Isolated compiled-client/source-handler construction only","PASS","Bounded case; not unique-control/all-state/final-source acceptance","browser-receipts.json#/receipts/161"
"bounded-browser-observation","C2-BROWSER-163","ownership.json; individual control attribution remains open","Bounded observation","","","manager","See exact browser-receipts.json observation","Real synthetic sessions/CSRF/object middleware; see receipt","Only states explicitly recorded in observation","Suite external effects: 0","Only dimensions/input explicitly recorded in observation","4df9b86e6e403dbdc5464dbf0b8f01162d46490d","442c1410553bd5631840dc7f85b1f7003c6b595d3263d326a62f7779e0107338/a55b790be0c7a3b8bd343c450718edd9cdcb362c21f4d1b0a8bc464bc819d03c","Isolated compiled-client/source-handler construction only","PASS","Bounded case; not unique-control/all-state/final-source acceptance","browser-receipts.json#/receipts/162"
"bounded-browser-observation","C2-BROWSER-164","ownership.json; individual control attribution remains open","Bounded observation","","","manager","See exact browser-receipts.json observation","Real synthetic sessions/CSRF/object middleware; see receipt","Only states explicitly recorded in observation","Suite external effects: 0","Only dimensions/input explicitly recorded in observation","4df9b86e6e403dbdc5464dbf0b8f01162d46490d","442c1410553bd5631840dc7f85b1f7003c6b595d3263d326a62f7779e0107338/a55b790be0c7a3b8bd343c450718edd9cdcb362c21f4d1b0a8bc464bc819d03c","Isolated compiled-client/source-handler construction only","PASS","Bounded case; not unique-control/all-state/final-source acceptance","browser-receipts.json#/receipts/163"
"bounded-browser-observation","C2-BROWSER-165","ownership.json; individual control attribution remains open","Bounded observation","","","manager","See exact browser-receipts.json observation","Real synthetic sessions/CSRF/object middleware; see receipt","Only states explicitly recorded in observation","Suite external effects: 0","Only dimensions/input explicitly recorded in observation","4df9b86e6e403dbdc5464dbf0b8f01162d46490d","442c1410553bd5631840dc7f85b1f7003c6b595d3263d326a62f7779e0107338/a55b790be0c7a3b8bd343c450718edd9cdcb362c21f4d1b0a8bc464bc819d03c","Isolated compiled-client/source-handler construction only","PASS","Bounded case; not unique-control/all-state/final-source acceptance","browser-receipts.json#/receipts/164"
"bounded-browser-observation","C2-BROWSER-166","ownership.json; individual control attribution remains open","Bounded observation","","","manager","See exact browser-receipts.json observation","Real synthetic sessions/CSRF/object middleware; see receipt","Only states explicitly recorded in observation","Suite external effects: 0","Only dimensions/input explicitly recorded in observation","4df9b86e6e403dbdc5464dbf0b8f01162d46490d","442c1410553bd5631840dc7f85b1f7003c6b595d3263d326a62f7779e0107338/a55b790be0c7a3b8bd343c450718edd9cdcb362c21f4d1b0a8bc464bc819d03c","Isolated compiled-client/source-handler construction only","PASS","Bounded case; not unique-control/all-state/final-source acceptance","browser-receipts.json#/receipts/165"
"bounded-browser-observation","C2-BROWSER-167","ownership.json; individual control attribution remains open","Bounded observation","","","manager","See exact browser-receipts.json observation","Real synthetic sessions/CSRF/object middleware; see receipt","Only states explicitly recorded in observation","Suite external effects: 0","Only dimensions/input explicitly recorded in observation","4df9b86e6e403dbdc5464dbf0b8f01162d46490d","442c1410553bd5631840dc7f85b1f7003c6b595d3263d326a62f7779e0107338/a55b790be0c7a3b8bd343c450718edd9cdcb362c21f4d1b0a8bc464bc819d03c","Isolated compiled-client/source-handler construction only","PASS","Bounded case; not unique-control/all-state/final-source acceptance","browser-receipts.json#/receipts/166"
"bounded-browser-observation","C2-BROWSER-168","ownership.json; individual control attribution remains open","Bounded observation","","","manager","See exact browser-receipts.json observation","Real synthetic sessions/CSRF/object middleware; see receipt","Only states explicitly recorded in observation","Suite external effects: 0","Only dimensions/input explicitly recorded in observation","4df9b86e6e403dbdc5464dbf0b8f01162d46490d","442c1410553bd5631840dc7f85b1f7003c6b595d3263d326a62f7779e0107338/a55b790be0c7a3b8bd343c450718edd9cdcb362c21f4d1b0a8bc464bc819d03c","Isolated compiled-client/source-handler construction only","PASS","Bounded case; not unique-control/all-state/final-source acceptance","browser-receipts.json#/receipts/167"
"bounded-browser-observation","C2-BROWSER-169","ownership.json; individual control attribution remains open","Bounded observation","","","manager","See exact browser-receipts.json observation","Real synthetic sessions/CSRF/object middleware; see receipt","Only states explicitly recorded in observation","Suite external effects: 0","Only dimensions/input explicitly recorded in observation","4df9b86e6e403dbdc5464dbf0b8f01162d46490d","442c1410553bd5631840dc7f85b1f7003c6b595d3263d326a62f7779e0107338/a55b790be0c7a3b8bd343c450718edd9cdcb362c21f4d1b0a8bc464bc819d03c","Isolated compiled-client/source-handler construction only","PASS","Bounded case; not unique-control/all-state/final-source acceptance","browser-receipts.json#/receipts/168"
"bounded-browser-observation","C2-BROWSER-170","ownership.json; individual control attribution remains open","Bounded observation","","","manager","See exact browser-receipts.json observation","Real synthetic sessions/CSRF/object middleware; see receipt","Only states explicitly recorded in observation","Suite external effects: 0","Only dimensions/input explicitly recorded in observation","4df9b86e6e403dbdc5464dbf0b8f01162d46490d","442c1410553bd5631840dc7f85b1f7003c6b595d3263d326a62f7779e0107338/a55b790be0c7a3b8bd343c450718edd9cdcb362c21f4d1b0a8bc464bc819d03c","Isolated compiled-client/source-handler construction only","PASS","Bounded case; not unique-control/all-state/final-source acceptance","browser-receipts.json#/receipts/169"
"bounded-browser-observation","C2-BROWSER-171","ownership.json; individual control attribution remains open","Bounded observation","","","manager","See exact browser-receipts.json observation","Real synthetic sessions/CSRF/object middleware; see receipt","Only states explicitly recorded in observation","Suite external effects: 0","Only dimensions/input explicitly recorded in observation","4df9b86e6e403dbdc5464dbf0b8f01162d46490d","442c1410553bd5631840dc7f85b1f7003c6b595d3263d326a62f7779e0107338/a55b790be0c7a3b8bd343c450718edd9cdcb362c21f4d1b0a8bc464bc819d03c","Isolated compiled-client/source-handler construction only","PASS","Bounded case; not unique-control/all-state/final-source acceptance","browser-receipts.json#/receipts/170"
"bounded-browser-observation","C2-BROWSER-172","ownership.json; individual control attribution remains open","Bounded observation","","","manager","See exact browser-receipts.json observation","Real synthetic sessions/CSRF/object middleware; see receipt","Only states explicitly recorded in observation","Suite external effects: 0","Only dimensions/input explicitly recorded in observation","4df9b86e6e403dbdc5464dbf0b8f01162d46490d","442c1410553bd5631840dc7f85b1f7003c6b595d3263d326a62f7779e0107338/a55b790be0c7a3b8bd343c450718edd9cdcb362c21f4d1b0a8bc464bc819d03c","Isolated compiled-client/source-handler construction only","PASS","Bounded case; not unique-control/all-state/final-source acceptance","browser-receipts.json#/receipts/171"
"bounded-browser-observation","C2-BROWSER-173","ownership.json; individual control attribution remains open","Bounded observation","","","manager","See exact browser-receipts.json observation","Real synthetic sessions/CSRF/object middleware; see receipt","Only states explicitly recorded in observation","Suite external effects: 0","Only dimensions/input explicitly recorded in observation","4df9b86e6e403dbdc5464dbf0b8f01162d46490d","442c1410553bd5631840dc7f85b1f7003c6b595d3263d326a62f7779e0107338/a55b790be0c7a3b8bd343c450718edd9cdcb362c21f4d1b0a8bc464bc819d03c","Isolated compiled-client/source-handler construction only","PASS","Bounded case; not unique-control/all-state/final-source acceptance","browser-receipts.json#/receipts/172"
"bounded-browser-observation","C2-BROWSER-174","ownership.json; individual control attribution remains open","Contact Back/Forward; Work click preserves context/hash and pushes; exact legacy Inbox channels","","","manager","See exact browser-receipts.json observation","Real synthetic sessions/CSRF/object middleware; see receipt","Only states explicitly recorded in observation","Suite external effects: 0","Only dimensions/input explicitly recorded in observation","4df9b86e6e403dbdc5464dbf0b8f01162d46490d","442c1410553bd5631840dc7f85b1f7003c6b595d3263d326a62f7779e0107338/a55b790be0c7a3b8bd343c450718edd9cdcb362c21f4d1b0a8bc464bc819d03c","Isolated compiled-client/source-handler construction only","PASS","Bounded case; not unique-control/all-state/final-source acceptance","browser-receipts.json#/receipts/173"
"bounded-browser-observation","C2-BROWSER-175","ownership.json; individual control attribution remains open","Retained shared-header Add Contact / Escape Cancel / real save / exact-ID reload","","","manager","See exact browser-receipts.json observation","Real synthetic sessions/CSRF/object middleware; see receipt","Only states explicitly recorded in observation","Suite external effects: 0","Only dimensions/input explicitly recorded in observation","4df9b86e6e403dbdc5464dbf0b8f01162d46490d","442c1410553bd5631840dc7f85b1f7003c6b595d3263d326a62f7779e0107338/a55b790be0c7a3b8bd343c450718edd9cdcb362c21f4d1b0a8bc464bc819d03c","Isolated compiled-client/source-handler construction only","PASS","Bounded case; not unique-control/all-state/final-source acceptance","browser-receipts.json#/receipts/174"
"bounded-browser-observation","C2-BROWSER-176","ownership.json; individual control attribution remains open","Contextual shell and accurate denied execution reason","","","manager","See exact browser-receipts.json observation","Real synthetic sessions/CSRF/object middleware; see receipt","Only states explicitly recorded in observation","Suite external effects: 0","Only dimensions/input explicitly recorded in observation","4df9b86e6e403dbdc5464dbf0b8f01162d46490d","442c1410553bd5631840dc7f85b1f7003c6b595d3263d326a62f7779e0107338/a55b790be0c7a3b8bd343c450718edd9cdcb362c21f4d1b0a8bc464bc819d03c","Isolated compiled-client/source-handler construction only","PASS","Bounded case; not unique-control/all-state/final-source acceptance","browser-receipts.json#/receipts/175"
"bounded-browser-observation","C2-BROWSER-177","ownership.json; individual control attribution remains open","Contextual shell and accurate denied execution reason","","","manager","See exact browser-receipts.json observation","Real synthetic sessions/CSRF/object middleware; see receipt","Only states explicitly recorded in observation","Suite external effects: 0","Only dimensions/input explicitly recorded in observation","4df9b86e6e403dbdc5464dbf0b8f01162d46490d","442c1410553bd5631840dc7f85b1f7003c6b595d3263d326a62f7779e0107338/a55b790be0c7a3b8bd343c450718edd9cdcb362c21f4d1b0a8bc464bc819d03c","Isolated compiled-client/source-handler construction only","PASS","Bounded case; not unique-control/all-state/final-source acceptance","browser-receipts.json#/receipts/176"
"bounded-browser-observation","C2-BROWSER-178","ownership.json; individual control attribution remains open","Contextual shell and accurate denied execution reason","","","manager","See exact browser-receipts.json observation","Real synthetic sessions/CSRF/object middleware; see receipt","Only states explicitly recorded in observation","Suite external effects: 0","Only dimensions/input explicitly recorded in observation","4df9b86e6e403dbdc5464dbf0b8f01162d46490d","442c1410553bd5631840dc7f85b1f7003c6b595d3263d326a62f7779e0107338/a55b790be0c7a3b8bd343c450718edd9cdcb362c21f4d1b0a8bc464bc819d03c","Isolated compiled-client/source-handler construction only","PASS","Bounded case; not unique-control/all-state/final-source acceptance","browser-receipts.json#/receipts/177"
"bounded-browser-observation","C2-BROWSER-179","ownership.json; individual control attribution remains open","Contextual shell and accurate denied execution reason","","","manager","See exact browser-receipts.json observation","Real synthetic sessions/CSRF/object middleware; see receipt","Only states explicitly recorded in observation","Suite external effects: 0","Only dimensions/input explicitly recorded in observation","4df9b86e6e403dbdc5464dbf0b8f01162d46490d","442c1410553bd5631840dc7f85b1f7003c6b595d3263d326a62f7779e0107338/a55b790be0c7a3b8bd343c450718edd9cdcb362c21f4d1b0a8bc464bc819d03c","Isolated compiled-client/source-handler construction only","PASS","Bounded case; not unique-control/all-state/final-source acceptance","browser-receipts.json#/receipts/178"
"bounded-browser-observation","C2-BROWSER-180","ownership.json; individual control attribution remains open","Contextual shell and accurate denied execution reason","","","manager","See exact browser-receipts.json observation","Real synthetic sessions/CSRF/object middleware; see receipt","Only states explicitly recorded in observation","Suite external effects: 0","Only dimensions/input explicitly recorded in observation","4df9b86e6e403dbdc5464dbf0b8f01162d46490d","442c1410553bd5631840dc7f85b1f7003c6b595d3263d326a62f7779e0107338/a55b790be0c7a3b8bd343c450718edd9cdcb362c21f4d1b0a8bc464bc819d03c","Isolated compiled-client/source-handler construction only","PASS","Bounded case; not unique-control/all-state/final-source acceptance","browser-receipts.json#/receipts/179"
"bounded-browser-observation","C2-BROWSER-181","ownership.json; individual control attribution remains open","Authorized Chat search beyond first 500 + paused Enter/button zero dispatch","","","manager","See exact browser-receipts.json observation","Real synthetic sessions/CSRF/object middleware; see receipt","Only states explicitly recorded in observation","Suite external effects: 0","Only dimensions/input explicitly recorded in observation","4df9b86e6e403dbdc5464dbf0b8f01162d46490d","442c1410553bd5631840dc7f85b1f7003c6b595d3263d326a62f7779e0107338/a55b790be0c7a3b8bd343c450718edd9cdcb362c21f4d1b0a8bc464bc819d03c","Isolated compiled-client/source-handler construction only","PASS","Bounded case; not unique-control/all-state/final-source acceptance","browser-receipts.json#/receipts/180"
"bounded-browser-observation","C2-BROWSER-182","ownership.json; individual control attribution remains open","Exact linked Log Only actual lost-response/readback","","","manager","See exact browser-receipts.json observation","Real synthetic sessions/CSRF/object middleware; see receipt","Only states explicitly recorded in observation","Suite external effects: 0","Only dimensions/input explicitly recorded in observation","4df9b86e6e403dbdc5464dbf0b8f01162d46490d","442c1410553bd5631840dc7f85b1f7003c6b595d3263d326a62f7779e0107338/a55b790be0c7a3b8bd343c450718edd9cdcb362c21f4d1b0a8bc464bc819d03c","Isolated compiled-client/source-handler construction only","PASS","Bounded case; not unique-control/all-state/final-source acceptance","browser-receipts.json#/receipts/181"
"bounded-browser-observation","C2-BROWSER-183","ownership.json; individual control attribution remains open","Work create Cancel / actual lost-response same-UUID retry / new identical intent / durable reload","","","manager","See exact browser-receipts.json observation","Real synthetic sessions/CSRF/object middleware; see receipt","Only states explicitly recorded in observation","Suite external effects: 0","Only dimensions/input explicitly recorded in observation","4df9b86e6e403dbdc5464dbf0b8f01162d46490d","442c1410553bd5631840dc7f85b1f7003c6b595d3263d326a62f7779e0107338/a55b790be0c7a3b8bd343c450718edd9cdcb362c21f4d1b0a8bc464bc819d03c","Isolated compiled-client/source-handler construction only","PASS","Bounded case; not unique-control/all-state/final-source acceptance","browser-receipts.json#/receipts/182"
"bounded-browser-observation","C2-BROWSER-184","ownership.json; individual control attribution remains open","Work bulk delete Cancel zero effects / stale displayed-member atomic conflict preserves selection / fresh explicit bulk complete","","","manager","See exact browser-receipts.json observation","Real synthetic sessions/CSRF/object middleware; see receipt","Only states explicitly recorded in observation","Suite external effects: 0","Only dimensions/input explicitly recorded in observation","4df9b86e6e403dbdc5464dbf0b8f01162d46490d","442c1410553bd5631840dc7f85b1f7003c6b595d3263d326a62f7779e0107338/a55b790be0c7a3b8bd343c450718edd9cdcb362c21f4d1b0a8bc464bc819d03c","Isolated compiled-client/source-handler construction only","PASS","Bounded case; not unique-control/all-state/final-source acceptance","browser-receipts.json#/receipts/183"
"bounded-browser-observation","C2-BROWSER-185","ownership.json; individual control attribution remains open","Company counterparty authorized exact selection beyond first page / Escape Cancel","","","manager","See exact browser-receipts.json observation","Real synthetic sessions/CSRF/object middleware; see receipt","Only states explicitly recorded in observation","Suite external effects: 0","Only dimensions/input explicitly recorded in observation","4df9b86e6e403dbdc5464dbf0b8f01162d46490d","442c1410553bd5631840dc7f85b1f7003c6b595d3263d326a62f7779e0107338/a55b790be0c7a3b8bd343c450718edd9cdcb362c21f4d1b0a8bc464bc819d03c","Isolated compiled-client/source-handler construction only","PASS","Bounded case; not unique-control/all-state/final-source acceptance","browser-receipts.json#/receipts/184"
"bounded-browser-observation","C2-BROWSER-186","ownership.json; individual control attribution remains open","New Deal authorized contact search/select beyond page one; Cancel","","","manager","See exact browser-receipts.json observation","Real synthetic sessions/CSRF/object middleware; see receipt","Only states explicitly recorded in observation","Suite external effects: 0","Only dimensions/input explicitly recorded in observation","4df9b86e6e403dbdc5464dbf0b8f01162d46490d","442c1410553bd5631840dc7f85b1f7003c6b595d3263d326a62f7779e0107338/a55b790be0c7a3b8bd343c450718edd9cdcb362c21f4d1b0a8bc464bc819d03c","Isolated compiled-client/source-handler construction only","PASS","Bounded case; not unique-control/all-state/final-source acceptance","browser-receipts.json#/receipts/185"
"bounded-browser-observation","C2-BROWSER-187","ownership.json; individual control attribution remains open","Pipeline quick edit exact protected contact / Cancel zero writes / actual unavailable read hides editable placeholders","","","manager","See exact browser-receipts.json observation","Real synthetic sessions/CSRF/object middleware; see receipt","Only states explicitly recorded in observation","Suite external effects: 0","Only dimensions/input explicitly recorded in observation","4df9b86e6e403dbdc5464dbf0b8f01162d46490d","442c1410553bd5631840dc7f85b1f7003c6b595d3263d326a62f7779e0107338/a55b790be0c7a3b8bd343c450718edd9cdcb362c21f4d1b0a8bc464bc819d03c","Isolated compiled-client/source-handler construction only","PASS","Bounded case; not unique-control/all-state/final-source acceptance","browser-receipts.json#/receipts/186"
"bounded-browser-observation","C2-BROWSER-188","ownership.json; individual control attribution remains open","Keyboard Space/Enter/submenu single-record stage movement and durable Board reload","","","manager","See exact browser-receipts.json observation","Real synthetic sessions/CSRF/object middleware; see receipt","Only states explicitly recorded in observation","Suite external effects: 0","Only dimensions/input explicitly recorded in observation","4df9b86e6e403dbdc5464dbf0b8f01162d46490d","442c1410553bd5631840dc7f85b1f7003c6b595d3263d326a62f7779e0107338/a55b790be0c7a3b8bd343c450718edd9cdcb362c21f4d1b0a8bc464bc819d03c","Isolated compiled-client/source-handler construction only","PASS","Bounded case; not unique-control/all-state/final-source acceptance","browser-receipts.json#/receipts/187"
"bounded-browser-observation","C2-BROWSER-189","ownership.json; individual control attribution remains open","Pipeline immutable history failure","","","manager","See exact browser-receipts.json observation","Real synthetic sessions/CSRF/object middleware; see receipt","Only states explicitly recorded in observation","Suite external effects: 0","Only dimensions/input explicitly recorded in observation","4df9b86e6e403dbdc5464dbf0b8f01162d46490d","442c1410553bd5631840dc7f85b1f7003c6b595d3263d326a62f7779e0107338/a55b790be0c7a3b8bd343c450718edd9cdcb362c21f4d1b0a8bc464bc819d03c","Isolated compiled-client/source-handler construction only","PASS","Bounded case; not unique-control/all-state/final-source acceptance","browser-receipts.json#/receipts/188"
"bounded-browser-observation","C2-BROWSER-190","ownership.json; individual control attribution remains open","Contact survey-history read failure","","","manager","See exact browser-receipts.json observation","Real synthetic sessions/CSRF/object middleware; see receipt","Only states explicitly recorded in observation","Suite external effects: 0","Only dimensions/input explicitly recorded in observation","4df9b86e6e403dbdc5464dbf0b8f01162d46490d","442c1410553bd5631840dc7f85b1f7003c6b595d3263d326a62f7779e0107338/a55b790be0c7a3b8bd343c450718edd9cdcb362c21f4d1b0a8bc464bc819d03c","Isolated compiled-client/source-handler construction only","PASS","Bounded case; not unique-control/all-state/final-source acceptance","browser-receipts.json#/receipts/189"
"bounded-browser-observation","C2-BROWSER-191","ownership.json; individual control attribution remains open","Board/List retain recorded legacy stage and exact linked identity","","","manager","See exact browser-receipts.json observation","Real synthetic sessions/CSRF/object middleware; see receipt","Only states explicitly recorded in observation","Suite external effects: 0","Only dimensions/input explicitly recorded in observation","4df9b86e6e403dbdc5464dbf0b8f01162d46490d","442c1410553bd5631840dc7f85b1f7003c6b595d3263d326a62f7779e0107338/a55b790be0c7a3b8bd343c450718edd9cdcb362c21f4d1b0a8bc464bc819d03c","Isolated compiled-client/source-handler construction only","PASS","Bounded case; not unique-control/all-state/final-source acceptance","browser-receipts.json#/receipts/190"
"bounded-browser-observation","C2-BROWSER-192","ownership.json; individual control attribution remains open","/dashboard","","","manager","See exact browser-receipts.json observation","Real synthetic sessions/CSRF/object middleware; see receipt","Only states explicitly recorded in observation","Suite external effects: 0","Only dimensions/input explicitly recorded in observation","4df9b86e6e403dbdc5464dbf0b8f01162d46490d","442c1410553bd5631840dc7f85b1f7003c6b595d3263d326a62f7779e0107338/a55b790be0c7a3b8bd343c450718edd9cdcb362c21f4d1b0a8bc464bc819d03c","Isolated compiled-client/source-handler construction only","PASS","Bounded case; not unique-control/all-state/final-source acceptance","browser-receipts.json#/receipts/191"
"bounded-browser-observation","C2-BROWSER-193","ownership.json; individual control attribution remains open","/dashboard/contacts","","","manager","See exact browser-receipts.json observation","Real synthetic sessions/CSRF/object middleware; see receipt","Only states explicitly recorded in observation","Suite external effects: 0","Only dimensions/input explicitly recorded in observation","4df9b86e6e403dbdc5464dbf0b8f01162d46490d","442c1410553bd5631840dc7f85b1f7003c6b595d3263d326a62f7779e0107338/a55b790be0c7a3b8bd343c450718edd9cdcb362c21f4d1b0a8bc464bc819d03c","Isolated compiled-client/source-handler construction only","PASS","Bounded case; not unique-control/all-state/final-source acceptance","browser-receipts.json#/receipts/192"
"bounded-browser-observation","C2-BROWSER-194","ownership.json; individual control attribution remains open","/dashboard/contacts/601?area=overview&section=overview","","","manager","See exact browser-receipts.json observation","Real synthetic sessions/CSRF/object middleware; see receipt","Only states explicitly recorded in observation","Suite external effects: 0","Only dimensions/input explicitly recorded in observation","4df9b86e6e403dbdc5464dbf0b8f01162d46490d","442c1410553bd5631840dc7f85b1f7003c6b595d3263d326a62f7779e0107338/a55b790be0c7a3b8bd343c450718edd9cdcb362c21f4d1b0a8bc464bc819d03c","Isolated compiled-client/source-handler construction only","PASS","Bounded case; not unique-control/all-state/final-source acceptance","browser-receipts.json#/receipts/193"
"bounded-browser-observation","C2-BROWSER-195","ownership.json; individual control attribution remains open","/dashboard/pipeline?id=1","","","manager","See exact browser-receipts.json observation","Real synthetic sessions/CSRF/object middleware; see receipt","Only states explicitly recorded in observation","Suite external effects: 0","Only dimensions/input explicitly recorded in observation","4df9b86e6e403dbdc5464dbf0b8f01162d46490d","442c1410553bd5631840dc7f85b1f7003c6b595d3263d326a62f7779e0107338/a55b790be0c7a3b8bd343c450718edd9cdcb362c21f4d1b0a8bc464bc819d03c","Isolated compiled-client/source-handler construction only","PASS","Bounded case; not unique-control/all-state/final-source acceptance","browser-receipts.json#/receipts/194"
"bounded-browser-observation","C2-BROWSER-196","ownership.json; individual control attribution remains open","/dashboard/comms-hub?channel=email","","","manager","See exact browser-receipts.json observation","Real synthetic sessions/CSRF/object middleware; see receipt","Only states explicitly recorded in observation","Suite external effects: 0","Only dimensions/input explicitly recorded in observation","4df9b86e6e403dbdc5464dbf0b8f01162d46490d","442c1410553bd5631840dc7f85b1f7003c6b595d3263d326a62f7779e0107338/a55b790be0c7a3b8bd343c450718edd9cdcb362c21f4d1b0a8bc464bc819d03c","Isolated compiled-client/source-handler construction only","PASS","Bounded case; not unique-control/all-state/final-source acceptance","browser-receipts.json#/receipts/195"
"bounded-browser-observation","C2-BROWSER-197","ownership.json; individual control attribution remains open","/dashboard/tasks-appointments","","","manager","See exact browser-receipts.json observation","Real synthetic sessions/CSRF/object middleware; see receipt","Only states explicitly recorded in observation","Suite external effects: 0","Only dimensions/input explicitly recorded in observation","4df9b86e6e403dbdc5464dbf0b8f01162d46490d","442c1410553bd5631840dc7f85b1f7003c6b595d3263d326a62f7779e0107338/a55b790be0c7a3b8bd343c450718edd9cdcb362c21f4d1b0a8bc464bc819d03c","Isolated compiled-client/source-handler construction only","PASS","Bounded case; not unique-control/all-state/final-source acceptance","browser-receipts.json#/receipts/196"
"bounded-browser-observation","C2-BROWSER-198","ownership.json; individual control attribution remains open","Contact inline note actual UI save/reload","","","manager","See exact browser-receipts.json observation","Real synthetic sessions/CSRF/object middleware; see receipt","Only states explicitly recorded in observation","Suite external effects: 0","Only dimensions/input explicitly recorded in observation","4df9b86e6e403dbdc5464dbf0b8f01162d46490d","442c1410553bd5631840dc7f85b1f7003c6b595d3263d326a62f7779e0107338/a55b790be0c7a3b8bd343c450718edd9cdcb362c21f4d1b0a8bc464bc819d03c","Isolated compiled-client/source-handler construction only","PASS","Bounded case; not unique-control/all-state/final-source acceptance","browser-receipts.json#/receipts/197"
"bounded-browser-observation","C2-BROWSER-199","ownership.json; individual control attribution remains open","Contact task Cancel / create lost-reply retry / durable record readback / Edit Cancel / edit save / actual completion","","","manager","See exact browser-receipts.json observation","Real synthetic sessions/CSRF/object middleware; see receipt","Only states explicitly recorded in observation","Suite external effects: 0","Only dimensions/input explicitly recorded in observation","4df9b86e6e403dbdc5464dbf0b8f01162d46490d","442c1410553bd5631840dc7f85b1f7003c6b595d3263d326a62f7779e0107338/a55b790be0c7a3b8bd343c450718edd9cdcb362c21f4d1b0a8bc464bc819d03c","Isolated compiled-client/source-handler construction only","PASS","Bounded case; not unique-control/all-state/final-source acceptance","browser-receipts.json#/receipts/198"
"bounded-browser-observation","C2-BROWSER-200","ownership.json; individual control attribution remains open","Bounded observation","","","manager","See exact browser-receipts.json observation","Real synthetic sessions/CSRF/object middleware; see receipt","Only states explicitly recorded in observation","Suite external effects: 0","Only dimensions/input explicitly recorded in observation","4df9b86e6e403dbdc5464dbf0b8f01162d46490d","442c1410553bd5631840dc7f85b1f7003c6b595d3263d326a62f7779e0107338/a55b790be0c7a3b8bd343c450718edd9cdcb362c21f4d1b0a8bc464bc819d03c","Isolated compiled-client/source-handler construction only","PASS","Bounded case; not unique-control/all-state/final-source acceptance","browser-receipts.json#/receipts/199"
"bounded-browser-observation","C2-BROWSER-201","ownership.json; individual control attribution remains open","Bounded observation","","","manager","See exact browser-receipts.json observation","Real synthetic sessions/CSRF/object middleware; see receipt","Only states explicitly recorded in observation","Suite external effects: 0","Only dimensions/input explicitly recorded in observation","4df9b86e6e403dbdc5464dbf0b8f01162d46490d","442c1410553bd5631840dc7f85b1f7003c6b595d3263d326a62f7779e0107338/a55b790be0c7a3b8bd343c450718edd9cdcb362c21f4d1b0a8bc464bc819d03c","Isolated compiled-client/source-handler construction only","PASS","Bounded case; not unique-control/all-state/final-source acceptance","browser-receipts.json#/receipts/200"
"bounded-browser-observation","C2-BROWSER-202","ownership.json; individual control attribution remains open","Bounded observation","","","manager","See exact browser-receipts.json observation","Real synthetic sessions/CSRF/object middleware; see receipt","Only states explicitly recorded in observation","Suite external effects: 0","Only dimensions/input explicitly recorded in observation","4df9b86e6e403dbdc5464dbf0b8f01162d46490d","442c1410553bd5631840dc7f85b1f7003c6b595d3263d326a62f7779e0107338/a55b790be0c7a3b8bd343c450718edd9cdcb362c21f4d1b0a8bc464bc819d03c","Isolated compiled-client/source-handler construction only","PASS","Bounded case; not unique-control/all-state/final-source acceptance","browser-receipts.json#/receipts/201"
"bounded-browser-observation","C2-BROWSER-203","ownership.json; individual control attribution remains open","Bounded observation","","","manager","See exact browser-receipts.json observation","Real synthetic sessions/CSRF/object middleware; see receipt","Only states explicitly recorded in observation","Suite external effects: 0","Only dimensions/input explicitly recorded in observation","4df9b86e6e403dbdc5464dbf0b8f01162d46490d","442c1410553bd5631840dc7f85b1f7003c6b595d3263d326a62f7779e0107338/a55b790be0c7a3b8bd343c450718edd9cdcb362c21f4d1b0a8bc464bc819d03c","Isolated compiled-client/source-handler construction only","PASS","Bounded case; not unique-control/all-state/final-source acceptance","browser-receipts.json#/receipts/202"
"bounded-browser-observation","C2-BROWSER-204","ownership.json; individual control attribution remains open","Bounded observation","","","manager","See exact browser-receipts.json observation","Real synthetic sessions/CSRF/object middleware; see receipt","Only states explicitly recorded in observation","Suite external effects: 0","Only dimensions/input explicitly recorded in observation","4df9b86e6e403dbdc5464dbf0b8f01162d46490d","442c1410553bd5631840dc7f85b1f7003c6b595d3263d326a62f7779e0107338/a55b790be0c7a3b8bd343c450718edd9cdcb362c21f4d1b0a8bc464bc819d03c","Isolated compiled-client/source-handler construction only","PASS","Bounded case; not unique-control/all-state/final-source acceptance","browser-receipts.json#/receipts/203"
"bounded-browser-observation","C2-BROWSER-205","ownership.json; individual control attribution remains open","Bounded observation","","","manager","See exact browser-receipts.json observation","Real synthetic sessions/CSRF/object middleware; see receipt","Only states explicitly recorded in observation","Suite external effects: 0","Only dimensions/input explicitly recorded in observation","4df9b86e6e403dbdc5464dbf0b8f01162d46490d","442c1410553bd5631840dc7f85b1f7003c6b595d3263d326a62f7779e0107338/a55b790be0c7a3b8bd343c450718edd9cdcb362c21f4d1b0a8bc464bc819d03c","Isolated compiled-client/source-handler construction only","PASS","Bounded case; not unique-control/all-state/final-source acceptance","browser-receipts.json#/receipts/204"
"bounded-browser-observation","C2-BROWSER-206","ownership.json; individual control attribution remains open","Bounded observation","","","manager","See exact browser-receipts.json observation","Real synthetic sessions/CSRF/object middleware; see receipt","Only states explicitly recorded in observation","Suite external effects: 0","Only dimensions/input explicitly recorded in observation","4df9b86e6e403dbdc5464dbf0b8f01162d46490d","442c1410553bd5631840dc7f85b1f7003c6b595d3263d326a62f7779e0107338/a55b790be0c7a3b8bd343c450718edd9cdcb362c21f4d1b0a8bc464bc819d03c","Isolated compiled-client/source-handler construction only","PASS","Bounded case; not unique-control/all-state/final-source acceptance","browser-receipts.json#/receipts/205"
"bounded-browser-observation","C2-BROWSER-207","ownership.json; individual control attribution remains open","Bounded observation","","","manager","See exact browser-receipts.json observation","Real synthetic sessions/CSRF/object middleware; see receipt","Only states explicitly recorded in observation","Suite external effects: 0","Only dimensions/input explicitly recorded in observation","4df9b86e6e403dbdc5464dbf0b8f01162d46490d","442c1410553bd5631840dc7f85b1f7003c6b595d3263d326a62f7779e0107338/a55b790be0c7a3b8bd343c450718edd9cdcb362c21f4d1b0a8bc464bc819d03c","Isolated compiled-client/source-handler construction only","PASS","Bounded case; not unique-control/all-state/final-source acceptance","browser-receipts.json#/receipts/206"
"bounded-browser-observation","C2-BROWSER-208","ownership.json; individual control attribution remains open","Bounded observation","","","manager","See exact browser-receipts.json observation","Real synthetic sessions/CSRF/object middleware; see receipt","Only states explicitly recorded in observation","Suite external effects: 0","Only dimensions/input explicitly recorded in observation","4df9b86e6e403dbdc5464dbf0b8f01162d46490d","442c1410553bd5631840dc7f85b1f7003c6b595d3263d326a62f7779e0107338/a55b790be0c7a3b8bd343c450718edd9cdcb362c21f4d1b0a8bc464bc819d03c","Isolated compiled-client/source-handler construction only","PASS","Bounded case; not unique-control/all-state/final-source acceptance","browser-receipts.json#/receipts/207"
"bounded-browser-observation","C2-BROWSER-209","ownership.json; individual control attribution remains open","Bounded observation","","","manager","See exact browser-receipts.json observation","Real synthetic sessions/CSRF/object middleware; see receipt","Only states explicitly recorded in observation","Suite external effects: 0","Only dimensions/input explicitly recorded in observation","4df9b86e6e403dbdc5464dbf0b8f01162d46490d","442c1410553bd5631840dc7f85b1f7003c6b595d3263d326a62f7779e0107338/a55b790be0c7a3b8bd343c450718edd9cdcb362c21f4d1b0a8bc464bc819d03c","Isolated compiled-client/source-handler construction only","PASS","Bounded case; not unique-control/all-state/final-source acceptance","browser-receipts.json#/receipts/208"
"bounded-browser-observation","C2-BROWSER-210","ownership.json; individual control attribution remains open","Bounded observation","","","manager","See exact browser-receipts.json observation","Real synthetic sessions/CSRF/object middleware; see receipt","Only states explicitly recorded in observation","Suite external effects: 0","Only dimensions/input explicitly recorded in observation","4df9b86e6e403dbdc5464dbf0b8f01162d46490d","442c1410553bd5631840dc7f85b1f7003c6b595d3263d326a62f7779e0107338/a55b790be0c7a3b8bd343c450718edd9cdcb362c21f4d1b0a8bc464bc819d03c","Isolated compiled-client/source-handler construction only","PASS","Bounded case; not unique-control/all-state/final-source acceptance","browser-receipts.json#/receipts/209"
"bounded-browser-observation","C2-BROWSER-211","ownership.json; individual control attribution remains open","Bounded observation","","","manager","See exact browser-receipts.json observation","Real synthetic sessions/CSRF/object middleware; see receipt","Only states explicitly recorded in observation","Suite external effects: 0","Only dimensions/input explicitly recorded in observation","4df9b86e6e403dbdc5464dbf0b8f01162d46490d","442c1410553bd5631840dc7f85b1f7003c6b595d3263d326a62f7779e0107338/a55b790be0c7a3b8bd343c450718edd9cdcb362c21f4d1b0a8bc464bc819d03c","Isolated compiled-client/source-handler construction only","PASS","Bounded case; not unique-control/all-state/final-source acceptance","browser-receipts.json#/receipts/210"
"bounded-browser-observation","C2-BROWSER-212","ownership.json; individual control attribution remains open","Bounded observation","","","manager","See exact browser-receipts.json observation","Real synthetic sessions/CSRF/object middleware; see receipt","Only states explicitly recorded in observation","Suite external effects: 0","Only dimensions/input explicitly recorded in observation","4df9b86e6e403dbdc5464dbf0b8f01162d46490d","442c1410553bd5631840dc7f85b1f7003c6b595d3263d326a62f7779e0107338/a55b790be0c7a3b8bd343c450718edd9cdcb362c21f4d1b0a8bc464bc819d03c","Isolated compiled-client/source-handler construction only","PASS","Bounded case; not unique-control/all-state/final-source acceptance","browser-receipts.json#/receipts/211"
"bounded-browser-observation","C2-BROWSER-213","ownership.json; individual control attribution remains open","Bounded observation","","","manager","See exact browser-receipts.json observation","Real synthetic sessions/CSRF/object middleware; see receipt","Only states explicitly recorded in observation","Suite external effects: 0","Only dimensions/input explicitly recorded in observation","4df9b86e6e403dbdc5464dbf0b8f01162d46490d","442c1410553bd5631840dc7f85b1f7003c6b595d3263d326a62f7779e0107338/a55b790be0c7a3b8bd343c450718edd9cdcb362c21f4d1b0a8bc464bc819d03c","Isolated compiled-client/source-handler construction only","PASS","Bounded case; not unique-control/all-state/final-source acceptance","browser-receipts.json#/receipts/212"
"bounded-browser-observation","C2-BROWSER-214","ownership.json; individual control attribution remains open","Bounded observation","","","manager","See exact browser-receipts.json observation","Real synthetic sessions/CSRF/object middleware; see receipt","Only states explicitly recorded in observation","Suite external effects: 0","Only dimensions/input explicitly recorded in observation","4df9b86e6e403dbdc5464dbf0b8f01162d46490d","442c1410553bd5631840dc7f85b1f7003c6b595d3263d326a62f7779e0107338/a55b790be0c7a3b8bd343c450718edd9cdcb362c21f4d1b0a8bc464bc819d03c","Isolated compiled-client/source-handler construction only","PASS","Bounded case; not unique-control/all-state/final-source acceptance","browser-receipts.json#/receipts/213"
"bounded-browser-observation","C2-BROWSER-215","ownership.json; individual control attribution remains open","Bounded observation","","","manager","See exact browser-receipts.json observation","Real synthetic sessions/CSRF/object middleware; see receipt","Only states explicitly recorded in observation","Suite external effects: 0","Only dimensions/input explicitly recorded in observation","4df9b86e6e403dbdc5464dbf0b8f01162d46490d","442c1410553bd5631840dc7f85b1f7003c6b595d3263d326a62f7779e0107338/a55b790be0c7a3b8bd343c450718edd9cdcb362c21f4d1b0a8bc464bc819d03c","Isolated compiled-client/source-handler construction only","PASS","Bounded case; not unique-control/all-state/final-source acceptance","browser-receipts.json#/receipts/214"
"bounded-browser-observation","C2-BROWSER-216","ownership.json; individual control attribution remains open","Bounded observation","","","manager","See exact browser-receipts.json observation","Real synthetic sessions/CSRF/object middleware; see receipt","Only states explicitly recorded in observation","Suite external effects: 0","Only dimensions/input explicitly recorded in observation","4df9b86e6e403dbdc5464dbf0b8f01162d46490d","442c1410553bd5631840dc7f85b1f7003c6b595d3263d326a62f7779e0107338/a55b790be0c7a3b8bd343c450718edd9cdcb362c21f4d1b0a8bc464bc819d03c","Isolated compiled-client/source-handler construction only","PASS","Bounded case; not unique-control/all-state/final-source acceptance","browser-receipts.json#/receipts/215"
"bounded-browser-observation","C2-BROWSER-217","ownership.json; individual control attribution remains open","Bounded observation","","","manager","See exact browser-receipts.json observation","Real synthetic sessions/CSRF/object middleware; see receipt","Only states explicitly recorded in observation","Suite external effects: 0","Only dimensions/input explicitly recorded in observation","4df9b86e6e403dbdc5464dbf0b8f01162d46490d","442c1410553bd5631840dc7f85b1f7003c6b595d3263d326a62f7779e0107338/a55b790be0c7a3b8bd343c450718edd9cdcb362c21f4d1b0a8bc464bc819d03c","Isolated compiled-client/source-handler construction only","PASS","Bounded case; not unique-control/all-state/final-source acceptance","browser-receipts.json#/receipts/216"
"bounded-browser-observation","C2-BROWSER-218","ownership.json; individual control attribution remains open","Bounded observation","","","manager","See exact browser-receipts.json observation","Real synthetic sessions/CSRF/object middleware; see receipt","Only states explicitly recorded in observation","Suite external effects: 0","Only dimensions/input explicitly recorded in observation","4df9b86e6e403dbdc5464dbf0b8f01162d46490d","442c1410553bd5631840dc7f85b1f7003c6b595d3263d326a62f7779e0107338/a55b790be0c7a3b8bd343c450718edd9cdcb362c21f4d1b0a8bc464bc819d03c","Isolated compiled-client/source-handler construction only","PASS","Bounded case; not unique-control/all-state/final-source acceptance","browser-receipts.json#/receipts/217"
"bounded-browser-observation","C2-BROWSER-219","ownership.json; individual control attribution remains open","Bounded observation","","","manager","See exact browser-receipts.json observation","Real synthetic sessions/CSRF/object middleware; see receipt","Only states explicitly recorded in observation","Suite external effects: 0","Only dimensions/input explicitly recorded in observation","4df9b86e6e403dbdc5464dbf0b8f01162d46490d","442c1410553bd5631840dc7f85b1f7003c6b595d3263d326a62f7779e0107338/a55b790be0c7a3b8bd343c450718edd9cdcb362c21f4d1b0a8bc464bc819d03c","Isolated compiled-client/source-handler construction only","PASS","Bounded case; not unique-control/all-state/final-source acceptance","browser-receipts.json#/receipts/218"
"bounded-browser-observation","C2-BROWSER-220","ownership.json; individual control attribution remains open","Bounded observation","","","manager","See exact browser-receipts.json observation","Real synthetic sessions/CSRF/object middleware; see receipt","Only states explicitly recorded in observation","Suite external effects: 0","Only dimensions/input explicitly recorded in observation","4df9b86e6e403dbdc5464dbf0b8f01162d46490d","442c1410553bd5631840dc7f85b1f7003c6b595d3263d326a62f7779e0107338/a55b790be0c7a3b8bd343c450718edd9cdcb362c21f4d1b0a8bc464bc819d03c","Isolated compiled-client/source-handler construction only","PASS","Bounded case; not unique-control/all-state/final-source acceptance","browser-receipts.json#/receipts/219"
"bounded-browser-observation","C2-BROWSER-221","ownership.json; individual control attribution remains open","Bounded observation","","","manager","See exact browser-receipts.json observation","Real synthetic sessions/CSRF/object middleware; see receipt","Only states explicitly recorded in observation","Suite external effects: 0","Only dimensions/input explicitly recorded in observation","4df9b86e6e403dbdc5464dbf0b8f01162d46490d","442c1410553bd5631840dc7f85b1f7003c6b595d3263d326a62f7779e0107338/a55b790be0c7a3b8bd343c450718edd9cdcb362c21f4d1b0a8bc464bc819d03c","Isolated compiled-client/source-handler construction only","PASS","Bounded case; not unique-control/all-state/final-source acceptance","browser-receipts.json#/receipts/220"
"bounded-browser-observation","C2-BROWSER-222","ownership.json; individual control attribution remains open","Bounded observation","","","manager","See exact browser-receipts.json observation","Real synthetic sessions/CSRF/object middleware; see receipt","Only states explicitly recorded in observation","Suite external effects: 0","Only dimensions/input explicitly recorded in observation","4df9b86e6e403dbdc5464dbf0b8f01162d46490d","442c1410553bd5631840dc7f85b1f7003c6b595d3263d326a62f7779e0107338/a55b790be0c7a3b8bd343c450718edd9cdcb362c21f4d1b0a8bc464bc819d03c","Isolated compiled-client/source-handler construction only","PASS","Bounded case; not unique-control/all-state/final-source acceptance","browser-receipts.json#/receipts/221"
"bounded-browser-observation","C2-BROWSER-223","ownership.json; individual control attribution remains open","Bounded observation","","","manager","See exact browser-receipts.json observation","Real synthetic sessions/CSRF/object middleware; see receipt","Only states explicitly recorded in observation","Suite external effects: 0","Only dimensions/input explicitly recorded in observation","4df9b86e6e403dbdc5464dbf0b8f01162d46490d","442c1410553bd5631840dc7f85b1f7003c6b595d3263d326a62f7779e0107338/a55b790be0c7a3b8bd343c450718edd9cdcb362c21f4d1b0a8bc464bc819d03c","Isolated compiled-client/source-handler construction only","PASS","Bounded case; not unique-control/all-state/final-source acceptance","browser-receipts.json#/receipts/222"
"bounded-browser-observation","C2-BROWSER-224","ownership.json; individual control attribution remains open","Bounded observation","","","manager","See exact browser-receipts.json observation","Real synthetic sessions/CSRF/object middleware; see receipt","Only states explicitly recorded in observation","Suite external effects: 0","Only dimensions/input explicitly recorded in observation","4df9b86e6e403dbdc5464dbf0b8f01162d46490d","442c1410553bd5631840dc7f85b1f7003c6b595d3263d326a62f7779e0107338/a55b790be0c7a3b8bd343c450718edd9cdcb362c21f4d1b0a8bc464bc819d03c","Isolated compiled-client/source-handler construction only","PASS","Bounded case; not unique-control/all-state/final-source acceptance","browser-receipts.json#/receipts/223"
"bounded-browser-observation","C2-BROWSER-225","ownership.json; individual control attribution remains open","Inbox channel-bound draft actual post-commit response loss / same-intent retry / durable reload / paused Enter and button","","","manager","See exact browser-receipts.json observation","Real synthetic sessions/CSRF/object middleware; see receipt","Only states explicitly recorded in observation","Suite external effects: 0","Only dimensions/input explicitly recorded in observation","4df9b86e6e403dbdc5464dbf0b8f01162d46490d","442c1410553bd5631840dc7f85b1f7003c6b595d3263d326a62f7779e0107338/a55b790be0c7a3b8bd343c450718edd9cdcb362c21f4d1b0a8bc464bc819d03c","Isolated compiled-client/source-handler construction only","PASS","Bounded case; not unique-control/all-state/final-source acceptance","browser-receipts.json#/receipts/224"
"bounded-browser-observation","C2-BROWSER-226","ownership.json; individual control attribution remains open","Bounded observation","","","manager","See exact browser-receipts.json observation","Real synthetic sessions/CSRF/object middleware; see receipt","Only states explicitly recorded in observation","Suite external effects: 0","Only dimensions/input explicitly recorded in observation","4df9b86e6e403dbdc5464dbf0b8f01162d46490d","442c1410553bd5631840dc7f85b1f7003c6b595d3263d326a62f7779e0107338/a55b790be0c7a3b8bd343c450718edd9cdcb362c21f4d1b0a8bc464bc819d03c","Isolated compiled-client/source-handler construction only","PASS","Bounded case; not unique-control/all-state/final-source acceptance","browser-receipts.json#/receipts/225"
"bounded-browser-observation","C2-BROWSER-227","ownership.json; individual control attribution remains open","Bounded observation","","","manager","See exact browser-receipts.json observation","Real synthetic sessions/CSRF/object middleware; see receipt","Only states explicitly recorded in observation","Suite external effects: 0","Only dimensions/input explicitly recorded in observation","4df9b86e6e403dbdc5464dbf0b8f01162d46490d","442c1410553bd5631840dc7f85b1f7003c6b595d3263d326a62f7779e0107338/a55b790be0c7a3b8bd343c450718edd9cdcb362c21f4d1b0a8bc464bc819d03c","Isolated compiled-client/source-handler construction only","PASS","Bounded case; not unique-control/all-state/final-source acceptance","browser-receipts.json#/receipts/226"
"bounded-browser-observation","C2-BROWSER-228","ownership.json; individual control attribution remains open","Bounded observation","","","manager","See exact browser-receipts.json observation","Real synthetic sessions/CSRF/object middleware; see receipt","Only states explicitly recorded in observation","Suite external effects: 0","Only dimensions/input explicitly recorded in observation","4df9b86e6e403dbdc5464dbf0b8f01162d46490d","442c1410553bd5631840dc7f85b1f7003c6b595d3263d326a62f7779e0107338/a55b790be0c7a3b8bd343c450718edd9cdcb362c21f4d1b0a8bc464bc819d03c","Isolated compiled-client/source-handler construction only","PASS","Bounded case; not unique-control/all-state/final-source acceptance","browser-receipts.json#/receipts/227"
"bounded-browser-observation","C2-BROWSER-229","ownership.json; individual control attribution remains open","Bounded observation","","","manager","See exact browser-receipts.json observation","Real synthetic sessions/CSRF/object middleware; see receipt","Only states explicitly recorded in observation","Suite external effects: 0","Only dimensions/input explicitly recorded in observation","4df9b86e6e403dbdc5464dbf0b8f01162d46490d","442c1410553bd5631840dc7f85b1f7003c6b595d3263d326a62f7779e0107338/a55b790be0c7a3b8bd343c450718edd9cdcb362c21f4d1b0a8bc464bc819d03c","Isolated compiled-client/source-handler construction only","PASS","Bounded case; not unique-control/all-state/final-source acceptance","browser-receipts.json#/receipts/228"
"bounded-browser-observation","C2-BROWSER-230","ownership.json; individual control attribution remains open","Bounded observation","","","manager","See exact browser-receipts.json observation","Real synthetic sessions/CSRF/object middleware; see receipt","Only states explicitly recorded in observation","Suite external effects: 0","Only dimensions/input explicitly recorded in observation","4df9b86e6e403dbdc5464dbf0b8f01162d46490d","442c1410553bd5631840dc7f85b1f7003c6b595d3263d326a62f7779e0107338/a55b790be0c7a3b8bd343c450718edd9cdcb362c21f4d1b0a8bc464bc819d03c","Isolated compiled-client/source-handler construction only","PASS","Bounded case; not unique-control/all-state/final-source acceptance","browser-receipts.json#/receipts/229"
"bounded-browser-observation","C2-BROWSER-231","ownership.json; individual control attribution remains open","Bounded observation","","","manager","See exact browser-receipts.json observation","Real synthetic sessions/CSRF/object middleware; see receipt","Only states explicitly recorded in observation","Suite external effects: 0","Only dimensions/input explicitly recorded in observation","4df9b86e6e403dbdc5464dbf0b8f01162d46490d","442c1410553bd5631840dc7f85b1f7003c6b595d3263d326a62f7779e0107338/a55b790be0c7a3b8bd343c450718edd9cdcb362c21f4d1b0a8bc464bc819d03c","Isolated compiled-client/source-handler construction only","PASS","Bounded case; not unique-control/all-state/final-source acceptance","browser-receipts.json#/receipts/230"
"bounded-browser-observation","C2-BROWSER-232","ownership.json; individual control attribution remains open","Bounded observation","","","agent","See exact browser-receipts.json observation","Real synthetic sessions/CSRF/object middleware; see receipt","Only states explicitly recorded in observation","Suite external effects: 0","Only dimensions/input explicitly recorded in observation","4df9b86e6e403dbdc5464dbf0b8f01162d46490d","442c1410553bd5631840dc7f85b1f7003c6b595d3263d326a62f7779e0107338/a55b790be0c7a3b8bd343c450718edd9cdcb362c21f4d1b0a8bc464bc819d03c","Isolated compiled-client/source-handler construction only","PASS","Bounded case; not unique-control/all-state/final-source acceptance","browser-receipts.json#/receipts/231"
"bounded-browser-observation","C2-BROWSER-233","ownership.json; individual control attribution remains open","Bounded observation","","","agent","See exact browser-receipts.json observation","Real synthetic sessions/CSRF/object middleware; see receipt","Only states explicitly recorded in observation","Suite external effects: 0","Only dimensions/input explicitly recorded in observation","4df9b86e6e403dbdc5464dbf0b8f01162d46490d","442c1410553bd5631840dc7f85b1f7003c6b595d3263d326a62f7779e0107338/a55b790be0c7a3b8bd343c450718edd9cdcb362c21f4d1b0a8bc464bc819d03c","Isolated compiled-client/source-handler construction only","PASS","Bounded case; not unique-control/all-state/final-source acceptance","browser-receipts.json#/receipts/232"
"bounded-browser-observation","C2-BROWSER-234","ownership.json; individual control attribution remains open","Bounded observation","","","agent","See exact browser-receipts.json observation","Real synthetic sessions/CSRF/object middleware; see receipt","Only states explicitly recorded in observation","Suite external effects: 0","Only dimensions/input explicitly recorded in observation","4df9b86e6e403dbdc5464dbf0b8f01162d46490d","442c1410553bd5631840dc7f85b1f7003c6b595d3263d326a62f7779e0107338/a55b790be0c7a3b8bd343c450718edd9cdcb362c21f4d1b0a8bc464bc819d03c","Isolated compiled-client/source-handler construction only","PASS","Bounded case; not unique-control/all-state/final-source acceptance","browser-receipts.json#/receipts/233"
"bounded-browser-observation","C2-BROWSER-235","ownership.json; individual control attribution remains open","Bounded observation","","","agent","See exact browser-receipts.json observation","Real synthetic sessions/CSRF/object middleware; see receipt","Only states explicitly recorded in observation","Suite external effects: 0","Only dimensions/input explicitly recorded in observation","4df9b86e6e403dbdc5464dbf0b8f01162d46490d","442c1410553bd5631840dc7f85b1f7003c6b595d3263d326a62f7779e0107338/a55b790be0c7a3b8bd343c450718edd9cdcb362c21f4d1b0a8bc464bc819d03c","Isolated compiled-client/source-handler construction only","PASS","Bounded case; not unique-control/all-state/final-source acceptance","browser-receipts.json#/receipts/234"
"bounded-browser-observation","C2-BROWSER-236","ownership.json; individual control attribution remains open","Bounded observation","","","agent","See exact browser-receipts.json observation","Real synthetic sessions/CSRF/object middleware; see receipt","Only states explicitly recorded in observation","Suite external effects: 0","Only dimensions/input explicitly recorded in observation","4df9b86e6e403dbdc5464dbf0b8f01162d46490d","442c1410553bd5631840dc7f85b1f7003c6b595d3263d326a62f7779e0107338/a55b790be0c7a3b8bd343c450718edd9cdcb362c21f4d1b0a8bc464bc819d03c","Isolated compiled-client/source-handler construction only","PASS","Bounded case; not unique-control/all-state/final-source acceptance","browser-receipts.json#/receipts/235"
"bounded-browser-observation","C2-BROWSER-237","ownership.json; individual control attribution remains open","Bounded observation","","","agent","See exact browser-receipts.json observation","Real synthetic sessions/CSRF/object middleware; see receipt","Only states explicitly recorded in observation","Suite external effects: 0","Only dimensions/input explicitly recorded in observation","4df9b86e6e403dbdc5464dbf0b8f01162d46490d","442c1410553bd5631840dc7f85b1f7003c6b595d3263d326a62f7779e0107338/a55b790be0c7a3b8bd343c450718edd9cdcb362c21f4d1b0a8bc464bc819d03c","Isolated compiled-client/source-handler construction only","PASS","Bounded case; not unique-control/all-state/final-source acceptance","browser-receipts.json#/receipts/236"
"bounded-browser-observation","C2-BROWSER-238","ownership.json; individual control attribution remains open","Bounded observation","","","agent","See exact browser-receipts.json observation","Real synthetic sessions/CSRF/object middleware; see receipt","Only states explicitly recorded in observation","Suite external effects: 0","Only dimensions/input explicitly recorded in observation","4df9b86e6e403dbdc5464dbf0b8f01162d46490d","442c1410553bd5631840dc7f85b1f7003c6b595d3263d326a62f7779e0107338/a55b790be0c7a3b8bd343c450718edd9cdcb362c21f4d1b0a8bc464bc819d03c","Isolated compiled-client/source-handler construction only","PASS","Bounded case; not unique-control/all-state/final-source acceptance","browser-receipts.json#/receipts/237"
"bounded-browser-observation","C2-BROWSER-239","ownership.json; individual control attribution remains open","Bounded observation","","","agent","See exact browser-receipts.json observation","Real synthetic sessions/CSRF/object middleware; see receipt","Only states explicitly recorded in observation","Suite external effects: 0","Only dimensions/input explicitly recorded in observation","4df9b86e6e403dbdc5464dbf0b8f01162d46490d","442c1410553bd5631840dc7f85b1f7003c6b595d3263d326a62f7779e0107338/a55b790be0c7a3b8bd343c450718edd9cdcb362c21f4d1b0a8bc464bc819d03c","Isolated compiled-client/source-handler construction only","PASS","Bounded case; not unique-control/all-state/final-source acceptance","browser-receipts.json#/receipts/238"
"bounded-browser-observation","C2-BROWSER-240","ownership.json; individual control attribution remains open","Bounded observation","","","agent","See exact browser-receipts.json observation","Real synthetic sessions/CSRF/object middleware; see receipt","Only states explicitly recorded in observation","Suite external effects: 0","Only dimensions/input explicitly recorded in observation","4df9b86e6e403dbdc5464dbf0b8f01162d46490d","442c1410553bd5631840dc7f85b1f7003c6b595d3263d326a62f7779e0107338/a55b790be0c7a3b8bd343c450718edd9cdcb362c21f4d1b0a8bc464bc819d03c","Isolated compiled-client/source-handler construction only","PASS","Bounded case; not unique-control/all-state/final-source acceptance","browser-receipts.json#/receipts/239"
"bounded-browser-observation","C2-BROWSER-241","ownership.json; individual control attribution remains open","Bounded observation","","","agent","See exact browser-receipts.json observation","Real synthetic sessions/CSRF/object middleware; see receipt","Only states explicitly recorded in observation","Suite external effects: 0","Only dimensions/input explicitly recorded in observation","4df9b86e6e403dbdc5464dbf0b8f01162d46490d","442c1410553bd5631840dc7f85b1f7003c6b595d3263d326a62f7779e0107338/a55b790be0c7a3b8bd343c450718edd9cdcb362c21f4d1b0a8bc464bc819d03c","Isolated compiled-client/source-handler construction only","PASS","Bounded case; not unique-control/all-state/final-source acceptance","browser-receipts.json#/receipts/240"
"bounded-browser-observation","C2-BROWSER-242","ownership.json; individual control attribution remains open","Bounded observation","","","agent","See exact browser-receipts.json observation","Real synthetic sessions/CSRF/object middleware; see receipt","Only states explicitly recorded in observation","Suite external effects: 0","Only dimensions/input explicitly recorded in observation","4df9b86e6e403dbdc5464dbf0b8f01162d46490d","442c1410553bd5631840dc7f85b1f7003c6b595d3263d326a62f7779e0107338/a55b790be0c7a3b8bd343c450718edd9cdcb362c21f4d1b0a8bc464bc819d03c","Isolated compiled-client/source-handler construction only","PASS","Bounded case; not unique-control/all-state/final-source acceptance","browser-receipts.json#/receipts/241"
"bounded-browser-observation","C2-BROWSER-243","ownership.json; individual control attribution remains open","Bounded observation","","","agent","See exact browser-receipts.json observation","Real synthetic sessions/CSRF/object middleware; see receipt","Only states explicitly recorded in observation","Suite external effects: 0","Only dimensions/input explicitly recorded in observation","4df9b86e6e403dbdc5464dbf0b8f01162d46490d","442c1410553bd5631840dc7f85b1f7003c6b595d3263d326a62f7779e0107338/a55b790be0c7a3b8bd343c450718edd9cdcb362c21f4d1b0a8bc464bc819d03c","Isolated compiled-client/source-handler construction only","PASS","Bounded case; not unique-control/all-state/final-source acceptance","browser-receipts.json#/receipts/242"
"bounded-browser-observation","C2-BROWSER-244","ownership.json; individual control attribution remains open","Bounded observation","","","agent","See exact browser-receipts.json observation","Real synthetic sessions/CSRF/object middleware; see receipt","Only states explicitly recorded in observation","Suite external effects: 0","Only dimensions/input explicitly recorded in observation","4df9b86e6e403dbdc5464dbf0b8f01162d46490d","442c1410553bd5631840dc7f85b1f7003c6b595d3263d326a62f7779e0107338/a55b790be0c7a3b8bd343c450718edd9cdcb362c21f4d1b0a8bc464bc819d03c","Isolated compiled-client/source-handler construction only","PASS","Bounded case; not unique-control/all-state/final-source acceptance","browser-receipts.json#/receipts/243"
"bounded-browser-observation","C2-BROWSER-245","ownership.json; individual control attribution remains open","Bounded observation","","","agent","See exact browser-receipts.json observation","Real synthetic sessions/CSRF/object middleware; see receipt","Only states explicitly recorded in observation","Suite external effects: 0","Only dimensions/input explicitly recorded in observation","4df9b86e6e403dbdc5464dbf0b8f01162d46490d","442c1410553bd5631840dc7f85b1f7003c6b595d3263d326a62f7779e0107338/a55b790be0c7a3b8bd343c450718edd9cdcb362c21f4d1b0a8bc464bc819d03c","Isolated compiled-client/source-handler construction only","PASS","Bounded case; not unique-control/all-state/final-source acceptance","browser-receipts.json#/receipts/244"
"bounded-browser-observation","C2-BROWSER-246","ownership.json; individual control attribution remains open","Bounded observation","","","agent","See exact browser-receipts.json observation","Real synthetic sessions/CSRF/object middleware; see receipt","Only states explicitly recorded in observation","Suite external effects: 0","Only dimensions/input explicitly recorded in observation","4df9b86e6e403dbdc5464dbf0b8f01162d46490d","442c1410553bd5631840dc7f85b1f7003c6b595d3263d326a62f7779e0107338/a55b790be0c7a3b8bd343c450718edd9cdcb362c21f4d1b0a8bc464bc819d03c","Isolated compiled-client/source-handler construction only","PASS","Bounded case; not unique-control/all-state/final-source acceptance","browser-receipts.json#/receipts/245"
"bounded-browser-observation","C2-BROWSER-247","ownership.json; individual control attribution remains open","Bounded observation","","","agent","See exact browser-receipts.json observation","Real synthetic sessions/CSRF/object middleware; see receipt","Only states explicitly recorded in observation","Suite external effects: 0","Only dimensions/input explicitly recorded in observation","4df9b86e6e403dbdc5464dbf0b8f01162d46490d","442c1410553bd5631840dc7f85b1f7003c6b595d3263d326a62f7779e0107338/a55b790be0c7a3b8bd343c450718edd9cdcb362c21f4d1b0a8bc464bc819d03c","Isolated compiled-client/source-handler construction only","PASS","Bounded case; not unique-control/all-state/final-source acceptance","browser-receipts.json#/receipts/246"
"bounded-browser-observation","C2-BROWSER-248","ownership.json; individual control attribution remains open","Bounded observation","","","agent","See exact browser-receipts.json observation","Real synthetic sessions/CSRF/object middleware; see receipt","Only states explicitly recorded in observation","Suite external effects: 0","Only dimensions/input explicitly recorded in observation","4df9b86e6e403dbdc5464dbf0b8f01162d46490d","442c1410553bd5631840dc7f85b1f7003c6b595d3263d326a62f7779e0107338/a55b790be0c7a3b8bd343c450718edd9cdcb362c21f4d1b0a8bc464bc819d03c","Isolated compiled-client/source-handler construction only","PASS","Bounded case; not unique-control/all-state/final-source acceptance","browser-receipts.json#/receipts/247"
"bounded-browser-observation","C2-BROWSER-249","ownership.json; individual control attribution remains open","Bounded observation","","","agent","See exact browser-receipts.json observation","Real synthetic sessions/CSRF/object middleware; see receipt","Only states explicitly recorded in observation","Suite external effects: 0","Only dimensions/input explicitly recorded in observation","4df9b86e6e403dbdc5464dbf0b8f01162d46490d","442c1410553bd5631840dc7f85b1f7003c6b595d3263d326a62f7779e0107338/a55b790be0c7a3b8bd343c450718edd9cdcb362c21f4d1b0a8bc464bc819d03c","Isolated compiled-client/source-handler construction only","PASS","Bounded case; not unique-control/all-state/final-source acceptance","browser-receipts.json#/receipts/248"
"bounded-browser-observation","C2-BROWSER-250","ownership.json; individual control attribution remains open","Bounded observation","","","agent","See exact browser-receipts.json observation","Real synthetic sessions/CSRF/object middleware; see receipt","Only states explicitly recorded in observation","Suite external effects: 0","Only dimensions/input explicitly recorded in observation","4df9b86e6e403dbdc5464dbf0b8f01162d46490d","442c1410553bd5631840dc7f85b1f7003c6b595d3263d326a62f7779e0107338/a55b790be0c7a3b8bd343c450718edd9cdcb362c21f4d1b0a8bc464bc819d03c","Isolated compiled-client/source-handler construction only","PASS","Bounded case; not unique-control/all-state/final-source acceptance","browser-receipts.json#/receipts/249"
"bounded-browser-observation","C2-BROWSER-251","ownership.json; individual control attribution remains open","Bounded observation","","","agent","See exact browser-receipts.json observation","Real synthetic sessions/CSRF/object middleware; see receipt","Only states explicitly recorded in observation","Suite external effects: 0","Only dimensions/input explicitly recorded in observation","4df9b86e6e403dbdc5464dbf0b8f01162d46490d","442c1410553bd5631840dc7f85b1f7003c6b595d3263d326a62f7779e0107338/a55b790be0c7a3b8bd343c450718edd9cdcb362c21f4d1b0a8bc464bc819d03c","Isolated compiled-client/source-handler construction only","PASS","Bounded case; not unique-control/all-state/final-source acceptance","browser-receipts.json#/receipts/250"
"bounded-browser-observation","C2-BROWSER-252","ownership.json; individual control attribution remains open","Bounded observation","","","agent","See exact browser-receipts.json observation","Real synthetic sessions/CSRF/object middleware; see receipt","Only states explicitly recorded in observation","Suite external effects: 0","Only dimensions/input explicitly recorded in observation","4df9b86e6e403dbdc5464dbf0b8f01162d46490d","442c1410553bd5631840dc7f85b1f7003c6b595d3263d326a62f7779e0107338/a55b790be0c7a3b8bd343c450718edd9cdcb362c21f4d1b0a8bc464bc819d03c","Isolated compiled-client/source-handler construction only","PASS","Bounded case; not unique-control/all-state/final-source acceptance","browser-receipts.json#/receipts/251"
"bounded-browser-observation","C2-BROWSER-253","ownership.json; individual control attribution remains open","Bounded observation","","","agent","See exact browser-receipts.json observation","Real synthetic sessions/CSRF/object middleware; see receipt","Only states explicitly recorded in observation","Suite external effects: 0","Only dimensions/input explicitly recorded in observation","4df9b86e6e403dbdc5464dbf0b8f01162d46490d","442c1410553bd5631840dc7f85b1f7003c6b595d3263d326a62f7779e0107338/a55b790be0c7a3b8bd343c450718edd9cdcb362c21f4d1b0a8bc464bc819d03c","Isolated compiled-client/source-handler construction only","PASS","Bounded case; not unique-control/all-state/final-source acceptance","browser-receipts.json#/receipts/252"
"bounded-browser-observation","C2-BROWSER-254","ownership.json; individual control attribution remains open","Bounded observation","","","agent","See exact browser-receipts.json observation","Real synthetic sessions/CSRF/object middleware; see receipt","Only states explicitly recorded in observation","Suite external effects: 0","Only dimensions/input explicitly recorded in observation","4df9b86e6e403dbdc5464dbf0b8f01162d46490d","442c1410553bd5631840dc7f85b1f7003c6b595d3263d326a62f7779e0107338/a55b790be0c7a3b8bd343c450718edd9cdcb362c21f4d1b0a8bc464bc819d03c","Isolated compiled-client/source-handler construction only","PASS","Bounded case; not unique-control/all-state/final-source acceptance","browser-receipts.json#/receipts/253"
"bounded-browser-observation","C2-BROWSER-255","ownership.json; individual control attribution remains open","Bounded observation","","","agent","See exact browser-receipts.json observation","Real synthetic sessions/CSRF/object middleware; see receipt","Only states explicitly recorded in observation","Suite external effects: 0","Only dimensions/input explicitly recorded in observation","4df9b86e6e403dbdc5464dbf0b8f01162d46490d","442c1410553bd5631840dc7f85b1f7003c6b595d3263d326a62f7779e0107338/a55b790be0c7a3b8bd343c450718edd9cdcb362c21f4d1b0a8bc464bc819d03c","Isolated compiled-client/source-handler construction only","PASS","Bounded case; not unique-control/all-state/final-source acceptance","browser-receipts.json#/receipts/254"
"bounded-browser-observation","C2-BROWSER-256","ownership.json; individual control attribution remains open","Bounded observation","","","agent","See exact browser-receipts.json observation","Real synthetic sessions/CSRF/object middleware; see receipt","Only states explicitly recorded in observation","Suite external effects: 0","Only dimensions/input explicitly recorded in observation","4df9b86e6e403dbdc5464dbf0b8f01162d46490d","442c1410553bd5631840dc7f85b1f7003c6b595d3263d326a62f7779e0107338/a55b790be0c7a3b8bd343c450718edd9cdcb362c21f4d1b0a8bc464bc819d03c","Isolated compiled-client/source-handler construction only","PASS","Bounded case; not unique-control/all-state/final-source acceptance","browser-receipts.json#/receipts/255"
"bounded-browser-observation","C2-BROWSER-257","ownership.json; individual control attribution remains open","Contact Back/Forward; Work click preserves context/hash and pushes; exact legacy Inbox channels","","","agent","See exact browser-receipts.json observation","Real synthetic sessions/CSRF/object middleware; see receipt","Only states explicitly recorded in observation","Suite external effects: 0","Only dimensions/input explicitly recorded in observation","4df9b86e6e403dbdc5464dbf0b8f01162d46490d","442c1410553bd5631840dc7f85b1f7003c6b595d3263d326a62f7779e0107338/a55b790be0c7a3b8bd343c450718edd9cdcb362c21f4d1b0a8bc464bc819d03c","Isolated compiled-client/source-handler construction only","PASS","Bounded case; not unique-control/all-state/final-source acceptance","browser-receipts.json#/receipts/256"
"bounded-browser-observation","C2-BROWSER-258","ownership.json; individual control attribution remains open","Retained shared-header Add Contact / Escape Cancel / real save / exact-ID reload","","","agent","See exact browser-receipts.json observation","Real synthetic sessions/CSRF/object middleware; see receipt","Only states explicitly recorded in observation","Suite external effects: 0","Only dimensions/input explicitly recorded in observation","4df9b86e6e403dbdc5464dbf0b8f01162d46490d","442c1410553bd5631840dc7f85b1f7003c6b595d3263d326a62f7779e0107338/a55b790be0c7a3b8bd343c450718edd9cdcb362c21f4d1b0a8bc464bc819d03c","Isolated compiled-client/source-handler construction only","PASS","Bounded case; not unique-control/all-state/final-source acceptance","browser-receipts.json#/receipts/257"
"bounded-browser-observation","C2-BROWSER-259","ownership.json; individual control attribution remains open","Contextual shell and accurate denied execution reason","","","agent","See exact browser-receipts.json observation","Real synthetic sessions/CSRF/object middleware; see receipt","Only states explicitly recorded in observation","Suite external effects: 0","Only dimensions/input explicitly recorded in observation","4df9b86e6e403dbdc5464dbf0b8f01162d46490d","442c1410553bd5631840dc7f85b1f7003c6b595d3263d326a62f7779e0107338/a55b790be0c7a3b8bd343c450718edd9cdcb362c21f4d1b0a8bc464bc819d03c","Isolated compiled-client/source-handler construction only","PASS","Bounded case; not unique-control/all-state/final-source acceptance","browser-receipts.json#/receipts/258"
"bounded-browser-observation","C2-BROWSER-260","ownership.json; individual control attribution remains open","Contextual shell and accurate denied execution reason","","","agent","See exact browser-receipts.json observation","Real synthetic sessions/CSRF/object middleware; see receipt","Only states explicitly recorded in observation","Suite external effects: 0","Only dimensions/input explicitly recorded in observation","4df9b86e6e403dbdc5464dbf0b8f01162d46490d","442c1410553bd5631840dc7f85b1f7003c6b595d3263d326a62f7779e0107338/a55b790be0c7a3b8bd343c450718edd9cdcb362c21f4d1b0a8bc464bc819d03c","Isolated compiled-client/source-handler construction only","PASS","Bounded case; not unique-control/all-state/final-source acceptance","browser-receipts.json#/receipts/259"
"bounded-browser-observation","C2-BROWSER-261","ownership.json; individual control attribution remains open","Contextual shell and accurate denied execution reason","","","agent","See exact browser-receipts.json observation","Real synthetic sessions/CSRF/object middleware; see receipt","Only states explicitly recorded in observation","Suite external effects: 0","Only dimensions/input explicitly recorded in observation","4df9b86e6e403dbdc5464dbf0b8f01162d46490d","442c1410553bd5631840dc7f85b1f7003c6b595d3263d326a62f7779e0107338/a55b790be0c7a3b8bd343c450718edd9cdcb362c21f4d1b0a8bc464bc819d03c","Isolated compiled-client/source-handler construction only","PASS","Bounded case; not unique-control/all-state/final-source acceptance","browser-receipts.json#/receipts/260"
"bounded-browser-observation","C2-BROWSER-262","ownership.json; individual control attribution remains open","Authorized Chat search beyond first 500 + paused Enter/button zero dispatch","","","agent","See exact browser-receipts.json observation","Real synthetic sessions/CSRF/object middleware; see receipt","Only states explicitly recorded in observation","Suite external effects: 0","Only dimensions/input explicitly recorded in observation","4df9b86e6e403dbdc5464dbf0b8f01162d46490d","442c1410553bd5631840dc7f85b1f7003c6b595d3263d326a62f7779e0107338/a55b790be0c7a3b8bd343c450718edd9cdcb362c21f4d1b0a8bc464bc819d03c","Isolated compiled-client/source-handler construction only","PASS","Bounded case; not unique-control/all-state/final-source acceptance","browser-receipts.json#/receipts/261"
"bounded-browser-observation","C2-BROWSER-263","ownership.json; individual control attribution remains open","Exact linked Log Only actual lost-response/readback","","","agent","See exact browser-receipts.json observation","Real synthetic sessions/CSRF/object middleware; see receipt","Only states explicitly recorded in observation","Suite external effects: 0","Only dimensions/input explicitly recorded in observation","4df9b86e6e403dbdc5464dbf0b8f01162d46490d","442c1410553bd5631840dc7f85b1f7003c6b595d3263d326a62f7779e0107338/a55b790be0c7a3b8bd343c450718edd9cdcb362c21f4d1b0a8bc464bc819d03c","Isolated compiled-client/source-handler construction only","PASS","Bounded case; not unique-control/all-state/final-source acceptance","browser-receipts.json#/receipts/262"
"bounded-browser-observation","C2-BROWSER-264","ownership.json; individual control attribution remains open","Work create Cancel / actual lost-response same-UUID retry / new identical intent / durable reload","","","agent","See exact browser-receipts.json observation","Real synthetic sessions/CSRF/object middleware; see receipt","Only states explicitly recorded in observation","Suite external effects: 0","Only dimensions/input explicitly recorded in observation","4df9b86e6e403dbdc5464dbf0b8f01162d46490d","442c1410553bd5631840dc7f85b1f7003c6b595d3263d326a62f7779e0107338/a55b790be0c7a3b8bd343c450718edd9cdcb362c21f4d1b0a8bc464bc819d03c","Isolated compiled-client/source-handler construction only","PASS","Bounded case; not unique-control/all-state/final-source acceptance","browser-receipts.json#/receipts/263"
"bounded-browser-observation","C2-BROWSER-265","ownership.json; individual control attribution remains open","Work bulk delete Cancel zero effects / stale displayed-member atomic conflict preserves selection / fresh explicit bulk complete","","","agent","See exact browser-receipts.json observation","Real synthetic sessions/CSRF/object middleware; see receipt","Only states explicitly recorded in observation","Suite external effects: 0","Only dimensions/input explicitly recorded in observation","4df9b86e6e403dbdc5464dbf0b8f01162d46490d","442c1410553bd5631840dc7f85b1f7003c6b595d3263d326a62f7779e0107338/a55b790be0c7a3b8bd343c450718edd9cdcb362c21f4d1b0a8bc464bc819d03c","Isolated compiled-client/source-handler construction only","PASS","Bounded case; not unique-control/all-state/final-source acceptance","browser-receipts.json#/receipts/264"
"bounded-browser-observation","C2-BROWSER-266","ownership.json; individual control attribution remains open","Company M&A privilege-specific create capability","","","agent","See exact browser-receipts.json observation","Real synthetic sessions/CSRF/object middleware; see receipt","Only states explicitly recorded in observation","Suite external effects: 0","Only dimensions/input explicitly recorded in observation","4df9b86e6e403dbdc5464dbf0b8f01162d46490d","442c1410553bd5631840dc7f85b1f7003c6b595d3263d326a62f7779e0107338/a55b790be0c7a3b8bd343c450718edd9cdcb362c21f4d1b0a8bc464bc819d03c","Isolated compiled-client/source-handler construction only","PASS","Bounded case; not unique-control/all-state/final-source acceptance","browser-receipts.json#/receipts/265"
"bounded-browser-observation","C2-BROWSER-267","ownership.json; individual control attribution remains open","New Deal authorized contact search/select beyond page one; Cancel","","","agent","See exact browser-receipts.json observation","Real synthetic sessions/CSRF/object middleware; see receipt","Only states explicitly recorded in observation","Suite external effects: 0","Only dimensions/input explicitly recorded in observation","4df9b86e6e403dbdc5464dbf0b8f01162d46490d","442c1410553bd5631840dc7f85b1f7003c6b595d3263d326a62f7779e0107338/a55b790be0c7a3b8bd343c450718edd9cdcb362c21f4d1b0a8bc464bc819d03c","Isolated compiled-client/source-handler construction only","PASS","Bounded case; not unique-control/all-state/final-source acceptance","browser-receipts.json#/receipts/266"
"bounded-browser-observation","C2-BROWSER-268","ownership.json; individual control attribution remains open","Pipeline quick edit exact protected contact / Cancel zero writes / actual unavailable read hides editable placeholders","","","agent","See exact browser-receipts.json observation","Real synthetic sessions/CSRF/object middleware; see receipt","Only states explicitly recorded in observation","Suite external effects: 0","Only dimensions/input explicitly recorded in observation","4df9b86e6e403dbdc5464dbf0b8f01162d46490d","442c1410553bd5631840dc7f85b1f7003c6b595d3263d326a62f7779e0107338/a55b790be0c7a3b8bd343c450718edd9cdcb362c21f4d1b0a8bc464bc819d03c","Isolated compiled-client/source-handler construction only","PASS","Bounded case; not unique-control/all-state/final-source acceptance","browser-receipts.json#/receipts/267"
"bounded-browser-observation","C2-BROWSER-269","ownership.json; individual control attribution remains open","Agent bulk stage privilege is disabled with reason; individual owned editor remains available","","","agent","See exact browser-receipts.json observation","Real synthetic sessions/CSRF/object middleware; see receipt","Only states explicitly recorded in observation","Suite external effects: 0","Only dimensions/input explicitly recorded in observation","4df9b86e6e403dbdc5464dbf0b8f01162d46490d","442c1410553bd5631840dc7f85b1f7003c6b595d3263d326a62f7779e0107338/a55b790be0c7a3b8bd343c450718edd9cdcb362c21f4d1b0a8bc464bc819d03c","Isolated compiled-client/source-handler construction only","PASS","Bounded case; not unique-control/all-state/final-source acceptance","browser-receipts.json#/receipts/268"
"bounded-browser-observation","C2-BROWSER-270","ownership.json; individual control attribution remains open","Keyboard named Open deal / individual stage editor / durable Board reload","","","agent","See exact browser-receipts.json observation","Real synthetic sessions/CSRF/object middleware; see receipt","Only states explicitly recorded in observation","Suite external effects: 0","Only dimensions/input explicitly recorded in observation","4df9b86e6e403dbdc5464dbf0b8f01162d46490d","442c1410553bd5631840dc7f85b1f7003c6b595d3263d326a62f7779e0107338/a55b790be0c7a3b8bd343c450718edd9cdcb362c21f4d1b0a8bc464bc819d03c","Isolated compiled-client/source-handler construction only","PASS","Bounded case; not unique-control/all-state/final-source acceptance","browser-receipts.json#/receipts/269"
"bounded-browser-observation","C2-BROWSER-271","ownership.json; individual control attribution remains open","Pipeline immutable history failure","","","agent","See exact browser-receipts.json observation","Real synthetic sessions/CSRF/object middleware; see receipt","Only states explicitly recorded in observation","Suite external effects: 0","Only dimensions/input explicitly recorded in observation","4df9b86e6e403dbdc5464dbf0b8f01162d46490d","442c1410553bd5631840dc7f85b1f7003c6b595d3263d326a62f7779e0107338/a55b790be0c7a3b8bd343c450718edd9cdcb362c21f4d1b0a8bc464bc819d03c","Isolated compiled-client/source-handler construction only","PASS","Bounded case; not unique-control/all-state/final-source acceptance","browser-receipts.json#/receipts/270"
"bounded-browser-observation","C2-BROWSER-272","ownership.json; individual control attribution remains open","Contact survey-history read failure","","","agent","See exact browser-receipts.json observation","Real synthetic sessions/CSRF/object middleware; see receipt","Only states explicitly recorded in observation","Suite external effects: 0","Only dimensions/input explicitly recorded in observation","4df9b86e6e403dbdc5464dbf0b8f01162d46490d","442c1410553bd5631840dc7f85b1f7003c6b595d3263d326a62f7779e0107338/a55b790be0c7a3b8bd343c450718edd9cdcb362c21f4d1b0a8bc464bc819d03c","Isolated compiled-client/source-handler construction only","PASS","Bounded case; not unique-control/all-state/final-source acceptance","browser-receipts.json#/receipts/271"
"bounded-browser-observation","C2-BROWSER-273","ownership.json; individual control attribution remains open","Dedicated mobile enrollment-history read failure","","","agent","See exact browser-receipts.json observation","Real synthetic sessions/CSRF/object middleware; see receipt","Only states explicitly recorded in observation","Suite external effects: 0","Only dimensions/input explicitly recorded in observation","4df9b86e6e403dbdc5464dbf0b8f01162d46490d","442c1410553bd5631840dc7f85b1f7003c6b595d3263d326a62f7779e0107338/a55b790be0c7a3b8bd343c450718edd9cdcb362c21f4d1b0a8bc464bc819d03c","Isolated compiled-client/source-handler construction only","PASS","Bounded case; not unique-control/all-state/final-source acceptance","browser-receipts.json#/receipts/272"
"bounded-browser-observation","C2-BROWSER-274","ownership.json; individual control attribution remains open","Board/List retain recorded legacy stage and exact linked identity","","","agent","See exact browser-receipts.json observation","Real synthetic sessions/CSRF/object middleware; see receipt","Only states explicitly recorded in observation","Suite external effects: 0","Only dimensions/input explicitly recorded in observation","4df9b86e6e403dbdc5464dbf0b8f01162d46490d","442c1410553bd5631840dc7f85b1f7003c6b595d3263d326a62f7779e0107338/a55b790be0c7a3b8bd343c450718edd9cdcb362c21f4d1b0a8bc464bc819d03c","Isolated compiled-client/source-handler construction only","PASS","Bounded case; not unique-control/all-state/final-source acceptance","browser-receipts.json#/receipts/273"
"bounded-browser-observation","C2-BROWSER-275","ownership.json; individual control attribution remains open","/dashboard/my-day","","","agent","See exact browser-receipts.json observation","Real synthetic sessions/CSRF/object middleware; see receipt","Only states explicitly recorded in observation","Suite external effects: 0","Only dimensions/input explicitly recorded in observation","4df9b86e6e403dbdc5464dbf0b8f01162d46490d","442c1410553bd5631840dc7f85b1f7003c6b595d3263d326a62f7779e0107338/a55b790be0c7a3b8bd343c450718edd9cdcb362c21f4d1b0a8bc464bc819d03c","Isolated compiled-client/source-handler construction only","PASS","Bounded case; not unique-control/all-state/final-source acceptance","browser-receipts.json#/receipts/274"
"bounded-browser-observation","C2-BROWSER-276","ownership.json; individual control attribution remains open","/dashboard/contacts","","","agent","See exact browser-receipts.json observation","Real synthetic sessions/CSRF/object middleware; see receipt","Only states explicitly recorded in observation","Suite external effects: 0","Only dimensions/input explicitly recorded in observation","4df9b86e6e403dbdc5464dbf0b8f01162d46490d","442c1410553bd5631840dc7f85b1f7003c6b595d3263d326a62f7779e0107338/a55b790be0c7a3b8bd343c450718edd9cdcb362c21f4d1b0a8bc464bc819d03c","Isolated compiled-client/source-handler construction only","PASS","Bounded case; not unique-control/all-state/final-source acceptance","browser-receipts.json#/receipts/275"
"bounded-browser-observation","C2-BROWSER-277","ownership.json; individual control attribution remains open","/dashboard/contacts/601?area=overview&section=overview","","","agent","See exact browser-receipts.json observation","Real synthetic sessions/CSRF/object middleware; see receipt","Only states explicitly recorded in observation","Suite external effects: 0","Only dimensions/input explicitly recorded in observation","4df9b86e6e403dbdc5464dbf0b8f01162d46490d","442c1410553bd5631840dc7f85b1f7003c6b595d3263d326a62f7779e0107338/a55b790be0c7a3b8bd343c450718edd9cdcb362c21f4d1b0a8bc464bc819d03c","Isolated compiled-client/source-handler construction only","PASS","Bounded case; not unique-control/all-state/final-source acceptance","browser-receipts.json#/receipts/276"
"bounded-browser-observation","C2-BROWSER-278","ownership.json; individual control attribution remains open","/dashboard/pipeline?id=1","","","agent","See exact browser-receipts.json observation","Real synthetic sessions/CSRF/object middleware; see receipt","Only states explicitly recorded in observation","Suite external effects: 0","Only dimensions/input explicitly recorded in observation","4df9b86e6e403dbdc5464dbf0b8f01162d46490d","442c1410553bd5631840dc7f85b1f7003c6b595d3263d326a62f7779e0107338/a55b790be0c7a3b8bd343c450718edd9cdcb362c21f4d1b0a8bc464bc819d03c","Isolated compiled-client/source-handler construction only","PASS","Bounded case; not unique-control/all-state/final-source acceptance","browser-receipts.json#/receipts/277"
"bounded-browser-observation","C2-BROWSER-279","ownership.json; individual control attribution remains open","/dashboard/comms-hub?channel=email","","","agent","See exact browser-receipts.json observation","Real synthetic sessions/CSRF/object middleware; see receipt","Only states explicitly recorded in observation","Suite external effects: 0","Only dimensions/input explicitly recorded in observation","4df9b86e6e403dbdc5464dbf0b8f01162d46490d","442c1410553bd5631840dc7f85b1f7003c6b595d3263d326a62f7779e0107338/a55b790be0c7a3b8bd343c450718edd9cdcb362c21f4d1b0a8bc464bc819d03c","Isolated compiled-client/source-handler construction only","PASS","Bounded case; not unique-control/all-state/final-source acceptance","browser-receipts.json#/receipts/278"
"bounded-browser-observation","C2-BROWSER-280","ownership.json; individual control attribution remains open","/dashboard/tasks-appointments","","","agent","See exact browser-receipts.json observation","Real synthetic sessions/CSRF/object middleware; see receipt","Only states explicitly recorded in observation","Suite external effects: 0","Only dimensions/input explicitly recorded in observation","4df9b86e6e403dbdc5464dbf0b8f01162d46490d","442c1410553bd5631840dc7f85b1f7003c6b595d3263d326a62f7779e0107338/a55b790be0c7a3b8bd343c450718edd9cdcb362c21f4d1b0a8bc464bc819d03c","Isolated compiled-client/source-handler construction only","PASS","Bounded case; not unique-control/all-state/final-source acceptance","browser-receipts.json#/receipts/279"
"bounded-browser-observation","C2-BROWSER-281","ownership.json; individual control attribution remains open","Contact inline note actual UI save/reload","","","agent","See exact browser-receipts.json observation","Real synthetic sessions/CSRF/object middleware; see receipt","Only states explicitly recorded in observation","Suite external effects: 0","Only dimensions/input explicitly recorded in observation","4df9b86e6e403dbdc5464dbf0b8f01162d46490d","442c1410553bd5631840dc7f85b1f7003c6b595d3263d326a62f7779e0107338/a55b790be0c7a3b8bd343c450718edd9cdcb362c21f4d1b0a8bc464bc819d03c","Isolated compiled-client/source-handler construction only","PASS","Bounded case; not unique-control/all-state/final-source acceptance","browser-receipts.json#/receipts/280"
"bounded-browser-observation","C2-BROWSER-282","ownership.json; individual control attribution remains open","Contact task Cancel / create lost-reply retry / durable record readback / Edit Cancel / edit save / actual completion","","","agent","See exact browser-receipts.json observation","Real synthetic sessions/CSRF/object middleware; see receipt","Only states explicitly recorded in observation","Suite external effects: 0","Only dimensions/input explicitly recorded in observation","4df9b86e6e403dbdc5464dbf0b8f01162d46490d","442c1410553bd5631840dc7f85b1f7003c6b595d3263d326a62f7779e0107338/a55b790be0c7a3b8bd343c450718edd9cdcb362c21f4d1b0a8bc464bc819d03c","Isolated compiled-client/source-handler construction only","PASS","Bounded case; not unique-control/all-state/final-source acceptance","browser-receipts.json#/receipts/281"
"bounded-browser-observation","C2-BROWSER-283","ownership.json; individual control attribution remains open","Bounded observation","","","agent","See exact browser-receipts.json observation","Real synthetic sessions/CSRF/object middleware; see receipt","Only states explicitly recorded in observation","Suite external effects: 0","Only dimensions/input explicitly recorded in observation","4df9b86e6e403dbdc5464dbf0b8f01162d46490d","442c1410553bd5631840dc7f85b1f7003c6b595d3263d326a62f7779e0107338/a55b790be0c7a3b8bd343c450718edd9cdcb362c21f4d1b0a8bc464bc819d03c","Isolated compiled-client/source-handler construction only","PASS","Bounded case; not unique-control/all-state/final-source acceptance","browser-receipts.json#/receipts/282"
"bounded-browser-observation","C2-BROWSER-284","ownership.json; individual control attribution remains open","Bounded observation","","","agent","See exact browser-receipts.json observation","Real synthetic sessions/CSRF/object middleware; see receipt","Only states explicitly recorded in observation","Suite external effects: 0","Only dimensions/input explicitly recorded in observation","4df9b86e6e403dbdc5464dbf0b8f01162d46490d","442c1410553bd5631840dc7f85b1f7003c6b595d3263d326a62f7779e0107338/a55b790be0c7a3b8bd343c450718edd9cdcb362c21f4d1b0a8bc464bc819d03c","Isolated compiled-client/source-handler construction only","PASS","Bounded case; not unique-control/all-state/final-source acceptance","browser-receipts.json#/receipts/283"
"bounded-browser-observation","C2-BROWSER-285","ownership.json; individual control attribution remains open","Bounded observation","","","agent","See exact browser-receipts.json observation","Real synthetic sessions/CSRF/object middleware; see receipt","Only states explicitly recorded in observation","Suite external effects: 0","Only dimensions/input explicitly recorded in observation","4df9b86e6e403dbdc5464dbf0b8f01162d46490d","442c1410553bd5631840dc7f85b1f7003c6b595d3263d326a62f7779e0107338/a55b790be0c7a3b8bd343c450718edd9cdcb362c21f4d1b0a8bc464bc819d03c","Isolated compiled-client/source-handler construction only","PASS","Bounded case; not unique-control/all-state/final-source acceptance","browser-receipts.json#/receipts/284"
"bounded-browser-observation","C2-BROWSER-286","ownership.json; individual control attribution remains open","Bounded observation","","","agent","See exact browser-receipts.json observation","Real synthetic sessions/CSRF/object middleware; see receipt","Only states explicitly recorded in observation","Suite external effects: 0","Only dimensions/input explicitly recorded in observation","4df9b86e6e403dbdc5464dbf0b8f01162d46490d","442c1410553bd5631840dc7f85b1f7003c6b595d3263d326a62f7779e0107338/a55b790be0c7a3b8bd343c450718edd9cdcb362c21f4d1b0a8bc464bc819d03c","Isolated compiled-client/source-handler construction only","PASS","Bounded case; not unique-control/all-state/final-source acceptance","browser-receipts.json#/receipts/285"
"bounded-browser-observation","C2-BROWSER-287","ownership.json; individual control attribution remains open","Bounded observation","","","agent","See exact browser-receipts.json observation","Real synthetic sessions/CSRF/object middleware; see receipt","Only states explicitly recorded in observation","Suite external effects: 0","Only dimensions/input explicitly recorded in observation","4df9b86e6e403dbdc5464dbf0b8f01162d46490d","442c1410553bd5631840dc7f85b1f7003c6b595d3263d326a62f7779e0107338/a55b790be0c7a3b8bd343c450718edd9cdcb362c21f4d1b0a8bc464bc819d03c","Isolated compiled-client/source-handler construction only","PASS","Bounded case; not unique-control/all-state/final-source acceptance","browser-receipts.json#/receipts/286"
"bounded-browser-observation","C2-BROWSER-288","ownership.json; individual control attribution remains open","Bounded observation","","","agent","See exact browser-receipts.json observation","Real synthetic sessions/CSRF/object middleware; see receipt","Only states explicitly recorded in observation","Suite external effects: 0","Only dimensions/input explicitly recorded in observation","4df9b86e6e403dbdc5464dbf0b8f01162d46490d","442c1410553bd5631840dc7f85b1f7003c6b595d3263d326a62f7779e0107338/a55b790be0c7a3b8bd343c450718edd9cdcb362c21f4d1b0a8bc464bc819d03c","Isolated compiled-client/source-handler construction only","PASS","Bounded case; not unique-control/all-state/final-source acceptance","browser-receipts.json#/receipts/287"
"bounded-browser-observation","C2-BROWSER-289","ownership.json; individual control attribution remains open","Bounded observation","","","agent","See exact browser-receipts.json observation","Real synthetic sessions/CSRF/object middleware; see receipt","Only states explicitly recorded in observation","Suite external effects: 0","Only dimensions/input explicitly recorded in observation","4df9b86e6e403dbdc5464dbf0b8f01162d46490d","442c1410553bd5631840dc7f85b1f7003c6b595d3263d326a62f7779e0107338/a55b790be0c7a3b8bd343c450718edd9cdcb362c21f4d1b0a8bc464bc819d03c","Isolated compiled-client/source-handler construction only","PASS","Bounded case; not unique-control/all-state/final-source acceptance","browser-receipts.json#/receipts/288"
"bounded-browser-observation","C2-BROWSER-290","ownership.json; individual control attribution remains open","Bounded observation","","","agent","See exact browser-receipts.json observation","Real synthetic sessions/CSRF/object middleware; see receipt","Only states explicitly recorded in observation","Suite external effects: 0","Only dimensions/input explicitly recorded in observation","4df9b86e6e403dbdc5464dbf0b8f01162d46490d","442c1410553bd5631840dc7f85b1f7003c6b595d3263d326a62f7779e0107338/a55b790be0c7a3b8bd343c450718edd9cdcb362c21f4d1b0a8bc464bc819d03c","Isolated compiled-client/source-handler construction only","PASS","Bounded case; not unique-control/all-state/final-source acceptance","browser-receipts.json#/receipts/289"
"bounded-browser-observation","C2-BROWSER-291","ownership.json; individual control attribution remains open","Bounded observation","","","agent","See exact browser-receipts.json observation","Real synthetic sessions/CSRF/object middleware; see receipt","Only states explicitly recorded in observation","Suite external effects: 0","Only dimensions/input explicitly recorded in observation","4df9b86e6e403dbdc5464dbf0b8f01162d46490d","442c1410553bd5631840dc7f85b1f7003c6b595d3263d326a62f7779e0107338/a55b790be0c7a3b8bd343c450718edd9cdcb362c21f4d1b0a8bc464bc819d03c","Isolated compiled-client/source-handler construction only","PASS","Bounded case; not unique-control/all-state/final-source acceptance","browser-receipts.json#/receipts/290"
"bounded-browser-observation","C2-BROWSER-292","ownership.json; individual control attribution remains open","Bounded observation","","","agent","See exact browser-receipts.json observation","Real synthetic sessions/CSRF/object middleware; see receipt","Only states explicitly recorded in observation","Suite external effects: 0","Only dimensions/input explicitly recorded in observation","4df9b86e6e403dbdc5464dbf0b8f01162d46490d","442c1410553bd5631840dc7f85b1f7003c6b595d3263d326a62f7779e0107338/a55b790be0c7a3b8bd343c450718edd9cdcb362c21f4d1b0a8bc464bc819d03c","Isolated compiled-client/source-handler construction only","PASS","Bounded case; not unique-control/all-state/final-source acceptance","browser-receipts.json#/receipts/291"
"bounded-browser-observation","C2-BROWSER-293","ownership.json; individual control attribution remains open","Bounded observation","","","agent","See exact browser-receipts.json observation","Real synthetic sessions/CSRF/object middleware; see receipt","Only states explicitly recorded in observation","Suite external effects: 0","Only dimensions/input explicitly recorded in observation","4df9b86e6e403dbdc5464dbf0b8f01162d46490d","442c1410553bd5631840dc7f85b1f7003c6b595d3263d326a62f7779e0107338/a55b790be0c7a3b8bd343c450718edd9cdcb362c21f4d1b0a8bc464bc819d03c","Isolated compiled-client/source-handler construction only","PASS","Bounded case; not unique-control/all-state/final-source acceptance","browser-receipts.json#/receipts/292"
"bounded-browser-observation","C2-BROWSER-294","ownership.json; individual control attribution remains open","Bounded observation","","","agent","See exact browser-receipts.json observation","Real synthetic sessions/CSRF/object middleware; see receipt","Only states explicitly recorded in observation","Suite external effects: 0","Only dimensions/input explicitly recorded in observation","4df9b86e6e403dbdc5464dbf0b8f01162d46490d","442c1410553bd5631840dc7f85b1f7003c6b595d3263d326a62f7779e0107338/a55b790be0c7a3b8bd343c450718edd9cdcb362c21f4d1b0a8bc464bc819d03c","Isolated compiled-client/source-handler construction only","PASS","Bounded case; not unique-control/all-state/final-source acceptance","browser-receipts.json#/receipts/293"
"bounded-browser-observation","C2-BROWSER-295","ownership.json; individual control attribution remains open","Bounded observation","","","agent","See exact browser-receipts.json observation","Real synthetic sessions/CSRF/object middleware; see receipt","Only states explicitly recorded in observation","Suite external effects: 0","Only dimensions/input explicitly recorded in observation","4df9b86e6e403dbdc5464dbf0b8f01162d46490d","442c1410553bd5631840dc7f85b1f7003c6b595d3263d326a62f7779e0107338/a55b790be0c7a3b8bd343c450718edd9cdcb362c21f4d1b0a8bc464bc819d03c","Isolated compiled-client/source-handler construction only","PASS","Bounded case; not unique-control/all-state/final-source acceptance","browser-receipts.json#/receipts/294"
"bounded-browser-observation","C2-BROWSER-296","ownership.json; individual control attribution remains open","Bounded observation","","","agent","See exact browser-receipts.json observation","Real synthetic sessions/CSRF/object middleware; see receipt","Only states explicitly recorded in observation","Suite external effects: 0","Only dimensions/input explicitly recorded in observation","4df9b86e6e403dbdc5464dbf0b8f01162d46490d","442c1410553bd5631840dc7f85b1f7003c6b595d3263d326a62f7779e0107338/a55b790be0c7a3b8bd343c450718edd9cdcb362c21f4d1b0a8bc464bc819d03c","Isolated compiled-client/source-handler construction only","PASS","Bounded case; not unique-control/all-state/final-source acceptance","browser-receipts.json#/receipts/295"
"bounded-browser-observation","C2-BROWSER-297","ownership.json; individual control attribution remains open","Bounded observation","","","agent","See exact browser-receipts.json observation","Real synthetic sessions/CSRF/object middleware; see receipt","Only states explicitly recorded in observation","Suite external effects: 0","Only dimensions/input explicitly recorded in observation","4df9b86e6e403dbdc5464dbf0b8f01162d46490d","442c1410553bd5631840dc7f85b1f7003c6b595d3263d326a62f7779e0107338/a55b790be0c7a3b8bd343c450718edd9cdcb362c21f4d1b0a8bc464bc819d03c","Isolated compiled-client/source-handler construction only","PASS","Bounded case; not unique-control/all-state/final-source acceptance","browser-receipts.json#/receipts/296"
"bounded-browser-observation","C2-BROWSER-298","ownership.json; individual control attribution remains open","Bounded observation","","","agent","See exact browser-receipts.json observation","Real synthetic sessions/CSRF/object middleware; see receipt","Only states explicitly recorded in observation","Suite external effects: 0","Only dimensions/input explicitly recorded in observation","4df9b86e6e403dbdc5464dbf0b8f01162d46490d","442c1410553bd5631840dc7f85b1f7003c6b595d3263d326a62f7779e0107338/a55b790be0c7a3b8bd343c450718edd9cdcb362c21f4d1b0a8bc464bc819d03c","Isolated compiled-client/source-handler construction only","PASS","Bounded case; not unique-control/all-state/final-source acceptance","browser-receipts.json#/receipts/297"
"bounded-browser-observation","C2-BROWSER-299","ownership.json; individual control attribution remains open","Bounded observation","","","agent","See exact browser-receipts.json observation","Real synthetic sessions/CSRF/object middleware; see receipt","Only states explicitly recorded in observation","Suite external effects: 0","Only dimensions/input explicitly recorded in observation","4df9b86e6e403dbdc5464dbf0b8f01162d46490d","442c1410553bd5631840dc7f85b1f7003c6b595d3263d326a62f7779e0107338/a55b790be0c7a3b8bd343c450718edd9cdcb362c21f4d1b0a8bc464bc819d03c","Isolated compiled-client/source-handler construction only","PASS","Bounded case; not unique-control/all-state/final-source acceptance","browser-receipts.json#/receipts/298"
"bounded-browser-observation","C2-BROWSER-300","ownership.json; individual control attribution remains open","Bounded observation","","","agent","See exact browser-receipts.json observation","Real synthetic sessions/CSRF/object middleware; see receipt","Only states explicitly recorded in observation","Suite external effects: 0","Only dimensions/input explicitly recorded in observation","4df9b86e6e403dbdc5464dbf0b8f01162d46490d","442c1410553bd5631840dc7f85b1f7003c6b595d3263d326a62f7779e0107338/a55b790be0c7a3b8bd343c450718edd9cdcb362c21f4d1b0a8bc464bc819d03c","Isolated compiled-client/source-handler construction only","PASS","Bounded case; not unique-control/all-state/final-source acceptance","browser-receipts.json#/receipts/299"
"bounded-browser-observation","C2-BROWSER-301","ownership.json; individual control attribution remains open","Bounded observation","","","agent","See exact browser-receipts.json observation","Real synthetic sessions/CSRF/object middleware; see receipt","Only states explicitly recorded in observation","Suite external effects: 0","Only dimensions/input explicitly recorded in observation","4df9b86e6e403dbdc5464dbf0b8f01162d46490d","442c1410553bd5631840dc7f85b1f7003c6b595d3263d326a62f7779e0107338/a55b790be0c7a3b8bd343c450718edd9cdcb362c21f4d1b0a8bc464bc819d03c","Isolated compiled-client/source-handler construction only","PASS","Bounded case; not unique-control/all-state/final-source acceptance","browser-receipts.json#/receipts/300"
"bounded-browser-observation","C2-BROWSER-302","ownership.json; individual control attribution remains open","Bounded observation","","","agent","See exact browser-receipts.json observation","Real synthetic sessions/CSRF/object middleware; see receipt","Only states explicitly recorded in observation","Suite external effects: 0","Only dimensions/input explicitly recorded in observation","4df9b86e6e403dbdc5464dbf0b8f01162d46490d","442c1410553bd5631840dc7f85b1f7003c6b595d3263d326a62f7779e0107338/a55b790be0c7a3b8bd343c450718edd9cdcb362c21f4d1b0a8bc464bc819d03c","Isolated compiled-client/source-handler construction only","PASS","Bounded case; not unique-control/all-state/final-source acceptance","browser-receipts.json#/receipts/301"
"bounded-browser-observation","C2-BROWSER-303","ownership.json; individual control attribution remains open","Bounded observation","","","agent","See exact browser-receipts.json observation","Real synthetic sessions/CSRF/object middleware; see receipt","Only states explicitly recorded in observation","Suite external effects: 0","Only dimensions/input explicitly recorded in observation","4df9b86e6e403dbdc5464dbf0b8f01162d46490d","442c1410553bd5631840dc7f85b1f7003c6b595d3263d326a62f7779e0107338/a55b790be0c7a3b8bd343c450718edd9cdcb362c21f4d1b0a8bc464bc819d03c","Isolated compiled-client/source-handler construction only","PASS","Bounded case; not unique-control/all-state/final-source acceptance","browser-receipts.json#/receipts/302"
"bounded-browser-observation","C2-BROWSER-304","ownership.json; individual control attribution remains open","Bounded observation","","","agent","See exact browser-receipts.json observation","Real synthetic sessions/CSRF/object middleware; see receipt","Only states explicitly recorded in observation","Suite external effects: 0","Only dimensions/input explicitly recorded in observation","4df9b86e6e403dbdc5464dbf0b8f01162d46490d","442c1410553bd5631840dc7f85b1f7003c6b595d3263d326a62f7779e0107338/a55b790be0c7a3b8bd343c450718edd9cdcb362c21f4d1b0a8bc464bc819d03c","Isolated compiled-client/source-handler construction only","PASS","Bounded case; not unique-control/all-state/final-source acceptance","browser-receipts.json#/receipts/303"
"bounded-browser-observation","C2-BROWSER-305","ownership.json; individual control attribution remains open","Bounded observation","","","agent","See exact browser-receipts.json observation","Real synthetic sessions/CSRF/object middleware; see receipt","Only states explicitly recorded in observation","Suite external effects: 0","Only dimensions/input explicitly recorded in observation","4df9b86e6e403dbdc5464dbf0b8f01162d46490d","442c1410553bd5631840dc7f85b1f7003c6b595d3263d326a62f7779e0107338/a55b790be0c7a3b8bd343c450718edd9cdcb362c21f4d1b0a8bc464bc819d03c","Isolated compiled-client/source-handler construction only","PASS","Bounded case; not unique-control/all-state/final-source acceptance","browser-receipts.json#/receipts/304"
"bounded-browser-observation","C2-BROWSER-306","ownership.json; individual control attribution remains open","Bounded observation","","","agent","See exact browser-receipts.json observation","Real synthetic sessions/CSRF/object middleware; see receipt","Only states explicitly recorded in observation","Suite external effects: 0","Only dimensions/input explicitly recorded in observation","4df9b86e6e403dbdc5464dbf0b8f01162d46490d","442c1410553bd5631840dc7f85b1f7003c6b595d3263d326a62f7779e0107338/a55b790be0c7a3b8bd343c450718edd9cdcb362c21f4d1b0a8bc464bc819d03c","Isolated compiled-client/source-handler construction only","PASS","Bounded case; not unique-control/all-state/final-source acceptance","browser-receipts.json#/receipts/305"
"bounded-browser-observation","C2-BROWSER-307","ownership.json; individual control attribution remains open","Bounded observation","","","agent","See exact browser-receipts.json observation","Real synthetic sessions/CSRF/object middleware; see receipt","Only states explicitly recorded in observation","Suite external effects: 0","Only dimensions/input explicitly recorded in observation","4df9b86e6e403dbdc5464dbf0b8f01162d46490d","442c1410553bd5631840dc7f85b1f7003c6b595d3263d326a62f7779e0107338/a55b790be0c7a3b8bd343c450718edd9cdcb362c21f4d1b0a8bc464bc819d03c","Isolated compiled-client/source-handler construction only","PASS","Bounded case; not unique-control/all-state/final-source acceptance","browser-receipts.json#/receipts/306"
"bounded-browser-observation","C2-BROWSER-308","ownership.json; individual control attribution remains open","Inbox channel-bound draft actual post-commit response loss / same-intent retry / durable reload / paused Enter and button","","","agent","See exact browser-receipts.json observation","Real synthetic sessions/CSRF/object middleware; see receipt","Only states explicitly recorded in observation","Suite external effects: 0","Only dimensions/input explicitly recorded in observation","4df9b86e6e403dbdc5464dbf0b8f01162d46490d","442c1410553bd5631840dc7f85b1f7003c6b595d3263d326a62f7779e0107338/a55b790be0c7a3b8bd343c450718edd9cdcb362c21f4d1b0a8bc464bc819d03c","Isolated compiled-client/source-handler construction only","PASS","Bounded case; not unique-control/all-state/final-source acceptance","browser-receipts.json#/receipts/307"
"bounded-browser-observation","C2-BROWSER-309","ownership.json; individual control attribution remains open","Bounded observation","","","agent","See exact browser-receipts.json observation","Real synthetic sessions/CSRF/object middleware; see receipt","Only states explicitly recorded in observation","Suite external effects: 0","Only dimensions/input explicitly recorded in observation","4df9b86e6e403dbdc5464dbf0b8f01162d46490d","442c1410553bd5631840dc7f85b1f7003c6b595d3263d326a62f7779e0107338/a55b790be0c7a3b8bd343c450718edd9cdcb362c21f4d1b0a8bc464bc819d03c","Isolated compiled-client/source-handler construction only","PASS","Bounded case; not unique-control/all-state/final-source acceptance","browser-receipts.json#/receipts/308"
"bounded-browser-observation","C2-BROWSER-310","ownership.json; individual control attribution remains open","Bounded observation","","","agent","See exact browser-receipts.json observation","Real synthetic sessions/CSRF/object middleware; see receipt","Only states explicitly recorded in observation","Suite external effects: 0","Only dimensions/input explicitly recorded in observation","4df9b86e6e403dbdc5464dbf0b8f01162d46490d","442c1410553bd5631840dc7f85b1f7003c6b595d3263d326a62f7779e0107338/a55b790be0c7a3b8bd343c450718edd9cdcb362c21f4d1b0a8bc464bc819d03c","Isolated compiled-client/source-handler construction only","PASS","Bounded case; not unique-control/all-state/final-source acceptance","browser-receipts.json#/receipts/309"
"bounded-browser-observation","C2-BROWSER-311","ownership.json; individual control attribution remains open","Bounded observation","","","agent","See exact browser-receipts.json observation","Real synthetic sessions/CSRF/object middleware; see receipt","Only states explicitly recorded in observation","Suite external effects: 0","Only dimensions/input explicitly recorded in observation","4df9b86e6e403dbdc5464dbf0b8f01162d46490d","442c1410553bd5631840dc7f85b1f7003c6b595d3263d326a62f7779e0107338/a55b790be0c7a3b8bd343c450718edd9cdcb362c21f4d1b0a8bc464bc819d03c","Isolated compiled-client/source-handler construction only","PASS","Bounded case; not unique-control/all-state/final-source acceptance","browser-receipts.json#/receipts/310"
"bounded-browser-observation","C2-BROWSER-312","ownership.json; individual control attribution remains open","Bounded observation","","","agent","See exact browser-receipts.json observation","Real synthetic sessions/CSRF/object middleware; see receipt","Only states explicitly recorded in observation","Suite external effects: 0","Only dimensions/input explicitly recorded in observation","4df9b86e6e403dbdc5464dbf0b8f01162d46490d","442c1410553bd5631840dc7f85b1f7003c6b595d3263d326a62f7779e0107338/a55b790be0c7a3b8bd343c450718edd9cdcb362c21f4d1b0a8bc464bc819d03c","Isolated compiled-client/source-handler construction only","PASS","Bounded case; not unique-control/all-state/final-source acceptance","browser-receipts.json#/receipts/311"
"bounded-browser-observation","C2-BROWSER-313","ownership.json; individual control attribution remains open","Bounded observation","","","agent","See exact browser-receipts.json observation","Real synthetic sessions/CSRF/object middleware; see receipt","Only states explicitly recorded in observation","Suite external effects: 0","Only dimensions/input explicitly recorded in observation","4df9b86e6e403dbdc5464dbf0b8f01162d46490d","442c1410553bd5631840dc7f85b1f7003c6b595d3263d326a62f7779e0107338/a55b790be0c7a3b8bd343c450718edd9cdcb362c21f4d1b0a8bc464bc819d03c","Isolated compiled-client/source-handler construction only","PASS","Bounded case; not unique-control/all-state/final-source acceptance","browser-receipts.json#/receipts/312"
"bounded-browser-observation","C2-BROWSER-314","ownership.json; individual control attribution remains open","Bounded observation","","","agent","See exact browser-receipts.json observation","Real synthetic sessions/CSRF/object middleware; see receipt","Only states explicitly recorded in observation","Suite external effects: 0","Only dimensions/input explicitly recorded in observation","4df9b86e6e403dbdc5464dbf0b8f01162d46490d","442c1410553bd5631840dc7f85b1f7003c6b595d3263d326a62f7779e0107338/a55b790be0c7a3b8bd343c450718edd9cdcb362c21f4d1b0a8bc464bc819d03c","Isolated compiled-client/source-handler construction only","PASS","Bounded case; not unique-control/all-state/final-source acceptance","browser-receipts.json#/receipts/313"
"bounded-browser-observation","C2-BROWSER-315","ownership.json; individual control attribution remains open","Bounded observation","","","agent","See exact browser-receipts.json observation","Real synthetic sessions/CSRF/object middleware; see receipt","Only states explicitly recorded in observation","Suite external effects: 0","Only dimensions/input explicitly recorded in observation","4df9b86e6e403dbdc5464dbf0b8f01162d46490d","442c1410553bd5631840dc7f85b1f7003c6b595d3263d326a62f7779e0107338/a55b790be0c7a3b8bd343c450718edd9cdcb362c21f4d1b0a8bc464bc819d03c","Isolated compiled-client/source-handler construction only","PASS","Bounded case; not unique-control/all-state/final-source acceptance","browser-receipts.json#/receipts/314"
"bounded-browser-observation","C2-BROWSER-316","ownership.json; individual control attribution remains open","Bounded observation","","","agent","See exact browser-receipts.json observation","Real synthetic sessions/CSRF/object middleware; see receipt","Only states explicitly recorded in observation","Suite external effects: 0","Only dimensions/input explicitly recorded in observation","4df9b86e6e403dbdc5464dbf0b8f01162d46490d","442c1410553bd5631840dc7f85b1f7003c6b595d3263d326a62f7779e0107338/a55b790be0c7a3b8bd343c450718edd9cdcb362c21f4d1b0a8bc464bc819d03c","Isolated compiled-client/source-handler construction only","PASS","Bounded case; not unique-control/all-state/final-source acceptance","browser-receipts.json#/receipts/315"
"bounded-browser-observation","C2-BROWSER-317","ownership.json; individual control attribution remains open","Bounded observation","","","agent","See exact browser-receipts.json observation","Real synthetic sessions/CSRF/object middleware; see receipt","Only states explicitly recorded in observation","Suite external effects: 0","Only dimensions/input explicitly recorded in observation","4df9b86e6e403dbdc5464dbf0b8f01162d46490d","442c1410553bd5631840dc7f85b1f7003c6b595d3263d326a62f7779e0107338/a55b790be0c7a3b8bd343c450718edd9cdcb362c21f4d1b0a8bc464bc819d03c","Isolated compiled-client/source-handler construction only","PASS","Bounded case; not unique-control/all-state/final-source acceptance","browser-receipts.json#/receipts/316"
"bounded-browser-observation","C2-BROWSER-318","ownership.json; individual control attribution remains open","Bounded observation","","","agent","See exact browser-receipts.json observation","Real synthetic sessions/CSRF/object middleware; see receipt","Only states explicitly recorded in observation","Suite external effects: 0","Only dimensions/input explicitly recorded in observation","4df9b86e6e403dbdc5464dbf0b8f01162d46490d","442c1410553bd5631840dc7f85b1f7003c6b595d3263d326a62f7779e0107338/a55b790be0c7a3b8bd343c450718edd9cdcb362c21f4d1b0a8bc464bc819d03c","Isolated compiled-client/source-handler construction only","PASS","Bounded case; not unique-control/all-state/final-source acceptance","browser-receipts.json#/receipts/317"
"bounded-browser-observation","C2-BROWSER-319","ownership.json; individual control attribution remains open","Bounded observation","","","agent","See exact browser-receipts.json observation","Real synthetic sessions/CSRF/object middleware; see receipt","Only states explicitly recorded in observation","Suite external effects: 0","Only dimensions/input explicitly recorded in observation","4df9b86e6e403dbdc5464dbf0b8f01162d46490d","442c1410553bd5631840dc7f85b1f7003c6b595d3263d326a62f7779e0107338/a55b790be0c7a3b8bd343c450718edd9cdcb362c21f4d1b0a8bc464bc819d03c","Isolated compiled-client/source-handler construction only","PASS","Bounded case; not unique-control/all-state/final-source acceptance","browser-receipts.json#/receipts/318"
"bounded-browser-observation","C2-BROWSER-320","ownership.json; individual control attribution remains open","Bounded observation","","","agent","See exact browser-receipts.json observation","Real synthetic sessions/CSRF/object middleware; see receipt","Only states explicitly recorded in observation","Suite external effects: 0","Only dimensions/input explicitly recorded in observation","4df9b86e6e403dbdc5464dbf0b8f01162d46490d","442c1410553bd5631840dc7f85b1f7003c6b595d3263d326a62f7779e0107338/a55b790be0c7a3b8bd343c450718edd9cdcb362c21f4d1b0a8bc464bc819d03c","Isolated compiled-client/source-handler construction only","PASS","Bounded case; not unique-control/all-state/final-source acceptance","browser-receipts.json#/receipts/319"
"bounded-browser-observation","C2-BROWSER-321","ownership.json; individual control attribution remains open","Effective open/completed/cancelled phone Tasks and Home; native not-configured is separate from local events","","","agent","See exact browser-receipts.json observation","Real synthetic sessions/CSRF/object middleware; see receipt","Only states explicitly recorded in observation","Suite external effects: 0","Only dimensions/input explicitly recorded in observation","4df9b86e6e403dbdc5464dbf0b8f01162d46490d","442c1410553bd5631840dc7f85b1f7003c6b595d3263d326a62f7779e0107338/a55b790be0c7a3b8bd343c450718edd9cdcb362c21f4d1b0a8bc464bc819d03c","Isolated compiled-client/source-handler construction only","PASS","Bounded case; not unique-control/all-state/final-source acceptance","browser-receipts.json#/receipts/320"
"bounded-browser-observation","C2-BROWSER-322","ownership.json; individual control attribution remains open","Phone Work read failure is unavailable, not empty or Great job","","","agent","See exact browser-receipts.json observation","Real synthetic sessions/CSRF/object middleware; see receipt","Only states explicitly recorded in observation","Suite external effects: 0","Only dimensions/input explicitly recorded in observation","4df9b86e6e403dbdc5464dbf0b8f01162d46490d","442c1410553bd5631840dc7f85b1f7003c6b595d3263d326a62f7779e0107338/a55b790be0c7a3b8bd343c450718edd9cdcb362c21f4d1b0a8bc464bc819d03c","Isolated compiled-client/source-handler construction only","PASS","Bounded case; not unique-control/all-state/final-source acceptance","browser-receipts.json#/receipts/321"
"bounded-browser-observation","C2-BROWSER-323","ownership.json; individual control attribution remains open","Dedicated phone Task creation and profile separate reachable 44px header slots","","","agent","See exact browser-receipts.json observation","Real synthetic sessions/CSRF/object middleware; see receipt","Only states explicitly recorded in observation","Suite external effects: 0","Only dimensions/input explicitly recorded in observation","4df9b86e6e403dbdc5464dbf0b8f01162d46490d","442c1410553bd5631840dc7f85b1f7003c6b595d3263d326a62f7779e0107338/a55b790be0c7a3b8bd343c450718edd9cdcb362c21f4d1b0a8bc464bc819d03c","Isolated compiled-client/source-handler construction only","PASS","Bounded case; not unique-control/all-state/final-source acceptance","browser-receipts.json#/receipts/322"
"bounded-browser-observation","C2-BROWSER-324","ownership.json; individual control attribution remains open","Phone task validation / Escape zero writes / focus return / actual truncated create / queued not durable / real retry / one persisted intent / reload / durable complete","","","agent","See exact browser-receipts.json observation","Real synthetic sessions/CSRF/object middleware; see receipt","Only states explicitly recorded in observation","Suite external effects: 0","Only dimensions/input explicitly recorded in observation","4df9b86e6e403dbdc5464dbf0b8f01162d46490d","442c1410553bd5631840dc7f85b1f7003c6b595d3263d326a62f7779e0107338/a55b790be0c7a3b8bd343c450718edd9cdcb362c21f4d1b0a8bc464bc819d03c","Isolated compiled-client/source-handler construction only","PASS","Bounded case; not unique-control/all-state/final-source acceptance","browser-receipts.json#/receipts/323"
"bounded-browser-observation","C2-BROWSER-325","ownership.json; individual control attribution remains open","Native Inbox channel-bound real draft / actual truncated confirmation / same-command retry / reload / paused Enter and button","","","agent","See exact browser-receipts.json observation","Real synthetic sessions/CSRF/object middleware; see receipt","Only states explicitly recorded in observation","Suite external effects: 0","Only dimensions/input explicitly recorded in observation","4df9b86e6e403dbdc5464dbf0b8f01162d46490d","442c1410553bd5631840dc7f85b1f7003c6b595d3263d326a62f7779e0107338/a55b790be0c7a3b8bd343c450718edd9cdcb362c21f4d1b0a8bc464bc819d03c","Isolated compiled-client/source-handler construction only","PASS","Bounded case; not unique-control/all-state/final-source acceptance","browser-receipts.json#/receipts/324"
"bounded-browser-observation","C2-BROWSER-326","ownership.json; individual control attribution remains open","Contact wrapper denies before exact-record/child reads","","","anonymous","See exact browser-receipts.json observation","Real synthetic sessions/CSRF/object middleware; see receipt","Only states explicitly recorded in observation","Suite external effects: 0","Only dimensions/input explicitly recorded in observation","4df9b86e6e403dbdc5464dbf0b8f01162d46490d","442c1410553bd5631840dc7f85b1f7003c6b595d3263d326a62f7779e0107338/a55b790be0c7a3b8bd343c450718edd9cdcb362c21f4d1b0a8bc464bc819d03c","Isolated compiled-client/source-handler construction only","PASS","Bounded case; not unique-control/all-state/final-source acceptance","browser-receipts.json#/receipts/325"
"bounded-browser-observation","C2-BROWSER-327","ownership.json; individual control attribution remains open","Contact wrapper denies before exact-record/child reads","","","merchant","See exact browser-receipts.json observation","Real synthetic sessions/CSRF/object middleware; see receipt","Only states explicitly recorded in observation","Suite external effects: 0","Only dimensions/input explicitly recorded in observation","4df9b86e6e403dbdc5464dbf0b8f01162d46490d","442c1410553bd5631840dc7f85b1f7003c6b595d3263d326a62f7779e0107338/a55b790be0c7a3b8bd343c450718edd9cdcb362c21f4d1b0a8bc464bc819d03c","Isolated compiled-client/source-handler construction only","PASS","Bounded case; not unique-control/all-state/final-source acceptance","browser-receipts.json#/receipts/326"
"bounded-browser-observation","C2-BROWSER-328","ownership.json; individual control attribution remains open","Contact wrapper denies before exact-record/child reads","","","partner","See exact browser-receipts.json observation","Real synthetic sessions/CSRF/object middleware; see receipt","Only states explicitly recorded in observation","Suite external effects: 0","Only dimensions/input explicitly recorded in observation","4df9b86e6e403dbdc5464dbf0b8f01162d46490d","442c1410553bd5631840dc7f85b1f7003c6b595d3263d326a62f7779e0107338/a55b790be0c7a3b8bd343c450718edd9cdcb362c21f4d1b0a8bc464bc819d03c","Isolated compiled-client/source-handler construction only","PASS","Bounded case; not unique-control/all-state/final-source acceptance","browser-receipts.json#/receipts/327"
"bounded-browser-observation","C2-BROWSER-329","ownership.json; individual control attribution remains open","Contact wrapper denies before exact-record/child reads","","","affiliate","See exact browser-receipts.json observation","Real synthetic sessions/CSRF/object middleware; see receipt","Only states explicitly recorded in observation","Suite external effects: 0","Only dimensions/input explicitly recorded in observation","4df9b86e6e403dbdc5464dbf0b8f01162d46490d","442c1410553bd5631840dc7f85b1f7003c6b595d3263d326a62f7779e0107338/a55b790be0c7a3b8bd343c450718edd9cdcb362c21f4d1b0a8bc464bc819d03c","Isolated compiled-client/source-handler construction only","PASS","Bounded case; not unique-control/all-state/final-source acceptance","browser-receipts.json#/receipts/328"
"bounded-browser-observation","C2-BROWSER-330","ownership.json; individual control attribution remains open","/dashboard","","","admin","See exact browser-receipts.json observation","Real synthetic sessions/CSRF/object middleware; see receipt","Only states explicitly recorded in observation","Suite external effects: 0","Only dimensions/input explicitly recorded in observation","4df9b86e6e403dbdc5464dbf0b8f01162d46490d","442c1410553bd5631840dc7f85b1f7003c6b595d3263d326a62f7779e0107338/a55b790be0c7a3b8bd343c450718edd9cdcb362c21f4d1b0a8bc464bc819d03c","Isolated compiled-client/source-handler construction only","PASS","Bounded case; not unique-control/all-state/final-source acceptance","browser-receipts.json#/receipts/329"
"bounded-browser-observation","C2-BROWSER-331","ownership.json; individual control attribution remains open","/dashboard/contacts","","","admin","See exact browser-receipts.json observation","Real synthetic sessions/CSRF/object middleware; see receipt","Only states explicitly recorded in observation","Suite external effects: 0","Only dimensions/input explicitly recorded in observation","4df9b86e6e403dbdc5464dbf0b8f01162d46490d","442c1410553bd5631840dc7f85b1f7003c6b595d3263d326a62f7779e0107338/a55b790be0c7a3b8bd343c450718edd9cdcb362c21f4d1b0a8bc464bc819d03c","Isolated compiled-client/source-handler construction only","PASS","Bounded case; not unique-control/all-state/final-source acceptance","browser-receipts.json#/receipts/330"
"bounded-browser-observation","C2-BROWSER-332","ownership.json; individual control attribution remains open","/dashboard/contacts/601?section=notes","","","admin","See exact browser-receipts.json observation","Real synthetic sessions/CSRF/object middleware; see receipt","Only states explicitly recorded in observation","Suite external effects: 0","Only dimensions/input explicitly recorded in observation","4df9b86e6e403dbdc5464dbf0b8f01162d46490d","442c1410553bd5631840dc7f85b1f7003c6b595d3263d326a62f7779e0107338/a55b790be0c7a3b8bd343c450718edd9cdcb362c21f4d1b0a8bc464bc819d03c","Isolated compiled-client/source-handler construction only","PASS","Bounded case; not unique-control/all-state/final-source acceptance","browser-receipts.json#/receipts/331"
"bounded-browser-observation","C2-BROWSER-333","ownership.json; individual control attribution remains open","/dashboard/pipeline","","","admin","See exact browser-receipts.json observation","Real synthetic sessions/CSRF/object middleware; see receipt","Only states explicitly recorded in observation","Suite external effects: 0","Only dimensions/input explicitly recorded in observation","4df9b86e6e403dbdc5464dbf0b8f01162d46490d","442c1410553bd5631840dc7f85b1f7003c6b595d3263d326a62f7779e0107338/a55b790be0c7a3b8bd343c450718edd9cdcb362c21f4d1b0a8bc464bc819d03c","Isolated compiled-client/source-handler construction only","PASS","Bounded case; not unique-control/all-state/final-source acceptance","browser-receipts.json#/receipts/332"
"bounded-browser-observation","C2-BROWSER-334","ownership.json; individual control attribution remains open","/dashboard/comms-hub?channel=email","","","admin","See exact browser-receipts.json observation","Real synthetic sessions/CSRF/object middleware; see receipt","Only states explicitly recorded in observation","Suite external effects: 0","Only dimensions/input explicitly recorded in observation","4df9b86e6e403dbdc5464dbf0b8f01162d46490d","442c1410553bd5631840dc7f85b1f7003c6b595d3263d326a62f7779e0107338/a55b790be0c7a3b8bd343c450718edd9cdcb362c21f4d1b0a8bc464bc819d03c","Isolated compiled-client/source-handler construction only","PASS","Bounded case; not unique-control/all-state/final-source acceptance","browser-receipts.json#/receipts/333"
"bounded-browser-observation","C2-BROWSER-335","ownership.json; individual control attribution remains open","/dashboard/tasks-appointments","","","admin","See exact browser-receipts.json observation","Real synthetic sessions/CSRF/object middleware; see receipt","Only states explicitly recorded in observation","Suite external effects: 0","Only dimensions/input explicitly recorded in observation","4df9b86e6e403dbdc5464dbf0b8f01162d46490d","442c1410553bd5631840dc7f85b1f7003c6b595d3263d326a62f7779e0107338/a55b790be0c7a3b8bd343c450718edd9cdcb362c21f4d1b0a8bc464bc819d03c","Isolated compiled-client/source-handler construction only","PASS","Bounded case; not unique-control/all-state/final-source acceptance","browser-receipts.json#/receipts/334"
"remaining-qualification","C2-FINAL-SITE","","Final anonymous-site read/link/draft compatibility","","","","","","","","","Final changes follow compiled 4df9b86e","","Not verified","UNTESTED","C2/existing live-chat owner; syntax only","verification-status.md"
"remaining-qualification","C2-FINAL-ENTER","","Explicit composer focus before paused Enter","","","","","","","","","Final changes follow compiled 4df9b86e","","Not verified","UNTESTED","C2 consumer; refinement syntax only","verification-status.md"
"remaining-qualification","C2-HANDLER-WINDOW","","Outside-window fixture assumption","","","","","","","","","Final changes follow compiled 4df9b86e","","Not verified","UNTESTED","Prior handler run failed; corrected fixture not rerun","verification-status.md"
"remaining-qualification","C1-INPUT-372","","C1 local input timing","","","","","","","","","Final changes follow compiled 4df9b86e","","Not verified","DEFECT","372 ms exceeds 200 ms; shared C1/C2 performance owner; cause/base not adjudicated","verification-status.md"
"remaining-qualification","C2-TYPECHECK-TIMEOUT","","Final npm run check","","","","","","","","","Final changes follow compiled 4df9b86e","","Not verified","BLOCKED","60-second timeout without diagnostics; not a typecheck pass","verification-status.md"
