id,file,line,kind,testId,events,owner,status,requiredEvidence
"C2-CONTROL-1","client/src/pages/mobile/MobileTasks.tsx","154","button","""button-add-task""","[{""event"":""onClick"",""binding"":""{() => setAddOpen(true)}""}]","C2 consumer; retained shared A/B command authority","NOT_EXECUTED: source control row requires action/state/role/keyboard receipt; mounted or static inventory is not a pass","Real authorized UI interaction, registered handler/readback or explicitly blocked existing owner; rendering is not action proof"
"C2-CONTROL-2","client/src/pages/mobile/MobileTasks.tsx","167","button","{`filter-${f}`}","[{""event"":""onClick"",""binding"":""{() => setFilter(f)}""}]","C2 consumer; retained shared A/B command authority","NOT_EXECUTED: source control row requires action/state/role/keyboard receipt; mounted or static inventory is not a pass","Real authorized UI interaction, registered handler/readback or explicitly blocked existing owner; rendering is not action proof"
"C2-CONTROL-3","client/src/pages/mobile/MobileTasks.tsx","198","button","","[{""event"":""onClick"",""binding"":""{() => void refetch()}""}]","C2 consumer; retained shared A/B command authority","NOT_EXECUTED: source control row requires action/state/role/keyboard receipt; mounted or static inventory is not a pass","Real authorized UI interaction, registered handler/readback or explicitly blocked existing owner; rendering is not action proof"
"C2-CONTROL-4","client/src/pages/mobile/MobileTasks.tsx","218","button","{`button-complete-${task.id}`}","[{""event"":""onClick"",""binding"":""{() => completeTask(task.id)}""}]","C2 consumer; retained shared A/B command authority","NOT_EXECUTED: source control row requires action/state/role/keyboard receipt; mounted or static inventory is not a pass","Real authorized UI interaction, registered handler/readback or explicitly blocked existing owner; rendering is not action proof"
"C2-CONTROL-5","client/src/pages/mobile/MobileTasks.tsx","268","Sheet","","[{""event"":""onOpenChange"",""binding"":""{setAddOpen}""}]","C2 consumer; retained shared A/B command authority","NOT_EXECUTED: source control row requires action/state/role/keyboard receipt; mounted or static inventory is not a pass","Real authorized UI interaction, registered handler/readback or explicitly blocked existing owner; rendering is not action proof"
"C2-CONTROL-6","client/src/pages/mobile/MobileTasks.tsx","283","input","""input-task-title""","[{""event"":""onChange"",""binding"":""{(e) => setNewTitle(e.target.value)}""}]","C2 consumer; retained shared A/B command authority","NOT_EXECUTED: source control row requires action/state/role/keyboard receipt; mounted or static inventory is not a pass","Real authorized UI interaction, registered handler/readback or explicitly blocked existing owner; rendering is not action proof"
"C2-CONTROL-7","client/src/pages/mobile/MobileTasks.tsx","299","button","{`button-priority-${p}`}","[{""event"":""onClick"",""binding"":""{() => setNewPriority(p)}""}]","C2 consumer; retained shared A/B command authority","NOT_EXECUTED: source control row requires action/state/role/keyboard receipt; mounted or static inventory is not a pass","Real authorized UI interaction, registered handler/readback or explicitly blocked existing owner; rendering is not action proof"
"C2-CONTROL-8","client/src/pages/mobile/MobileTasks.tsx","320","input","""input-task-due-date""","[{""event"":""onChange"",""binding"":""{(e) => setNewDueDate(e.target.value)}""}]","C2 consumer; retained shared A/B command authority","NOT_EXECUTED: source control row requires action/state/role/keyboard receipt; mounted or static inventory is not a pass","Real authorized UI interaction, registered handler/readback or explicitly blocked existing owner; rendering is not action proof"
"C2-CONTROL-9","client/src/pages/mobile/MobileTasks.tsx","332","textarea","""input-task-notes""","[{""event"":""onChange"",""binding"":""{(e) => setNewDesc(e.target.value)}""}]","C2 consumer; retained shared A/B command authority","NOT_EXECUTED: source control row requires action/state/role/keyboard receipt; mounted or static inventory is not a pass","Real authorized UI interaction, registered handler/readback or explicitly blocked existing owner; rendering is not action proof"
"C2-CONTROL-10","client/src/pages/mobile/MobileTasks.tsx","343","button","""button-create-task""","[{""event"":""onClick"",""binding"":""{() => createTask({ title: newTitle.trim(), priority: newPriority, dueDate: newDueDate, description: newDesc })}""}]","C2 consumer; retained shared A/B command authority","NOT_EXECUTED: source control row requires action/state/role/keyboard receipt; mounted or static inventory is not a pass","Real authorized UI interaction, registered handler/readback or explicitly blocked existing owner; rendering is not action proof"
"C2-CONTROL-11","client/src/pages/mobile/MobilePipeline.tsx","143","div","","[{""event"":""onClick"",""binding"":""{onClose}""}]","C2 consumer; retained shared A/B command authority","NOT_EXECUTED: source control row requires action/state/role/keyboard receipt; mounted or static inventory is not a pass","Real authorized UI interaction, registered handler/readback or explicitly blocked existing owner; rendering is not action proof"
"C2-CONTROL-12","client/src/pages/mobile/MobilePipeline.tsx","144","div","","[{""event"":""onClick"",""binding"":""{(e) => e.stopPropagation()}""}]","C2 consumer; retained shared A/B command authority","NOT_EXECUTED: source control row requires action/state/role/keyboard receipt; mounted or static inventory is not a pass","Real authorized UI interaction, registered handler/readback or explicitly blocked existing owner; rendering is not action proof"
"C2-CONTROL-13","client/src/pages/mobile/MobilePipeline.tsx","153","button","","[{""event"":""onClick"",""binding"":""{onClose}""}]","C2 consumer; retained shared A/B command authority","NOT_EXECUTED: source control row requires action/state/role/keyboard receipt; mounted or static inventory is not a pass","Real authorized UI interaction, registered handler/readback or explicitly blocked existing owner; rendering is not action proof"
"C2-CONTROL-14","client/src/pages/mobile/MobilePipeline.tsx","164","input","""input-deal-contact-search""","[{""event"":""onChange"",""binding"":""{(e) => { setContactSearch(e.target.value); setShowContactList(true); setSelectedContact(null); }}""}]","C2 consumer; retained shared A/B command authority","NOT_EXECUTED: source control row requires action/state/role/keyboard receipt; mounted or static inventory is not a pass","Real authorized UI interaction, registered handler/readback or explicitly blocked existing owner; rendering is not action proof"
"C2-CONTROL-15","client/src/pages/mobile/MobilePipeline.tsx","184","button","","[{""event"":""onClick"",""binding"":""{() => selectContact(c)}""}]","C2 consumer; retained shared A/B command authority","NOT_EXECUTED: source control row requires action/state/role/keyboard receipt; mounted or static inventory is not a pass","Real authorized UI interaction, registered handler/readback or explicitly blocked existing owner; rendering is not action proof"
"C2-CONTROL-16","client/src/pages/mobile/MobilePipeline.tsx","213","input","""input-deal-title""","[{""event"":""onChange"",""binding"":""{(e) => setDealTitle(e.target.value)}""}]","C2 consumer; retained shared A/B command authority","NOT_EXECUTED: source control row requires action/state/role/keyboard receipt; mounted or static inventory is not a pass","Real authorized UI interaction, registered handler/readback or explicitly blocked existing owner; rendering is not action proof"
"C2-CONTROL-17","client/src/pages/mobile/MobilePipeline.tsx","228","button","{`button-pipeline-${p}`}","[{""event"":""onClick"",""binding"":""{() => setPipeline(p)}""}]","C2 consumer; retained shared A/B command authority","NOT_EXECUTED: source control row requires action/state/role/keyboard receipt; mounted or static inventory is not a pass","Real authorized UI interaction, registered handler/readback or explicitly blocked existing owner; rendering is not action proof"
"C2-CONTROL-18","client/src/pages/mobile/MobilePipeline.tsx","249","input","""input-deal-volume-new""","[{""event"":""onChange"",""binding"":""{(e) => setTotalVolume(e.target.value)}""}]","C2 consumer; retained shared A/B command authority","NOT_EXECUTED: source control row requires action/state/role/keyboard receipt; mounted or static inventory is not a pass","Real authorized UI interaction, registered handler/readback or explicitly blocked existing owner; rendering is not action proof"
"C2-CONTROL-19","client/src/pages/mobile/MobilePipeline.tsx","264","input","""input-deal-owner-new""","[{""event"":""onChange"",""binding"":""{(e) => setOwner(e.target.value)}""}]","C2 consumer; retained shared A/B command authority","NOT_EXECUTED: source control row requires action/state/role/keyboard receipt; mounted or static inventory is not a pass","Real authorized UI interaction, registered handler/readback or explicitly blocked existing owner; rendering is not action proof"
"C2-CONTROL-20","client/src/pages/mobile/MobilePipeline.tsx","278","button","""button-submit-new-deal""","[{""event"":""onClick"",""binding"":""{() => createMutation.mutate()}""}]","C2 consumer; retained shared A/B command authority","NOT_EXECUTED: source control row requires action/state/role/keyboard receipt; mounted or static inventory is not a pass","Real authorized UI interaction, registered handler/readback or explicitly blocked existing owner; rendering is not action proof"
"C2-CONTROL-21","client/src/pages/mobile/MobilePipeline.tsx","299","div","{`card-deal-${deal.id}`}","[{""event"":""onClick"",""binding"":""{onTap}""}]","C2 consumer; retained shared A/B command authority","NOT_EXECUTED: source control row requires action/state/role/keyboard receipt; mounted or static inventory is not a pass","Real authorized UI interaction, registered handler/readback or explicitly blocked existing owner; rendering is not action proof"
"C2-CONTROL-22","client/src/pages/mobile/MobilePipeline.tsx","334","button","{`button-stage-${stage.replace(/\s+/g, ""-"").toLowerCase()}`}","[{""event"":""onClick"",""binding"":""{() => setExpanded(!expanded)}""}]","C2 consumer; retained shared A/B command authority","NOT_EXECUTED: source control row requires action/state/role/keyboard receipt; mounted or static inventory is not a pass","Real authorized UI interaction, registered handler/readback or explicitly blocked existing owner; rendering is not action proof"
"C2-CONTROL-23","client/src/pages/mobile/MobilePipeline.tsx","552","button","""button-new-deal""","[{""event"":""onClick"",""binding"":""{() => setShowCreateDeal(true)}""}]","C2 consumer; retained shared A/B command authority","NOT_EXECUTED: source control row requires action/state/role/keyboard receipt; mounted or static inventory is not a pass","Real authorized UI interaction, registered handler/readback or explicitly blocked existing owner; rendering is not action proof"
"C2-CONTROL-24","client/src/pages/mobile/MobilePipeline.tsx","565","input","""input-search-deals""","[{""event"":""onChange"",""binding"":""{(e) => setSearchQuery(e.target.value)}""}]","C2 consumer; retained shared A/B command authority","NOT_EXECUTED: source control row requires action/state/role/keyboard receipt; mounted or static inventory is not a pass","Real authorized UI interaction, registered handler/readback or explicitly blocked existing owner; rendering is not action proof"
"C2-CONTROL-25","client/src/pages/mobile/MobilePipeline.tsx","570","button","""button-clear-search""","[{""event"":""onClick"",""binding"":""{() => setSearchQuery(\""\"")}""}]","C2 consumer; retained shared A/B command authority","NOT_EXECUTED: source control row requires action/state/role/keyboard receipt; mounted or static inventory is not a pass","Real authorized UI interaction, registered handler/readback or explicitly blocked existing owner; rendering is not action proof"
"C2-CONTROL-26","client/src/pages/mobile/MobilePipeline.tsx","577","button","""button-toggle-my-deals""","[{""event"":""onClick"",""binding"":""{() => setMyDealsOnly((v) => !v)}""}]","C2 consumer; retained shared A/B command authority","NOT_EXECUTED: source control row requires action/state/role/keyboard receipt; mounted or static inventory is not a pass","Real authorized UI interaction, registered handler/readback or explicitly blocked existing owner; rendering is not action proof"
"C2-CONTROL-27","client/src/pages/mobile/MobilePipeline.tsx","594","button","""button-retry-deals""","[{""event"":""onClick"",""binding"":""{() => refetchDeals()}""}]","C2 consumer; retained shared A/B command authority","NOT_EXECUTED: source control row requires action/state/role/keyboard receipt; mounted or static inventory is not a pass","Real authorized UI interaction, registered handler/readback or explicitly blocked existing owner; rendering is not action proof"
"C2-CONTROL-28","client/src/pages/mobile/MobilePipeline.tsx","608","button","","[{""event"":""onClick"",""binding"":""{() => isFetchNextPageError ? void fetchNextPage() : void refetchDeals()}""}]","C2 consumer; retained shared A/B command authority","NOT_EXECUTED: source control row requires action/state/role/keyboard receipt; mounted or static inventory is not a pass","Real authorized UI interaction, registered handler/readback or explicitly blocked existing owner; rendering is not action proof"
"C2-CONTROL-29","client/src/pages/mobile/MobilePipeline.tsx","624","button","""button-retry-pipeline""","[{""event"":""onClick"",""binding"":""{() => refetchDeals()}""}]","C2 consumer; retained shared A/B command authority","NOT_EXECUTED: source control row requires action/state/role/keyboard receipt; mounted or static inventory is not a pass","Real authorized UI interaction, registered handler/readback or explicitly blocked existing owner; rendering is not action proof"
"C2-CONTROL-30","client/src/pages/mobile/MobilePipeline.tsx","643","div","","[{""event"":""onClick"",""binding"":""{() => setSelectedDeal(null)}""}]","C2 consumer; retained shared A/B command authority","NOT_EXECUTED: source control row requires action/state/role/keyboard receipt; mounted or static inventory is not a pass","Real authorized UI interaction, registered handler/readback or explicitly blocked existing owner; rendering is not action proof"
"C2-CONTROL-31","client/src/pages/mobile/MobilePipeline.tsx","644","div","","[{""event"":""onClick"",""binding"":""{(e) => e.stopPropagation()}""}]","C2 consumer; retained shared A/B command authority","NOT_EXECUTED: source control row requires action/state/role/keyboard receipt; mounted or static inventory is not a pass","Real authorized UI interaction, registered handler/readback or explicitly blocked existing owner; rendering is not action proof"
"C2-CONTROL-32","client/src/pages/mobile/MobilePipeline.tsx","670","a","","[{""event"":""onClick"",""binding"":""{() => trackPhoneCallClick({ contactId: selectedDeal.contactId ?? undefined, dealId: selectedDeal.id, sourcePage: \""/mobile/pipeline\"" })}""}]","C2 consumer; retained shared A/B command authority","NOT_EXECUTED: source control row requires action/state/role/keyboard receipt; mounted or static inventory is not a pass","Real authorized UI interaction, registered handler/readback or explicitly blocked existing owner; rendering is not action proof"
"C2-CONTROL-33","client/src/pages/mobile/MobilePipeline.tsx","677","a","","[]","C2 consumer; retained shared A/B command authority","NOT_EXECUTED: source control row requires action/state/role/keyboard receipt; mounted or static inventory is not a pass","Real authorized UI interaction, registered handler/readback or explicitly blocked existing owner; rendering is not action proof"
"C2-CONTROL-34","client/src/pages/mobile/MobilePipeline.tsx","683","button","""button-open-contact""","[{""event"":""onClick"",""binding"":""{() => { setSelectedDeal(null); setLocation(`/mobile/contacts/${selectedDeal.contactId}`); }}""}]","C2 consumer; retained shared A/B command authority","NOT_EXECUTED: source control row requires action/state/role/keyboard receipt; mounted or static inventory is not a pass","Real authorized UI interaction, registered handler/readback or explicitly blocked existing owner; rendering is not action proof"
"C2-CONTROL-35","client/src/pages/mobile/MobilePipeline.tsx","697","input","""input-deal-owner""","[{""event"":""onChange"",""binding"":""{(e) => setEditOwner(e.target.value)}""}]","C2 consumer; retained shared A/B command authority","NOT_EXECUTED: source control row requires action/state/role/keyboard receipt; mounted or static inventory is not a pass","Real authorized UI interaction, registered handler/readback or explicitly blocked existing owner; rendering is not action proof"
"C2-CONTROL-36","client/src/pages/mobile/MobilePipeline.tsx","707","input","""input-deal-volume""","[{""event"":""onChange"",""binding"":""{(e) => setEditVolume(e.target.value)}""}]","C2 consumer; retained shared A/B command authority","NOT_EXECUTED: source control row requires action/state/role/keyboard receipt; mounted or static inventory is not a pass","Real authorized UI interaction, registered handler/readback or explicitly blocked existing owner; rendering is not action proof"
"C2-CONTROL-37","client/src/pages/mobile/MobilePipeline.tsx","717","textarea","""input-deal-notes""","[{""event"":""onChange"",""binding"":""{(e) => setEditNotes(e.target.value)}""}]","C2 consumer; retained shared A/B command authority","NOT_EXECUTED: source control row requires action/state/role/keyboard receipt; mounted or static inventory is not a pass","Real authorized UI interaction, registered handler/readback or explicitly blocked existing owner; rendering is not action proof"
"C2-CONTROL-38","client/src/pages/mobile/MobilePipeline.tsx","726","button","""button-save-deal-edits""","[{""event"":""onClick"",""binding"":""{saveDealEdits}""}]","C2 consumer; retained shared A/B command authority","NOT_EXECUTED: source control row requires action/state/role/keyboard receipt; mounted or static inventory is not a pass","Real authorized UI interaction, registered handler/readback or explicitly blocked existing owner; rendering is not action proof"
"C2-CONTROL-39","client/src/pages/mobile/MobilePipeline.tsx","742","button","{`button-move-stage-${stage.replace(/\s+/g, ""-"").toLowerCase()}`}","[{""event"":""onClick"",""binding"":""{() => updateStageMutation.mutate({ dealId: selectedDeal.id, stage, expectedStage: selectedDeal.stage })}""}]","C2 consumer; retained shared A/B command authority","NOT_EXECUTED: source control row requires action/state/role/keyboard receipt; mounted or static inventory is not a pass","Real authorized UI interaction, registered handler/readback or explicitly blocked existing owner; rendering is not action proof"
"C2-CONTROL-40","client/src/pages/mobile/MobilePipeline.tsx","761","textarea","""input-deal-note""","[{""event"":""onChange"",""binding"":""{(e) => setNoteText(e.target.value)}""}]","C2 consumer; retained shared A/B command authority","NOT_EXECUTED: source control row requires action/state/role/keyboard receipt; mounted or static inventory is not a pass","Real authorized UI interaction, registered handler/readback or explicitly blocked existing owner; rendering is not action proof"
"C2-CONTROL-41","client/src/pages/mobile/MobilePipeline.tsx","766","button","""button-save-note""","[{""event"":""onClick"",""binding"":""{() => addNoteMutation.mutate({ dealId: selectedDeal.id, content: noteText })}""}]","C2 consumer; retained shared A/B command authority","NOT_EXECUTED: source control row requires action/state/role/keyboard receipt; mounted or static inventory is not a pass","Real authorized UI interaction, registered handler/readback or explicitly blocked existing owner; rendering is not action proof"
"C2-CONTROL-42","client/src/pages/mobile/MobilePipeline.tsx","775","button","","[{""event"":""onClick"",""binding"":""{() => setSelectedDeal(null)}""}]","C2 consumer; retained shared A/B command authority","NOT_EXECUTED: source control row requires action/state/role/keyboard receipt; mounted or static inventory is not a pass","Real authorized UI interaction, registered handler/readback or explicitly blocked existing owner; rendering is not action proof"
"C2-CONTROL-43","client/src/pages/mobile/MobileInbox.tsx","79","button","""button-back-inbox""","[{""event"":""onClick"",""binding"":""{onBack}""}]","C2 consumer; retained shared A/B command authority","NOT_EXECUTED: source control row requires action/state/role/keyboard receipt; mounted or static inventory is not a pass","Real authorized UI interaction, registered handler/readback or explicitly blocked existing owner; rendering is not action proof"
"C2-CONTROL-44","client/src/pages/mobile/MobileInbox.tsx","108","Button","","[{""event"":""onClick"",""binding"":""{() => void refetch()}""}]","C2 consumer; retained shared A/B command authority","NOT_EXECUTED: source control row requires action/state/role/keyboard receipt; mounted or static inventory is not a pass","Real authorized UI interaction, registered handler/readback or explicitly blocked existing owner; rendering is not action proof"
"C2-CONTROL-45","client/src/pages/mobile/MobileInbox.tsx","133","textarea","""input-inbox-reply""","[{""event"":""onChange"",""binding"":""{(e) => setReply(e.target.value)}""}]","C2 consumer; retained shared A/B command authority","NOT_EXECUTED: source control row requires action/state/role/keyboard receipt; mounted or static inventory is not a pass","Real authorized UI interaction, registered handler/readback or explicitly blocked existing owner; rendering is not action proof"
"C2-CONTROL-46","client/src/pages/mobile/MobileInbox.tsx","142","Button","","[{""event"":""onClick"",""binding"":""{() => draft.save.mutate({ subject: item.subject || \""Re: Your inquiry\"", body: reply })}""}]","C2 consumer; retained shared A/B command authority","NOT_EXECUTED: source control row requires action/state/role/keyboard receipt; mounted or static inventory is not a pass","Real authorized UI interaction, registered handler/readback or explicitly blocked existing owner; rendering is not action proof"
"C2-CONTROL-47","client/src/pages/mobile/MobileInbox.tsx","146","Button","""button-send-reply""","[]","C2 consumer; retained shared A/B command authority","NOT_EXECUTED: source control row requires action/state/role/keyboard receipt; mounted or static inventory is not a pass","Real authorized UI interaction, registered handler/readback or explicitly blocked existing owner; rendering is not action proof"
"C2-CONTROL-48","client/src/pages/mobile/MobileInbox.tsx","153","button","","[{""event"":""onClick"",""binding"":""{() => draft.ready\n            ? draft.retrySave({ subject: item.subject || \""Re: Your inquiry\"", body: reply })\n            : draft.reopen()}""}]","C2 consumer; retained shared A/B command authority","NOT_EXECUTED: source control row requires action/state/role/keyboard receipt; mounted or static inventory is not a pass","Real authorized UI interaction, registered handler/readback or explicitly blocked existing owner; rendering is not action proof"
"C2-CONTROL-49","client/src/pages/mobile/MobileInbox.tsx","219","Button","","[{""event"":""onClick"",""binding"":""{back}""}]","C2 consumer; retained shared A/B command authority","NOT_EXECUTED: source control row requires action/state/role/keyboard receipt; mounted or static inventory is not a pass","Real authorized UI interaction, registered handler/readback or explicitly blocked existing owner; rendering is not action proof"
"C2-CONTROL-50","client/src/pages/mobile/MobileInbox.tsx","225","Button","","[{""event"":""onClick"",""binding"":""{back}""}]","C2 consumer; retained shared A/B command authority","NOT_EXECUTED: source control row requires action/state/role/keyboard receipt; mounted or static inventory is not a pass","Real authorized UI interaction, registered handler/readback or explicitly blocked existing owner; rendering is not action proof"
"C2-CONTROL-51","client/src/pages/mobile/MobileInbox.tsx","246","Input","""input-search-inbox""","[{""event"":""onChange"",""binding"":""{(e) => changeWorkspace({ search: e.target.value, thread: \""\"" }, true)}""}]","C2 consumer; retained shared A/B command authority","NOT_EXECUTED: source control row requires action/state/role/keyboard receipt; mounted or static inventory is not a pass","Real authorized UI interaction, registered handler/readback or explicitly blocked existing owner; rendering is not action proof"
"C2-CONTROL-52","client/src/pages/mobile/MobileInbox.tsx","258","select","","[{""event"":""onChange"",""binding"":""{event => changeWorkspace({ channel: event.target.value as typeof channel, thread: \""\"" })}""}]","C2 consumer; retained shared A/B command authority","NOT_EXECUTED: source control row requires action/state/role/keyboard receipt; mounted or static inventory is not a pass","Real authorized UI interaction, registered handler/readback or explicitly blocked existing owner; rendering is not action proof"
"C2-CONTROL-53","client/src/pages/mobile/MobileInbox.tsx","267","button","","[{""event"":""onClick"",""binding"":""{() => changeWorkspace({ filter: value, thread: \""\"" })}""}]","C2 consumer; retained shared A/B command authority","NOT_EXECUTED: source control row requires action/state/role/keyboard receipt; mounted or static inventory is not a pass","Real authorized UI interaction, registered handler/readback or explicitly blocked existing owner; rendering is not action proof"
"C2-CONTROL-54","client/src/pages/mobile/MobileInbox.tsx","276","summary","","[]","C2 consumer; retained shared A/B command authority","NOT_EXECUTED: source control row requires action/state/role/keyboard receipt; mounted or static inventory is not a pass","Real authorized UI interaction, registered handler/readback or explicitly blocked existing owner; rendering is not action proof"
"C2-CONTROL-55","client/src/pages/mobile/MobileInbox.tsx","280","Button","","[{""event"":""onClick"",""binding"":""{() => void refetch()}""}]","C2 consumer; retained shared A/B command authority","NOT_EXECUTED: source control row requires action/state/role/keyboard receipt; mounted or static inventory is not a pass","Real authorized UI interaction, registered handler/readback or explicitly blocked existing owner; rendering is not action proof"
"C2-CONTROL-56","client/src/pages/mobile/MobileInbox.tsx","293","Button","","[{""event"":""onClick"",""binding"":""{() => void refetch()}""}]","C2 consumer; retained shared A/B command authority","NOT_EXECUTED: source control row requires action/state/role/keyboard receipt; mounted or static inventory is not a pass","Real authorized UI interaction, registered handler/readback or explicitly blocked existing owner; rendering is not action proof"
"C2-CONTROL-57","client/src/pages/mobile/MobileInbox.tsx","311","button","{`inbox-item-${item.id}`}","[{""event"":""onClick"",""binding"":""{() => changeWorkspace({ thread: item.id })}""}]","C2 consumer; retained shared A/B command authority","NOT_EXECUTED: source control row requires action/state/role/keyboard receipt; mounted or static inventory is not a pass","Real authorized UI interaction, registered handler/readback or explicitly blocked existing owner; rendering is not action proof"
"C2-CONTROL-58","client/src/pages/mobile/MobileInbox.tsx","356","Button","","[{""event"":""onClick"",""binding"":""{() => void fetchNextPage()}""}]","C2 consumer; retained shared A/B command authority","NOT_EXECUTED: source control row requires action/state/role/keyboard receipt; mounted or static inventory is not a pass","Real authorized UI interaction, registered handler/readback or explicitly blocked existing owner; rendering is not action proof"
"C2-CONTROL-59","client/src/components/crm/CrmPresentation.tsx","46","Sheet","","[{""event"":""onOpenChange"",""binding"":""{onOpenChange}""}]","C1 presentation primitive; C2 adopted workspace binding","NOT_EXECUTED: source control row requires action/state/role/keyboard receipt; mounted or static inventory is not a pass","Real authorized UI interaction, registered handler/readback or explicitly blocked existing owner; rendering is not action proof"
"C2-CONTROL-60","client/src/components/crm/CrmPresentation.tsx","150","input","","[{""event"":""onChange"",""binding"":""{(event) => onQueryChange(event.currentTarget.value)}""}]","C1 presentation primitive; C2 adopted workspace binding","NOT_EXECUTED: source control row requires action/state/role/keyboard receipt; mounted or static inventory is not a pass","Real authorized UI interaction, registered handler/readback or explicitly blocked existing owner; rendering is not action proof"
"C2-CONTROL-61","client/src/components/crm/CrmPresentation.tsx","153","button","","[{""event"":""onClick"",""binding"":""{onReset}""}]","C1 presentation primitive; C2 adopted workspace binding","NOT_EXECUTED: source control row requires action/state/role/keyboard receipt; mounted or static inventory is not a pass","Real authorized UI interaction, registered handler/readback or explicitly blocked existing owner; rendering is not action proof"
"C2-CONTROL-62","client/src/components/crm/CrmPresentation.tsx","209","button","","[{""event"":""onClick"",""binding"":""{() => onSortChange(column.id, sortedColumn === column.id && sortDirection === \""asc\"" ? \""desc\"" : \""asc\"")}""}]","C1 presentation primitive; C2 adopted workspace binding","NOT_EXECUTED: source control row requires action/state/role/keyboard receipt; mounted or static inventory is not a pass","Real authorized UI interaction, registered handler/readback or explicitly blocked existing owner; rendering is not action proof"
"C2-CONTROL-63","client/src/components/crm/CrmPresentation.tsx","218","tr","{testId ? `${testId}-row-${row.id}` : undefined}","[{""event"":""onClick"",""binding"":""{onRowClick ? ()=>onRowClick(row) : undefined}""},{""event"":""onKeyDown"",""binding"":""{onRowClick ? event=>{if(event.target===event.currentTarget&&(event.key===\""Enter\""||event.key===\"" \"")){\n              event.preventDefault();onRowClick(row);\n            }} : undefined}""}]","C1 presentation primitive; C2 adopted workspace binding","NOT_EXECUTED: source control row requires action/state/role/keyboard receipt; mounted or static inventory is not a pass","Real authorized UI interaction, registered handler/readback or explicitly blocked existing owner; rendering is not action proof"
"C2-CONTROL-64","client/src/components/crm/CrmPresentation.tsx","224","td","","[{""event"":""onClick"",""binding"":""{event=>event.stopPropagation()}""}]","C1 presentation primitive; C2 adopted workspace binding","NOT_EXECUTED: source control row requires action/state/role/keyboard receipt; mounted or static inventory is not a pass","Real authorized UI interaction, registered handler/readback or explicitly blocked existing owner; rendering is not action proof"
"C2-CONTROL-65","client/src/components/crm/CrmPresentation.tsx","224","input","","[{""event"":""onChange"",""binding"":""{() => toggle(row.id)}""}]","C1 presentation primitive; C2 adopted workspace binding","NOT_EXECUTED: source control row requires action/state/role/keyboard receipt; mounted or static inventory is not a pass","Real authorized UI interaction, registered handler/readback or explicitly blocked existing owner; rendering is not action proof"
"C2-CONTROL-66","client/src/components/crm/CrmPresentation.tsx","232","div","{testId ? `${testId}-card-${row.id}` : undefined}","[{""event"":""onClick"",""binding"":""{onRowClick ? ()=>onRowClick(row) : undefined}""},{""event"":""onKeyDown"",""binding"":""{onRowClick ? event=>{if(event.target===event.currentTarget&&(event.key===\""Enter\""||event.key===\"" \"")){\n            event.preventDefault();onRowClick(row);\n          }} : undefined}""}]","C1 presentation primitive; C2 adopted workspace binding","NOT_EXECUTED: source control row requires action/state/role/keyboard receipt; mounted or static inventory is not a pass","Real authorized UI interaction, registered handler/readback or explicitly blocked existing owner; rendering is not action proof"
"C2-CONTROL-67","client/src/components/crm/CrmPresentation.tsx","238","input","","[{""event"":""onClick"",""binding"":""{event=>event.stopPropagation()}""},{""event"":""onChange"",""binding"":""{() => toggle(row.id)}""}]","C1 presentation primitive; C2 adopted workspace binding","NOT_EXECUTED: source control row requires action/state/role/keyboard receipt; mounted or static inventory is not a pass","Real authorized UI interaction, registered handler/readback or explicitly blocked existing owner; rendering is not action proof"
"C2-CONTROL-68","client/src/components/crm/CrmPresentation.tsx","247","button","","[{""event"":""onClick"",""binding"":""{() => onPageChange(Math.max(1, page - 1))}""}]","C1 presentation primitive; C2 adopted workspace binding","NOT_EXECUTED: source control row requires action/state/role/keyboard receipt; mounted or static inventory is not a pass","Real authorized UI interaction, registered handler/readback or explicitly blocked existing owner; rendering is not action proof"
"C2-CONTROL-69","client/src/components/crm/CrmPresentation.tsx","250","button","","[{""event"":""onClick"",""binding"":""{() => onPageChange(page + 1)}""}]","C1 presentation primitive; C2 adopted workspace binding","NOT_EXECUTED: source control row requires action/state/role/keyboard receipt; mounted or static inventory is not a pass","Real authorized UI interaction, registered handler/readback or explicitly blocked existing owner; rendering is not action proof"
"C2-CONTROL-70","client/src/components/crm/CrmPresentation.tsx","264","button","","[{""event"":""onClick"",""binding"":""{() => {\n        if (action.confirmation && !window.confirm(action.confirmation)) return;\n        action.onSelect();\n      }}""}]","C1 presentation primitive; C2 adopted workspace binding","NOT_EXECUTED: source control row requires action/state/role/keyboard receipt; mounted or static inventory is not a pass","Real authorized UI interaction, registered handler/readback or explicitly blocked existing owner; rendering is not action proof"
"C2-CONTROL-71","client/src/components/crm/CrmPresentation.tsx","309","Sheet","","[{""event"":""onOpenChange"",""binding"":""{requestOpenChange}""}]","C1 presentation primitive; C2 adopted workspace binding","NOT_EXECUTED: source control row requires action/state/role/keyboard receipt; mounted or static inventory is not a pass","Real authorized UI interaction, registered handler/readback or explicitly blocked existing owner; rendering is not action proof"
"C2-CONTROL-72","client/src/components/DashboardErrorState.tsx","23","Button","""button-retry""","[{""event"":""onClick"",""binding"":""{onRetry}""}]","C2 consumer; retained shared A/B command authority","NOT_EXECUTED: source control row requires action/state/role/keyboard receipt; mounted or static inventory is not a pass","Real authorized UI interaction, registered handler/readback or explicitly blocked existing owner; rendering is not action proof"
"C2-CONTROL-73","client/src/pages/mobile/MobileHome.tsx","156","button","""button-retry-deals""","[{""event"":""onClick"",""binding"":""{() => refetchDeals()}""}]","C2 consumer; retained shared A/B command authority","NOT_EXECUTED: source control row requires action/state/role/keyboard receipt; mounted or static inventory is not a pass","Real authorized UI interaction, registered handler/readback or explicitly blocked existing owner; rendering is not action proof"
"C2-CONTROL-74","client/src/pages/mobile/MobileHome.tsx","175","button","""button-retry-contacts""","[{""event"":""onClick"",""binding"":""{() => refetchContacts()}""}]","C2 consumer; retained shared A/B command authority","NOT_EXECUTED: source control row requires action/state/role/keyboard receipt; mounted or static inventory is not a pass","Real authorized UI interaction, registered handler/readback or explicitly blocked existing owner; rendering is not action proof"
"C2-CONTROL-75","client/src/pages/mobile/MobileHome.tsx","196","button","""button-quick-log""","[{""event"":""onClick"",""binding"":""{() => setQuickLogOpen(true)}""}]","C2 consumer; retained shared A/B command authority","NOT_EXECUTED: source control row requires action/state/role/keyboard receipt; mounted or static inventory is not a pass","Real authorized UI interaction, registered handler/readback or explicitly blocked existing owner; rendering is not action proof"
"C2-CONTROL-76","client/src/pages/mobile/MobileHome.tsx","214","button","""card-field-day""","[{""event"":""onClick"",""binding"":""{() => setLocation(\""/mobile/field-day\"")}""}]","C2 consumer; retained shared A/B command authority","NOT_EXECUTED: source control row requires action/state/role/keyboard receipt; mounted or static inventory is not a pass","Real authorized UI interaction, registered handler/readback or explicitly blocked existing owner; rendering is not action proof"
"C2-CONTROL-77","client/src/pages/mobile/MobileHome.tsx","261","button","","[{""event"":""onClick"",""binding"":""{() => completeTask(task.id)}""}]","C2 consumer; retained shared A/B command authority","NOT_EXECUTED: source control row requires action/state/role/keyboard receipt; mounted or static inventory is not a pass","Real authorized UI interaction, registered handler/readback or explicitly blocked existing owner; rendering is not action proof"
"C2-CONTROL-78","client/src/pages/mobile/MobileHome.tsx","278","button","","[{""event"":""onClick"",""binding"":""{() => setLocation(\""/mobile/tasks\"")}""}]","C2 consumer; retained shared A/B command authority","NOT_EXECUTED: source control row requires action/state/role/keyboard receipt; mounted or static inventory is not a pass","Real authorized UI interaction, registered handler/readback or explicitly blocked existing owner; rendering is not action proof"
"C2-CONTROL-79","client/src/pages/mobile/MobileHome.tsx","288","button","","[{""event"":""onClick"",""binding"":""{()=>void retryTasks()}""}]","C2 consumer; retained shared A/B command authority","NOT_EXECUTED: source control row requires action/state/role/keyboard receipt; mounted or static inventory is not a pass","Real authorized UI interaction, registered handler/readback or explicitly blocked existing owner; rendering is not action proof"
"C2-CONTROL-80","client/src/pages/mobile/MobileHome.tsx","298","button","{`button-complete-task-${task.id}`}","[{""event"":""onClick"",""binding"":""{() => completeTask(task.id)}""}]","C2 consumer; retained shared A/B command authority","NOT_EXECUTED: source control row requires action/state/role/keyboard receipt; mounted or static inventory is not a pass","Real authorized UI interaction, registered handler/readback or explicitly blocked existing owner; rendering is not action proof"
"C2-CONTROL-81","client/src/pages/mobile/MobileHome.tsx","331","button","","[{""event"":""onClick"",""binding"":""{() => void retryAppointments()}""}]","C2 consumer; retained shared A/B command authority","NOT_EXECUTED: source control row requires action/state/role/keyboard receipt; mounted or static inventory is not a pass","Real authorized UI interaction, registered handler/readback or explicitly blocked existing owner; rendering is not action proof"
"C2-CONTROL-82","client/src/pages/mobile/MobileHome.tsx","366","button","""button-view-contacts""","[{""event"":""onClick"",""binding"":""{() => setLocation(\""/mobile/contacts\"")}""}]","C2 consumer; retained shared A/B command authority","NOT_EXECUTED: source control row requires action/state/role/keyboard receipt; mounted or static inventory is not a pass","Real authorized UI interaction, registered handler/readback or explicitly blocked existing owner; rendering is not action proof"
"C2-CONTROL-83","client/src/pages/mobile/MobileHome.tsx","374","button","""button-view-pipeline""","[{""event"":""onClick"",""binding"":""{() => setLocation(\""/mobile/pipeline\"")}""}]","C2 consumer; retained shared A/B command authority","NOT_EXECUTED: source control row requires action/state/role/keyboard receipt; mounted or static inventory is not a pass","Real authorized UI interaction, registered handler/readback or explicitly blocked existing owner; rendering is not action proof"
"C2-CONTROL-84","client/src/pages/mobile/MobileHome.tsx","382","button","""button-view-tasks""","[{""event"":""onClick"",""binding"":""{() => setLocation(\""/mobile/tasks\"")}""}]","C2 consumer; retained shared A/B command authority","NOT_EXECUTED: source control row requires action/state/role/keyboard receipt; mounted or static inventory is not a pass","Real authorized UI interaction, registered handler/readback or explicitly blocked existing owner; rendering is not action proof"
"C2-CONTROL-85","client/src/pages/mobile/MobileHome.tsx","390","button","""button-open-quick-log-2""","[{""event"":""onClick"",""binding"":""{() => setQuickLogOpen(true)}""}]","C2 consumer; retained shared A/B command authority","NOT_EXECUTED: source control row requires action/state/role/keyboard receipt; mounted or static inventory is not a pass","Real authorized UI interaction, registered handler/readback or explicitly blocked existing owner; rendering is not action proof"
"C2-CONTROL-86","client/src/pages/mobile/MobileHome.tsx","403","button","""button-switch-to-desktop""","[{""event"":""onClick"",""binding"":""{() => {\n            localStorage.setItem(\""prefer_desktop\"", \""true\"");\n            window.location.href = \""/dashboard\"";\n          }}""}]","C2 consumer; retained shared A/B command authority","NOT_EXECUTED: source control row requires action/state/role/keyboard receipt; mounted or static inventory is not a pass","Real authorized UI interaction, registered handler/readback or explicitly blocked existing owner; rendering is not action proof"
"C2-CONTROL-87","client/src/pages/mobile/MobileQuickLog.tsx","182","div","","[{""event"":""onClick"",""binding"":""{onClose}""}]","C2 consumer; retained shared A/B command authority","NOT_EXECUTED: source control row requires action/state/role/keyboard receipt; mounted or static inventory is not a pass","Real authorized UI interaction, registered handler/readback or explicitly blocked existing owner; rendering is not action proof"
"C2-CONTROL-88","client/src/pages/mobile/MobileQuickLog.tsx","183","div","","[{""event"":""onClick"",""binding"":""{(e) => e.stopPropagation()}""}]","C2 consumer; retained shared A/B command authority","NOT_EXECUTED: source control row requires action/state/role/keyboard receipt; mounted or static inventory is not a pass","Real authorized UI interaction, registered handler/readback or explicitly blocked existing owner; rendering is not action proof"
"C2-CONTROL-89","client/src/pages/mobile/MobileQuickLog.tsx","191","button","""button-close-quick-log""","[{""event"":""onClick"",""binding"":""{onClose}""}]","C2 consumer; retained shared A/B command authority","NOT_EXECUTED: source control row requires action/state/role/keyboard receipt; mounted or static inventory is not a pass","Real authorized UI interaction, registered handler/readback or explicitly blocked existing owner; rendering is not action proof"
"C2-CONTROL-90","client/src/pages/mobile/MobileQuickLog.tsx","197","button","{`tab-${id}`}","[{""event"":""onClick"",""binding"":""{() => setTab(id)}""}]","C2 consumer; retained shared A/B command authority","NOT_EXECUTED: source control row requires action/state/role/keyboard receipt; mounted or static inventory is not a pass","Real authorized UI interaction, registered handler/readback or explicitly blocked existing owner; rendering is not action proof"
"C2-CONTROL-91","client/src/pages/mobile/MobileQuickLog.tsx","218","select","""select-contact""","[{""event"":""onChange"",""binding"":""{(e) => setContactId(e.target.value)}""}]","C2 consumer; retained shared A/B command authority","NOT_EXECUTED: source control row requires action/state/role/keyboard receipt; mounted or static inventory is not a pass","Real authorized UI interaction, registered handler/readback or explicitly blocked existing owner; rendering is not action proof"
"C2-CONTROL-92","client/src/pages/mobile/MobileQuickLog.tsx","240","button","{`button-outcome-${o.replace(/\s+/g, ""-"").toLowerCase()}`}","[{""event"":""onClick"",""binding"":""{() => setOutcome(o)}""}]","C2 consumer; retained shared A/B command authority","NOT_EXECUTED: source control row requires action/state/role/keyboard receipt; mounted or static inventory is not a pass","Real authorized UI interaction, registered handler/readback or explicitly blocked existing owner; rendering is not action proof"
"C2-CONTROL-93","client/src/pages/mobile/MobileQuickLog.tsx","258","textarea","""input-call-notes""","[{""event"":""onChange"",""binding"":""{(e) => setCallNotes(e.target.value)}""}]","C2 consumer; retained shared A/B command authority","NOT_EXECUTED: source control row requires action/state/role/keyboard receipt; mounted or static inventory is not a pass","Real authorized UI interaction, registered handler/readback or explicitly blocked existing owner; rendering is not action proof"
"C2-CONTROL-94","client/src/pages/mobile/MobileQuickLog.tsx","267","button","""button-log-call-submit""","[{""event"":""onClick"",""binding"":""{() => logCall()}""}]","C2 consumer; retained shared A/B command authority","NOT_EXECUTED: source control row requires action/state/role/keyboard receipt; mounted or static inventory is not a pass","Real authorized UI interaction, registered handler/readback or explicitly blocked existing owner; rendering is not action proof"
"C2-CONTROL-95","client/src/pages/mobile/MobileQuickLog.tsx","285","button","{`button-template-${i}`}","[{""event"":""onClick"",""binding"":""{() => { setSelectedTemplate(i); setSmsBody(t.body); }}""}]","C2 consumer; retained shared A/B command authority","NOT_EXECUTED: source control row requires action/state/role/keyboard receipt; mounted or static inventory is not a pass","Real authorized UI interaction, registered handler/readback or explicitly blocked existing owner; rendering is not action proof"
"C2-CONTROL-96","client/src/pages/mobile/MobileQuickLog.tsx","304","textarea","""input-sms-body""","[{""event"":""onChange"",""binding"":""{(e) => setSmsBody(e.target.value)}""}]","C2 consumer; retained shared A/B command authority","NOT_EXECUTED: source control row requires action/state/role/keyboard receipt; mounted or static inventory is not a pass","Real authorized UI interaction, registered handler/readback or explicitly blocked existing owner; rendering is not action proof"
"C2-CONTROL-97","client/src/pages/mobile/MobileQuickLog.tsx","313","button","""button-send-sms""","[{""event"":""onClick"",""binding"":""{() => logSms()}""}]","C2 consumer; retained shared A/B command authority","NOT_EXECUTED: source control row requires action/state/role/keyboard receipt; mounted or static inventory is not a pass","Real authorized UI interaction, registered handler/readback or explicitly blocked existing owner; rendering is not action proof"
"C2-CONTROL-98","client/src/pages/mobile/MobileQuickLog.tsx","329","select","""select-task-contact""","[{""event"":""onChange"",""binding"":""{(e) => setContactId(e.target.value)}""}]","C2 consumer; retained shared A/B command authority","NOT_EXECUTED: source control row requires action/state/role/keyboard receipt; mounted or static inventory is not a pass","Real authorized UI interaction, registered handler/readback or explicitly blocked existing owner; rendering is not action proof"
"C2-CONTROL-99","client/src/pages/mobile/MobileQuickLog.tsx","345","input","""input-quick-task-title""","[{""event"":""onChange"",""binding"":""{(e) => setTaskTitle(e.target.value)}""}]","C2 consumer; retained shared A/B command authority","NOT_EXECUTED: source control row requires action/state/role/keyboard receipt; mounted or static inventory is not a pass","Real authorized UI interaction, registered handler/readback or explicitly blocked existing owner; rendering is not action proof"
"C2-CONTROL-100","client/src/pages/mobile/MobileQuickLog.tsx","357","select","""select-task-priority""","[{""event"":""onChange"",""binding"":""{(e) => setTaskPriority(e.target.value)}""}]","C2 consumer; retained shared A/B command authority","NOT_EXECUTED: source control row requires action/state/role/keyboard receipt; mounted or static inventory is not a pass","Real authorized UI interaction, registered handler/readback or explicitly blocked existing owner; rendering is not action proof"
"C2-CONTROL-101","client/src/pages/mobile/MobileQuickLog.tsx","370","input","""input-quick-task-due""","[{""event"":""onChange"",""binding"":""{(e) => setTaskDue(e.target.value)}""}]","C2 consumer; retained shared A/B command authority","NOT_EXECUTED: source control row requires action/state/role/keyboard receipt; mounted or static inventory is not a pass","Real authorized UI interaction, registered handler/readback or explicitly blocked existing owner; rendering is not action proof"
"C2-CONTROL-102","client/src/pages/mobile/MobileQuickLog.tsx","379","button","""button-create-quick-task""","[{""event"":""onClick"",""binding"":""{() => createTask()}""}]","C2 consumer; retained shared A/B command authority","NOT_EXECUTED: source control row requires action/state/role/keyboard receipt; mounted or static inventory is not a pass","Real authorized UI interaction, registered handler/readback or explicitly blocked existing owner; rendering is not action proof"
"C2-CONTROL-103","client/src/pages/mobile/MobileQuickLog.tsx","395","select","""select-photo-contact""","[{""event"":""onChange"",""binding"":""{(e) => setContactId(e.target.value)}""}]","C2 consumer; retained shared A/B command authority","NOT_EXECUTED: source control row requires action/state/role/keyboard receipt; mounted or static inventory is not a pass","Real authorized UI interaction, registered handler/readback or explicitly blocked existing owner; rendering is not action proof"
"C2-CONTROL-104","client/src/pages/mobile/MobileQuickLog.tsx","411","input","""input-photo-caption""","[{""event"":""onChange"",""binding"":""{(e) => setPhotoCaption(e.target.value)}""}]","C2 consumer; retained shared A/B command authority","NOT_EXECUTED: source control row requires action/state/role/keyboard receipt; mounted or static inventory is not a pass","Real authorized UI interaction, registered handler/readback or explicitly blocked existing owner; rendering is not action proof"
"C2-CONTROL-105","client/src/pages/mobile/MobileQuickLog.tsx","427","input","","[{""event"":""onChange"",""binding"":""{handlePhotoUpload}""}]","C2 consumer; retained shared A/B command authority","NOT_EXECUTED: source control row requires action/state/role/keyboard receipt; mounted or static inventory is not a pass","Real authorized UI interaction, registered handler/readback or explicitly blocked existing owner; rendering is not action proof"
"C2-CONTROL-106","client/src/pages/mobile/MobileContacts.tsx","91","div","","[{""event"":""onClick"",""binding"":""{onClose}""}]","C2 consumer; retained shared A/B command authority","NOT_EXECUTED: source control row requires action/state/role/keyboard receipt; mounted or static inventory is not a pass","Real authorized UI interaction, registered handler/readback or explicitly blocked existing owner; rendering is not action proof"
"C2-CONTROL-107","client/src/pages/mobile/MobileContacts.tsx","92","div","","[{""event"":""onClick"",""binding"":""{(e) => e.stopPropagation()}""}]","C2 consumer; retained shared A/B command authority","NOT_EXECUTED: source control row requires action/state/role/keyboard receipt; mounted or static inventory is not a pass","Real authorized UI interaction, registered handler/readback or explicitly blocked existing owner; rendering is not action proof"
"C2-CONTROL-108","client/src/pages/mobile/MobileContacts.tsx","100","button","","[{""event"":""onClick"",""binding"":""{onClose}""}]","C2 consumer; retained shared A/B command authority","NOT_EXECUTED: source control row requires action/state/role/keyboard receipt; mounted or static inventory is not a pass","Real authorized UI interaction, registered handler/readback or explicitly blocked existing owner; rendering is not action proof"
"C2-CONTROL-109","client/src/pages/mobile/MobileContacts.tsx","110","input","","[{""event"":""onChange"",""binding"":""{(e) => setFirstName(e.target.value)}""}]","C2 consumer; retained shared A/B command authority","NOT_EXECUTED: source control row requires action/state/role/keyboard receipt; mounted or static inventory is not a pass","Real authorized UI interaction, registered handler/readback or explicitly blocked existing owner; rendering is not action proof"
"C2-CONTROL-110","client/src/pages/mobile/MobileContacts.tsx","120","input","","[{""event"":""onChange"",""binding"":""{(e) => setLastName(e.target.value)}""}]","C2 consumer; retained shared A/B command authority","NOT_EXECUTED: source control row requires action/state/role/keyboard receipt; mounted or static inventory is not a pass","Real authorized UI interaction, registered handler/readback or explicitly blocked existing owner; rendering is not action proof"
"C2-CONTROL-111","client/src/pages/mobile/MobileContacts.tsx","132","input","","[{""event"":""onChange"",""binding"":""{(e) => setCompanyName(e.target.value)}""}]","C2 consumer; retained shared A/B command authority","NOT_EXECUTED: source control row requires action/state/role/keyboard receipt; mounted or static inventory is not a pass","Real authorized UI interaction, registered handler/readback or explicitly blocked existing owner; rendering is not action proof"
"C2-CONTROL-112","client/src/pages/mobile/MobileContacts.tsx","143","input","","[{""event"":""onChange"",""binding"":""{(e) => setPhone(e.target.value)}""}]","C2 consumer; retained shared A/B command authority","NOT_EXECUTED: source control row requires action/state/role/keyboard receipt; mounted or static inventory is not a pass","Real authorized UI interaction, registered handler/readback or explicitly blocked existing owner; rendering is not action proof"
"C2-CONTROL-113","client/src/pages/mobile/MobileContacts.tsx","154","input","","[{""event"":""onChange"",""binding"":""{(e) => setEmail(e.target.value)}""}]","C2 consumer; retained shared A/B command authority","NOT_EXECUTED: source control row requires action/state/role/keyboard receipt; mounted or static inventory is not a pass","Real authorized UI interaction, registered handler/readback or explicitly blocked existing owner; rendering is not action proof"
"C2-CONTROL-114","client/src/pages/mobile/MobileContacts.tsx","163","button","","[{""event"":""onClick"",""binding"":""{() => createMutation.mutate()}""}]","C2 consumer; retained shared A/B command authority","NOT_EXECUTED: source control row requires action/state/role/keyboard receipt; mounted or static inventory is not a pass","Real authorized UI interaction, registered handler/readback or explicitly blocked existing owner; rendering is not action proof"
"C2-CONTROL-115","client/src/pages/mobile/MobileContacts.tsx","214","button","""button-create-contact""","[{""event"":""onClick"",""binding"":""{() => setShowCreate(true)}""}]","C2 consumer; retained shared A/B command authority","NOT_EXECUTED: source control row requires action/state/role/keyboard receipt; mounted or static inventory is not a pass","Real authorized UI interaction, registered handler/readback or explicitly blocked existing owner; rendering is not action proof"
"C2-CONTROL-116","client/src/pages/mobile/MobileContacts.tsx","225","input","""input-search-contacts""","[{""event"":""onChange"",""binding"":""{(e) => setSearch(e.target.value)}""}]","C2 consumer; retained shared A/B command authority","NOT_EXECUTED: source control row requires action/state/role/keyboard receipt; mounted or static inventory is not a pass","Real authorized UI interaction, registered handler/readback or explicitly blocked existing owner; rendering is not action proof"
"C2-CONTROL-117","client/src/pages/mobile/MobileContacts.tsx","248","button","","[{""event"":""onClick"",""binding"":""{() => setShowCreate(true)}""}]","C2 consumer; retained shared A/B command authority","NOT_EXECUTED: source control row requires action/state/role/keyboard receipt; mounted or static inventory is not a pass","Real authorized UI interaction, registered handler/readback or explicitly blocked existing owner; rendering is not action proof"
"C2-CONTROL-118","client/src/pages/mobile/MobileContacts.tsx","264","div","{`card-contact-${contact.id}`}","[{""event"":""onClick"",""binding"":""{() => setLocation(`/mobile/contacts/${contact.id}`)}""}]","C2 consumer; retained shared A/B command authority","NOT_EXECUTED: source control row requires action/state/role/keyboard receipt; mounted or static inventory is not a pass","Real authorized UI interaction, registered handler/readback or explicitly blocked existing owner; rendering is not action proof"
"C2-CONTROL-119","client/src/pages/mobile/MobileContacts.tsx","293","a","{`link-call-${contact.id}`}","[{""event"":""onClick"",""binding"":""{(e) => { e.stopPropagation(); trackPhoneCallClick({ contactId: contact.id, sourcePage: \""/mobile/contacts\"" }); }}""}]","C2 consumer; retained shared A/B command authority","NOT_EXECUTED: source control row requires action/state/role/keyboard receipt; mounted or static inventory is not a pass","Real authorized UI interaction, registered handler/readback or explicitly blocked existing owner; rendering is not action proof"
"C2-CONTROL-120","client/src/pages/mobile/MobileContacts.tsx","303","a","{`link-sms-${contact.id}`}","[{""event"":""onClick"",""binding"":""{(e) => e.stopPropagation()}""}]","C2 consumer; retained shared A/B command authority","NOT_EXECUTED: source control row requires action/state/role/keyboard receipt; mounted or static inventory is not a pass","Real authorized UI interaction, registered handler/readback or explicitly blocked existing owner; rendering is not action proof"
"C2-CONTROL-121","client/src/pages/mobile/MobileContactDetail.tsx","62","input","","[{""event"":""onChange"",""binding"":""{(e) => onChange(e.target.value)}""}]","C2 consumer; retained shared A/B command authority","NOT_EXECUTED: source control row requires action/state/role/keyboard receipt; mounted or static inventory is not a pass","Real authorized UI interaction, registered handler/readback or explicitly blocked existing owner; rendering is not action proof"
"C2-CONTROL-122","client/src/pages/mobile/MobileContactDetail.tsx","159","div","","[{""event"":""onClick"",""binding"":""{onClose}""}]","C2 consumer; retained shared A/B command authority","NOT_EXECUTED: source control row requires action/state/role/keyboard receipt; mounted or static inventory is not a pass","Real authorized UI interaction, registered handler/readback or explicitly blocked existing owner; rendering is not action proof"
"C2-CONTROL-123","client/src/pages/mobile/MobileContactDetail.tsx","160","div","","[{""event"":""onClick"",""binding"":""{(e) => e.stopPropagation()}""}]","C2 consumer; retained shared A/B command authority","NOT_EXECUTED: source control row requires action/state/role/keyboard receipt; mounted or static inventory is not a pass","Real authorized UI interaction, registered handler/readback or explicitly blocked existing owner; rendering is not action proof"
"C2-CONTROL-124","client/src/pages/mobile/MobileContactDetail.tsx","169","button","","[{""event"":""onClick"",""binding"":""{onClose}""}]","C2 consumer; retained shared A/B command authority","NOT_EXECUTED: source control row requires action/state/role/keyboard receipt; mounted or static inventory is not a pass","Real authorized UI interaction, registered handler/readback or explicitly blocked existing owner; rendering is not action proof"
"C2-CONTROL-125","client/src/pages/mobile/MobileContactDetail.tsx","184","button","","[{""event"":""onClick"",""binding"":""{() => {void refetchSeqs();void retryEnrollments();}}""}]","C2 consumer; retained shared A/B command authority","NOT_EXECUTED: source control row requires action/state/role/keyboard receipt; mounted or static inventory is not a pass","Real authorized UI interaction, registered handler/readback or explicitly blocked existing owner; rendering is not action proof"
"C2-CONTROL-126","client/src/pages/mobile/MobileContactDetail.tsx","224","button","{`button-enroll-sequence-${seq.id}`}","[{""event"":""onClick"",""binding"":""{() => enrollMutation.mutate(seq.id)}""}]","C2 consumer; retained shared A/B command authority","NOT_EXECUTED: source control row requires action/state/role/keyboard receipt; mounted or static inventory is not a pass","Real authorized UI interaction, registered handler/readback or explicitly blocked existing owner; rendering is not action proof"
"C2-CONTROL-127","client/src/pages/mobile/MobileContactDetail.tsx","251","button","","[{""event"":""onClick"",""binding"":""{()=>navigate(\""/mobile/contacts\"")}""}]","C2 consumer; retained shared A/B command authority","NOT_EXECUTED: source control row requires action/state/role/keyboard receipt; mounted or static inventory is not a pass","Real authorized UI interaction, registered handler/readback or explicitly blocked existing owner; rendering is not action proof"
"C2-CONTROL-128","client/src/pages/mobile/MobileContactDetail.tsx","382","button","","[{""event"":""onClick"",""binding"":""{()=>void retryContact()}""}]","C2 consumer; retained shared A/B command authority","NOT_EXECUTED: source control row requires action/state/role/keyboard receipt; mounted or static inventory is not a pass","Real authorized UI interaction, registered handler/readback or explicitly blocked existing owner; rendering is not action proof"
"C2-CONTROL-129","client/src/pages/mobile/MobileContactDetail.tsx","388","button","","[{""event"":""onClick"",""binding"":""{() => setLocation(\""/mobile/contacts\"")}""}]","C2 consumer; retained shared A/B command authority","NOT_EXECUTED: source control row requires action/state/role/keyboard receipt; mounted or static inventory is not a pass","Real authorized UI interaction, registered handler/readback or explicitly blocked existing owner; rendering is not action proof"
"C2-CONTROL-130","client/src/pages/mobile/MobileContactDetail.tsx","406","button","""button-back""","[{""event"":""onClick"",""binding"":""{() => setLocation(\""/mobile/contacts\"")}""}]","C2 consumer; retained shared A/B command authority","NOT_EXECUTED: source control row requires action/state/role/keyboard receipt; mounted or static inventory is not a pass","Real authorized UI interaction, registered handler/readback or explicitly blocked existing owner; rendering is not action proof"
"C2-CONTROL-131","client/src/pages/mobile/MobileContactDetail.tsx","415","button","""button-edit-contact""","[{""event"":""onClick"",""binding"":""{startEdit}""}]","C2 consumer; retained shared A/B command authority","NOT_EXECUTED: source control row requires action/state/role/keyboard receipt; mounted or static inventory is not a pass","Real authorized UI interaction, registered handler/readback or explicitly blocked existing owner; rendering is not action proof"
"C2-CONTROL-132","client/src/pages/mobile/MobileContactDetail.tsx","425","button","""button-cancel-edit""","[{""event"":""onClick"",""binding"":""{() => setEditing(false)}""}]","C2 consumer; retained shared A/B command authority","NOT_EXECUTED: source control row requires action/state/role/keyboard receipt; mounted or static inventory is not a pass","Real authorized UI interaction, registered handler/readback or explicitly blocked existing owner; rendering is not action proof"
"C2-CONTROL-133","client/src/pages/mobile/MobileContactDetail.tsx","432","button","""button-save-contact""","[{""event"":""onClick"",""binding"":""{() => updateMutation.mutate(editForm)}""}]","C2 consumer; retained shared A/B command authority","NOT_EXECUTED: source control row requires action/state/role/keyboard receipt; mounted or static inventory is not a pass","Real authorized UI interaction, registered handler/readback or explicitly blocked existing owner; rendering is not action proof"
"C2-CONTROL-134","client/src/pages/mobile/MobileContactDetail.tsx","463","button","","[{""event"":""onClick"",""binding"":""{()=>void retryEnrollments()}""}]","C2 consumer; retained shared A/B command authority","NOT_EXECUTED: source control row requires action/state/role/keyboard receipt; mounted or static inventory is not a pass","Real authorized UI interaction, registered handler/readback or explicitly blocked existing owner; rendering is not action proof"
"C2-CONTROL-135","client/src/pages/mobile/MobileContactDetail.tsx","483","a","""link-call-contact""","[{""event"":""onClick"",""binding"":""{event=>{if(outbound.blocked){event.preventDefault();return;}trackPhoneCallClick({ contactId: contact.id, sourcePage: \""/mobile/contacts/\"" + contact.id });}}""}]","C2 consumer; retained shared A/B command authority","NOT_EXECUTED: source control row requires action/state/role/keyboard receipt; mounted or static inventory is not a pass","Real authorized UI interaction, registered handler/readback or explicitly blocked existing owner; rendering is not action proof"
"C2-CONTROL-136","client/src/pages/mobile/MobileContactDetail.tsx","491","a","""link-sms-contact""","[]","C2 consumer; retained shared A/B command authority","NOT_EXECUTED: source control row requires action/state/role/keyboard receipt; mounted or static inventory is not a pass","Real authorized UI interaction, registered handler/readback or explicitly blocked existing owner; rendering is not action proof"
"C2-CONTROL-137","client/src/pages/mobile/MobileContactDetail.tsx","498","a","""link-email-contact""","[]","C2 consumer; retained shared A/B command authority","NOT_EXECUTED: source control row requires action/state/role/keyboard receipt; mounted or static inventory is not a pass","Real authorized UI interaction, registered handler/readback or explicitly blocked existing owner; rendering is not action proof"
"C2-CONTROL-138","client/src/pages/mobile/MobileContactDetail.tsx","514","EditField","","[{""event"":""onChange"",""binding"":""{set(\""firstName\"")}""}]","C2 consumer; retained shared A/B command authority","NOT_EXECUTED: source control row requires action/state/role/keyboard receipt; mounted or static inventory is not a pass","Real authorized UI interaction, registered handler/readback or explicitly blocked existing owner; rendering is not action proof"
"C2-CONTROL-139","client/src/pages/mobile/MobileContactDetail.tsx","515","EditField","","[{""event"":""onChange"",""binding"":""{set(\""lastName\"")}""}]","C2 consumer; retained shared A/B command authority","NOT_EXECUTED: source control row requires action/state/role/keyboard receipt; mounted or static inventory is not a pass","Real authorized UI interaction, registered handler/readback or explicitly blocked existing owner; rendering is not action proof"
"C2-CONTROL-140","client/src/pages/mobile/MobileContactDetail.tsx","517","EditField","","[{""event"":""onChange"",""binding"":""{set(\""companyName\"")}""}]","C2 consumer; retained shared A/B command authority","NOT_EXECUTED: source control row requires action/state/role/keyboard receipt; mounted or static inventory is not a pass","Real authorized UI interaction, registered handler/readback or explicitly blocked existing owner; rendering is not action proof"
"C2-CONTROL-141","client/src/pages/mobile/MobileContactDetail.tsx","518","EditField","","[{""event"":""onChange"",""binding"":""{set(\""email\"")}""}]","C2 consumer; retained shared A/B command authority","NOT_EXECUTED: source control row requires action/state/role/keyboard receipt; mounted or static inventory is not a pass","Real authorized UI interaction, registered handler/readback or explicitly blocked existing owner; rendering is not action proof"
"C2-CONTROL-142","client/src/pages/mobile/MobileContactDetail.tsx","519","EditField","","[{""event"":""onChange"",""binding"":""{set(\""phone\"")}""}]","C2 consumer; retained shared A/B command authority","NOT_EXECUTED: source control row requires action/state/role/keyboard receipt; mounted or static inventory is not a pass","Real authorized UI interaction, registered handler/readback or explicitly blocked existing owner; rendering is not action proof"
"C2-CONTROL-143","client/src/pages/mobile/MobileContactDetail.tsx","522","select","""select-edit-vertical""","[{""event"":""onChange"",""binding"":""{(e) => set(\""vertical\"")(e.target.value)}""}]","C2 consumer; retained shared A/B command authority","NOT_EXECUTED: source control row requires action/state/role/keyboard receipt; mounted or static inventory is not a pass","Real authorized UI interaction, registered handler/readback or explicitly blocked existing owner; rendering is not action proof"
"C2-CONTROL-144","client/src/pages/mobile/MobileContactDetail.tsx","535","EditField","","[{""event"":""onChange"",""binding"":""{set(\""city\"")}""}]","C2 consumer; retained shared A/B command authority","NOT_EXECUTED: source control row requires action/state/role/keyboard receipt; mounted or static inventory is not a pass","Real authorized UI interaction, registered handler/readback or explicitly blocked existing owner; rendering is not action proof"
"C2-CONTROL-145","client/src/pages/mobile/MobileContactDetail.tsx","536","EditField","","[{""event"":""onChange"",""binding"":""{set(\""state\"")}""}]","C2 consumer; retained shared A/B command authority","NOT_EXECUTED: source control row requires action/state/role/keyboard receipt; mounted or static inventory is not a pass","Real authorized UI interaction, registered handler/readback or explicitly blocked existing owner; rendering is not action proof"
"C2-CONTROL-146","client/src/pages/mobile/MobileContactDetail.tsx","538","EditField","","[{""event"":""onChange"",""binding"":""{set(\""monthlyVolume\"")}""}]","C2 consumer; retained shared A/B command authority","NOT_EXECUTED: source control row requires action/state/role/keyboard receipt; mounted or static inventory is not a pass","Real authorized UI interaction, registered handler/readback or explicitly blocked existing owner; rendering is not action proof"
"C2-CONTROL-147","client/src/pages/mobile/MobileContactDetail.tsx","539","EditField","","[{""event"":""onChange"",""binding"":""{set(\""website\"")}""}]","C2 consumer; retained shared A/B command authority","NOT_EXECUTED: source control row requires action/state/role/keyboard receipt; mounted or static inventory is not a pass","Real authorized UI interaction, registered handler/readback or explicitly blocked existing owner; rendering is not action proof"
"C2-CONTROL-148","client/src/pages/mobile/MobileContactDetail.tsx","543","button","""button-save-contact-bottom""","[{""event"":""onClick"",""binding"":""{() => updateMutation.mutate(editForm)}""}]","C2 consumer; retained shared A/B command authority","NOT_EXECUTED: source control row requires action/state/role/keyboard receipt; mounted or static inventory is not a pass","Real authorized UI interaction, registered handler/readback or explicitly blocked existing owner; rendering is not action proof"
"C2-CONTROL-149","client/src/pages/mobile/MobileContactDetail.tsx","562","a","""text-contact-phone""","[{""event"":""onClick"",""binding"":""{() => trackPhoneCallClick({ contactId: contact.id, sourcePage: \""/mobile/contacts/\"" + contact.id })}""}]","C2 consumer; retained shared A/B command authority","NOT_EXECUTED: source control row requires action/state/role/keyboard receipt; mounted or static inventory is not a pass","Real authorized UI interaction, registered handler/readback or explicitly blocked existing owner; rendering is not action proof"
"C2-CONTROL-150","client/src/pages/mobile/MobileContactDetail.tsx","570","a","""text-contact-email""","[]","C2 consumer; retained shared A/B command authority","NOT_EXECUTED: source control row requires action/state/role/keyboard receipt; mounted or static inventory is not a pass","Real authorized UI interaction, registered handler/readback or explicitly blocked existing owner; rendering is not action proof"
"C2-CONTROL-151","client/src/pages/mobile/MobileContactDetail.tsx","594","a","","[]","C2 consumer; retained shared A/B command authority","NOT_EXECUTED: source control row requires action/state/role/keyboard receipt; mounted or static inventory is not a pass","Real authorized UI interaction, registered handler/readback or explicitly blocked existing owner; rendering is not action proof"
"C2-CONTROL-152","client/src/pages/mobile/MobileContactDetail.tsx","602","button","","[{""event"":""onClick"",""binding"":""{()=>void retryActivity()}""}]","C2 consumer; retained shared A/B command authority","NOT_EXECUTED: source control row requires action/state/role/keyboard receipt; mounted or static inventory is not a pass","Real authorized UI interaction, registered handler/readback or explicitly blocked existing owner; rendering is not action proof"
"C2-CONTROL-153","client/src/pages/mobile/MobileContactDetail.tsx","603","button","","[{""event"":""onClick"",""binding"":""{()=>void retryDeals()}""}]","C2 consumer; retained shared A/B command authority","NOT_EXECUTED: source control row requires action/state/role/keyboard receipt; mounted or static inventory is not a pass","Real authorized UI interaction, registered handler/readback or explicitly blocked existing owner; rendering is not action proof"
"C2-CONTROL-154","client/src/pages/mobile/MobileContactDetail.tsx","628","button","""button-log-call""","[{""event"":""onClick"",""binding"":""{() => setLogCallOpen(true)}""}]","C2 consumer; retained shared A/B command authority","NOT_EXECUTED: source control row requires action/state/role/keyboard receipt; mounted or static inventory is not a pass","Real authorized UI interaction, registered handler/readback or explicitly blocked existing owner; rendering is not action proof"
"C2-CONTROL-155","client/src/pages/mobile/MobileContactDetail.tsx","638","button","""button-quick-log-contact""","[{""event"":""onClick"",""binding"":""{() => setQuickLogOpen(true)}""}]","C2 consumer; retained shared A/B command authority","NOT_EXECUTED: source control row requires action/state/role/keyboard receipt; mounted or static inventory is not a pass","Real authorized UI interaction, registered handler/readback or explicitly blocked existing owner; rendering is not action proof"
"C2-CONTROL-156","client/src/pages/mobile/MobileContactDetail.tsx","648","button","""button-enroll-sequence""","[{""event"":""onClick"",""binding"":""{() => setEnrollOpen(true)}""}]","C2 consumer; retained shared A/B command authority","NOT_EXECUTED: source control row requires action/state/role/keyboard receipt; mounted or static inventory is not a pass","Real authorized UI interaction, registered handler/readback or explicitly blocked existing owner; rendering is not action proof"
"C2-CONTROL-157","client/src/pages/mobile/MobileContactDetail.tsx","699","div","","[{""event"":""onClick"",""binding"":""{() => setLogCallOpen(false)}""}]","C2 consumer; retained shared A/B command authority","NOT_EXECUTED: source control row requires action/state/role/keyboard receipt; mounted or static inventory is not a pass","Real authorized UI interaction, registered handler/readback or explicitly blocked existing owner; rendering is not action proof"
"C2-CONTROL-158","client/src/pages/mobile/MobileContactDetail.tsx","700","div","","[{""event"":""onClick"",""binding"":""{(e) => e.stopPropagation()}""}]","C2 consumer; retained shared A/B command authority","NOT_EXECUTED: source control row requires action/state/role/keyboard receipt; mounted or static inventory is not a pass","Real authorized UI interaction, registered handler/readback or explicitly blocked existing owner; rendering is not action proof"
"C2-CONTROL-159","client/src/pages/mobile/MobileContactDetail.tsx","706","button","{`button-outcome-${outcome.replace(/\s+/g, ""-"").toLowerCase()}`}","[{""event"":""onClick"",""binding"":""{() => setSelectedOutcome(outcome)}""}]","C2 consumer; retained shared A/B command authority","NOT_EXECUTED: source control row requires action/state/role/keyboard receipt; mounted or static inventory is not a pass","Real authorized UI interaction, registered handler/readback or explicitly blocked existing owner; rendering is not action proof"
"C2-CONTROL-160","client/src/pages/mobile/MobileContactDetail.tsx","720","textarea","""input-call-notes""","[{""event"":""onChange"",""binding"":""{(e) => setCallNotes(e.target.value)}""}]","C2 consumer; retained shared A/B command authority","NOT_EXECUTED: source control row requires action/state/role/keyboard receipt; mounted or static inventory is not a pass","Real authorized UI interaction, registered handler/readback or explicitly blocked existing owner; rendering is not action proof"
"C2-CONTROL-161","client/src/pages/mobile/MobileContactDetail.tsx","724","button","""button-submit-call-log""","[{""event"":""onClick"",""binding"":""{() => logCallMutation.mutate({ outcome: selectedOutcome, notes: callNotes })}""}]","C2 consumer; retained shared A/B command authority","NOT_EXECUTED: source control row requires action/state/role/keyboard receipt; mounted or static inventory is not a pass","Real authorized UI interaction, registered handler/readback or explicitly blocked existing owner; rendering is not action proof"
"C2-CONTROL-162","client/src/pages/dashboard/TasksAppointments.tsx","30","Tabs","","[{""event"":""onValueChange"",""binding"":""{handleTabChange}""}]","C2 consumer; retained shared A/B command authority","NOT_EXECUTED: source control row requires action/state/role/keyboard receipt; mounted or static inventory is not a pass","Real authorized UI interaction, registered handler/readback or explicitly blocked existing owner; rendering is not action proof"
"C2-CONTROL-163","client/src/pages/dashboard/TasksAppointments.tsx","32","TabsTrigger","""tab-tasks""","[]","C2 consumer; retained shared A/B command authority","NOT_EXECUTED: source control row requires action/state/role/keyboard receipt; mounted or static inventory is not a pass","Real authorized UI interaction, registered handler/readback or explicitly blocked existing owner; rendering is not action proof"
"C2-CONTROL-164","client/src/pages/dashboard/TasksAppointments.tsx","36","TabsTrigger","""tab-calendar""","[]","C2 consumer; retained shared A/B command authority","NOT_EXECUTED: source control row requires action/state/role/keyboard receipt; mounted or static inventory is not a pass","Real authorized UI interaction, registered handler/readback or explicitly blocked existing owner; rendering is not action proof"
"C2-CONTROL-165","client/src/pages/dashboard/Calendar.tsx","386","Button","""button-add-event""","[{""event"":""onClick"",""binding"":""{() => { setEventForm(f => ({ ...f, date: selectedDate })); setShowAddDialog(true); }}""}]","C2 consumer; retained shared A/B command authority","NOT_EXECUTED: source control row requires action/state/role/keyboard receipt; mounted or static inventory is not a pass","Real authorized UI interaction, registered handler/readback or explicitly blocked existing owner; rendering is not action proof"
"C2-CONTROL-166","client/src/pages/dashboard/Calendar.tsx","396","Button","","[{""event"":""onClick"",""binding"":""{() => void retryEvents()}""}]","C2 consumer; retained shared A/B command authority","NOT_EXECUTED: source control row requires action/state/role/keyboard receipt; mounted or static inventory is not a pass","Real authorized UI interaction, registered handler/readback or explicitly blocked existing owner; rendering is not action proof"
"C2-CONTROL-167","client/src/pages/dashboard/Calendar.tsx","398","Button","","[{""event"":""onClick"",""binding"":""{() => void retryAppointments()}""}]","C2 consumer; retained shared A/B command authority","NOT_EXECUTED: source control row requires action/state/role/keyboard receipt; mounted or static inventory is not a pass","Real authorized UI interaction, registered handler/readback or explicitly blocked existing owner; rendering is not action proof"
"C2-CONTROL-168","client/src/pages/dashboard/Calendar.tsx","400","Button","","[{""event"":""onClick"",""binding"":""{() => void retryDeals()}""}]","C2 consumer; retained shared A/B command authority","NOT_EXECUTED: source control row requires action/state/role/keyboard receipt; mounted or static inventory is not a pass","Real authorized UI interaction, registered handler/readback or explicitly blocked existing owner; rendering is not action proof"
"C2-CONTROL-169","client/src/pages/dashboard/Calendar.tsx","402","Button","","[{""event"":""onClick"",""binding"":""{() => void retryContacts()}""}]","C2 consumer; retained shared A/B command authority","NOT_EXECUTED: source control row requires action/state/role/keyboard receipt; mounted or static inventory is not a pass","Real authorized UI interaction, registered handler/readback or explicitly blocked existing owner; rendering is not action proof"
"C2-CONTROL-170","client/src/pages/dashboard/Calendar.tsx","419","Button","""button-prev-month""","[{""event"":""onClick"",""binding"":""{prevMonth}""}]","C2 consumer; retained shared A/B command authority","NOT_EXECUTED: source control row requires action/state/role/keyboard receipt; mounted or static inventory is not a pass","Real authorized UI interaction, registered handler/readback or explicitly blocked existing owner; rendering is not action proof"
"C2-CONTROL-171","client/src/pages/dashboard/Calendar.tsx","425","Button","""button-next-month""","[{""event"":""onClick"",""binding"":""{nextMonth}""}]","C2 consumer; retained shared A/B command authority","NOT_EXECUTED: source control row requires action/state/role/keyboard receipt; mounted or static inventory is not a pass","Real authorized UI interaction, registered handler/readback or explicitly blocked existing owner; rendering is not action proof"
"C2-CONTROL-172","client/src/pages/dashboard/Calendar.tsx","446","button","{`calendar-day-${dateKey}`}","[{""event"":""onClick"",""binding"":""{() => setSelectedDate(dateKey)}""}]","C2 consumer; retained shared A/B command authority","NOT_EXECUTED: source control row requires action/state/role/keyboard receipt; mounted or static inventory is not a pass","Real authorized UI interaction, registered handler/readback or explicitly blocked existing owner; rendering is not action proof"
"C2-CONTROL-173","client/src/pages/dashboard/Calendar.tsx","504","Input","{`input-fix-date-${evt.id}`}","[{""event"":""onChange"",""binding"":""{e => setFixDate(e.target.value)}""}]","C2 consumer; retained shared A/B command authority","NOT_EXECUTED: source control row requires action/state/role/keyboard receipt; mounted or static inventory is not a pass","Real authorized UI interaction, registered handler/readback or explicitly blocked existing owner; rendering is not action proof"
"C2-CONTROL-174","client/src/pages/dashboard/Calendar.tsx","511","Button","{`button-save-fix-${evt.id}`}","[{""event"":""onClick"",""binding"":""{() => fixEventDateMutation.mutate({ item: evt, newDate: fixDate })}""}]","C2 consumer; retained shared A/B command authority","NOT_EXECUTED: source control row requires action/state/role/keyboard receipt; mounted or static inventory is not a pass","Real authorized UI interaction, registered handler/readback or explicitly blocked existing owner; rendering is not action proof"
"C2-CONTROL-175","client/src/pages/dashboard/Calendar.tsx","520","Button","{`button-cancel-fix-${evt.id}`}","[{""event"":""onClick"",""binding"":""{() => { setFixingItemId(null); setFixDate(\""\""); }}""}]","C2 consumer; retained shared A/B command authority","NOT_EXECUTED: source control row requires action/state/role/keyboard receipt; mounted or static inventory is not a pass","Real authorized UI interaction, registered handler/readback or explicitly blocked existing owner; rendering is not action proof"
"C2-CONTROL-176","client/src/pages/dashboard/Calendar.tsx","532","Button","{`button-edit-invalid-date-${evt.id}`}","[{""event"":""onClick"",""binding"":""{() => { setFixingItemId(evt.id); setFixDate(formatDateKey(today)); }}""}]","C2 consumer; retained shared A/B command authority","NOT_EXECUTED: source control row requires action/state/role/keyboard receipt; mounted or static inventory is not a pass","Real authorized UI interaction, registered handler/readback or explicitly blocked existing owner; rendering is not action proof"
"C2-CONTROL-177","client/src/pages/dashboard/Calendar.tsx","541","Button","{`button-delete-invalid-date-${evt.id}`}","[{""event"":""onClick"",""binding"":""{() => removeInvalidDateMutation.mutate(evt)}""}]","C2 consumer; retained shared A/B command authority","NOT_EXECUTED: source control row requires action/state/role/keyboard receipt; mounted or static inventory is not a pass","Real authorized UI interaction, registered handler/readback or explicitly blocked existing owner; rendering is not action proof"
"C2-CONTROL-178","client/src/pages/dashboard/Calendar.tsx","623","a","","[]","C2 consumer; retained shared A/B command authority","NOT_EXECUTED: source control row requires action/state/role/keyboard receipt; mounted or static inventory is not a pass","Real authorized UI interaction, registered handler/readback or explicitly blocked existing owner; rendering is not action proof"
"C2-CONTROL-179","client/src/pages/dashboard/Calendar.tsx","652","Dialog","","[{""event"":""onOpenChange"",""binding"":""{setShowAddDialog}""}]","C2 consumer; retained shared A/B command authority","NOT_EXECUTED: source control row requires action/state/role/keyboard receipt; mounted or static inventory is not a pass","Real authorized UI interaction, registered handler/readback or explicitly blocked existing owner; rendering is not action proof"
"C2-CONTROL-180","client/src/pages/dashboard/Calendar.tsx","660","Input","""input-event-title""","[{""event"":""onChange"",""binding"":""{e => setEventForm(f => ({ ...f, title: e.target.value }))}""}]","C2 consumer; retained shared A/B command authority","NOT_EXECUTED: source control row requires action/state/role/keyboard receipt; mounted or static inventory is not a pass","Real authorized UI interaction, registered handler/readback or explicitly blocked existing owner; rendering is not action proof"
"C2-CONTROL-181","client/src/pages/dashboard/Calendar.tsx","669","Input","""input-event-date""","[{""event"":""onChange"",""binding"":""{e => setEventForm(f => ({ ...f, date: e.target.value }))}""}]","C2 consumer; retained shared A/B command authority","NOT_EXECUTED: source control row requires action/state/role/keyboard receipt; mounted or static inventory is not a pass","Real authorized UI interaction, registered handler/readback or explicitly blocked existing owner; rendering is not action proof"
"C2-CONTROL-182","client/src/pages/dashboard/Calendar.tsx","679","Input","""input-event-start-time""","[{""event"":""onChange"",""binding"":""{e => setEventForm(f => ({ ...f, startTime: e.target.value }))}""}]","C2 consumer; retained shared A/B command authority","NOT_EXECUTED: source control row requires action/state/role/keyboard receipt; mounted or static inventory is not a pass","Real authorized UI interaction, registered handler/readback or explicitly blocked existing owner; rendering is not action proof"
"C2-CONTROL-183","client/src/pages/dashboard/Calendar.tsx","688","Input","""input-event-end-time""","[{""event"":""onChange"",""binding"":""{e => setEventForm(f => ({ ...f, endTime: e.target.value }))}""}]","C2 consumer; retained shared A/B command authority","NOT_EXECUTED: source control row requires action/state/role/keyboard receipt; mounted or static inventory is not a pass","Real authorized UI interaction, registered handler/readback or explicitly blocked existing owner; rendering is not action proof"
"C2-CONTROL-184","client/src/pages/dashboard/Calendar.tsx","698","Select","","[{""event"":""onValueChange"",""binding"":""{v => setEventForm(f => ({ ...f, type: v as EventType }))}""}]","C2 consumer; retained shared A/B command authority","NOT_EXECUTED: source control row requires action/state/role/keyboard receipt; mounted or static inventory is not a pass","Real authorized UI interaction, registered handler/readback or explicitly blocked existing owner; rendering is not action proof"
"C2-CONTROL-185","client/src/pages/dashboard/Calendar.tsx","699","SelectTrigger","""select-event-type""","[]","C2 consumer; retained shared A/B command authority","NOT_EXECUTED: source control row requires action/state/role/keyboard receipt; mounted or static inventory is not a pass","Real authorized UI interaction, registered handler/readback or explicitly blocked existing owner; rendering is not action proof"
"C2-CONTROL-186","client/src/pages/dashboard/Calendar.tsx","713","Select","","[{""event"":""onValueChange"",""binding"":""{v => setEventForm(f => ({ ...f, contactId: v }))}""}]","C2 consumer; retained shared A/B command authority","NOT_EXECUTED: source control row requires action/state/role/keyboard receipt; mounted or static inventory is not a pass","Real authorized UI interaction, registered handler/readback or explicitly blocked existing owner; rendering is not action proof"
"C2-CONTROL-187","client/src/pages/dashboard/Calendar.tsx","714","SelectTrigger","""select-event-contact""","[]","C2 consumer; retained shared A/B command authority","NOT_EXECUTED: source control row requires action/state/role/keyboard receipt; mounted or static inventory is not a pass","Real authorized UI interaction, registered handler/readback or explicitly blocked existing owner; rendering is not action proof"
"C2-CONTROL-188","client/src/pages/dashboard/Calendar.tsx","729","Textarea","""input-event-notes""","[{""event"":""onChange"",""binding"":""{e => setEventForm(f => ({ ...f, notes: e.target.value }))}""}]","C2 consumer; retained shared A/B command authority","NOT_EXECUTED: source control row requires action/state/role/keyboard receipt; mounted or static inventory is not a pass","Real authorized UI interaction, registered handler/readback or explicitly blocked existing owner; rendering is not action proof"
"C2-CONTROL-189","client/src/pages/dashboard/Calendar.tsx","738","Button","""button-cancel-event""","[{""event"":""onClick"",""binding"":""{() => setShowAddDialog(false)}""}]","C2 consumer; retained shared A/B command authority","NOT_EXECUTED: source control row requires action/state/role/keyboard receipt; mounted or static inventory is not a pass","Real authorized UI interaction, registered handler/readback or explicitly blocked existing owner; rendering is not action proof"
"C2-CONTROL-190","client/src/pages/dashboard/Calendar.tsx","741","Button","""button-submit-event""","[{""event"":""onClick"",""binding"":""{handleSubmitEvent}""}]","C2 consumer; retained shared A/B command authority","NOT_EXECUTED: source control row requires action/state/role/keyboard receipt; mounted or static inventory is not a pass","Real authorized UI interaction, registered handler/readback or explicitly blocked existing owner; rendering is not action proof"
"C2-CONTROL-191","client/src/pages/dashboard/Tasks.tsx","445","Select","","[{""event"":""onValueChange"",""binding"":""{handleSourceFilterChange}""}]","C2 consumer; retained shared A/B command authority","NOT_EXECUTED: source control row requires action/state/role/keyboard receipt; mounted or static inventory is not a pass","Real authorized UI interaction, registered handler/readback or explicitly blocked existing owner; rendering is not action proof"
"C2-CONTROL-192","client/src/pages/dashboard/Tasks.tsx","446","SelectTrigger","""select-filter-source""","[]","C2 consumer; retained shared A/B command authority","NOT_EXECUTED: source control row requires action/state/role/keyboard receipt; mounted or static inventory is not a pass","Real authorized UI interaction, registered handler/readback or explicitly blocked existing owner; rendering is not action proof"
"C2-CONTROL-193","client/src/pages/dashboard/Tasks.tsx","455","Select","","[{""event"":""onValueChange"",""binding"":""{handleStatusFilterChange}""}]","C2 consumer; retained shared A/B command authority","NOT_EXECUTED: source control row requires action/state/role/keyboard receipt; mounted or static inventory is not a pass","Real authorized UI interaction, registered handler/readback or explicitly blocked existing owner; rendering is not action proof"
"C2-CONTROL-194","client/src/pages/dashboard/Tasks.tsx","456","SelectTrigger","""select-filter-status""","[]","C2 consumer; retained shared A/B command authority","NOT_EXECUTED: source control row requires action/state/role/keyboard receipt; mounted or static inventory is not a pass","Real authorized UI interaction, registered handler/readback or explicitly blocked existing owner; rendering is not action proof"
"C2-CONTROL-195","client/src/pages/dashboard/Tasks.tsx","466","Button","""button-ai-generate-tasks""","[{""event"":""onClick"",""binding"":""{() => generateTasksMutation.mutate()}""}]","C2 consumer; retained shared A/B command authority","NOT_EXECUTED: source control row requires action/state/role/keyboard receipt; mounted or static inventory is not a pass","Real authorized UI interaction, registered handler/readback or explicitly blocked existing owner; rendering is not action proof"
"C2-CONTROL-196","client/src/pages/dashboard/Tasks.tsx","476","Dialog","","[{""event"":""onOpenChange"",""binding"":""{setCreateOpen}""}]","C2 consumer; retained shared A/B command authority","NOT_EXECUTED: source control row requires action/state/role/keyboard receipt; mounted or static inventory is not a pass","Real authorized UI interaction, registered handler/readback or explicitly blocked existing owner; rendering is not action proof"
"C2-CONTROL-197","client/src/pages/dashboard/Tasks.tsx","478","Button","""button-new-task""","[]","C2 consumer; retained shared A/B command authority","NOT_EXECUTED: source control row requires action/state/role/keyboard receipt; mounted or static inventory is not a pass","Real authorized UI interaction, registered handler/readback or explicitly blocked existing owner; rendering is not action proof"
"C2-CONTROL-198","client/src/pages/dashboard/Tasks.tsx","490","Input","""input-task-title""","[{""event"":""onChange"",""binding"":""{(e) => setNewTask({ ...newTask, title: e.target.value })}""}]","C2 consumer; retained shared A/B command authority","NOT_EXECUTED: source control row requires action/state/role/keyboard receipt; mounted or static inventory is not a pass","Real authorized UI interaction, registered handler/readback or explicitly blocked existing owner; rendering is not action proof"
"C2-CONTROL-199","client/src/pages/dashboard/Tasks.tsx","500","Textarea","""input-task-description""","[{""event"":""onChange"",""binding"":""{(e) => setNewTask({ ...newTask, description: e.target.value })}""}]","C2 consumer; retained shared A/B command authority","NOT_EXECUTED: source control row requires action/state/role/keyboard receipt; mounted or static inventory is not a pass","Real authorized UI interaction, registered handler/readback or explicitly blocked existing owner; rendering is not action proof"
"C2-CONTROL-200","client/src/pages/dashboard/Tasks.tsx","511","Input","""input-task-assigned""","[{""event"":""onChange"",""binding"":""{(e) => setNewTask({ ...newTask, assignedTo: e.target.value })}""}]","C2 consumer; retained shared A/B command authority","NOT_EXECUTED: source control row requires action/state/role/keyboard receipt; mounted or static inventory is not a pass","Real authorized UI interaction, registered handler/readback or explicitly blocked existing owner; rendering is not action proof"
"C2-CONTROL-201","client/src/pages/dashboard/Tasks.tsx","521","Input","""input-task-duedate""","[{""event"":""onChange"",""binding"":""{(e) => setNewTask({ ...newTask, dueDate: e.target.value })}""}]","C2 consumer; retained shared A/B command authority","NOT_EXECUTED: source control row requires action/state/role/keyboard receipt; mounted or static inventory is not a pass","Real authorized UI interaction, registered handler/readback or explicitly blocked existing owner; rendering is not action proof"
"C2-CONTROL-202","client/src/pages/dashboard/Tasks.tsx","532","Select","","[{""event"":""onValueChange"",""binding"":""{(v) => setNewTask({ ...newTask, priority: v })}""}]","C2 consumer; retained shared A/B command authority","NOT_EXECUTED: source control row requires action/state/role/keyboard receipt; mounted or static inventory is not a pass","Real authorized UI interaction, registered handler/readback or explicitly blocked existing owner; rendering is not action proof"
"C2-CONTROL-203","client/src/pages/dashboard/Tasks.tsx","533","SelectTrigger","""select-task-priority""","[]","C2 consumer; retained shared A/B command authority","NOT_EXECUTED: source control row requires action/state/role/keyboard receipt; mounted or static inventory is not a pass","Real authorized UI interaction, registered handler/readback or explicitly blocked existing owner; rendering is not action proof"
"C2-CONTROL-204","client/src/pages/dashboard/Tasks.tsx","547","Input","""input-task-deal-id""","[{""event"":""onChange"",""binding"":""{(e) => setNewTask({ ...newTask, dealId: e.target.value })}""}]","C2 consumer; retained shared A/B command authority","NOT_EXECUTED: source control row requires action/state/role/keyboard receipt; mounted or static inventory is not a pass","Real authorized UI interaction, registered handler/readback or explicitly blocked existing owner; rendering is not action proof"
"C2-CONTROL-205","client/src/pages/dashboard/Tasks.tsx","557","Input","""input-task-contact-id""","[{""event"":""onChange"",""binding"":""{(e) => setNewTask({ ...newTask, contactId: e.target.value })}""}]","C2 consumer; retained shared A/B command authority","NOT_EXECUTED: source control row requires action/state/role/keyboard receipt; mounted or static inventory is not a pass","Real authorized UI interaction, registered handler/readback or explicitly blocked existing owner; rendering is not action proof"
"C2-CONTROL-206","client/src/pages/dashboard/Tasks.tsx","567","Input","""input-task-ticket-id""","[{""event"":""onChange"",""binding"":""{(e) => setNewTask({ ...newTask, ticketId: e.target.value })}""}]","C2 consumer; retained shared A/B command authority","NOT_EXECUTED: source control row requires action/state/role/keyboard receipt; mounted or static inventory is not a pass","Real authorized UI interaction, registered handler/readback or explicitly blocked existing owner; rendering is not action proof"
"C2-CONTROL-207","client/src/pages/dashboard/Tasks.tsx","577","Button","""button-cancel-task""","[{""event"":""onClick"",""binding"":""{() => setCreateOpen(false)}""}]","C2 consumer; retained shared A/B command authority","NOT_EXECUTED: source control row requires action/state/role/keyboard receipt; mounted or static inventory is not a pass","Real authorized UI interaction, registered handler/readback or explicitly blocked existing owner; rendering is not action proof"
"C2-CONTROL-208","client/src/pages/dashboard/Tasks.tsx","580","Button","""button-submit-task""","[{""event"":""onClick"",""binding"":""{handleCreateTask}""}]","C2 consumer; retained shared A/B command authority","NOT_EXECUTED: source control row requires action/state/role/keyboard receipt; mounted or static inventory is not a pass","Real authorized UI interaction, registered handler/readback or explicitly blocked existing owner; rendering is not action proof"
"C2-CONTROL-209","client/src/pages/dashboard/Tasks.tsx","598","Button","""button-task-bulk-actions""","[]","C2 consumer; retained shared A/B command authority","NOT_EXECUTED: source control row requires action/state/role/keyboard receipt; mounted or static inventory is not a pass","Real authorized UI interaction, registered handler/readback or explicitly blocked existing owner; rendering is not action proof"
"C2-CONTROL-210","client/src/pages/dashboard/Tasks.tsx","604","DropdownMenuItem","""button-bulk-assign""","[{""event"":""onClick"",""binding"":""{() => setBulkAssignOpen(true)}""}]","C2 consumer; retained shared A/B command authority","NOT_EXECUTED: source control row requires action/state/role/keyboard receipt; mounted or static inventory is not a pass","Real authorized UI interaction, registered handler/readback or explicitly blocked existing owner; rendering is not action proof"
"C2-CONTROL-211","client/src/pages/dashboard/Tasks.tsx","611","DropdownMenuItem","""button-bulk-complete""","[{""event"":""onClick"",""binding"":""{() => bulkCompleteMutation.mutate(Array.from(selectedTaskIds))}""}]","C2 consumer; retained shared A/B command authority","NOT_EXECUTED: source control row requires action/state/role/keyboard receipt; mounted or static inventory is not a pass","Real authorized UI interaction, registered handler/readback or explicitly blocked existing owner; rendering is not action proof"
"C2-CONTROL-212","client/src/pages/dashboard/Tasks.tsx","618","DropdownMenuItem","""button-bulk-delete""","[{""event"":""onClick"",""binding"":""{() => setBulkDeleteConfirmOpen(true)}""}]","C2 consumer; retained shared A/B command authority","NOT_EXECUTED: source control row requires action/state/role/keyboard receipt; mounted or static inventory is not a pass","Real authorized UI interaction, registered handler/readback or explicitly blocked existing owner; rendering is not action proof"
"C2-CONTROL-213","client/src/pages/dashboard/Tasks.tsx","628","Button","""button-clear-task-selection""","[{""event"":""onClick"",""binding"":""{() => setSelectedTaskIds(new Set())}""}]","C2 consumer; retained shared A/B command authority","NOT_EXECUTED: source control row requires action/state/role/keyboard receipt; mounted or static inventory is not a pass","Real authorized UI interaction, registered handler/readback or explicitly blocked existing owner; rendering is not action proof"
"C2-CONTROL-214","client/src/pages/dashboard/Tasks.tsx","639","Dialog","","[{""event"":""onOpenChange"",""binding"":""{setBulkDeleteConfirmOpen}""}]","C2 consumer; retained shared A/B command authority","NOT_EXECUTED: source control row requires action/state/role/keyboard receipt; mounted or static inventory is not a pass","Real authorized UI interaction, registered handler/readback or explicitly blocked existing owner; rendering is not action proof"
"C2-CONTROL-215","client/src/pages/dashboard/Tasks.tsx","649","Button","""button-cancel-bulk-delete""","[{""event"":""onClick"",""binding"":""{() => setBulkDeleteConfirmOpen(false)}""}]","C2 consumer; retained shared A/B command authority","NOT_EXECUTED: source control row requires action/state/role/keyboard receipt; mounted or static inventory is not a pass","Real authorized UI interaction, registered handler/readback or explicitly blocked existing owner; rendering is not action proof"
"C2-CONTROL-216","client/src/pages/dashboard/Tasks.tsx","657","Button","""button-confirm-bulk-delete""","[{""event"":""onClick"",""binding"":""{() => bulkDeleteMutation.mutate(Array.from(selectedTaskIds))}""}]","C2 consumer; retained shared A/B command authority","NOT_EXECUTED: source control row requires action/state/role/keyboard receipt; mounted or static inventory is not a pass","Real authorized UI interaction, registered handler/readback or explicitly blocked existing owner; rendering is not action proof"
"C2-CONTROL-217","client/src/pages/dashboard/Tasks.tsx","670","Dialog","","[{""event"":""onOpenChange"",""binding"":""{setBulkAssignOpen}""}]","C2 consumer; retained shared A/B command authority","NOT_EXECUTED: source control row requires action/state/role/keyboard receipt; mounted or static inventory is not a pass","Real authorized UI interaction, registered handler/readback or explicitly blocked existing owner; rendering is not action proof"
"C2-CONTROL-218","client/src/pages/dashboard/Tasks.tsx","678","Input","""input-bulk-assign-to""","[{""event"":""onChange"",""binding"":""{(e) => setBulkAssignTo(e.target.value)}""}]","C2 consumer; retained shared A/B command authority","NOT_EXECUTED: source control row requires action/state/role/keyboard receipt; mounted or static inventory is not a pass","Real authorized UI interaction, registered handler/readback or explicitly blocked existing owner; rendering is not action proof"
"C2-CONTROL-219","client/src/pages/dashboard/Tasks.tsx","686","Button","""button-cancel-bulk-assign""","[{""event"":""onClick"",""binding"":""{() => setBulkAssignOpen(false)}""}]","C2 consumer; retained shared A/B command authority","NOT_EXECUTED: source control row requires action/state/role/keyboard receipt; mounted or static inventory is not a pass","Real authorized UI interaction, registered handler/readback or explicitly blocked existing owner; rendering is not action proof"
"C2-CONTROL-220","client/src/pages/dashboard/Tasks.tsx","689","Button","""button-submit-bulk-assign""","[{""event"":""onClick"",""binding"":""{() => bulkAssignMutation.mutate({ taskIds: Array.from(selectedTaskIds), assignedTo: bulkAssignTo })}""}]","C2 consumer; retained shared A/B command authority","NOT_EXECUTED: source control row requires action/state/role/keyboard receipt; mounted or static inventory is not a pass","Real authorized UI interaction, registered handler/readback or explicitly blocked existing owner; rendering is not action proof"
"C2-CONTROL-221","client/src/pages/dashboard/Tasks.tsx","702","Dialog","","[{""event"":""onOpenChange"",""binding"":""{(open) => { if (!open) setEditTaskId(null); }}""}]","C2 consumer; retained shared A/B command authority","NOT_EXECUTED: source control row requires action/state/role/keyboard receipt; mounted or static inventory is not a pass","Real authorized UI interaction, registered handler/readback or explicitly blocked existing owner; rendering is not action proof"
"C2-CONTROL-222","client/src/pages/dashboard/Tasks.tsx","710","Input","""input-edit-task-title""","[{""event"":""onChange"",""binding"":""{(e) => setEditTaskFields((p) => ({ ...p, title: e.target.value }))}""}]","C2 consumer; retained shared A/B command authority","NOT_EXECUTED: source control row requires action/state/role/keyboard receipt; mounted or static inventory is not a pass","Real authorized UI interaction, registered handler/readback or explicitly blocked existing owner; rendering is not action proof"
"C2-CONTROL-223","client/src/pages/dashboard/Tasks.tsx","719","Textarea","""input-edit-task-description""","[{""event"":""onChange"",""binding"":""{(e) => setEditTaskFields((p) => ({ ...p, description: e.target.value }))}""}]","C2 consumer; retained shared A/B command authority","NOT_EXECUTED: source control row requires action/state/role/keyboard receipt; mounted or static inventory is not a pass","Real authorized UI interaction, registered handler/readback or explicitly blocked existing owner; rendering is not action proof"
"C2-CONTROL-224","client/src/pages/dashboard/Tasks.tsx","730","Input","""input-edit-task-assigned""","[{""event"":""onChange"",""binding"":""{(e) => setEditTaskFields((p) => ({ ...p, assignedTo: e.target.value }))}""}]","C2 consumer; retained shared A/B command authority","NOT_EXECUTED: source control row requires action/state/role/keyboard receipt; mounted or static inventory is not a pass","Real authorized UI interaction, registered handler/readback or explicitly blocked existing owner; rendering is not action proof"
"C2-CONTROL-225","client/src/pages/dashboard/Tasks.tsx","739","Input","""input-edit-task-duedate""","[{""event"":""onChange"",""binding"":""{(e) => setEditTaskFields((p) => ({ ...p, dueDate: e.target.value }))}""}]","C2 consumer; retained shared A/B command authority","NOT_EXECUTED: source control row requires action/state/role/keyboard receipt; mounted or static inventory is not a pass","Real authorized UI interaction, registered handler/readback or explicitly blocked existing owner; rendering is not action proof"
"C2-CONTROL-226","client/src/pages/dashboard/Tasks.tsx","749","Select","","[{""event"":""onValueChange"",""binding"":""{(v) => setEditTaskFields((p) => ({ ...p, priority: v }))}""}]","C2 consumer; retained shared A/B command authority","NOT_EXECUTED: source control row requires action/state/role/keyboard receipt; mounted or static inventory is not a pass","Real authorized UI interaction, registered handler/readback or explicitly blocked existing owner; rendering is not action proof"
"C2-CONTROL-227","client/src/pages/dashboard/Tasks.tsx","753","SelectTrigger","""select-edit-task-priority""","[]","C2 consumer; retained shared A/B command authority","NOT_EXECUTED: source control row requires action/state/role/keyboard receipt; mounted or static inventory is not a pass","Real authorized UI interaction, registered handler/readback or explicitly blocked existing owner; rendering is not action proof"
"C2-CONTROL-228","client/src/pages/dashboard/Tasks.tsx","764","Button","""button-cancel-edit-task""","[{""event"":""onClick"",""binding"":""{() => setEditTaskId(null)}""}]","C2 consumer; retained shared A/B command authority","NOT_EXECUTED: source control row requires action/state/role/keyboard receipt; mounted or static inventory is not a pass","Real authorized UI interaction, registered handler/readback or explicitly blocked existing owner; rendering is not action proof"
"C2-CONTROL-229","client/src/pages/dashboard/Tasks.tsx","767","Button","""button-save-edit-task""","[{""event"":""onClick"",""binding"":""{handleSaveEditTask}""}]","C2 consumer; retained shared A/B command authority","NOT_EXECUTED: source control row requires action/state/role/keyboard receipt; mounted or static inventory is not a pass","Real authorized UI interaction, registered handler/readback or explicitly blocked existing owner; rendering is not action proof"
"C2-CONTROL-230","client/src/pages/dashboard/Tasks.tsx","802","Checkbox","""checkbox-select-all-tasks""","[{""event"":""onCheckedChange"",""binding"":""{toggleAllTasks}""}]","C2 consumer; retained shared A/B command authority","NOT_EXECUTED: source control row requires action/state/role/keyboard receipt; mounted or static inventory is not a pass","Real authorized UI interaction, registered handler/readback or explicitly blocked existing owner; rendering is not action proof"
"C2-CONTROL-231","client/src/pages/dashboard/Tasks.tsx","828","Button","""button-empty-create-task""","[{""event"":""onClick"",""binding"":""{() => setCreateOpen(true)}""}]","C2 consumer; retained shared A/B command authority","NOT_EXECUTED: source control row requires action/state/role/keyboard receipt; mounted or static inventory is not a pass","Real authorized UI interaction, registered handler/readback or explicitly blocked existing owner; rendering is not action proof"
"C2-CONTROL-232","client/src/pages/dashboard/Tasks.tsx","842","Checkbox","{`checkbox-task-${task.id}`}","[{""event"":""onCheckedChange"",""binding"":""{() => toggleTaskSelection(task.id)}""}]","C2 consumer; retained shared A/B command authority","NOT_EXECUTED: source control row requires action/state/role/keyboard receipt; mounted or static inventory is not a pass","Real authorized UI interaction, registered handler/readback or explicitly blocked existing owner; rendering is not action proof"
"C2-CONTROL-233","client/src/pages/dashboard/Tasks.tsx","898","Button","{`button-advance-${task.id}`}","[{""event"":""onClick"",""binding"":""{() => handleAdvanceStatus(task)}""}]","C2 consumer; retained shared A/B command authority","NOT_EXECUTED: source control row requires action/state/role/keyboard receipt; mounted or static inventory is not a pass","Real authorized UI interaction, registered handler/readback or explicitly blocked existing owner; rendering is not action proof"
"C2-CONTROL-234","client/src/pages/dashboard/Tasks.tsx","910","Button","{`button-edit-task-${task.id}`}","[{""event"":""onClick"",""binding"":""{() => openEditTask(task)}""}]","C2 consumer; retained shared A/B command authority","NOT_EXECUTED: source control row requires action/state/role/keyboard receipt; mounted or static inventory is not a pass","Real authorized UI interaction, registered handler/readback or explicitly blocked existing owner; rendering is not action proof"
"C2-CONTROL-235","client/src/pages/dashboard/Tasks.tsx","921","Button","{`button-comments-${task.id}`}","[{""event"":""onClick"",""binding"":""{() => setExpandedTaskId(expandedTaskId === task.id ? null : task.id)}""}]","C2 consumer; retained shared A/B command authority","NOT_EXECUTED: source control row requires action/state/role/keyboard receipt; mounted or static inventory is not a pass","Real authorized UI interaction, registered handler/readback or explicitly blocked existing owner; rendering is not action proof"
"C2-CONTROL-236","client/src/lib/toast-helpers.tsx","45","ToastAction","""toast-action-retry""","[{""event"":""onClick"",""binding"":""{() => retry()}""}]","C2 consumer; retained shared A/B command authority","NOT_EXECUTED: source control row requires action/state/role/keyboard receipt; mounted or static inventory is not a pass","Real authorized UI interaction, registered handler/readback or explicitly blocked existing owner; rendering is not action proof"
"C2-CONTROL-237","client/src/components/SavedFilterBar.tsx","93","Badge","{`button-apply-filter-${filter.id}`}","[{""event"":""onClick"",""binding"":""{() => handleApply(filter)}""}]","C2 consumer; retained shared A/B command authority","NOT_EXECUTED: source control row requires action/state/role/keyboard receipt; mounted or static inventory is not a pass","Real authorized UI interaction, registered handler/readback or explicitly blocked existing owner; rendering is not action proof"
"C2-CONTROL-238","client/src/components/SavedFilterBar.tsx","101","Button","{`button-delete-filter-${filter.id}`}","[{""event"":""onClick"",""binding"":""{(e) => { e.stopPropagation(); deleteFilterMutation.mutate(filter.id); }}""}]","C2 consumer; retained shared A/B command authority","NOT_EXECUTED: source control row requires action/state/role/keyboard receipt; mounted or static inventory is not a pass","Real authorized UI interaction, registered handler/readback or explicitly blocked existing owner; rendering is not action proof"
"C2-CONTROL-239","client/src/components/SavedFilterBar.tsx","116","Button","""button-clear-filter""","[{""event"":""onClick"",""binding"":""{handleClearActive}""}]","C2 consumer; retained shared A/B command authority","NOT_EXECUTED: source control row requires action/state/role/keyboard receipt; mounted or static inventory is not a pass","Real authorized UI interaction, registered handler/readback or explicitly blocked existing owner; rendering is not action proof"
"C2-CONTROL-240","client/src/components/SavedFilterBar.tsx","127","Button","""button-save-filter""","[{""event"":""onClick"",""binding"":""{() => setSaveDialogOpen(true)}""}]","C2 consumer; retained shared A/B command authority","NOT_EXECUTED: source control row requires action/state/role/keyboard receipt; mounted or static inventory is not a pass","Real authorized UI interaction, registered handler/readback or explicitly blocked existing owner; rendering is not action proof"
"C2-CONTROL-241","client/src/components/SavedFilterBar.tsx","139","Dialog","","[{""event"":""onOpenChange"",""binding"":""{setSaveDialogOpen}""}]","C2 consumer; retained shared A/B command authority","NOT_EXECUTED: source control row requires action/state/role/keyboard receipt; mounted or static inventory is not a pass","Real authorized UI interaction, registered handler/readback or explicitly blocked existing owner; rendering is not action proof"
"C2-CONTROL-242","client/src/components/SavedFilterBar.tsx","145","Input","""input-filter-name""","[{""event"":""onChange"",""binding"":""{(e) => setFilterName(e.target.value)}""},{""event"":""onKeyDown"",""binding"":""{(e) => { if (e.key === \""Enter\"") handleSave(); }}""}]","C2 consumer; retained shared A/B command authority","NOT_EXECUTED: source control row requires action/state/role/keyboard receipt; mounted or static inventory is not a pass","Real authorized UI interaction, registered handler/readback or explicitly blocked existing owner; rendering is not action proof"
"C2-CONTROL-243","client/src/components/SavedFilterBar.tsx","153","Button","""button-cancel-save-filter""","[{""event"":""onClick"",""binding"":""{() => setSaveDialogOpen(false)}""}]","C2 consumer; retained shared A/B command authority","NOT_EXECUTED: source control row requires action/state/role/keyboard receipt; mounted or static inventory is not a pass","Real authorized UI interaction, registered handler/readback or explicitly blocked existing owner; rendering is not action proof"
"C2-CONTROL-244","client/src/components/SavedFilterBar.tsx","156","Button","""button-confirm-save-filter""","[{""event"":""onClick"",""binding"":""{handleSave}""}]","C2 consumer; retained shared A/B command authority","NOT_EXECUTED: source control row requires action/state/role/keyboard receipt; mounted or static inventory is not a pass","Real authorized UI interaction, registered handler/readback or explicitly blocked existing owner; rendering is not action proof"
"C2-CONTROL-245","client/src/components/Comments.tsx","137","Textarea","{testId}","[{""event"":""onChange"",""binding"":""{handleChange}""}]","C2 consumer; retained shared A/B command authority","NOT_EXECUTED: source control row requires action/state/role/keyboard receipt; mounted or static inventory is not a pass","Real authorized UI interaction, registered handler/readback or explicitly blocked existing owner; rendering is not action proof"
"C2-CONTROL-246","client/src/components/Comments.tsx","149","button","{`mention-option-${member.replace(/\s+/g, ""-"").toLowerCase()}`}","[{""event"":""onClick"",""binding"":""{() => insertMention(member)}""}]","C2 consumer; retained shared A/B command authority","NOT_EXECUTED: source control row requires action/state/role/keyboard receipt; mounted or static inventory is not a pass","Real authorized UI interaction, registered handler/readback or explicitly blocked existing owner; rendering is not action proof"
"C2-CONTROL-247","client/src/components/Comments.tsx","278","Button","{`button-reply-${comment.id}`}","[{""event"":""onClick"",""binding"":""{() => setShowReply(!showReply)}""}]","C2 consumer; retained shared A/B command authority","NOT_EXECUTED: source control row requires action/state/role/keyboard receipt; mounted or static inventory is not a pass","Real authorized UI interaction, registered handler/readback or explicitly blocked existing owner; rendering is not action proof"
"C2-CONTROL-248","client/src/components/Comments.tsx","287","Button","{`button-pin-${comment.id}`}","[{""event"":""onClick"",""binding"":""{() => pinMutation.mutate({ id: comment.id, pinned: !comment.pinned })}""}]","C2 consumer; retained shared A/B command authority","NOT_EXECUTED: source control row requires action/state/role/keyboard receipt; mounted or static inventory is not a pass","Real authorized UI interaction, registered handler/readback or explicitly blocked existing owner; rendering is not action proof"
"C2-CONTROL-249","client/src/components/Comments.tsx","297","Button","{`button-delete-comment-${comment.id}`}","[{""event"":""onClick"",""binding"":""{() => deleteMutation.mutate(comment.id)}""}]","C2 consumer; retained shared A/B command authority","NOT_EXECUTED: source control row requires action/state/role/keyboard receipt; mounted or static inventory is not a pass","Real authorized UI interaction, registered handler/readback or explicitly blocked existing owner; rendering is not action proof"
"C2-CONTROL-250","client/src/components/Comments.tsx","308","Button","{`button-toggle-replies-${comment.id}`}","[{""event"":""onClick"",""binding"":""{() => setCollapsed(!collapsed)}""}]","C2 consumer; retained shared A/B command authority","NOT_EXECUTED: source control row requires action/state/role/keyboard receipt; mounted or static inventory is not a pass","Real authorized UI interaction, registered handler/readback or explicitly blocked existing owner; rendering is not action proof"
"C2-CONTROL-251","client/src/components/Comments.tsx","322","MentionInput","","[{""event"":""onChange"",""binding"":""{setReplyContent}""}]","C2 consumer; retained shared A/B command authority","NOT_EXECUTED: source control row requires action/state/role/keyboard receipt; mounted or static inventory is not a pass","Real authorized UI interaction, registered handler/readback or explicitly blocked existing owner; rendering is not action proof"
"C2-CONTROL-252","client/src/components/Comments.tsx","328","Button","{`button-submit-reply-${comment.id}`}","[{""event"":""onClick"",""binding"":""{handleReply}""}]","C2 consumer; retained shared A/B command authority","NOT_EXECUTED: source control row requires action/state/role/keyboard receipt; mounted or static inventory is not a pass","Real authorized UI interaction, registered handler/readback or explicitly blocked existing owner; rendering is not action proof"
"C2-CONTROL-253","client/src/components/Comments.tsx","421","MentionInput","","[{""event"":""onChange"",""binding"":""{setNewContent}""}]","C2 consumer; retained shared A/B command authority","NOT_EXECUTED: source control row requires action/state/role/keyboard receipt; mounted or static inventory is not a pass","Real authorized UI interaction, registered handler/readback or explicitly blocked existing owner; rendering is not action proof"
"C2-CONTROL-254","client/src/components/Comments.tsx","428","Button","""button-submit-comment""","[{""event"":""onClick"",""binding"":""{handleSubmit}""}]","C2 consumer; retained shared A/B command authority","NOT_EXECUTED: source control row requires action/state/role/keyboard receipt; mounted or static inventory is not a pass","Real authorized UI interaction, registered handler/readback or explicitly blocked existing owner; rendering is not action proof"
"C2-CONTROL-255","client/src/pages/dashboard/StageRules.tsx","240","Dialog","","[{""event"":""onOpenChange"",""binding"":""{(open) => { if (!open) closeDialog(); else setCreateOpen(true); }}""}]","C2 consumer; retained shared A/B command authority","NOT_EXECUTED: source control row requires action/state/role/keyboard receipt; mounted or static inventory is not a pass","Real authorized UI interaction, registered handler/readback or explicitly blocked existing owner; rendering is not action proof"
"C2-CONTROL-256","client/src/pages/dashboard/StageRules.tsx","242","Button","""button-create-rule""","[]","C2 consumer; retained shared A/B command authority","NOT_EXECUTED: source control row requires action/state/role/keyboard receipt; mounted or static inventory is not a pass","Real authorized UI interaction, registered handler/readback or explicitly blocked existing owner; rendering is not action proof"
"C2-CONTROL-257","client/src/pages/dashboard/StageRules.tsx","257","Input","""input-rule-name""","[{""event"":""onChange"",""binding"":""{(e) => setName(e.target.value)}""}]","C2 consumer; retained shared A/B command authority","NOT_EXECUTED: source control row requires action/state/role/keyboard receipt; mounted or static inventory is not a pass","Real authorized UI interaction, registered handler/readback or explicitly blocked existing owner; rendering is not action proof"
"C2-CONTROL-258","client/src/pages/dashboard/StageRules.tsx","268","Select","","[{""event"":""onValueChange"",""binding"":""{(v) => { setPipeline(v); setFromStage(\""any\""); setToStage(\""\""); }}""}]","C2 consumer; retained shared A/B command authority","NOT_EXECUTED: source control row requires action/state/role/keyboard receipt; mounted or static inventory is not a pass","Real authorized UI interaction, registered handler/readback or explicitly blocked existing owner; rendering is not action proof"
"C2-CONTROL-259","client/src/pages/dashboard/StageRules.tsx","269","SelectTrigger","""select-pipeline""","[]","C2 consumer; retained shared A/B command authority","NOT_EXECUTED: source control row requires action/state/role/keyboard receipt; mounted or static inventory is not a pass","Real authorized UI interaction, registered handler/readback or explicitly blocked existing owner; rendering is not action proof"
"C2-CONTROL-260","client/src/pages/dashboard/StageRules.tsx","282","Select","","[{""event"":""onValueChange"",""binding"":""{setFromStage}""}]","C2 consumer; retained shared A/B command authority","NOT_EXECUTED: source control row requires action/state/role/keyboard receipt; mounted or static inventory is not a pass","Real authorized UI interaction, registered handler/readback or explicitly blocked existing owner; rendering is not action proof"
"C2-CONTROL-261","client/src/pages/dashboard/StageRules.tsx","283","SelectTrigger","""select-from-stage""","[]","C2 consumer; retained shared A/B command authority","NOT_EXECUTED: source control row requires action/state/role/keyboard receipt; mounted or static inventory is not a pass","Real authorized UI interaction, registered handler/readback or explicitly blocked existing owner; rendering is not action proof"
"C2-CONTROL-262","client/src/pages/dashboard/StageRules.tsx","297","Select","","[{""event"":""onValueChange"",""binding"":""{setToStage}""}]","C2 consumer; retained shared A/B command authority","NOT_EXECUTED: source control row requires action/state/role/keyboard receipt; mounted or static inventory is not a pass","Real authorized UI interaction, registered handler/readback or explicitly blocked existing owner; rendering is not action proof"
"C2-CONTROL-263","client/src/pages/dashboard/StageRules.tsx","298","SelectTrigger","""select-to-stage""","[]","C2 consumer; retained shared A/B command authority","NOT_EXECUTED: source control row requires action/state/role/keyboard receipt; mounted or static inventory is not a pass","Real authorized UI interaction, registered handler/readback or explicitly blocked existing owner; rendering is not action proof"
"C2-CONTROL-264","client/src/pages/dashboard/StageRules.tsx","312","Button","""button-add-action""","[{""event"":""onClick"",""binding"":""{addAction}""}]","C2 consumer; retained shared A/B command authority","NOT_EXECUTED: source control row requires action/state/role/keyboard receipt; mounted or static inventory is not a pass","Real authorized UI interaction, registered handler/readback or explicitly blocked existing owner; rendering is not action proof"
"C2-CONTROL-265","client/src/pages/dashboard/StageRules.tsx","323","Button","{`button-remove-action-${idx}`}","[{""event"":""onClick"",""binding"":""{() => removeAction(idx)}""}]","C2 consumer; retained shared A/B command authority","NOT_EXECUTED: source control row requires action/state/role/keyboard receipt; mounted or static inventory is not a pass","Real authorized UI interaction, registered handler/readback or explicitly blocked existing owner; rendering is not action proof"
"C2-CONTROL-266","client/src/pages/dashboard/StageRules.tsx","328","Select","","[{""event"":""onValueChange"",""binding"":""{(v) => updateAction(idx, { type: v })}""}]","C2 consumer; retained shared A/B command authority","NOT_EXECUTED: source control row requires action/state/role/keyboard receipt; mounted or static inventory is not a pass","Real authorized UI interaction, registered handler/readback or explicitly blocked existing owner; rendering is not action proof"
"C2-CONTROL-267","client/src/pages/dashboard/StageRules.tsx","329","SelectTrigger","{`select-action-type-${idx}`}","[]","C2 consumer; retained shared A/B command authority","NOT_EXECUTED: source control row requires action/state/role/keyboard receipt; mounted or static inventory is not a pass","Real authorized UI interaction, registered handler/readback or explicitly blocked existing owner; rendering is not action proof"
"C2-CONTROL-268","client/src/pages/dashboard/StageRules.tsx","344","Input","{`input-action-title-${idx}`}","[{""event"":""onChange"",""binding"":""{(e) => updateAction(idx, { title: e.target.value })}""}]","C2 consumer; retained shared A/B command authority","NOT_EXECUTED: source control row requires action/state/role/keyboard receipt; mounted or static inventory is not a pass","Real authorized UI interaction, registered handler/readback or explicitly blocked existing owner; rendering is not action proof"
"C2-CONTROL-269","client/src/pages/dashboard/StageRules.tsx","351","Input","{`input-action-assigned-${idx}`}","[{""event"":""onChange"",""binding"":""{(e) => updateAction(idx, { assignedTo: e.target.value })}""}]","C2 consumer; retained shared A/B command authority","NOT_EXECUTED: source control row requires action/state/role/keyboard receipt; mounted or static inventory is not a pass","Real authorized UI interaction, registered handler/readback or explicitly blocked existing owner; rendering is not action proof"
"C2-CONTROL-270","client/src/pages/dashboard/StageRules.tsx","358","Select","","[{""event"":""onValueChange"",""binding"":""{(v) => updateAction(idx, { priority: v })}""}]","C2 consumer; retained shared A/B command authority","NOT_EXECUTED: source control row requires action/state/role/keyboard receipt; mounted or static inventory is not a pass","Real authorized UI interaction, registered handler/readback or explicitly blocked existing owner; rendering is not action proof"
"C2-CONTROL-271","client/src/pages/dashboard/StageRules.tsx","359","SelectTrigger","{`select-action-priority-${idx}`}","[]","C2 consumer; retained shared A/B command authority","NOT_EXECUTED: source control row requires action/state/role/keyboard receipt; mounted or static inventory is not a pass","Real authorized UI interaction, registered handler/readback or explicitly blocked existing owner; rendering is not action proof"
"C2-CONTROL-272","client/src/pages/dashboard/StageRules.tsx","370","Input","{`input-action-due-hours-${idx}`}","[{""event"":""onChange"",""binding"":""{(e) => updateAction(idx, { dueHours: Number(e.target.value) })}""}]","C2 consumer; retained shared A/B command authority","NOT_EXECUTED: source control row requires action/state/role/keyboard receipt; mounted or static inventory is not a pass","Real authorized UI interaction, registered handler/readback or explicitly blocked existing owner; rendering is not action proof"
"C2-CONTROL-273","client/src/pages/dashboard/StageRules.tsx","382","Input","{`input-action-title-${idx}`}","[{""event"":""onChange"",""binding"":""{(e) => updateAction(idx, { title: e.target.value })}""}]","C2 consumer; retained shared A/B command authority","NOT_EXECUTED: source control row requires action/state/role/keyboard receipt; mounted or static inventory is not a pass","Real authorized UI interaction, registered handler/readback or explicitly blocked existing owner; rendering is not action proof"
"C2-CONTROL-274","client/src/pages/dashboard/StageRules.tsx","388","Input","{`input-action-message-${idx}`}","[{""event"":""onChange"",""binding"":""{(e) => updateAction(idx, { message: e.target.value })}""}]","C2 consumer; retained shared A/B command authority","NOT_EXECUTED: source control row requires action/state/role/keyboard receipt; mounted or static inventory is not a pass","Real authorized UI interaction, registered handler/readback or explicitly blocked existing owner; rendering is not action proof"
"C2-CONTROL-275","client/src/pages/dashboard/StageRules.tsx","399","Input","{`input-action-title-${idx}`}","[{""event"":""onChange"",""binding"":""{(e) => updateAction(idx, { title: e.target.value })}""}]","C2 consumer; retained shared A/B command authority","NOT_EXECUTED: source control row requires action/state/role/keyboard receipt; mounted or static inventory is not a pass","Real authorized UI interaction, registered handler/readback or explicitly blocked existing owner; rendering is not action proof"
"C2-CONTROL-276","client/src/pages/dashboard/StageRules.tsx","405","Input","{`input-action-message-${idx}`}","[{""event"":""onChange"",""binding"":""{(e) => updateAction(idx, { message: e.target.value })}""}]","C2 consumer; retained shared A/B command authority","NOT_EXECUTED: source control row requires action/state/role/keyboard receipt; mounted or static inventory is not a pass","Real authorized UI interaction, registered handler/readback or explicitly blocked existing owner; rendering is not action proof"
"C2-CONTROL-277","client/src/pages/dashboard/StageRules.tsx","411","Select","","[{""event"":""onValueChange"",""binding"":""{(v) => updateAction(idx, { channel: v })}""}]","C2 consumer; retained shared A/B command authority","NOT_EXECUTED: source control row requires action/state/role/keyboard receipt; mounted or static inventory is not a pass","Real authorized UI interaction, registered handler/readback or explicitly blocked existing owner; rendering is not action proof"
"C2-CONTROL-278","client/src/pages/dashboard/StageRules.tsx","412","SelectTrigger","{`select-action-channel-${idx}`}","[]","C2 consumer; retained shared A/B command authority","NOT_EXECUTED: source control row requires action/state/role/keyboard receipt; mounted or static inventory is not a pass","Real authorized UI interaction, registered handler/readback or explicitly blocked existing owner; rendering is not action proof"
"C2-CONTROL-279","client/src/pages/dashboard/StageRules.tsx","426","Input","{`input-action-title-${idx}`}","[{""event"":""onChange"",""binding"":""{(e) => updateAction(idx, { title: e.target.value })}""}]","C2 consumer; retained shared A/B command authority","NOT_EXECUTED: source control row requires action/state/role/keyboard receipt; mounted or static inventory is not a pass","Real authorized UI interaction, registered handler/readback or explicitly blocked existing owner; rendering is not action proof"
"C2-CONTROL-280","client/src/pages/dashboard/StageRules.tsx","432","Input","{`input-action-delay-hours-${idx}`}","[{""event"":""onChange"",""binding"":""{(e) => updateAction(idx, { delayHours: Number(e.target.value) })}""}]","C2 consumer; retained shared A/B command authority","NOT_EXECUTED: source control row requires action/state/role/keyboard receipt; mounted or static inventory is not a pass","Real authorized UI interaction, registered handler/readback or explicitly blocked existing owner; rendering is not action proof"
"C2-CONTROL-281","client/src/pages/dashboard/StageRules.tsx","439","Input","{`input-action-description-${idx}`}","[{""event"":""onChange"",""binding"":""{(e) => updateAction(idx, { description: e.target.value })}""}]","C2 consumer; retained shared A/B command authority","NOT_EXECUTED: source control row requires action/state/role/keyboard receipt; mounted or static inventory is not a pass","Real authorized UI interaction, registered handler/readback or explicitly blocked existing owner; rendering is not action proof"
"C2-CONTROL-282","client/src/pages/dashboard/StageRules.tsx","450","Select","","[{""event"":""onValueChange"",""binding"":""{(v) => updateAction(idx, { sequenceId: v })}""}]","C2 consumer; retained shared A/B command authority","NOT_EXECUTED: source control row requires action/state/role/keyboard receipt; mounted or static inventory is not a pass","Real authorized UI interaction, registered handler/readback or explicitly blocked existing owner; rendering is not action proof"
"C2-CONTROL-283","client/src/pages/dashboard/StageRules.tsx","451","SelectTrigger","{`select-action-sequence-${idx}`}","[]","C2 consumer; retained shared A/B command authority","NOT_EXECUTED: source control row requires action/state/role/keyboard receipt; mounted or static inventory is not a pass","Real authorized UI interaction, registered handler/readback or explicitly blocked existing owner; rendering is not action proof"
"C2-CONTROL-284","client/src/pages/dashboard/StageRules.tsx","468","Input","{`input-action-owner-${idx}`}","[{""event"":""onChange"",""binding"":""{(e) => updateAction(idx, { owner: e.target.value })}""}]","C2 consumer; retained shared A/B command authority","NOT_EXECUTED: source control row requires action/state/role/keyboard receipt; mounted or static inventory is not a pass","Real authorized UI interaction, registered handler/readback or explicitly blocked existing owner; rendering is not action proof"
"C2-CONTROL-285","client/src/pages/dashboard/StageRules.tsx","481","Button","""button-save-rule""","[{""event"":""onClick"",""binding"":""{handleSave}""}]","C2 consumer; retained shared A/B command authority","NOT_EXECUTED: source control row requires action/state/role/keyboard receipt; mounted or static inventory is not a pass","Real authorized UI interaction, registered handler/readback or explicitly blocked existing owner; rendering is not action proof"
"C2-CONTROL-286","client/src/pages/dashboard/StageRules.tsx","537","Switch","{`switch-rule-enabled-${rule.id}`}","[{""event"":""onCheckedChange"",""binding"":""{(checked) => toggleMutation.mutate({ id: rule.id, enabled: checked })}""}]","C2 consumer; retained shared A/B command authority","NOT_EXECUTED: source control row requires action/state/role/keyboard receipt; mounted or static inventory is not a pass","Real authorized UI interaction, registered handler/readback or explicitly blocked existing owner; rendering is not action proof"
"C2-CONTROL-287","client/src/pages/dashboard/StageRules.tsx","543","Button","{`button-edit-rule-${rule.id}`}","[{""event"":""onClick"",""binding"":""{() => openEdit(rule)}""}]","C2 consumer; retained shared A/B command authority","NOT_EXECUTED: source control row requires action/state/role/keyboard receipt; mounted or static inventory is not a pass","Real authorized UI interaction, registered handler/readback or explicitly blocked existing owner; rendering is not action proof"
"C2-CONTROL-288","client/src/pages/dashboard/StageRules.tsx","546","Button","{`button-delete-rule-${rule.id}`}","[{""event"":""onClick"",""binding"":""{() => deleteMutation.mutate(rule.id)}""}]","C2 consumer; retained shared A/B command authority","NOT_EXECUTED: source control row requires action/state/role/keyboard receipt; mounted or static inventory is not a pass","Real authorized UI interaction, registered handler/readback or explicitly blocked existing owner; rendering is not action proof"
"C2-CONTROL-289","client/src/pages/dashboard/ReviewComplete.tsx","212","Button","","[{""event"":""onClick"",""binding"":""{() => void selectedContactQuery.refetch()}""}]","C2 consumer; retained shared A/B command authority","NOT_EXECUTED: source control row requires action/state/role/keyboard receipt; mounted or static inventory is not a pass","Real authorized UI interaction, registered handler/readback or explicitly blocked existing owner; rendering is not action proof"
"C2-CONTROL-290","client/src/pages/dashboard/ReviewComplete.tsx","216","form","","[{""event"":""onSubmit"",""binding"":""{form.handleSubmit(onSubmit)}""}]","C2 consumer; retained shared A/B command authority","NOT_EXECUTED: source control row requires action/state/role/keyboard receipt; mounted or static inventory is not a pass","Real authorized UI interaction, registered handler/readback or explicitly blocked existing owner; rendering is not action proof"
"C2-CONTROL-291","client/src/pages/dashboard/ReviewComplete.tsx","223","Input","","[{""event"":""onChange"",""binding"":""{event => setContactSearch(event.currentTarget.value)}""}]","C2 consumer; retained shared A/B command authority","NOT_EXECUTED: source control row requires action/state/role/keyboard receipt; mounted or static inventory is not a pass","Real authorized UI interaction, registered handler/readback or explicitly blocked existing owner; rendering is not action proof"
"C2-CONTROL-292","client/src/pages/dashboard/ReviewComplete.tsx","225","Select","","[{""event"":""onValueChange"",""binding"":""{(v) => {\n                        field.onChange(v);\n                        setSelectedContactId(v);\n                        form.setValue(\""dealId\"", v === initialContactId ? initialDealId : \""\"");\n                      }}""}]","C2 consumer; retained shared A/B command authority","NOT_EXECUTED: source control row requires action/state/role/keyboard receipt; mounted or static inventory is not a pass","Real authorized UI interaction, registered handler/readback or explicitly blocked existing owner; rendering is not action proof"
"C2-CONTROL-293","client/src/pages/dashboard/ReviewComplete.tsx","234","SelectTrigger","""select-contact""","[]","C2 consumer; retained shared A/B command authority","NOT_EXECUTED: source control row requires action/state/role/keyboard receipt; mounted or static inventory is not a pass","Real authorized UI interaction, registered handler/readback or explicitly blocked existing owner; rendering is not action proof"
"C2-CONTROL-294","client/src/pages/dashboard/ReviewComplete.tsx","260","Select","","[{""event"":""onValueChange"",""binding"":""{field.onChange}""}]","C2 consumer; retained shared A/B command authority","NOT_EXECUTED: source control row requires action/state/role/keyboard receipt; mounted or static inventory is not a pass","Real authorized UI interaction, registered handler/readback or explicitly blocked existing owner; rendering is not action proof"
"C2-CONTROL-295","client/src/pages/dashboard/ReviewComplete.tsx","262","SelectTrigger","""select-deal""","[]","C2 consumer; retained shared A/B command authority","NOT_EXECUTED: source control row requires action/state/role/keyboard receipt; mounted or static inventory is not a pass","Real authorized UI interaction, registered handler/readback or explicitly blocked existing owner; rendering is not action proof"
"C2-CONTROL-296","client/src/pages/dashboard/ReviewComplete.tsx","288","Input","""input-effective-rate""","[]","C2 consumer; retained shared A/B command authority","NOT_EXECUTED: source control row requires action/state/role/keyboard receipt; mounted or static inventory is not a pass","Real authorized UI interaction, registered handler/readback or explicitly blocked existing owner; rendering is not action proof"
"C2-CONTROL-297","client/src/pages/dashboard/ReviewComplete.tsx","302","Input","""input-total-volume""","[]","C2 consumer; retained shared A/B command authority","NOT_EXECUTED: source control row requires action/state/role/keyboard receipt; mounted or static inventory is not a pass","Real authorized UI interaction, registered handler/readback or explicitly blocked existing owner; rendering is not action proof"
"C2-CONTROL-298","client/src/pages/dashboard/ReviewComplete.tsx","316","Input","""input-total-fees""","[]","C2 consumer; retained shared A/B command authority","NOT_EXECUTED: source control row requires action/state/role/keyboard receipt; mounted or static inventory is not a pass","Real authorized UI interaction, registered handler/readback or explicitly blocked existing owner; rendering is not action proof"
"C2-CONTROL-299","client/src/pages/dashboard/ReviewComplete.tsx","332","Input","""input-cost-driver-1""","[]","C2 consumer; retained shared A/B command authority","NOT_EXECUTED: source control row requires action/state/role/keyboard receipt; mounted or static inventory is not a pass","Real authorized UI interaction, registered handler/readback or explicitly blocked existing owner; rendering is not action proof"
"C2-CONTROL-300","client/src/pages/dashboard/ReviewComplete.tsx","346","Input","""input-cost-driver-2""","[]","C2 consumer; retained shared A/B command authority","NOT_EXECUTED: source control row requires action/state/role/keyboard receipt; mounted or static inventory is not a pass","Real authorized UI interaction, registered handler/readback or explicitly blocked existing owner; rendering is not action proof"
"C2-CONTROL-301","client/src/pages/dashboard/ReviewComplete.tsx","360","Input","""input-cost-driver-3""","[]","C2 consumer; retained shared A/B command authority","NOT_EXECUTED: source control row requires action/state/role/keyboard receipt; mounted or static inventory is not a pass","Real authorized UI interaction, registered handler/readback or explicitly blocked existing owner; rendering is not action proof"
"C2-CONTROL-302","client/src/pages/dashboard/ReviewComplete.tsx","374","Select","","[{""event"":""onValueChange"",""binding"":""{field.onChange}""}]","C2 consumer; retained shared A/B command authority","NOT_EXECUTED: source control row requires action/state/role/keyboard receipt; mounted or static inventory is not a pass","Real authorized UI interaction, registered handler/readback or explicitly blocked existing owner; rendering is not action proof"
"C2-CONTROL-303","client/src/pages/dashboard/ReviewComplete.tsx","376","SelectTrigger","""select-recommended-path""","[]","C2 consumer; retained shared A/B command authority","NOT_EXECUTED: source control row requires action/state/role/keyboard receipt; mounted or static inventory is not a pass","Real authorized UI interaction, registered handler/readback or explicitly blocked existing owner; rendering is not action proof"
"C2-CONTROL-304","client/src/pages/dashboard/ReviewComplete.tsx","400","Textarea","""input-option-a""","[]","C2 consumer; retained shared A/B command authority","NOT_EXECUTED: source control row requires action/state/role/keyboard receipt; mounted or static inventory is not a pass","Real authorized UI interaction, registered handler/readback or explicitly blocked existing owner; rendering is not action proof"
"C2-CONTROL-305","client/src/pages/dashboard/ReviewComplete.tsx","414","Textarea","""input-option-b""","[]","C2 consumer; retained shared A/B command authority","NOT_EXECUTED: source control row requires action/state/role/keyboard receipt; mounted or static inventory is not a pass","Real authorized UI interaction, registered handler/readback or explicitly blocked existing owner; rendering is not action proof"
"C2-CONTROL-306","client/src/pages/dashboard/ReviewComplete.tsx","427","Select","","[{""event"":""onValueChange"",""binding"":""{field.onChange}""}]","C2 consumer; retained shared A/B command authority","NOT_EXECUTED: source control row requires action/state/role/keyboard receipt; mounted or static inventory is not a pass","Real authorized UI interaction, registered handler/readback or explicitly blocked existing owner; rendering is not action proof"
"C2-CONTROL-307","client/src/pages/dashboard/ReviewComplete.tsx","429","SelectTrigger","""select-terminal-recommendation""","[]","C2 consumer; retained shared A/B command authority","NOT_EXECUTED: source control row requires action/state/role/keyboard receipt; mounted or static inventory is not a pass","Real authorized UI interaction, registered handler/readback or explicitly blocked existing owner; rendering is not action proof"
"C2-CONTROL-308","client/src/pages/dashboard/ReviewComplete.tsx","453","Textarea","""input-funding-notes""","[]","C2 consumer; retained shared A/B command authority","NOT_EXECUTED: source control row requires action/state/role/keyboard receipt; mounted or static inventory is not a pass","Real authorized UI interaction, registered handler/readback or explicitly blocked existing owner; rendering is not action proof"
"C2-CONTROL-309","client/src/pages/dashboard/ReviewComplete.tsx","460","Button","""button-submit-review""","[]","C2 consumer; retained shared A/B command authority","NOT_EXECUTED: source control row requires action/state/role/keyboard receipt; mounted or static inventory is not a pass","Real authorized UI interaction, registered handler/readback or explicitly blocked existing owner; rendering is not action proof"
"C2-CONTROL-310","client/src/pages/dashboard/Pipeline.tsx","208","div","","[{""event"":""onClick"",""binding"":""{e => e.stopPropagation()}""}]","C2 consumer; retained shared A/B command authority","NOT_EXECUTED: source control row requires action/state/role/keyboard receipt; mounted or static inventory is not a pass","Real authorized UI interaction, registered handler/readback or explicitly blocked existing owner; rendering is not action proof"
"C2-CONTROL-311","client/src/pages/dashboard/Pipeline.tsx","209","textarea","{`textarea-quick-note-${deal.id}`}","[{""event"":""onChange"",""binding"":""{e => setNoteText(e.target.value)}""},{""event"":""onKeyDown"",""binding"":""{e => {\n            if (e.key === \""Escape\"") { setNoteText(deal.notes || \""\""); setEditing(false); }\n          }}""}]","C2 consumer; retained shared A/B command authority","NOT_EXECUTED: source control row requires action/state/role/keyboard receipt; mounted or static inventory is not a pass","Real authorized UI interaction, registered handler/readback or explicitly blocked existing owner; rendering is not action proof"
"C2-CONTROL-312","client/src/pages/dashboard/Pipeline.tsx","230","button","{`button-quick-note-${deal.id}`}","[{""event"":""onClick"",""binding"":""{e => { e.stopPropagation(); setNoteText(deal.notes || \""\""); setEditing(true); }}""}]","C2 consumer; retained shared A/B command authority","NOT_EXECUTED: source control row requires action/state/role/keyboard receipt; mounted or static inventory is not a pass","Real authorized UI interaction, registered handler/readback or explicitly blocked existing owner; rendering is not action proof"
"C2-CONTROL-313","client/src/pages/dashboard/Pipeline.tsx","247","button","{`button-view-full-notes-${deal.id}`}","[{""event"":""onClick"",""binding"":""{e => { e.stopPropagation(); setOpen(true); }}""}]","C2 consumer; retained shared A/B command authority","NOT_EXECUTED: source control row requires action/state/role/keyboard receipt; mounted or static inventory is not a pass","Real authorized UI interaction, registered handler/readback or explicitly blocked existing owner; rendering is not action proof"
"C2-CONTROL-314","client/src/pages/dashboard/Pipeline.tsx","254","Dialog","","[{""event"":""onOpenChange"",""binding"":""{setOpen}""}]","C2 consumer; retained shared A/B command authority","NOT_EXECUTED: source control row requires action/state/role/keyboard receipt; mounted or static inventory is not a pass","Real authorized UI interaction, registered handler/readback or explicitly blocked existing owner; rendering is not action proof"
"C2-CONTROL-315","client/src/pages/dashboard/Pipeline.tsx","264","Button","{`button-close-notes-${deal.id}`}","[{""event"":""onClick"",""binding"":""{() => setOpen(false)}""}]","C2 consumer; retained shared A/B command authority","NOT_EXECUTED: source control row requires action/state/role/keyboard receipt; mounted or static inventory is not a pass","Real authorized UI interaction, registered handler/readback or explicitly blocked existing owner; rendering is not action proof"
"C2-CONTROL-316","client/src/pages/dashboard/Pipeline.tsx","432","Sheet","","[{""event"":""onOpenChange"",""binding"":""{(o) => { if (!o) onClose(); }}""}]","C2 consumer; retained shared A/B command authority","NOT_EXECUTED: source control row requires action/state/role/keyboard receipt; mounted or static inventory is not a pass","Real authorized UI interaction, registered handler/readback or explicitly blocked existing owner; rendering is not action proof"
"C2-CONTROL-317","client/src/pages/dashboard/Pipeline.tsx","445","Input","""input-qe-first-name""","[{""event"":""onChange"",""binding"":""{(e) => setContactFields((p) => ({ ...p, firstName: e.target.value }))}""}]","C2 consumer; retained shared A/B command authority","NOT_EXECUTED: source control row requires action/state/role/keyboard receipt; mounted or static inventory is not a pass","Real authorized UI interaction, registered handler/readback or explicitly blocked existing owner; rendering is not action proof"
"C2-CONTROL-318","client/src/pages/dashboard/Pipeline.tsx","453","Input","""input-qe-last-name""","[{""event"":""onChange"",""binding"":""{(e) => setContactFields((p) => ({ ...p, lastName: e.target.value }))}""}]","C2 consumer; retained shared A/B command authority","NOT_EXECUTED: source control row requires action/state/role/keyboard receipt; mounted or static inventory is not a pass","Real authorized UI interaction, registered handler/readback or explicitly blocked existing owner; rendering is not action proof"
"C2-CONTROL-319","client/src/pages/dashboard/Pipeline.tsx","464","Input","""input-qe-company""","[{""event"":""onChange"",""binding"":""{(e) => setContactFields((p) => ({ ...p, companyName: e.target.value }))}""}]","C2 consumer; retained shared A/B command authority","NOT_EXECUTED: source control row requires action/state/role/keyboard receipt; mounted or static inventory is not a pass","Real authorized UI interaction, registered handler/readback or explicitly blocked existing owner; rendering is not action proof"
"C2-CONTROL-320","client/src/pages/dashboard/Pipeline.tsx","473","Input","""input-qe-email""","[{""event"":""onChange"",""binding"":""{(e) => setContactFields((p) => ({ ...p, email: e.target.value }))}""}]","C2 consumer; retained shared A/B command authority","NOT_EXECUTED: source control row requires action/state/role/keyboard receipt; mounted or static inventory is not a pass","Real authorized UI interaction, registered handler/readback or explicitly blocked existing owner; rendering is not action proof"
"C2-CONTROL-321","client/src/pages/dashboard/Pipeline.tsx","484","Input","""input-qe-phone""","[{""event"":""onChange"",""binding"":""{(e) => setContactFields((p) => ({ ...p, phone: e.target.value }))}""}]","C2 consumer; retained shared A/B command authority","NOT_EXECUTED: source control row requires action/state/role/keyboard receipt; mounted or static inventory is not a pass","Real authorized UI interaction, registered handler/readback or explicitly blocked existing owner; rendering is not action proof"
"C2-CONTROL-322","client/src/pages/dashboard/Pipeline.tsx","494","Select","","[{""event"":""onValueChange"",""binding"":""{(v) => setContactFields((p) => ({ ...p, vertical: v === \""_none\"" ? \""\"" : v }))}""}]","C2 consumer; retained shared A/B command authority","NOT_EXECUTED: source control row requires action/state/role/keyboard receipt; mounted or static inventory is not a pass","Real authorized UI interaction, registered handler/readback or explicitly blocked existing owner; rendering is not action proof"
"C2-CONTROL-323","client/src/pages/dashboard/Pipeline.tsx","498","SelectTrigger","""select-qe-vertical""","[]","C2 consumer; retained shared A/B command authority","NOT_EXECUTED: source control row requires action/state/role/keyboard receipt; mounted or static inventory is not a pass","Real authorized UI interaction, registered handler/readback or explicitly blocked existing owner; rendering is not action proof"
"C2-CONTROL-324","client/src/pages/dashboard/Pipeline.tsx","512","Input","""input-qe-monthly-volume""","[{""event"":""onChange"",""binding"":""{(e) => setContactFields((p) => ({ ...p, monthlyVolume: e.target.value }))}""}]","C2 consumer; retained shared A/B command authority","NOT_EXECUTED: source control row requires action/state/role/keyboard receipt; mounted or static inventory is not a pass","Real authorized UI interaction, registered handler/readback or explicitly blocked existing owner; rendering is not action proof"
"C2-CONTROL-325","client/src/pages/dashboard/Pipeline.tsx","522","Input","""input-qe-current-provider""","[{""event"":""onChange"",""binding"":""{(e) => setContactFields((p) => ({ ...p, currentProvider: e.target.value }))}""}]","C2 consumer; retained shared A/B command authority","NOT_EXECUTED: source control row requires action/state/role/keyboard receipt; mounted or static inventory is not a pass","Real authorized UI interaction, registered handler/readback or explicitly blocked existing owner; rendering is not action proof"
"C2-CONTROL-326","client/src/pages/dashboard/Pipeline.tsx","531","Input","""input-qe-source""","[{""event"":""onChange"",""binding"":""{(e) => setContactFields((p) => ({ ...p, leadSource: e.target.value }))}""}]","C2 consumer; retained shared A/B command authority","NOT_EXECUTED: source control row requires action/state/role/keyboard receipt; mounted or static inventory is not a pass","Real authorized UI interaction, registered handler/readback or explicitly blocked existing owner; rendering is not action proof"
"C2-CONTROL-327","client/src/pages/dashboard/Pipeline.tsx","540","Select","","[{""event"":""onValueChange"",""binding"":""{(v) => setContactFields((p) => ({ ...p, preferredChannel: v === \""_none\"" ? \""\"" : v }))}""}]","C2 consumer; retained shared A/B command authority","NOT_EXECUTED: source control row requires action/state/role/keyboard receipt; mounted or static inventory is not a pass","Real authorized UI interaction, registered handler/readback or explicitly blocked existing owner; rendering is not action proof"
"C2-CONTROL-328","client/src/pages/dashboard/Pipeline.tsx","544","SelectTrigger","""select-qe-preferred-channel""","[]","C2 consumer; retained shared A/B command authority","NOT_EXECUTED: source control row requires action/state/role/keyboard receipt; mounted or static inventory is not a pass","Real authorized UI interaction, registered handler/readback or explicitly blocked existing owner; rendering is not action proof"
"C2-CONTROL-329","client/src/pages/dashboard/Pipeline.tsx","560","Input","""input-qe-deal-name""","[{""event"":""onChange"",""binding"":""{(e) => setDealFields((p) => ({ ...p, name: e.target.value }))}""}]","C2 consumer; retained shared A/B command authority","NOT_EXECUTED: source control row requires action/state/role/keyboard receipt; mounted or static inventory is not a pass","Real authorized UI interaction, registered handler/readback or explicitly blocked existing owner; rendering is not action proof"
"C2-CONTROL-330","client/src/pages/dashboard/Pipeline.tsx","568","Select","","[{""event"":""onValueChange"",""binding"":""{(v) => setDealFields((p) => ({ ...p, offerPath: v === \""_none\"" ? \""\"" : v }))}""}]","C2 consumer; retained shared A/B command authority","NOT_EXECUTED: source control row requires action/state/role/keyboard receipt; mounted or static inventory is not a pass","Real authorized UI interaction, registered handler/readback or explicitly blocked existing owner; rendering is not action proof"
"C2-CONTROL-331","client/src/pages/dashboard/Pipeline.tsx","572","SelectTrigger","""select-qe-offer-path""","[]","C2 consumer; retained shared A/B command authority","NOT_EXECUTED: source control row requires action/state/role/keyboard receipt; mounted or static inventory is not a pass","Real authorized UI interaction, registered handler/readback or explicitly blocked existing owner; rendering is not action proof"
"C2-CONTROL-332","client/src/pages/dashboard/Pipeline.tsx","586","Button","""button-qe-cancel""","[{""event"":""onClick"",""binding"":""{onClose}""}]","C2 consumer; retained shared A/B command authority","NOT_EXECUTED: source control row requires action/state/role/keyboard receipt; mounted or static inventory is not a pass","Real authorized UI interaction, registered handler/readback or explicitly blocked existing owner; rendering is not action proof"
"C2-CONTROL-333","client/src/pages/dashboard/Pipeline.tsx","587","Button","""button-qe-save""","[{""event"":""onClick"",""binding"":""{handleSave}""}]","C2 consumer; retained shared A/B command authority","NOT_EXECUTED: source control row requires action/state/role/keyboard receipt; mounted or static inventory is not a pass","Real authorized UI interaction, registered handler/readback or explicitly blocked existing owner; rendering is not action proof"
"C2-CONTROL-334","client/src/pages/dashboard/Pipeline.tsx","663","Card","{`card-deal-${deal.id}`}","[{""event"":""onClick"",""binding"":""{() => openDealDetail(deal)}""}]","C2 consumer; retained shared A/B command authority","NOT_EXECUTED: source control row requires action/state/role/keyboard receipt; mounted or static inventory is not a pass","Real authorized UI interaction, registered handler/readback or explicitly blocked existing owner; rendering is not action proof"
"C2-CONTROL-335","client/src/pages/dashboard/Pipeline.tsx","670","Checkbox","{`checkbox-deal-${deal.id}`}","[{""event"":""onCheckedChange"",""binding"":""{() => toggleDealSelection(deal.id)}""},{""event"":""onClick"",""binding"":""{(e) => e.stopPropagation()}""}]","C2 consumer; retained shared A/B command authority","NOT_EXECUTED: source control row requires action/state/role/keyboard receipt; mounted or static inventory is not a pass","Real authorized UI interaction, registered handler/readback or explicitly blocked existing owner; rendering is not action proof"
"C2-CONTROL-336","client/src/pages/dashboard/Pipeline.tsx","677","div","","[{""event"":""onClick"",""binding"":""{(e) => e.stopPropagation()}""}]","C2 consumer; retained shared A/B command authority","NOT_EXECUTED: source control row requires action/state/role/keyboard receipt; mounted or static inventory is not a pass","Real authorized UI interaction, registered handler/readback or explicitly blocked existing owner; rendering is not action proof"
"C2-CONTROL-337","client/src/pages/dashboard/Pipeline.tsx","689","Button","{`button-deal-actions-${deal.id}`}","[{""event"":""onClick"",""binding"":""{(e) => e.stopPropagation()}""}]","C2 consumer; retained shared A/B command authority","NOT_EXECUTED: source control row requires action/state/role/keyboard receipt; mounted or static inventory is not a pass","Real authorized UI interaction, registered handler/readback or explicitly blocked existing owner; rendering is not action proof"
"C2-CONTROL-338","client/src/pages/dashboard/Pipeline.tsx","694","DropdownMenuItem","{`menu-quick-edit-deal-${deal.id}`}","[{""event"":""onClick"",""binding"":""{(e) => {\n                    e.stopPropagation();\n                    onQuickEdit?.(deal);\n                  }}""}]","C2 consumer; retained shared A/B command authority","NOT_EXECUTED: source control row requires action/state/role/keyboard receipt; mounted or static inventory is not a pass","Real authorized UI interaction, registered handler/readback or explicitly blocked existing owner; rendering is not action proof"
"C2-CONTROL-339","client/src/pages/dashboard/Pipeline.tsx","703","DropdownMenuItem","{`menu-ai-advisor-deal-${deal.id}`}","[{""event"":""onClick"",""binding"":""{(e) => {\n                    e.stopPropagation();\n                    const v = getContactVertical(deal.contactId);\n                    navigateTo(`/dashboard/chat${v ? `?vertical=${encodeURIComponent(v)}` : \""\""}`);\n                  }}""}]","C2 consumer; retained shared A/B command authority","NOT_EXECUTED: source control row requires action/state/role/keyboard receipt; mounted or static inventory is not a pass","Real authorized UI interaction, registered handler/readback or explicitly blocked existing owner; rendering is not action proof"
"C2-CONTROL-340","client/src/pages/dashboard/Pipeline.tsx","714","DropdownMenuItem","{`menu-restore-deal-${deal.id}`}","[{""event"":""onClick"",""binding"":""{(e) => { e.stopPropagation(); restoreDealMutation.mutate(deal.id); }}""}]","C2 consumer; retained shared A/B command authority","NOT_EXECUTED: source control row requires action/state/role/keyboard receipt; mounted or static inventory is not a pass","Real authorized UI interaction, registered handler/readback or explicitly blocked existing owner; rendering is not action proof"
"C2-CONTROL-341","client/src/pages/dashboard/Pipeline.tsx","721","DropdownMenuItem","{`menu-archive-deal-${deal.id}`}","[{""event"":""onClick"",""binding"":""{(e) => { e.stopPropagation(); archiveDealMutation.mutate(deal.id); }}""}]","C2 consumer; retained shared A/B command authority","NOT_EXECUTED: source control row requires action/state/role/keyboard receipt; mounted or static inventory is not a pass","Real authorized UI interaction, registered handler/readback or explicitly blocked existing owner; rendering is not action proof"
"C2-CONTROL-342","client/src/pages/dashboard/Pipeline.tsx","731","Button","{`button-open-deal-${deal.id}`}","[{""event"":""onClick"",""binding"":""{event=>{event.stopPropagation();openDealDetail(deal);}}""}]","C2 consumer; retained shared A/B command authority","NOT_EXECUTED: source control row requires action/state/role/keyboard receipt; mounted or static inventory is not a pass","Real authorized UI interaction, registered handler/readback or explicitly blocked existing owner; rendering is not action proof"
"C2-CONTROL-343","client/src/pages/dashboard/Pipeline.tsx","997","div","","[{""event"":""onClick"",""binding"":""{(e) => e.stopPropagation()}""}]","C2 consumer; retained shared A/B command authority","NOT_EXECUTED: source control row requires action/state/role/keyboard receipt; mounted or static inventory is not a pass","Real authorized UI interaction, registered handler/readback or explicitly blocked existing owner; rendering is not action proof"
"C2-CONTROL-344","client/src/pages/dashboard/Pipeline.tsx","1001","Button","{`button-retry-proposals-${deal.id}`}","[{""event"":""onClick"",""binding"":""{(e) => {\n                  e.stopPropagation();\n                  onRetryProposals?.(deal.id);\n                }}""}]","C2 consumer; retained shared A/B command authority","NOT_EXECUTED: source control row requires action/state/role/keyboard receipt; mounted or static inventory is not a pass","Real authorized UI interaction, registered handler/readback or explicitly blocked existing owner; rendering is not action proof"
"C2-CONTROL-345","client/src/pages/dashboard/Pipeline.tsx","1048","Badge","{`badge-confirmation-failed-deal-${deal.id}`}","[{""event"":""onClick"",""binding"":""{(e) => {\n                e.stopPropagation();\n                navigateTo(`/dashboard/contacts/${deal.contactId}#confirmation-status`);\n              }}""}]","C2 consumer; retained shared A/B command authority","NOT_EXECUTED: source control row requires action/state/role/keyboard receipt; mounted or static inventory is not a pass","Real authorized UI interaction, registered handler/readback or explicitly blocked existing owner; rendering is not action proof"
"C2-CONTROL-346","client/src/pages/dashboard/Pipeline.tsx","1215","Button","{`button-add-deal-${stage.replace(/\s+/g, ""-"").toLowerCase()}`}","[{""event"":""onClick"",""binding"":""{() => setCreateOpen(true)}""}]","C2 consumer; retained shared A/B command authority","NOT_EXECUTED: source control row requires action/state/role/keyboard receipt; mounted or static inventory is not a pass","Real authorized UI interaction, registered handler/readback or explicitly blocked existing owner; rendering is not action proof"
"C2-CONTROL-347","client/src/pages/dashboard/Pipeline.tsx","1254","button","","[{""event"":""onClick"",""binding"":""{() => setAdding(v => !v)}""}]","C2 consumer; retained shared A/B command authority","NOT_EXECUTED: source control row requires action/state/role/keyboard receipt; mounted or static inventory is not a pass","Real authorized UI interaction, registered handler/readback or explicitly blocked existing owner; rendering is not action proof"
"C2-CONTROL-348","client/src/pages/dashboard/Pipeline.tsx","1260","input","""input-new-competitor""","[{""event"":""onChange"",""binding"":""{e => setNewName(e.target.value)}""},{""event"":""onKeyDown"",""binding"":""{e => { if (e.key === \""Enter\"") handleAdd(); if (e.key === \""Escape\"") { setAdding(false); setNewName(\""\""); } }}""}]","C2 consumer; retained shared A/B command authority","NOT_EXECUTED: source control row requires action/state/role/keyboard receipt; mounted or static inventory is not a pass","Real authorized UI interaction, registered handler/readback or explicitly blocked existing owner; rendering is not action proof"
"C2-CONTROL-349","client/src/pages/dashboard/Pipeline.tsx","1269","Button","","[{""event"":""onClick"",""binding"":""{handleAdd}""}]","C2 consumer; retained shared A/B command authority","NOT_EXECUTED: source control row requires action/state/role/keyboard receipt; mounted or static inventory is not a pass","Real authorized UI interaction, registered handler/readback or explicitly blocked existing owner; rendering is not action proof"
"C2-CONTROL-350","client/src/pages/dashboard/Pipeline.tsx","1353","button","{`deal-history-toggle-${entry.id}`}","[{""event"":""onClick"",""binding"":""{() => setExpandedId(isExpanded ? null : entry.id)}""}]","C2 consumer; retained shared A/B command authority","NOT_EXECUTED: source control row requires action/state/role/keyboard receipt; mounted or static inventory is not a pass","Real authorized UI interaction, registered handler/readback or explicitly blocked existing owner; rendering is not action proof"
"C2-CONTROL-351","client/src/pages/dashboard/Pipeline.tsx","2449","Button","","[{""event"":""onClick"",""binding"":""{()=>void selectedRecord.refetch()}""}]","C2 consumer; retained shared A/B command authority","NOT_EXECUTED: source control row requires action/state/role/keyboard receipt; mounted or static inventory is not a pass","Real authorized UI interaction, registered handler/readback or explicitly blocked existing owner; rendering is not action proof"
"C2-CONTROL-352","client/src/pages/dashboard/Pipeline.tsx","2462","Switch","""switch-show-archived-deals""","[{""event"":""onCheckedChange"",""binding"":""{setShowArchived}""}]","C2 consumer; retained shared A/B command authority","NOT_EXECUTED: source control row requires action/state/role/keyboard receipt; mounted or static inventory is not a pass","Real authorized UI interaction, registered handler/readback or explicitly blocked existing owner; rendering is not action proof"
"C2-CONTROL-353","client/src/pages/dashboard/Pipeline.tsx","2467","Label","","[{""event"":""onClick"",""binding"":""{() => setShowArchived(!showArchived)}""}]","C2 consumer; retained shared A/B command authority","NOT_EXECUTED: source control row requires action/state/role/keyboard receipt; mounted or static inventory is not a pass","Real authorized UI interaction, registered handler/readback or explicitly blocked existing owner; rendering is not action proof"
"C2-CONTROL-354","client/src/pages/dashboard/Pipeline.tsx","2473","Switch","""switch-hide-empty-stages""","[{""event"":""onCheckedChange"",""binding"":""{setHideEmptyStages}""}]","C2 consumer; retained shared A/B command authority","NOT_EXECUTED: source control row requires action/state/role/keyboard receipt; mounted or static inventory is not a pass","Real authorized UI interaction, registered handler/readback or explicitly blocked existing owner; rendering is not action proof"
"C2-CONTROL-355","client/src/pages/dashboard/Pipeline.tsx","2478","Label","","[{""event"":""onClick"",""binding"":""{() => setHideEmptyStages(v => !v)}""}]","C2 consumer; retained shared A/B command authority","NOT_EXECUTED: source control row requires action/state/role/keyboard receipt; mounted or static inventory is not a pass","Real authorized UI interaction, registered handler/readback or explicitly blocked existing owner; rendering is not action proof"
"C2-CONTROL-356","client/src/pages/dashboard/Pipeline.tsx","2484","Switch","""switch-unassigned-only""","[{""event"":""onCheckedChange"",""binding"":""{setShowUnassignedOnly}""}]","C2 consumer; retained shared A/B command authority","NOT_EXECUTED: source control row requires action/state/role/keyboard receipt; mounted or static inventory is not a pass","Real authorized UI interaction, registered handler/readback or explicitly blocked existing owner; rendering is not action proof"
"C2-CONTROL-357","client/src/pages/dashboard/Pipeline.tsx","2489","Label","","[{""event"":""onClick"",""binding"":""{() => setShowUnassignedOnly(v => !v)}""}]","C2 consumer; retained shared A/B command authority","NOT_EXECUTED: source control row requires action/state/role/keyboard receipt; mounted or static inventory is not a pass","Real authorized UI interaction, registered handler/readback or explicitly blocked existing owner; rendering is not action proof"
"C2-CONTROL-358","client/src/pages/dashboard/Pipeline.tsx","2495","Button","""button-view-kanban""","[{""event"":""onClick"",""binding"":""{() => setViewMode(\""kanban\"")}""}]","C2 consumer; retained shared A/B command authority","NOT_EXECUTED: source control row requires action/state/role/keyboard receipt; mounted or static inventory is not a pass","Real authorized UI interaction, registered handler/readback or explicitly blocked existing owner; rendering is not action proof"
"C2-CONTROL-359","client/src/pages/dashboard/Pipeline.tsx","2503","Button","""button-view-list""","[{""event"":""onClick"",""binding"":""{() => setViewMode(\""list\"")}""}]","C2 consumer; retained shared A/B command authority","NOT_EXECUTED: source control row requires action/state/role/keyboard receipt; mounted or static inventory is not a pass","Real authorized UI interaction, registered handler/readback or explicitly blocked existing owner; rendering is not action proof"
"C2-CONTROL-360","client/src/pages/dashboard/Pipeline.tsx","2512","Select","","[{""event"":""onValueChange"",""binding"":""{(v) => setSortMode(v as any)}""}]","C2 consumer; retained shared A/B command authority","NOT_EXECUTED: source control row requires action/state/role/keyboard receipt; mounted or static inventory is not a pass","Real authorized UI interaction, registered handler/readback or explicitly blocked existing owner; rendering is not action proof"
"C2-CONTROL-361","client/src/pages/dashboard/Pipeline.tsx","2513","SelectTrigger","""select-pipeline-sort""","[]","C2 consumer; retained shared A/B command authority","NOT_EXECUTED: source control row requires action/state/role/keyboard receipt; mounted or static inventory is not a pass","Real authorized UI interaction, registered handler/readback or explicitly blocked existing owner; rendering is not action proof"
"C2-CONTROL-362","client/src/pages/dashboard/Pipeline.tsx","2528","Select","","[{""event"":""onValueChange"",""binding"":""{v => setRepEmailFilter(v === \""__all__\"" ? \""\"" : v)}""}]","C2 consumer; retained shared A/B command authority","NOT_EXECUTED: source control row requires action/state/role/keyboard receipt; mounted or static inventory is not a pass","Real authorized UI interaction, registered handler/readback or explicitly blocked existing owner; rendering is not action proof"
"C2-CONTROL-363","client/src/pages/dashboard/Pipeline.tsx","2529","SelectTrigger","""select-pipeline-rep-filter""","[]","C2 consumer; retained shared A/B command authority","NOT_EXECUTED: source control row requires action/state/role/keyboard receipt; mounted or static inventory is not a pass","Real authorized UI interaction, registered handler/readback or explicitly blocked existing owner; rendering is not action proof"
"C2-CONTROL-364","client/src/pages/dashboard/Pipeline.tsx","2543","Select","","[{""event"":""onValueChange"",""binding"":""{v => setVerticalFilter(v === \""__all__\"" ? \""\"" : v)}""}]","C2 consumer; retained shared A/B command authority","NOT_EXECUTED: source control row requires action/state/role/keyboard receipt; mounted or static inventory is not a pass","Real authorized UI interaction, registered handler/readback or explicitly blocked existing owner; rendering is not action proof"
"C2-CONTROL-365","client/src/pages/dashboard/Pipeline.tsx","2544","SelectTrigger","""select-pipeline-vertical-filter""","[]","C2 consumer; retained shared A/B command authority","NOT_EXECUTED: source control row requires action/state/role/keyboard receipt; mounted or static inventory is not a pass","Real authorized UI interaction, registered handler/readback or explicitly blocked existing owner; rendering is not action proof"
"C2-CONTROL-366","client/src/pages/dashboard/Pipeline.tsx","2553","Select","","[{""event"":""onValueChange"",""binding"":""{v => setOfferPathFilter(v === \""__all__\"" ? \""\"" : v)}""}]","C2 consumer; retained shared A/B command authority","NOT_EXECUTED: source control row requires action/state/role/keyboard receipt; mounted or static inventory is not a pass","Real authorized UI interaction, registered handler/readback or explicitly blocked existing owner; rendering is not action proof"
"C2-CONTROL-367","client/src/pages/dashboard/Pipeline.tsx","2554","SelectTrigger","""select-pipeline-offerpath-filter""","[]","C2 consumer; retained shared A/B command authority","NOT_EXECUTED: source control row requires action/state/role/keyboard receipt; mounted or static inventory is not a pass","Real authorized UI interaction, registered handler/readback or explicitly blocked existing owner; rendering is not action proof"
"C2-CONTROL-368","client/src/pages/dashboard/Pipeline.tsx","2563","button","""chip-no-followup""","[{""event"":""onClick"",""binding"":""{() => setShowNoFollowUpOnly(v => !v)}""}]","C2 consumer; retained shared A/B command authority","NOT_EXECUTED: source control row requires action/state/role/keyboard receipt; mounted or static inventory is not a pass","Real authorized UI interaction, registered handler/readback or explicitly blocked existing owner; rendering is not action proof"
"C2-CONTROL-369","client/src/pages/dashboard/Pipeline.tsx","2574","Dialog","","[{""event"":""onOpenChange"",""binding"":""{setGroupPickerOpen}""}]","C2 consumer; retained shared A/B command authority","NOT_EXECUTED: source control row requires action/state/role/keyboard receipt; mounted or static inventory is not a pass","Real authorized UI interaction, registered handler/readback or explicitly blocked existing owner; rendering is not action proof"
"C2-CONTROL-370","client/src/pages/dashboard/Pipeline.tsx","2575","Button","""select-pipeline-group-filter""","[]","C2 consumer; retained shared A/B command authority","NOT_EXECUTED: source control row requires action/state/role/keyboard receipt; mounted or static inventory is not a pass","Real authorized UI interaction, registered handler/readback or explicitly blocked existing owner; rendering is not action proof"
"C2-CONTROL-371","client/src/pages/dashboard/Pipeline.tsx","2581","Button","""group-filter-all""","[{""event"":""onClick"",""binding"":""{()=>{setGroupFilterContactId(null);setGroupPickerOpen(false);}}""}]","C2 consumer; retained shared A/B command authority","NOT_EXECUTED: source control row requires action/state/role/keyboard receipt; mounted or static inventory is not a pass","Real authorized UI interaction, registered handler/readback or explicitly blocked existing owner; rendering is not action proof"
"C2-CONTROL-372","client/src/pages/dashboard/Pipeline.tsx","2584","Button","""button-export-deals""","[{""event"":""onClick"",""binding"":""{() => {\n              const exportData = (deals || []).map(d => {\n                const c = d.contactId ? contactsMap.get(d.contactId) : undefined;\n                // Contact column: best available identifier (same fallback chain as visual display, written separately — no-duplicate rule does not apply to CSV columns)\n                const fullName = c ? [c.firstName, c.lastName].filter(Boolean).join(\"" \"").trim() : \""\"";\n                const contactCol = fullName || c?.companyName || c?.email || c?.phone || `Deal #${d.id}`;\n                // Company column: explicit fallback; may equal contactCol when companyName is the only identifier\n                const companyCol = c?.companyName || \""N/A\"";\n                return {\n                  contact: contactCol,\n                  company: companyCol,\n                  pipeline: d.pipeline,\n                  stage: d.stage,\n                  priorityScore: d.priorityScore,\n                  estVolume: d.totalVolume || \""\"",\n                  estProfit: d.estimatedGrossProfitMonthly || \""\"",\n                  followUp: d.nextFollowUp ? new Date(d.nextFollowUp).toLocaleDateString() : \""\"",\n                  createdAt: d.createdAt ? new Date(d.createdAt).toLocaleDateString() : \""\"",\n                };\n              });\n              exportToCSV(exportData, \""deals\"", [\n                { key: \""contact\"", label: \""Contact\"" },\n                { key: \""company\"", label: \""Company\"" },\n                { key: \""pipeline\"", label: \""Pipeline\"" },\n                { key: \""stage\"", label: \""Stage\"" },\n                { key: \""priorityScore\"", label: \""Priority Score\"" },\n                { key: \""estVolume\"", label: \""Est. Volume\"" },\n                { key: \""estProfit\"", label: \""Est. Profit\"" },\n                { key: \""followUp\"", label: \""Follow-up\"" },\n                { key: \""createdAt\"", label: \""Created At\"" },\n              ]);\n            }}""}]","C2 consumer; retained shared A/B command authority","NOT_EXECUTED: source control row requires action/state/role/keyboard receipt; mounted or static inventory is not a pass","Real authorized UI interaction, registered handler/readback or explicitly blocked existing owner; rendering is not action proof"
"C2-CONTROL-373","client/src/pages/dashboard/Pipeline.tsx","2623","Button","""button-ai-auto-progress""","[{""event"":""onClick"",""binding"":""{() => autoProgressMutation.mutate()}""}]","C2 consumer; retained shared A/B command authority","NOT_EXECUTED: source control row requires action/state/role/keyboard receipt; mounted or static inventory is not a pass","Real authorized UI interaction, registered handler/readback or explicitly blocked existing owner; rendering is not action proof"
"C2-CONTROL-374","client/src/pages/dashboard/Pipeline.tsx","2633","Button","""button-configure-stages""","[{""event"":""onClick"",""binding"":""{() => setConfigOpen(true)}""}]","C2 consumer; retained shared A/B command authority","NOT_EXECUTED: source control row requires action/state/role/keyboard receipt; mounted or static inventory is not a pass","Real authorized UI interaction, registered handler/readback or explicitly blocked existing owner; rendering is not action proof"
"C2-CONTROL-375","client/src/pages/dashboard/Pipeline.tsx","2642","Dialog","","[{""event"":""onOpenChange"",""binding"":""{setCreateOpen}""}]","C2 consumer; retained shared A/B command authority","NOT_EXECUTED: source control row requires action/state/role/keyboard receipt; mounted or static inventory is not a pass","Real authorized UI interaction, registered handler/readback or explicitly blocked existing owner; rendering is not action proof"
"C2-CONTROL-376","client/src/pages/dashboard/Pipeline.tsx","2644","Button","""button-new-deal""","[]","C2 consumer; retained shared A/B command authority","NOT_EXECUTED: source control row requires action/state/role/keyboard receipt; mounted or static inventory is not a pass","Real authorized UI interaction, registered handler/readback or explicitly blocked existing owner; rendering is not action proof"
"C2-CONTROL-377","client/src/pages/dashboard/Pipeline.tsx","2661","Input","""input-pipeline""","[]","C2 consumer; retained shared A/B command authority","NOT_EXECUTED: source control row requires action/state/role/keyboard receipt; mounted or static inventory is not a pass","Real authorized UI interaction, registered handler/readback or explicitly blocked existing owner; rendering is not action proof"
"C2-CONTROL-378","client/src/pages/dashboard/Pipeline.tsx","2665","Select","","[{""event"":""onValueChange"",""binding"":""{(v) => setNewDeal({ ...newDeal, stage: v })}""}]","C2 consumer; retained shared A/B command authority","NOT_EXECUTED: source control row requires action/state/role/keyboard receipt; mounted or static inventory is not a pass","Real authorized UI interaction, registered handler/readback or explicitly blocked existing owner; rendering is not action proof"
"C2-CONTROL-379","client/src/pages/dashboard/Pipeline.tsx","2666","SelectTrigger","""select-stage""","[]","C2 consumer; retained shared A/B command authority","NOT_EXECUTED: source control row requires action/state/role/keyboard receipt; mounted or static inventory is not a pass","Real authorized UI interaction, registered handler/readback or explicitly blocked existing owner; rendering is not action proof"
"C2-CONTROL-380","client/src/pages/dashboard/Pipeline.tsx","2678","Select","","[{""event"":""onValueChange"",""binding"":""{(v) => setNewDeal({ ...newDeal, offerPath: v })}""}]","C2 consumer; retained shared A/B command authority","NOT_EXECUTED: source control row requires action/state/role/keyboard receipt; mounted or static inventory is not a pass","Real authorized UI interaction, registered handler/readback or explicitly blocked existing owner; rendering is not action proof"
"C2-CONTROL-381","client/src/pages/dashboard/Pipeline.tsx","2679","SelectTrigger","""select-offer-path""","[]","C2 consumer; retained shared A/B command authority","NOT_EXECUTED: source control row requires action/state/role/keyboard receipt; mounted or static inventory is not a pass","Real authorized UI interaction, registered handler/readback or explicitly blocked existing owner; rendering is not action proof"
"C2-CONTROL-382","client/src/pages/dashboard/Pipeline.tsx","2691","Select","","[{""event"":""onValueChange"",""binding"":""{(v) => setNewDeal({ ...newDeal, vertical: v })}""}]","C2 consumer; retained shared A/B command authority","NOT_EXECUTED: source control row requires action/state/role/keyboard receipt; mounted or static inventory is not a pass","Real authorized UI interaction, registered handler/readback or explicitly blocked existing owner; rendering is not action proof"
"C2-CONTROL-383","client/src/pages/dashboard/Pipeline.tsx","2692","SelectTrigger","""select-deal-vertical""","[]","C2 consumer; retained shared A/B command authority","NOT_EXECUTED: source control row requires action/state/role/keyboard receipt; mounted or static inventory is not a pass","Real authorized UI interaction, registered handler/readback or explicitly blocked existing owner; rendering is not action proof"
"C2-CONTROL-384","client/src/pages/dashboard/Pipeline.tsx","2704","Textarea","""input-notes""","[{""event"":""onChange"",""binding"":""{(e) => setNewDeal({ ...newDeal, notes: e.target.value })}""}]","C2 consumer; retained shared A/B command authority","NOT_EXECUTED: source control row requires action/state/role/keyboard receipt; mounted or static inventory is not a pass","Real authorized UI interaction, registered handler/readback or explicitly blocked existing owner; rendering is not action proof"
"C2-CONTROL-385","client/src/pages/dashboard/Pipeline.tsx","2712","Button","""button-cancel-create""","[{""event"":""onClick"",""binding"":""{() => setCreateOpen(false)}""}]","C2 consumer; retained shared A/B command authority","NOT_EXECUTED: source control row requires action/state/role/keyboard receipt; mounted or static inventory is not a pass","Real authorized UI interaction, registered handler/readback or explicitly blocked existing owner; rendering is not action proof"
"C2-CONTROL-386","client/src/pages/dashboard/Pipeline.tsx","2715","Button","""button-submit-deal""","[{""event"":""onClick"",""binding"":""{handleCreateDeal}""}]","C2 consumer; retained shared A/B command authority","NOT_EXECUTED: source control row requires action/state/role/keyboard receipt; mounted or static inventory is not a pass","Real authorized UI interaction, registered handler/readback or explicitly blocked existing owner; rendering is not action proof"
"C2-CONTROL-387","client/src/pages/dashboard/Pipeline.tsx","2736","Button","""button-bulk-actions""","[]","C2 consumer; retained shared A/B command authority","NOT_EXECUTED: source control row requires action/state/role/keyboard receipt; mounted or static inventory is not a pass","Real authorized UI interaction, registered handler/readback or explicitly blocked existing owner; rendering is not action proof"
"C2-CONTROL-388","client/src/pages/dashboard/Pipeline.tsx","2750","DropdownMenuItem","{`button-bulk-stage-${stage.replace(/\s+/g, ""-"").toLowerCase()}`}","[{""event"":""onClick"",""binding"":""{() => bulkStageMutation.mutate({ dealIds: Array.from(selectedDealIds), stage })}""}]","C2 consumer; retained shared A/B command authority","NOT_EXECUTED: source control row requires action/state/role/keyboard receipt; mounted or static inventory is not a pass","Real authorized UI interaction, registered handler/readback or explicitly blocked existing owner; rendering is not action proof"
"C2-CONTROL-389","client/src/pages/dashboard/Pipeline.tsx","2769","DropdownMenuItem","{`button-bulk-assign-${agent.id}`}","[{""event"":""onClick"",""binding"":""{async () => {\n                           if (!agent.email) {\n                             toast({ title: \""Cannot assign agent\"", description: \""This agent has no ownership email.\"", variant: \""destructive\"" });\n                             return;\n                           }\n                          await Promise.all(\n                            Array.from(selectedDealIds).map(id =>\n                               apiRequest(\""PUT\"", `/api/deals/${id}`, { owner: agent.email })\n                            )\n                          );\n                          queryClient.invalidateQueries({ queryKey: [\""/api/deals\""] });\n                        }}""}]","C2 consumer; retained shared A/B command authority","NOT_EXECUTED: source control row requires action/state/role/keyboard receipt; mounted or static inventory is not a pass","Real authorized UI interaction, registered handler/readback or explicitly blocked existing owner; rendering is not action proof"
"C2-CONTROL-390","client/src/pages/dashboard/Pipeline.tsx","2791","DropdownMenuItem","""button-bulk-archive""","[{""event"":""onClick"",""binding"":""{() => bulkArchiveMutation.mutate(Array.from(selectedDealIds))}""}]","C2 consumer; retained shared A/B command authority","NOT_EXECUTED: source control row requires action/state/role/keyboard receipt; mounted or static inventory is not a pass","Real authorized UI interaction, registered handler/readback or explicitly blocked existing owner; rendering is not action proof"
"C2-CONTROL-391","client/src/pages/dashboard/Pipeline.tsx","2800","Button","""button-clear-selection""","[{""event"":""onClick"",""binding"":""{() => setSelectedDealIds(new Set())}""}]","C2 consumer; retained shared A/B command authority","NOT_EXECUTED: source control row requires action/state/role/keyboard receipt; mounted or static inventory is not a pass","Real authorized UI interaction, registered handler/readback or explicitly blocked existing owner; rendering is not action proof"
"C2-CONTROL-392","client/src/pages/dashboard/Pipeline.tsx","2824","Button","""button-reconcile-bulk-stage""","[{""event"":""onClick"",""binding"":""{() => void reconcileUnresolvedBulkMoves()}""}]","C2 consumer; retained shared A/B command authority","NOT_EXECUTED: source control row requires action/state/role/keyboard receipt; mounted or static inventory is not a pass","Real authorized UI interaction, registered handler/readback or explicitly blocked existing owner; rendering is not action proof"
"C2-CONTROL-393","client/src/pages/dashboard/Pipeline.tsx","2961","button","{`rep-period-${p}d`}","[{""event"":""onClick"",""binding"":""{() => setRepPeriod(p)}""}]","C2 consumer; retained shared A/B command authority","NOT_EXECUTED: source control row requires action/state/role/keyboard receipt; mounted or static inventory is not a pass","Real authorized UI interaction, registered handler/readback or explicitly blocked existing owner; rendering is not action proof"
"C2-CONTROL-394","client/src/pages/dashboard/Pipeline.tsx","3001","button","{`sort-list-${k}`}","[{""event"":""onClick"",""binding"":""{() => setListSortField(k as any)}""}]","C2 consumer; retained shared A/B command authority","NOT_EXECUTED: source control row requires action/state/role/keyboard receipt; mounted or static inventory is not a pass","Real authorized UI interaction, registered handler/readback or explicitly blocked existing owner; rendering is not action proof"
"C2-CONTROL-395","client/src/pages/dashboard/Pipeline.tsx","3023","tr","{`list-row-deal-${deal.id}`}","[{""event"":""onClick"",""binding"":""{() => openDealDetail(deal)}""}]","C2 consumer; retained shared A/B command authority","NOT_EXECUTED: source control row requires action/state/role/keyboard receipt; mounted or static inventory is not a pass","Real authorized UI interaction, registered handler/readback or explicitly blocked existing owner; rendering is not action proof"
"C2-CONTROL-396","client/src/pages/dashboard/Pipeline.tsx","3043","DndContext","","[{""event"":""onDragStart"",""binding"":""{handleDragStart}""},{""event"":""onDragEnd"",""binding"":""{handleDragEnd}""}]","C2 consumer; retained shared A/B command authority","NOT_EXECUTED: source control row requires action/state/role/keyboard receipt; mounted or static inventory is not a pass","Real authorized UI interaction, registered handler/readback or explicitly blocked existing owner; rendering is not action proof"
"C2-CONTROL-397","client/src/pages/dashboard/Pipeline.tsx","3109","Dialog","","[{""event"":""onOpenChange"",""binding"":""{setDetailOpen}""}]","C2 consumer; retained shared A/B command authority","NOT_EXECUTED: source control row requires action/state/role/keyboard receipt; mounted or static inventory is not a pass","Real authorized UI interaction, registered handler/readback or explicitly blocked existing owner; rendering is not action proof"
"C2-CONTROL-398","client/src/pages/dashboard/Pipeline.tsx","3126","a","""text-detail-contact""","[{""event"":""onClick"",""binding"":""{e => { e.preventDefault(); navigatePipeline(`/dashboard/contacts/${selectedDeal.contactId}`); }}""}]","C2 consumer; retained shared A/B command authority","NOT_EXECUTED: source control row requires action/state/role/keyboard receipt; mounted or static inventory is not a pass","Real authorized UI interaction, registered handler/readback or explicitly blocked existing owner; rendering is not action proof"
"C2-CONTROL-399","client/src/pages/dashboard/Pipeline.tsx","3175","Select","","[{""event"":""onValueChange"",""binding"":""{setEditStage}""}]","C2 consumer; retained shared A/B command authority","NOT_EXECUTED: source control row requires action/state/role/keyboard receipt; mounted or static inventory is not a pass","Real authorized UI interaction, registered handler/readback or explicitly blocked existing owner; rendering is not action proof"
"C2-CONTROL-400","client/src/pages/dashboard/Pipeline.tsx","3176","SelectTrigger","""select-edit-stage""","[]","C2 consumer; retained shared A/B command authority","NOT_EXECUTED: source control row requires action/state/role/keyboard receipt; mounted or static inventory is not a pass","Real authorized UI interaction, registered handler/readback or explicitly blocked existing owner; rendering is not action proof"
"C2-CONTROL-401","client/src/pages/dashboard/Pipeline.tsx","3189","Select","","[{""event"":""onValueChange"",""binding"":""{(v) => setEditVertical(v === \""none\"" ? \""\"" : v)}""}]","C2 consumer; retained shared A/B command authority","NOT_EXECUTED: source control row requires action/state/role/keyboard receipt; mounted or static inventory is not a pass","Real authorized UI interaction, registered handler/readback or explicitly blocked existing owner; rendering is not action proof"
"C2-CONTROL-402","client/src/pages/dashboard/Pipeline.tsx","3193","SelectTrigger","""select-edit-vertical""","[]","C2 consumer; retained shared A/B command authority","NOT_EXECUTED: source control row requires action/state/role/keyboard receipt; mounted or static inventory is not a pass","Real authorized UI interaction, registered handler/readback or explicitly blocked existing owner; rendering is not action proof"
"C2-CONTROL-403","client/src/pages/dashboard/Pipeline.tsx","3207","Textarea","""input-edit-notes""","[{""event"":""onChange"",""binding"":""{(e) => setEditNotes(e.target.value)}""}]","C2 consumer; retained shared A/B command authority","NOT_EXECUTED: source control row requires action/state/role/keyboard receipt; mounted or static inventory is not a pass","Real authorized UI interaction, registered handler/readback or explicitly blocked existing owner; rendering is not action proof"
"C2-CONTROL-404","client/src/pages/dashboard/Pipeline.tsx","3233","button","""button-suggest-followup""","[{""event"":""onClick"",""binding"":""{() => setEditFollowUp(iso)}""}]","C2 consumer; retained shared A/B command authority","NOT_EXECUTED: source control row requires action/state/role/keyboard receipt; mounted or static inventory is not a pass","Real authorized UI interaction, registered handler/readback or explicitly blocked existing owner; rendering is not action proof"
"C2-CONTROL-405","client/src/pages/dashboard/Pipeline.tsx","3244","Input","""input-edit-followup""","[{""event"":""onChange"",""binding"":""{(e) => setEditFollowUp(e.target.value)}""}]","C2 consumer; retained shared A/B command authority","NOT_EXECUTED: source control row requires action/state/role/keyboard receipt; mounted or static inventory is not a pass","Real authorized UI interaction, registered handler/readback or explicitly blocked existing owner; rendering is not action proof"
"C2-CONTROL-406","client/src/pages/dashboard/Pipeline.tsx","3255","Input","""input-edit-expected-go-live""","[{""event"":""onChange"",""binding"":""{(e) => setEditExpectedGoLiveDate(e.target.value)}""}]","C2 consumer; retained shared A/B command authority","NOT_EXECUTED: source control row requires action/state/role/keyboard receipt; mounted or static inventory is not a pass","Real authorized UI interaction, registered handler/readback or explicitly blocked existing owner; rendering is not action proof"
"C2-CONTROL-407","client/src/pages/dashboard/Pipeline.tsx","3266","Input","""input-edit-mid""","[{""event"":""onChange"",""binding"":""{(e) => setEditMid(e.target.value)}""}]","C2 consumer; retained shared A/B command authority","NOT_EXECUTED: source control row requires action/state/role/keyboard receipt; mounted or static inventory is not a pass","Real authorized UI interaction, registered handler/readback or explicitly blocked existing owner; rendering is not action proof"
"C2-CONTROL-408","client/src/pages/dashboard/Pipeline.tsx","3300","Select","","[{""event"":""onValueChange"",""binding"":""{(val) => {\n                        setEditAgentId(val);\n                        if (!selectedDeal) return;\n                        assignAgentMutation.mutate({\n                          dealId: selectedDeal.id,\n                          agentId: val === \""none\"" ? null : Number(val),\n                        });\n                      }}""}]","C2 consumer; retained shared A/B command authority","NOT_EXECUTED: source control row requires action/state/role/keyboard receipt; mounted or static inventory is not a pass","Real authorized UI interaction, registered handler/readback or explicitly blocked existing owner; rendering is not action proof"
"C2-CONTROL-409","client/src/pages/dashboard/Pipeline.tsx","3311","SelectTrigger","""select-assign-agent""","[]","C2 consumer; retained shared A/B command authority","NOT_EXECUTED: source control row requires action/state/role/keyboard receipt; mounted or static inventory is not a pass","Real authorized UI interaction, registered handler/readback or explicitly blocked existing owner; rendering is not action proof"
"C2-CONTROL-410","client/src/pages/dashboard/Pipeline.tsx","3332","Button","""button-restore-deal-detail""","[{""event"":""onClick"",""binding"":""{() => { restoreDealMutation.mutate(selectedDeal.id); setDetailOpen(false); }}""}]","C2 consumer; retained shared A/B command authority","NOT_EXECUTED: source control row requires action/state/role/keyboard receipt; mounted or static inventory is not a pass","Real authorized UI interaction, registered handler/readback or explicitly blocked existing owner; rendering is not action proof"
"C2-CONTROL-411","client/src/pages/dashboard/Pipeline.tsx","3368","Button","","[{""event"":""onClick"",""binding"":""{() => void refetchUwTasks()}""}]","C2 consumer; retained shared A/B command authority","NOT_EXECUTED: source control row requires action/state/role/keyboard receipt; mounted or static inventory is not a pass","Real authorized UI interaction, registered handler/readback or explicitly blocked existing owner; rendering is not action proof"
"C2-CONTROL-412","client/src/pages/dashboard/Pipeline.tsx","3378","button","{`uw-task-toggle-${task.id}`}","[{""event"":""onClick"",""binding"":""{() => {\n                              const newStatus = task.status === \""completed\"" ? \""pending\"" : \""completed\"";\n                              apiRequest(\""PATCH\"", `/api/deals/${selectedDeal!.id}/underwriting-tasks/${task.id}`, { status: newStatus })\n                                .then(() => refetchUwTasks())\n                                .catch(() => {});\n                            }}""}]","C2 consumer; retained shared A/B command authority","NOT_EXECUTED: source control row requires action/state/role/keyboard receipt; mounted or static inventory is not a pass","Real authorized UI interaction, registered handler/readback or explicitly blocked existing owner; rendering is not action proof"
"C2-CONTROL-413","client/src/pages/dashboard/Pipeline.tsx","3418","Button","""button-submit-for-review""","[{""event"":""onClick"",""binding"":""{() => {\n                      updateDealMutation.mutate({\n                        id: selectedDeal.id,\n                        boardingStatus: \""pending_review\"",\n                      });\n                    }}""}]","C2 consumer; retained shared A/B command authority","NOT_EXECUTED: source control row requires action/state/role/keyboard receipt; mounted or static inventory is not a pass","Real authorized UI interaction, registered handler/readback or explicitly blocked existing owner; rendering is not action proof"
"C2-CONTROL-414","client/src/pages/dashboard/Pipeline.tsx","3438","Button","""button-archive-deal-detail""","[{""event"":""onClick"",""binding"":""{() => { archiveDealMutation.mutate(selectedDeal.id); setDetailOpen(false); }}""}]","C2 consumer; retained shared A/B command authority","NOT_EXECUTED: source control row requires action/state/role/keyboard receipt; mounted or static inventory is not a pass","Real authorized UI interaction, registered handler/readback or explicitly blocked existing owner; rendering is not action proof"
"C2-CONTROL-415","client/src/pages/dashboard/Pipeline.tsx","3446","Button","""button-cancel-edit""","[{""event"":""onClick"",""binding"":""{() => setDetailOpen(false)}""}]","C2 consumer; retained shared A/B command authority","NOT_EXECUTED: source control row requires action/state/role/keyboard receipt; mounted or static inventory is not a pass","Real authorized UI interaction, registered handler/readback or explicitly blocked existing owner; rendering is not action proof"
"C2-CONTROL-416","client/src/pages/dashboard/Pipeline.tsx","3449","Button","""button-save-deal""","[{""event"":""onClick"",""binding"":""{handleUpdateDeal}""}]","C2 consumer; retained shared A/B command authority","NOT_EXECUTED: source control row requires action/state/role/keyboard receipt; mounted or static inventory is not a pass","Real authorized UI interaction, registered handler/readback or explicitly blocked existing owner; rendering is not action proof"
"C2-CONTROL-417","client/src/pages/dashboard/Pipeline.tsx","3455","Dialog","","[{""event"":""onOpenChange"",""binding"":""{setCloseReasonOpen}""}]","C2 consumer; retained shared A/B command authority","NOT_EXECUTED: source control row requires action/state/role/keyboard receipt; mounted or static inventory is not a pass","Real authorized UI interaction, registered handler/readback or explicitly blocked existing owner; rendering is not action proof"
"C2-CONTROL-418","client/src/pages/dashboard/Pipeline.tsx","3466","Textarea","""textarea-close-reason""","[{""event"":""onChange"",""binding"":""{e => setCloseReasonDraft(e.target.value)}""}]","C2 consumer; retained shared A/B command authority","NOT_EXECUTED: source control row requires action/state/role/keyboard receipt; mounted or static inventory is not a pass","Real authorized UI interaction, registered handler/readback or explicitly blocked existing owner; rendering is not action proof"
"C2-CONTROL-419","client/src/pages/dashboard/Pipeline.tsx","3475","Button","""button-close-reason-cancel""","[{""event"":""onClick"",""binding"":""{() => { setCloseReasonOpen(false); setCloseReasonDraft(\""\""); }}""}]","C2 consumer; retained shared A/B command authority","NOT_EXECUTED: source control row requires action/state/role/keyboard receipt; mounted or static inventory is not a pass","Real authorized UI interaction, registered handler/readback or explicitly blocked existing owner; rendering is not action proof"
"C2-CONTROL-420","client/src/pages/dashboard/Pipeline.tsx","3478","Button","""button-close-reason-save""","[{""event"":""onClick"",""binding"":""{() => submitDealUpdateWithReason(closeReasonDraft || undefined)}""}]","C2 consumer; retained shared A/B command authority","NOT_EXECUTED: source control row requires action/state/role/keyboard receipt; mounted or static inventory is not a pass","Real authorized UI interaction, registered handler/readback or explicitly blocked existing owner; rendering is not action proof"
"C2-CONTROL-421","client/src/pages/dashboard/Pipeline.tsx","3501","Select","","[{""event"":""onValueChange"",""binding"":""{setProposalPlan}""}]","C2 consumer; retained shared A/B command authority","NOT_EXECUTED: source control row requires action/state/role/keyboard receipt; mounted or static inventory is not a pass","Real authorized UI interaction, registered handler/readback or explicitly blocked existing owner; rendering is not action proof"
"C2-CONTROL-422","client/src/pages/dashboard/Pipeline.tsx","3502","SelectTrigger","""select-proposal-plan""","[]","C2 consumer; retained shared A/B command authority","NOT_EXECUTED: source control row requires action/state/role/keyboard receipt; mounted or static inventory is not a pass","Real authorized UI interaction, registered handler/readback or explicitly blocked existing owner; rendering is not action proof"
"C2-CONTROL-423","client/src/pages/dashboard/Pipeline.tsx","3512","Button","""button-generate-co-branded-proposal""","[{""event"":""onClick"",""binding"":""{handleGenerateCoBrandedProposal}""}]","C2 consumer; retained shared A/B command authority","NOT_EXECUTED: source control row requires action/state/role/keyboard receipt; mounted or static inventory is not a pass","Real authorized UI interaction, registered handler/readback or explicitly blocked existing owner; rendering is not action proof"
"C2-CONTROL-424","client/src/pages/dashboard/Pipeline.tsx","3538","Button","""button-retry-deal-proposals""","[{""event"":""onClick"",""binding"":""{() => loadDealProposals(selectedDeal.id)}""}]","C2 consumer; retained shared A/B command authority","NOT_EXECUTED: source control row requires action/state/role/keyboard receipt; mounted or static inventory is not a pass","Real authorized UI interaction, registered handler/readback or explicitly blocked existing owner; rendering is not action proof"
"C2-CONTROL-425","client/src/pages/dashboard/Pipeline.tsx","3580","Button","{`button-send-ghl-deal-proposal-${p.id}`}","[{""event"":""onClick"",""binding"":""{() => {\n                                apiRequest(\""POST\"", `/api/co-branded-proposals/${p.id}/send`, {})\n                                  .then(() => toast({ title: \""Proposal sent via GHL!\"" }))\n                                  .catch((err) => toast({ title: \""Failed to send\"", description: err.message, variant: \""destructive\"" }));\n                              }}""}]","C2 consumer; retained shared A/B command authority","NOT_EXECUTED: source control row requires action/state/role/keyboard receipt; mounted or static inventory is not a pass","Real authorized UI interaction, registered handler/readback or explicitly blocked existing owner; rendering is not action proof"
"C2-CONTROL-426","client/src/pages/dashboard/Pipeline.tsx","3594","button","{`button-copy-deal-proposal-${p.id}`}","[{""event"":""onClick"",""binding"":""{() => { navigator.clipboard.writeText(p.viewerUrl); toast({ title: \""Link copied!\"" }); }}""}]","C2 consumer; retained shared A/B command authority","NOT_EXECUTED: source control row requires action/state/role/keyboard receipt; mounted or static inventory is not a pass","Real authorized UI interaction, registered handler/readback or explicitly blocked existing owner; rendering is not action proof"
"C2-CONTROL-427","client/src/pages/dashboard/Pipeline.tsx","3602","a","","[]","C2 consumer; retained shared A/B command authority","NOT_EXECUTED: source control row requires action/state/role/keyboard receipt; mounted or static inventory is not a pass","Real authorized UI interaction, registered handler/readback or explicitly blocked existing owner; rendering is not action proof"
"C2-CONTROL-428","client/src/pages/dashboard/Pipeline.tsx","3603","button","{`button-view-deal-proposal-${p.id}`}","[]","C2 consumer; retained shared A/B command authority","NOT_EXECUTED: source control row requires action/state/role/keyboard receipt; mounted or static inventory is not a pass","Real authorized UI interaction, registered handler/readback or explicitly blocked existing owner; rendering is not action proof"
"C2-CONTROL-429","client/src/pages/dashboard/Pipeline.tsx","3613","button","{`button-mark-viewed-proposal-${p.id}`}","[{""event"":""onClick"",""binding"":""{() => {\n                                  updateDealMutation.mutate({ id: selectedDeal.id, proposalStatus: \""viewed\"" });\n                                  toast({ title: \""Marked as viewed\"" });\n                                }}""}]","C2 consumer; retained shared A/B command authority","NOT_EXECUTED: source control row requires action/state/role/keyboard receipt; mounted or static inventory is not a pass","Real authorized UI interaction, registered handler/readback or explicitly blocked existing owner; rendering is not action proof"
"C2-CONTROL-430","client/src/pages/dashboard/Pipeline.tsx","3705","Input","""input-rejection-reason""","[{""event"":""onChange"",""binding"":""{(e) => setApprovalReason(e.target.value)}""}]","C2 consumer; retained shared A/B command authority","NOT_EXECUTED: source control row requires action/state/role/keyboard receipt; mounted or static inventory is not a pass","Real authorized UI interaction, registered handler/readback or explicitly blocked existing owner; rendering is not action proof"
"C2-CONTROL-431","client/src/pages/dashboard/Pipeline.tsx","3713","Button","""button-approve-terminal""","[{""event"":""onClick"",""binding"":""{handleTerminalApprove}""}]","C2 consumer; retained shared A/B command authority","NOT_EXECUTED: source control row requires action/state/role/keyboard receipt; mounted or static inventory is not a pass","Real authorized UI interaction, registered handler/readback or explicitly blocked existing owner; rendering is not action proof"
"C2-CONTROL-432","client/src/pages/dashboard/Pipeline.tsx","3723","Button","""button-reject-terminal""","[{""event"":""onClick"",""binding"":""{handleTerminalReject}""}]","C2 consumer; retained shared A/B command authority","NOT_EXECUTED: source control row requires action/state/role/keyboard receipt; mounted or static inventory is not a pass","Real authorized UI interaction, registered handler/readback or explicitly blocked existing owner; rendering is not action proof"
"C2-CONTROL-433","client/src/pages/dashboard/Pipeline.tsx","3739","Button","""button-request-terminal-approval""","[{""event"":""onClick"",""binding"":""{() => handleCheckTerminalApproval(selectedDeal.id)}""}]","C2 consumer; retained shared A/B command authority","NOT_EXECUTED: source control row requires action/state/role/keyboard receipt; mounted or static inventory is not a pass","Real authorized UI interaction, registered handler/readback or explicitly blocked existing owner; rendering is not action proof"
"C2-CONTROL-434","client/src/pages/dashboard/Pipeline.tsx","3774","Dialog","","[{""event"":""onOpenChange"",""binding"":""{setConfigOpen}""}]","C2 consumer; retained shared A/B command authority","NOT_EXECUTED: source control row requires action/state/role/keyboard receipt; mounted or static inventory is not a pass","Real authorized UI interaction, registered handler/readback or explicitly blocked existing owner; rendering is not action proof"
"C2-CONTROL-435","client/src/pages/dashboard/Pipeline.tsx","3782","Select","","[{""event"":""onValueChange"",""binding"":""{setConfigPipeline}""}]","C2 consumer; retained shared A/B command authority","NOT_EXECUTED: source control row requires action/state/role/keyboard receipt; mounted or static inventory is not a pass","Real authorized UI interaction, registered handler/readback or explicitly blocked existing owner; rendering is not action proof"
"C2-CONTROL-436","client/src/pages/dashboard/Pipeline.tsx","3783","SelectTrigger","""select-config-pipeline""","[]","C2 consumer; retained shared A/B command authority","NOT_EXECUTED: source control row requires action/state/role/keyboard receipt; mounted or static inventory is not a pass","Real authorized UI interaction, registered handler/readback or explicitly blocked existing owner; rendering is not action proof"
"C2-CONTROL-437","client/src/pages/dashboard/Pipeline.tsx","3817","Input","""input-edit-stage-name""","[{""event"":""onChange"",""binding"":""{(e) => setEditStageName(e.target.value)}""}]","C2 consumer; retained shared A/B command authority","NOT_EXECUTED: source control row requires action/state/role/keyboard receipt; mounted or static inventory is not a pass","Real authorized UI interaction, registered handler/readback or explicitly blocked existing owner; rendering is not action proof"
"C2-CONTROL-438","client/src/pages/dashboard/Pipeline.tsx","3825","button","{`color-edit-${c.replace(""#"", """")}`}","[{""event"":""onClick"",""binding"":""{() => setEditStageColor(c)}""}]","C2 consumer; retained shared A/B command authority","NOT_EXECUTED: source control row requires action/state/role/keyboard receipt; mounted or static inventory is not a pass","Real authorized UI interaction, registered handler/readback or explicitly blocked existing owner; rendering is not action proof"
"C2-CONTROL-439","client/src/pages/dashboard/Pipeline.tsx","3835","Button","""button-save-stage-edit""","[{""event"":""onClick"",""binding"":""{handleSaveEditStage}""}]","C2 consumer; retained shared A/B command authority","NOT_EXECUTED: source control row requires action/state/role/keyboard receipt; mounted or static inventory is not a pass","Real authorized UI interaction, registered handler/readback or explicitly blocked existing owner; rendering is not action proof"
"C2-CONTROL-440","client/src/pages/dashboard/Pipeline.tsx","3838","Button","""button-cancel-stage-edit""","[{""event"":""onClick"",""binding"":""{() => setEditingStage(null)}""}]","C2 consumer; retained shared A/B command authority","NOT_EXECUTED: source control row requires action/state/role/keyboard receipt; mounted or static inventory is not a pass","Real authorized UI interaction, registered handler/readback or explicitly blocked existing owner; rendering is not action proof"
"C2-CONTROL-441","client/src/pages/dashboard/Pipeline.tsx","3853","Button","{`button-move-up-${stage.id}`}","[{""event"":""onClick"",""binding"":""{() => handleMoveStage(stage, \""up\"")}""}]","C2 consumer; retained shared A/B command authority","NOT_EXECUTED: source control row requires action/state/role/keyboard receipt; mounted or static inventory is not a pass","Real authorized UI interaction, registered handler/readback or explicitly blocked existing owner; rendering is not action proof"
"C2-CONTROL-442","client/src/pages/dashboard/Pipeline.tsx","3863","Button","{`button-move-down-${stage.id}`}","[{""event"":""onClick"",""binding"":""{() => handleMoveStage(stage, \""down\"")}""}]","C2 consumer; retained shared A/B command authority","NOT_EXECUTED: source control row requires action/state/role/keyboard receipt; mounted or static inventory is not a pass","Real authorized UI interaction, registered handler/readback or explicitly blocked existing owner; rendering is not action proof"
"C2-CONTROL-443","client/src/pages/dashboard/Pipeline.tsx","3873","Button","{`button-edit-stage-${stage.id}`}","[{""event"":""onClick"",""binding"":""{() => {\n                                setEditingStage(stage);\n                                setEditStageName(stage.stageName);\n                                setEditStageColor(stage.color || \""#6366f1\"");\n                              }}""}]","C2 consumer; retained shared A/B command authority","NOT_EXECUTED: source control row requires action/state/role/keyboard receipt; mounted or static inventory is not a pass","Real authorized UI interaction, registered handler/readback or explicitly blocked existing owner; rendering is not action proof"
"C2-CONTROL-444","client/src/pages/dashboard/Pipeline.tsx","3886","Button","{`button-delete-stage-${stage.id}`}","[{""event"":""onClick"",""binding"":""{() => setDeleteConfirmStage(stage)}""}]","C2 consumer; retained shared A/B command authority","NOT_EXECUTED: source control row requires action/state/role/keyboard receipt; mounted or static inventory is not a pass","Real authorized UI interaction, registered handler/readback or explicitly blocked existing owner; rendering is not action proof"
"C2-CONTROL-445","client/src/pages/dashboard/Pipeline.tsx","3907","Input","""input-add-stage-name""","[{""event"":""onChange"",""binding"":""{(e) => setAddStageName(e.target.value)}""},{""event"":""onKeyDown"",""binding"":""{(e) => { if (e.key === \""Enter\"") handleAddStage(); }}""}]","C2 consumer; retained shared A/B command authority","NOT_EXECUTED: source control row requires action/state/role/keyboard receipt; mounted or static inventory is not a pass","Real authorized UI interaction, registered handler/readback or explicitly blocked existing owner; rendering is not action proof"
"C2-CONTROL-446","client/src/pages/dashboard/Pipeline.tsx","3915","Button","""button-add-stage""","[{""event"":""onClick"",""binding"":""{handleAddStage}""}]","C2 consumer; retained shared A/B command authority","NOT_EXECUTED: source control row requires action/state/role/keyboard receipt; mounted or static inventory is not a pass","Real authorized UI interaction, registered handler/readback or explicitly blocked existing owner; rendering is not action proof"
"C2-CONTROL-447","client/src/pages/dashboard/Pipeline.tsx","3927","button","{`color-add-${c.replace(""#"", """")}`}","[{""event"":""onClick"",""binding"":""{() => setAddStageColor(c)}""}]","C2 consumer; retained shared A/B command authority","NOT_EXECUTED: source control row requires action/state/role/keyboard receipt; mounted or static inventory is not a pass","Real authorized UI interaction, registered handler/readback or explicitly blocked existing owner; rendering is not action proof"
"C2-CONTROL-448","client/src/pages/dashboard/Pipeline.tsx","3941","AlertDialog","","[{""event"":""onOpenChange"",""binding"":""{(open) => { if (!open) setDeleteConfirmStage(null); }}""}]","C2 consumer; retained shared A/B command authority","NOT_EXECUTED: source control row requires action/state/role/keyboard receipt; mounted or static inventory is not a pass","Real authorized UI interaction, registered handler/readback or explicitly blocked existing owner; rendering is not action proof"
"C2-CONTROL-449","client/src/pages/dashboard/Pipeline.tsx","3954","AlertDialogAction","""button-confirm-delete-stage""","[{""event"":""onClick"",""binding"":""{() => { if (deleteConfirmStage) deleteStageMutation.mutate(deleteConfirmStage.id); }}""}]","C2 consumer; retained shared A/B command authority","NOT_EXECUTED: source control row requires action/state/role/keyboard receipt; mounted or static inventory is not a pass","Real authorized UI interaction, registered handler/readback or explicitly blocked existing owner; rendering is not action proof"
"C2-CONTROL-450","client/src/components/crm/AuthorizedContactPicker.tsx","35","Button","{`${testId}-clear`}","[{""event"":""onClick"",""binding"":""{()=>onSelect(null)}""}]","C2 consumer; retained shared A/B command authority","NOT_EXECUTED: source control row requires action/state/role/keyboard receipt; mounted or static inventory is not a pass","Real authorized UI interaction, registered handler/readback or explicitly blocked existing owner; rendering is not action proof"
"C2-CONTROL-451","client/src/components/crm/AuthorizedContactPicker.tsx","37","Input","{`${testId}-search`}","[{""event"":""onChange"",""binding"":""{event=>{setSearch(event.target.value);setOffset(0);}}""}]","C2 consumer; retained shared A/B command authority","NOT_EXECUTED: source control row requires action/state/role/keyboard receipt; mounted or static inventory is not a pass","Real authorized UI interaction, registered handler/readback or explicitly blocked existing owner; rendering is not action proof"
"C2-CONTROL-452","client/src/components/crm/AuthorizedContactPicker.tsx","44","Button","{`${testId}-option-${contact.id}`}","[{""event"":""onClick"",""binding"":""{()=>onSelect({id:contact.id,name})}""}]","C2 consumer; retained shared A/B command authority","NOT_EXECUTED: source control row requires action/state/role/keyboard receipt; mounted or static inventory is not a pass","Real authorized UI interaction, registered handler/readback or explicitly blocked existing owner; rendering is not action proof"
"C2-CONTROL-453","client/src/components/crm/AuthorizedContactPicker.tsx","51","Button","","[{""event"":""onClick"",""binding"":""{()=>setOffset(Math.max(0,offset-25))}""}]","C2 consumer; retained shared A/B command authority","NOT_EXECUTED: source control row requires action/state/role/keyboard receipt; mounted or static inventory is not a pass","Real authorized UI interaction, registered handler/readback or explicitly blocked existing owner; rendering is not action proof"
"C2-CONTROL-454","client/src/components/crm/AuthorizedContactPicker.tsx","52","Button","","[{""event"":""onClick"",""binding"":""{()=>setOffset(offset+25)}""}]","C2 consumer; retained shared A/B command authority","NOT_EXECUTED: source control row requires action/state/role/keyboard receipt; mounted or static inventory is not a pass","Real authorized UI interaction, registered handler/readback or explicitly blocked existing owner; rendering is not action proof"
"C2-CONTROL-455","client/src/components/TerminalEconomicsCard.tsx","174","Button","""button-approve-terminal""","[{""event"":""onClick"",""binding"":""{() => approveMutation.mutate(order.id)}""}]","C4 existing interior; C2 outer guard/context","NOT_EXECUTED: source control row requires action/state/role/keyboard receipt; mounted or static inventory is not a pass","Real authorized UI interaction, registered handler/readback or explicitly blocked existing owner; rendering is not action proof"
"C2-CONTROL-456","client/src/pages/dashboard/Overview.tsx","97","Button","","[{""event"":""onClick"",""binding"":""{() => refreshBriefing.mutate()}""}]","C2 consumer; retained shared A/B command authority","NOT_EXECUTED: source control row requires action/state/role/keyboard receipt; mounted or static inventory is not a pass","Real authorized UI interaction, registered handler/readback or explicitly blocked existing owner; rendering is not action proof"
"C2-CONTROL-457","client/src/pages/dashboard/Overview.tsx","107","button","","[{""event"":""onClick"",""binding"":""{() => {\n              localStorage.setItem(localKey, \""1\"");\n              setDismissed(true);\n            }}""}]","C2 consumer; retained shared A/B command authority","NOT_EXECUTED: source control row requires action/state/role/keyboard receipt; mounted or static inventory is not a pass","Real authorized UI interaction, registered handler/readback or explicitly blocked existing owner; rendering is not action proof"
"C2-CONTROL-458","client/src/pages/dashboard/Overview.tsx","385","Button","","[{""event"":""onClick"",""binding"":""{() => void queryClient.invalidateQueries({ queryKey: [\""/api/kpi/summary\""] })}""}]","C2 consumer; retained shared A/B command authority","NOT_EXECUTED: source control row requires action/state/role/keyboard receipt; mounted or static inventory is not a pass","Real authorized UI interaction, registered handler/readback or explicitly blocked existing owner; rendering is not action proof"
"C2-CONTROL-459","client/src/pages/dashboard/Overview.tsx","488","Button","""button-send-digest""","[{""event"":""onClick"",""binding"":""{handleSendDigest}""}]","C2 consumer; retained shared A/B command authority","NOT_EXECUTED: source control row requires action/state/role/keyboard receipt; mounted or static inventory is not a pass","Real authorized UI interaction, registered handler/readback or explicitly blocked existing owner; rendering is not action proof"
"C2-CONTROL-460","client/src/pages/dashboard/Overview.tsx","499","Button","""button-get-insights""","[{""event"":""onClick"",""binding"":""{() => insightsMutation.mutate()}""}]","C2 consumer; retained shared A/B command authority","NOT_EXECUTED: source control row requires action/state/role/keyboard receipt; mounted or static inventory is not a pass","Real authorized UI interaction, registered handler/readback or explicitly blocked existing owner; rendering is not action proof"
"C2-CONTROL-461","client/src/pages/dashboard/Overview.tsx","510","Button","""button-get-insights""","[{""event"":""onClick"",""binding"":""{() => insightsMutation.mutate()}""}]","C2 consumer; retained shared A/B command authority","NOT_EXECUTED: source control row requires action/state/role/keyboard receipt; mounted or static inventory is not a pass","Real authorized UI interaction, registered handler/readback or explicitly blocked existing owner; rendering is not action proof"
"C2-CONTROL-462","client/src/pages/dashboard/Overview.tsx","563","summary","","[]","C2 consumer; retained shared A/B command authority","NOT_EXECUTED: source control row requires action/state/role/keyboard receipt; mounted or static inventory is not a pass","Real authorized UI interaction, registered handler/readback or explicitly blocked existing owner; rendering is not action proof"
"C2-CONTROL-463","client/src/pages/dashboard/Notifications.tsx","382","Button","""button-mark-all-read""","[{""event"":""onClick"",""binding"":""{() => markAllReadMutation.mutate()}""}]","C2 consumer; retained shared A/B command authority","NOT_EXECUTED: source control row requires action/state/role/keyboard receipt; mounted or static inventory is not a pass","Real authorized UI interaction, registered handler/readback or explicitly blocked existing owner; rendering is not action proof"
"C2-CONTROL-464","client/src/pages/dashboard/Notifications.tsx","393","Button","""button-clear-old-read""","[{""event"":""onClick"",""binding"":""{() => clearOldReadMutation.mutate()}""}]","C2 consumer; retained shared A/B command authority","NOT_EXECUTED: source control row requires action/state/role/keyboard receipt; mounted or static inventory is not a pass","Real authorized UI interaction, registered handler/readback or explicitly blocked existing owner; rendering is not action proof"
"C2-CONTROL-465","client/src/pages/dashboard/Notifications.tsx","403","Dialog","","[{""event"":""onOpenChange"",""binding"":""{setPrefsOpen}""}]","C2 consumer; retained shared A/B command authority","NOT_EXECUTED: source control row requires action/state/role/keyboard receipt; mounted or static inventory is not a pass","Real authorized UI interaction, registered handler/readback or explicitly blocked existing owner; rendering is not action proof"
"C2-CONTROL-466","client/src/pages/dashboard/Notifications.tsx","405","Button","""button-notification-settings""","[]","C2 consumer; retained shared A/B command authority","NOT_EXECUTED: source control row requires action/state/role/keyboard receipt; mounted or static inventory is not a pass","Real authorized UI interaction, registered handler/readback or explicitly blocked existing owner; rendering is not action proof"
"C2-CONTROL-467","client/src/pages/dashboard/Notifications.tsx","420","TabsTrigger","""tab-events""","[]","C2 consumer; retained shared A/B command authority","NOT_EXECUTED: source control row requires action/state/role/keyboard receipt; mounted or static inventory is not a pass","Real authorized UI interaction, registered handler/readback or explicitly blocked existing owner; rendering is not action proof"
"C2-CONTROL-468","client/src/pages/dashboard/Notifications.tsx","424","TabsTrigger","""tab-digests""","[]","C2 consumer; retained shared A/B command authority","NOT_EXECUTED: source control row requires action/state/role/keyboard receipt; mounted or static inventory is not a pass","Real authorized UI interaction, registered handler/readback or explicitly blocked existing owner; rendering is not action proof"
"C2-CONTROL-469","client/src/pages/dashboard/Notifications.tsx","459","Switch","{`switch-pref-${eventType}`}","[{""event"":""onCheckedChange"",""binding"":""{(checked) =>\n                              updatePrefMutation.mutate({ eventType, enabled: checked })\n                            }""}]","C2 consumer; retained shared A/B command authority","NOT_EXECUTED: source control row requires action/state/role/keyboard receipt; mounted or static inventory is not a pass","Real authorized UI interaction, registered handler/readback or explicitly blocked existing owner; rendering is not action proof"
"C2-CONTROL-470","client/src/pages/dashboard/Notifications.tsx","467","Switch","{`switch-email-${eventType}`}","[{""event"":""onCheckedChange"",""binding"":""{(checked) =>\n                              updatePrefMutation.mutate({ eventType, emailEnabled: checked })\n                            }""}]","C2 consumer; retained shared A/B command authority","NOT_EXECUTED: source control row requires action/state/role/keyboard receipt; mounted or static inventory is not a pass","Real authorized UI interaction, registered handler/readback or explicitly blocked existing owner; rendering is not action proof"
"C2-CONTROL-471","client/src/pages/dashboard/Notifications.tsx","557","Switch","{`switch-digest-${eventType}`}","[{""event"":""onCheckedChange"",""binding"":""{(checked) =>\n                                updatePrefMutation.mutate(\n                                  isDaily\n                                    ? { eventType, digestDaily: checked }\n                                    : { eventType, digestWeekly: checked }\n                                )\n                              }""}]","C2 consumer; retained shared A/B command authority","NOT_EXECUTED: source control row requires action/state/role/keyboard receipt; mounted or static inventory is not a pass","Real authorized UI interaction, registered handler/readback or explicitly blocked existing owner; rendering is not action proof"
"C2-CONTROL-472","client/src/pages/dashboard/Notifications.tsx","583","Tabs","""tabs-category-filter""","[{""event"":""onValueChange"",""binding"":""{handleCategoryChange}""}]","C2 consumer; retained shared A/B command authority","NOT_EXECUTED: source control row requires action/state/role/keyboard receipt; mounted or static inventory is not a pass","Real authorized UI interaction, registered handler/readback or explicitly blocked existing owner; rendering is not action proof"
"C2-CONTROL-473","client/src/pages/dashboard/Notifications.tsx","586","TabsTrigger","{`tab-category-${tab.value}`}","[]","C2 consumer; retained shared A/B command authority","NOT_EXECUTED: source control row requires action/state/role/keyboard receipt; mounted or static inventory is not a pass","Real authorized UI interaction, registered handler/readback or explicitly blocked existing owner; rendering is not action proof"
"C2-CONTROL-474","client/src/pages/dashboard/Notifications.tsx","608","Card","{`card-notification-${notification.id}`}","[{""event"":""onClick"",""binding"":""{() => handleNotificationClick(notification)}""}]","C2 consumer; retained shared A/B command authority","NOT_EXECUTED: source control row requires action/state/role/keyboard receipt; mounted or static inventory is not a pass","Real authorized UI interaction, registered handler/readback or explicitly blocked existing owner; rendering is not action proof"
"C2-CONTROL-475","client/src/pages/dashboard/Notifications.tsx","648","Button","{`button-dismiss-${notification.id}`}","[{""event"":""onClick"",""binding"":""{(e) => {\n                          e.stopPropagation();\n                          dismissMutation.mutate(notification.id);\n                        }}""}]","C2 consumer; retained shared A/B command authority","NOT_EXECUTED: source control row requires action/state/role/keyboard receipt; mounted or static inventory is not a pass","Real authorized UI interaction, registered handler/readback or explicitly blocked existing owner; rendering is not action proof"
"C2-CONTROL-476","client/src/pages/dashboard/Notifications.tsx","674","Button","""button-load-more""","[{""event"":""onClick"",""binding"":""{handleLoadMore}""}]","C2 consumer; retained shared A/B command authority","NOT_EXECUTED: source control row requires action/state/role/keyboard receipt; mounted or static inventory is not a pass","Real authorized UI interaction, registered handler/readback or explicitly blocked existing owner; rendering is not action proof"
"C2-CONTROL-477","client/src/pages/dashboard/NbaPriorityPage.tsx","151","Button","","[{""event"":""onClick"",""binding"":""{() => void refetch()}""}]","C2 consumer; retained shared A/B command authority","NOT_EXECUTED: source control row requires action/state/role/keyboard receipt; mounted or static inventory is not a pass","Real authorized UI interaction, registered handler/readback or explicitly blocked existing owner; rendering is not action proof"
"C2-CONTROL-478","client/src/pages/dashboard/NbaPriorityPage.tsx","164","Select","","[{""event"":""onValueChange"",""binding"":""{setFilter}""}]","C2 consumer; retained shared A/B command authority","NOT_EXECUTED: source control row requires action/state/role/keyboard receipt; mounted or static inventory is not a pass","Real authorized UI interaction, registered handler/readback or explicitly blocked existing owner; rendering is not action proof"
"C2-CONTROL-479","client/src/pages/dashboard/NbaPriorityPage.tsx","165","SelectTrigger","","[]","C2 consumer; retained shared A/B command authority","NOT_EXECUTED: source control row requires action/state/role/keyboard receipt; mounted or static inventory is not a pass","Real authorized UI interaction, registered handler/readback or explicitly blocked existing owner; rendering is not action proof"
"C2-CONTROL-480","client/src/pages/dashboard/NbaPriorityPage.tsx","192","Button","","[{""event"":""onClick"",""binding"":""{() => void refetch()}""}]","C2 consumer; retained shared A/B command authority","NOT_EXECUTED: source control row requires action/state/role/keyboard receipt; mounted or static inventory is not a pass","Real authorized UI interaction, registered handler/readback or explicitly blocked existing owner; rendering is not action proof"
"C2-CONTROL-481","client/src/pages/dashboard/NbaPriorityPage.tsx","266","Button","","[{""event"":""onClick"",""binding"":""{() => executeMutation.mutate(row.contact_id)}""}]","C2 consumer; retained shared A/B command authority","NOT_EXECUTED: source control row requires action/state/role/keyboard receipt; mounted or static inventory is not a pass","Real authorized UI interaction, registered handler/readback or explicitly blocked existing owner; rendering is not action proof"
"C2-CONTROL-482","client/src/pages/dashboard/NbaPriorityPage.tsx","274","Button","","[{""event"":""onClick"",""binding"":""{() => dismissMutation.mutate(row.contact_id)}""}]","C2 consumer; retained shared A/B command authority","NOT_EXECUTED: source control row requires action/state/role/keyboard receipt; mounted or static inventory is not a pass","Real authorized UI interaction, registered handler/readback or explicitly blocked existing owner; rendering is not action proof"
"C2-CONTROL-483","client/src/pages/dashboard/ContactsAndLeads.tsx","56","Tabs","","[{""event"":""onValueChange"",""binding"":""{handleTabChange}""}]","C2 consumer; retained shared A/B command authority","NOT_EXECUTED: source control row requires action/state/role/keyboard receipt; mounted or static inventory is not a pass","Real authorized UI interaction, registered handler/readback or explicitly blocked existing owner; rendering is not action proof"
"C2-CONTROL-484","client/src/pages/dashboard/ContactsAndLeads.tsx","58","TabsTrigger","""tab-contacts-people""","[]","C2 consumer; retained shared A/B command authority","NOT_EXECUTED: source control row requires action/state/role/keyboard receipt; mounted or static inventory is not a pass","Real authorized UI interaction, registered handler/readback or explicitly blocked existing owner; rendering is not action proof"
"C2-CONTROL-485","client/src/pages/dashboard/ContactsAndLeads.tsx","62","TabsTrigger","""tab-contacts-leads""","[]","C2 consumer; retained shared A/B command authority","NOT_EXECUTED: source control row requires action/state/role/keyboard receipt; mounted or static inventory is not a pass","Real authorized UI interaction, registered handler/readback or explicitly blocked existing owner; rendering is not action proof"
"C2-CONTROL-486","client/src/pages/dashboard/Leads.tsx","63","button","","[{""event"":""onClick"",""binding"":""{() => setOffset(Math.max(0, offset - limit))}""}]","C2 consumer; retained shared A/B command authority","NOT_EXECUTED: source control row requires action/state/role/keyboard receipt; mounted or static inventory is not a pass","Real authorized UI interaction, registered handler/readback or explicitly blocked existing owner; rendering is not action proof"
"C2-CONTROL-487","client/src/pages/dashboard/Leads.tsx","64","button","","[{""event"":""onClick"",""binding"":""{() => setOffset(offset + limit)}""}]","C2 consumer; retained shared A/B command authority","NOT_EXECUTED: source control row requires action/state/role/keyboard receipt; mounted or static inventory is not a pass","Real authorized UI interaction, registered handler/readback or explicitly blocked existing owner; rendering is not action proof"
"C2-CONTROL-488","client/src/pages/dashboard/Leads.tsx","85","a","","[]","C2 consumer; retained shared A/B command authority","NOT_EXECUTED: source control row requires action/state/role/keyboard receipt; mounted or static inventory is not a pass","Real authorized UI interaction, registered handler/readback or explicitly blocked existing owner; rendering is not action proof"
"C2-CONTROL-489","client/src/pages/dashboard/Leads.tsx","86","a","","[]","C2 consumer; retained shared A/B command authority","NOT_EXECUTED: source control row requires action/state/role/keyboard receipt; mounted or static inventory is not a pass","Real authorized UI interaction, registered handler/readback or explicitly blocked existing owner; rendering is not action proof"
"C2-CONTROL-490","client/src/pages/dashboard/Contacts.tsx","284","Dialog","","[{""event"":""onOpenChange"",""binding"":""{(v) => { onOpenChange(v); if (!v) { setSelectedGroup(null); setPrimaryId(\""\""); setPreviewEvidence(null); } }}""}]","C2 consumer; retained shared A/B command authority","NOT_EXECUTED: source control row requires action/state/role/keyboard receipt; mounted or static inventory is not a pass","Real authorized UI interaction, registered handler/readback or explicitly blocked existing owner; rendering is not action proof"
"C2-CONTROL-491","client/src/pages/dashboard/Contacts.tsx","296","Input","","[{""event"":""onChange"",""binding"":""{(event) => setSourceContactId(event.target.value)}""}]","C2 consumer; retained shared A/B command authority","NOT_EXECUTED: source control row requires action/state/role/keyboard receipt; mounted or static inventory is not a pass","Real authorized UI interaction, registered handler/readback or explicitly blocked existing owner; rendering is not action proof"
"C2-CONTROL-492","client/src/pages/dashboard/Contacts.tsx","297","Button","","[{""event"":""onClick"",""binding"":""{loadCandidates}""}]","C2 consumer; retained shared A/B command authority","NOT_EXECUTED: source control row requires action/state/role/keyboard receipt; mounted or static inventory is not a pass","Real authorized UI interaction, registered handler/readback or explicitly blocked existing owner; rendering is not action proof"
"C2-CONTROL-493","client/src/pages/dashboard/Contacts.tsx","302","Button","""button-back-to-list""","[{""event"":""onClick"",""binding"":""{() => { setSelectedGroup(null); setPrimaryId(\""\""); }}""}]","C2 consumer; retained shared A/B command authority","NOT_EXECUTED: source control row requires action/state/role/keyboard receipt; mounted or static inventory is not a pass","Real authorized UI interaction, registered handler/readback or explicitly blocked existing owner; rendering is not action proof"
"C2-CONTROL-494","client/src/pages/dashboard/Contacts.tsx","310","Card","{`merge-candidate-${c.id}`}","[{""event"":""onClick"",""binding"":""{() => setPrimaryId(String(c.id))}""}]","C2 consumer; retained shared A/B command authority","NOT_EXECUTED: source control row requires action/state/role/keyboard receipt; mounted or static inventory is not a pass","Real authorized UI interaction, registered handler/readback or explicitly blocked existing owner; rendering is not action proof"
"C2-CONTROL-495","client/src/pages/dashboard/Contacts.tsx","318","input","{`radio-contact-${c.id}`}","[{""event"":""onChange"",""binding"":""{() => setPrimaryId(String(c.id))}""}]","C2 consumer; retained shared A/B command authority","NOT_EXECUTED: source control row requires action/state/role/keyboard receipt; mounted or static inventory is not a pass","Real authorized UI interaction, registered handler/readback or explicitly blocked existing owner; rendering is not action proof"
"C2-CONTROL-496","client/src/pages/dashboard/Contacts.tsx","362","Button","""button-merge-cancel""","[{""event"":""onClick"",""binding"":""{() => { setSelectedGroup(null); setPrimaryId(\""\""); }}""}]","C2 consumer; retained shared A/B command authority","NOT_EXECUTED: source control row requires action/state/role/keyboard receipt; mounted or static inventory is not a pass","Real authorized UI interaction, registered handler/readback or explicitly blocked existing owner; rendering is not action proof"
"C2-CONTROL-497","client/src/pages/dashboard/Contacts.tsx","365","Button","""button-confirm-merge""","[{""event"":""onClick"",""binding"":""{handleMerge}""}]","C2 consumer; retained shared A/B command authority","NOT_EXECUTED: source control row requires action/state/role/keyboard receipt; mounted or static inventory is not a pass","Real authorized UI interaction, registered handler/readback or explicitly blocked existing owner; rendering is not action proof"
"C2-CONTROL-498","client/src/pages/dashboard/Contacts.tsx","378","Button","","[{""event"":""onClick"",""binding"":""{() => advanceOperation(\""approve\"")}""}]","C2 consumer; retained shared A/B command authority","NOT_EXECUTED: source control row requires action/state/role/keyboard receipt; mounted or static inventory is not a pass","Real authorized UI interaction, registered handler/readback or explicitly blocked existing owner; rendering is not action proof"
"C2-CONTROL-499","client/src/pages/dashboard/Contacts.tsx","379","Button","","[{""event"":""onClick"",""binding"":""{() => advanceOperation(\""execute\"")}""}]","C2 consumer; retained shared A/B command authority","NOT_EXECUTED: source control row requires action/state/role/keyboard receipt; mounted or static inventory is not a pass","Real authorized UI interaction, registered handler/readback or explicitly blocked existing owner; rendering is not action proof"
"C2-CONTROL-500","client/src/pages/dashboard/Contacts.tsx","380","Button","","[{""event"":""onClick"",""binding"":""{() => advanceOperation(\""undo\"")}""}]","C2 consumer; retained shared A/B command authority","NOT_EXECUTED: source control row requires action/state/role/keyboard receipt; mounted or static inventory is not a pass","Real authorized UI interaction, registered handler/readback or explicitly blocked existing owner; rendering is not action proof"
"C2-CONTROL-501","client/src/pages/dashboard/Contacts.tsx","966","Button","""button-add-contact""","[{""event"":""onClick"",""binding"":""{()=>setIsDialogOpen(true)}""}]","C2 consumer; retained shared A/B command authority","NOT_EXECUTED: source control row requires action/state/role/keyboard receipt; mounted or static inventory is not a pass","Real authorized UI interaction, registered handler/readback or explicitly blocked existing owner; rendering is not action proof"
"C2-CONTROL-502","client/src/pages/dashboard/Contacts.tsx","973","button","""stat-email-health-all""","[{""event"":""onClick"",""binding"":""{() => setEmailHealthFilter(\""\"")}""}]","C2 consumer; retained shared A/B command authority","NOT_EXECUTED: source control row requires action/state/role/keyboard receipt; mounted or static inventory is not a pass","Real authorized UI interaction, registered handler/readback or explicitly blocked existing owner; rendering is not action proof"
"C2-CONTROL-503","client/src/pages/dashboard/Contacts.tsx","995","button","{`stat-email-health-${stat.key}`}","[{""event"":""onClick"",""binding"":""{() => setEmailHealthFilter(isActive ? \""\"" : stat.key)}""}]","C2 consumer; retained shared A/B command authority","NOT_EXECUTED: source control row requires action/state/role/keyboard receipt; mounted or static inventory is not a pass","Real authorized UI interaction, registered handler/readback or explicitly blocked existing owner; rendering is not action proof"
"C2-CONTROL-504","client/src/pages/dashboard/Contacts.tsx","1030","Input","""input-search-contacts""","[{""event"":""onChange"",""binding"":""{(e) => setSearchTerm(e.target.value)}""}]","C2 consumer; retained shared A/B command authority","NOT_EXECUTED: source control row requires action/state/role/keyboard receipt; mounted or static inventory is not a pass","Real authorized UI interaction, registered handler/readback or explicitly blocked existing owner; rendering is not action proof"
"C2-CONTROL-505","client/src/pages/dashboard/Contacts.tsx","1054","Select","","[{""event"":""onValueChange"",""binding"":""{v => setActivitySort(v === \""__default__\"" ? \""\"" : v)}""}]","C2 consumer; retained shared A/B command authority","NOT_EXECUTED: source control row requires action/state/role/keyboard receipt; mounted or static inventory is not a pass","Real authorized UI interaction, registered handler/readback or explicitly blocked existing owner; rendering is not action proof"
"C2-CONTROL-506","client/src/pages/dashboard/Contacts.tsx","1055","SelectTrigger","""select-contact-sort""","[]","C2 consumer; retained shared A/B command authority","NOT_EXECUTED: source control row requires action/state/role/keyboard receipt; mounted or static inventory is not a pass","Real authorized UI interaction, registered handler/readback or explicitly blocked existing owner; rendering is not action proof"
"C2-CONTROL-507","client/src/pages/dashboard/Contacts.tsx","1073","button","{`chip-email-health-${opt.value || ""all""}`}","[{""event"":""onClick"",""binding"":""{() => setEmailHealthFilter(opt.value)}""}]","C2 consumer; retained shared A/B command authority","NOT_EXECUTED: source control row requires action/state/role/keyboard receipt; mounted or static inventory is not a pass","Real authorized UI interaction, registered handler/readback or explicitly blocked existing owner; rendering is not action proof"
"C2-CONTROL-508","client/src/pages/dashboard/Contacts.tsx","1102","button","""chip-assigned-to-me""","[{""event"":""onClick"",""binding"":""{() => setAssignedToMe(!assignedToMe)}""}]","C2 consumer; retained shared A/B command authority","NOT_EXECUTED: source control row requires action/state/role/keyboard receipt; mounted or static inventory is not a pass","Real authorized UI interaction, registered handler/readback or explicitly blocked existing owner; rendering is not action proof"
"C2-CONTROL-509","client/src/pages/dashboard/Contacts.tsx","1118","button","""chip-never-contacted""","[{""event"":""onClick"",""binding"":""{() => setNeverContactedOnly(!neverContactedOnly)}""}]","C2 consumer; retained shared A/B command authority","NOT_EXECUTED: source control row requires action/state/role/keyboard receipt; mounted or static inventory is not a pass","Real authorized UI interaction, registered handler/readback or explicitly blocked existing owner; rendering is not action proof"
"C2-CONTROL-510","client/src/pages/dashboard/Contacts.tsx","1131","button","""chip-contacted-today""","[{""event"":""onClick"",""binding"":""{() => setContactedTodayOnly(!contactedTodayOnly)}""}]","C2 consumer; retained shared A/B command authority","NOT_EXECUTED: source control row requires action/state/role/keyboard receipt; mounted or static inventory is not a pass","Real authorized UI interaction, registered handler/readback or explicitly blocked existing owner; rendering is not action proof"
"C2-CONTROL-511","client/src/pages/dashboard/Contacts.tsx","1144","button","""chip-created-this-week""","[{""event"":""onClick"",""binding"":""{() => setCreatedThisWeekOnly(!createdThisWeekOnly)}""}]","C2 consumer; retained shared A/B command authority","NOT_EXECUTED: source control row requires action/state/role/keyboard receipt; mounted or static inventory is not a pass","Real authorized UI interaction, registered handler/readback or explicitly blocked existing owner; rendering is not action proof"
"C2-CONTROL-512","client/src/pages/dashboard/Contacts.tsx","1157","button","""chip-stale-contacts""","[{""event"":""onClick"",""binding"":""{() => setStaleContactsOnly(!staleContactsOnly)}""}]","C2 consumer; retained shared A/B command authority","NOT_EXECUTED: source control row requires action/state/role/keyboard receipt; mounted or static inventory is not a pass","Real authorized UI interaction, registered handler/readback or explicitly blocked existing owner; rendering is not action proof"
"C2-CONTROL-513","client/src/pages/dashboard/Contacts.tsx","1170","button","""chip-recently-updated""","[{""event"":""onClick"",""binding"":""{() => setRecentlyUpdated(!recentlyUpdated)}""}]","C2 consumer; retained shared A/B command authority","NOT_EXECUTED: source control row requires action/state/role/keyboard receipt; mounted or static inventory is not a pass","Real authorized UI interaction, registered handler/readback or explicitly blocked existing owner; rendering is not action proof"
"C2-CONTROL-514","client/src/pages/dashboard/Contacts.tsx","1183","button","""chip-not-contacted-30d""","[{""event"":""onClick"",""binding"":""{() => setNotContactedIn30Only(!notContactedIn30Only)}""}]","C2 consumer; retained shared A/B command authority","NOT_EXECUTED: source control row requires action/state/role/keyboard receipt; mounted or static inventory is not a pass","Real authorized UI interaction, registered handler/readback or explicitly blocked existing owner; rendering is not action proof"
"C2-CONTROL-515","client/src/pages/dashboard/Contacts.tsx","1196","button","""chip-blocked-contacts""","[{""event"":""onClick"",""binding"":""{() => setBlockedOnly(!blockedOnly)}""}]","C2 consumer; retained shared A/B command authority","NOT_EXECUTED: source control row requires action/state/role/keyboard receipt; mounted or static inventory is not a pass","Real authorized UI interaction, registered handler/readback or explicitly blocked existing owner; rendering is not action proof"
"C2-CONTROL-516","client/src/pages/dashboard/Contacts.tsx","1209","button","""chip-churn-risk""","[{""event"":""onClick"",""binding"":""{() => setChurnRiskOnly(!churnRiskOnly)}""}]","C2 consumer; retained shared A/B command authority","NOT_EXECUTED: source control row requires action/state/role/keyboard receipt; mounted or static inventory is not a pass","Real authorized UI interaction, registered handler/readback or explicitly blocked existing owner; rendering is not action proof"
"C2-CONTROL-517","client/src/pages/dashboard/Contacts.tsx","1222","button","""chip-no-outreach-24h""","[{""event"":""onClick"",""binding"":""{() => setNoOutreach24hOnly(!noOutreach24hOnly)}""}]","C2 consumer; retained shared A/B command authority","NOT_EXECUTED: source control row requires action/state/role/keyboard receipt; mounted or static inventory is not a pass","Real authorized UI interaction, registered handler/readback or explicitly blocked existing owner; rendering is not action proof"
"C2-CONTROL-518","client/src/pages/dashboard/Contacts.tsx","1243","button","{`chip-record-class-${cls}`}","[{""event"":""onClick"",""binding"":""{() => {\n                      // Clear frozen snapshot when filter changes\n                      if (snapshotId) { setSnapshotId(null); setSelectedIds(new Set()); }\n                      updatePeopleParam(\""recordClass\"", cls === \""production\"" ? \""\"" : cls);\n                    }}""}]","C2 consumer; retained shared A/B command authority","NOT_EXECUTED: source control row requires action/state/role/keyboard receipt; mounted or static inventory is not a pass","Real authorized UI interaction, registered handler/readback or explicitly blocked existing owner; rendering is not action proof"
"C2-CONTROL-519","client/src/pages/dashboard/Contacts.tsx","1274","button","""chip-no-deal""","[{""event"":""onClick"",""binding"":""{() => setNoDealOnly(!noDealOnly)}""}]","C2 consumer; retained shared A/B command authority","NOT_EXECUTED: source control row requires action/state/role/keyboard receipt; mounted or static inventory is not a pass","Real authorized UI interaction, registered handler/readback or explicitly blocked existing owner; rendering is not action proof"
"C2-CONTROL-520","client/src/pages/dashboard/Contacts.tsx","1286","button","""chip-has-assignee""","[{""event"":""onClick"",""binding"":""{() => setHasAssigneeOnly(!hasAssigneeOnly)}""}]","C2 consumer; retained shared A/B command authority","NOT_EXECUTED: source control row requires action/state/role/keyboard receipt; mounted or static inventory is not a pass","Real authorized UI interaction, registered handler/readback or explicitly blocked existing owner; rendering is not action proof"
"C2-CONTROL-521","client/src/pages/dashboard/Contacts.tsx","1299","Switch","""switch-show-archived-contacts""","[{""event"":""onCheckedChange"",""binding"":""{setShowArchived}""}]","C2 consumer; retained shared A/B command authority","NOT_EXECUTED: source control row requires action/state/role/keyboard receipt; mounted or static inventory is not a pass","Real authorized UI interaction, registered handler/readback or explicitly blocked existing owner; rendering is not action proof"
"C2-CONTROL-522","client/src/pages/dashboard/Contacts.tsx","1304","Label","","[{""event"":""onClick"",""binding"":""{() => setShowArchived(!showArchived)}""}]","C2 consumer; retained shared A/B command authority","NOT_EXECUTED: source control row requires action/state/role/keyboard receipt; mounted or static inventory is not a pass","Real authorized UI interaction, registered handler/readback or explicitly blocked existing owner; rendering is not action proof"
"C2-CONTROL-523","client/src/pages/dashboard/Contacts.tsx","1309","Button","""button-advanced-filters""","[{""event"":""onClick"",""binding"":""{() => setShowAdvancedFilters(v => !v)}""}]","C2 consumer; retained shared A/B command authority","NOT_EXECUTED: source control row requires action/state/role/keyboard receipt; mounted or static inventory is not a pass","Real authorized UI interaction, registered handler/readback or explicitly blocked existing owner; rendering is not action proof"
"C2-CONTROL-524","client/src/pages/dashboard/Contacts.tsx","1321","Button","""button-select-all-matching""","[{""event"":""onClick"",""binding"":""{handleSelectAllMatching}""}]","C2 consumer; retained shared A/B command authority","NOT_EXECUTED: source control row requires action/state/role/keyboard receipt; mounted or static inventory is not a pass","Real authorized UI interaction, registered handler/readback or explicitly blocked existing owner; rendering is not action proof"
"C2-CONTROL-525","client/src/pages/dashboard/Contacts.tsx","1339","Button","""button-bulk-actions""","[]","C2 consumer; retained shared A/B command authority","NOT_EXECUTED: source control row requires action/state/role/keyboard receipt; mounted or static inventory is not a pass","Real authorized UI interaction, registered handler/readback or explicitly blocked existing owner; rendering is not action proof"
"C2-CONTROL-526","client/src/pages/dashboard/Contacts.tsx","1345","DropdownMenuItem","""bulk-mark-lead""","[{""event"":""onClick"",""binding"":""{() => bulkUpdateStatus(\""New\"")}""}]","C2 consumer; retained shared A/B command authority","NOT_EXECUTED: source control row requires action/state/role/keyboard receipt; mounted or static inventory is not a pass","Real authorized UI interaction, registered handler/readback or explicitly blocked existing owner; rendering is not action proof"
"C2-CONTROL-527","client/src/pages/dashboard/Contacts.tsx","1346","DropdownMenuItem","""bulk-mark-contacted""","[{""event"":""onClick"",""binding"":""{() => bulkUpdateStatus(\""Contacted\"")}""}]","C2 consumer; retained shared A/B command authority","NOT_EXECUTED: source control row requires action/state/role/keyboard receipt; mounted or static inventory is not a pass","Real authorized UI interaction, registered handler/readback or explicitly blocked existing owner; rendering is not action proof"
"C2-CONTROL-528","client/src/pages/dashboard/Contacts.tsx","1347","DropdownMenuItem","""bulk-mark-won""","[{""event"":""onClick"",""binding"":""{() => bulkUpdateStatus(\""Won\"")}""}]","C2 consumer; retained shared A/B command authority","NOT_EXECUTED: source control row requires action/state/role/keyboard receipt; mounted or static inventory is not a pass","Real authorized UI interaction, registered handler/readback or explicitly blocked existing owner; rendering is not action proof"
"C2-CONTROL-529","client/src/pages/dashboard/Contacts.tsx","1348","DropdownMenuItem","""bulk-mark-lost""","[{""event"":""onClick"",""binding"":""{() => bulkUpdateStatus(\""Lost\"")}""}]","C2 consumer; retained shared A/B command authority","NOT_EXECUTED: source control row requires action/state/role/keyboard receipt; mounted or static inventory is not a pass","Real authorized UI interaction, registered handler/readback or explicitly blocked existing owner; rendering is not action proof"
"C2-CONTROL-530","client/src/pages/dashboard/Contacts.tsx","1354","DropdownMenuItem","""bulk-hard-delete""","[{""event"":""onClick"",""binding"":""{handleHardDeletePreview}""}]","C2 consumer; retained shared A/B command authority","NOT_EXECUTED: source control row requires action/state/role/keyboard receipt; mounted or static inventory is not a pass","Real authorized UI interaction, registered handler/readback or explicitly blocked existing owner; rendering is not action proof"
"C2-CONTROL-531","client/src/pages/dashboard/Contacts.tsx","1366","DropdownMenuItem","""bulk-archive""","[{""event"":""onClick"",""binding"":""{async () => {\n                      if (!confirm(`Archive ${selectedIds.size} contact(s)?`)) return;\n                      setBulkUpdating(true);\n                      try {\n                        await bulkArchive(Array.from(selectedIds));\n                        queryClient.invalidateQueries({ queryKey: [\""/api/contacts\""] });\n                        toast({ title: \""Contacts archived\"", description: `${selectedIds.size} contacts archived` });\n                        setSelectedIds(new Set());\n                      } catch (err: any) {\n                        toast({ title: \""Archive failed\"", description: err.message, variant: \""destructive\"" });\n                      } finally {\n                        setBulkUpdating(false);\n                      }\n                    }}""}]","C2 consumer; retained shared A/B command authority","NOT_EXECUTED: source control row requires action/state/role/keyboard receipt; mounted or static inventory is not a pass","Real authorized UI interaction, registered handler/readback or explicitly blocked existing owner; rendering is not action proof"
"C2-CONTROL-532","client/src/pages/dashboard/Contacts.tsx","1389","DropdownMenuItem","""bulk-rescore""","[{""event"":""onClick"",""binding"":""{async () => {\n                      setBulkUpdating(true);\n                      try {\n                        const res = await apiRequest(\""POST\"", \""/api/contacts/mass-score\"", {\n                          contactIds: Array.from(selectedIds),\n                        });\n                        const d = await res.json();\n                        toast({ title: \""Re-score started\"", description: d.message ?? `Scoring ${selectedIds.size} contacts…` });\n                        setSelectedIds(new Set());\n                      } catch (err: any) {\n                        toast({ title: \""Re-score failed\"", description: err.message, variant: \""destructive\"" });\n                      } finally {\n                        setBulkUpdating(false);\n                      }\n                    }}""}]","C2 consumer; retained shared A/B command authority","NOT_EXECUTED: source control row requires action/state/role/keyboard receipt; mounted or static inventory is not a pass","Real authorized UI interaction, registered handler/readback or explicitly blocked existing owner; rendering is not action proof"
"C2-CONTROL-533","client/src/pages/dashboard/Contacts.tsx","1418","DropdownMenuItem","""bulk-reassign-unassign""","[{""event"":""onClick"",""binding"":""{async () => {\n                          setBulkUpdating(true);\n                          try {\n                            await Promise.all(Array.from(selectedIds).map(id =>\n                              apiRequest(\""PATCH\"", `/api/contacts/${id}/assign`, { assignedTo: null }).then(r => r.json())\n                            ));\n                            queryClient.invalidateQueries({ queryKey: [\""/api/contacts\""] });\n                            toast({ title: \""Unassigned\"", description: `${selectedIds.size} contacts unassigned` });\n                            setSelectedIds(new Set());\n                          } catch (err: any) {\n                            toast({ title: \""Failed\"", description: err.message, variant: \""destructive\"" });\n                          } finally { setBulkUpdating(false); }\n                        }}""}]","C2 consumer; retained shared A/B command authority","NOT_EXECUTED: source control row requires action/state/role/keyboard receipt; mounted or static inventory is not a pass","Real authorized UI interaction, registered handler/readback or explicitly blocked existing owner; rendering is not action proof"
"C2-CONTROL-534","client/src/pages/dashboard/Contacts.tsx","1437","DropdownMenuItem","{`bulk-reassign-${agent.id}`}","[{""event"":""onClick"",""binding"":""{async () => {\n                            setBulkUpdating(true);\n                            try {\n                              await Promise.all(Array.from(selectedIds).map(id =>\n                                apiRequest(\""PATCH\"", `/api/contacts/${id}/assign`, { assignedTo: agent.email }).then(r => r.json())\n                              ));\n                              queryClient.invalidateQueries({ queryKey: [\""/api/contacts\""] });\n                              toast({ title: \""Reassigned\"", description: `${selectedIds.size} contacts assigned to ${agent.firstName} ${agent.lastName}` });\n                              setSelectedIds(new Set());\n                            } catch (err: any) {\n                              toast({ title: \""Failed\"", description: err.message, variant: \""destructive\"" });\n                            } finally { setBulkUpdating(false); }\n                          }}""}]","C2 consumer; retained shared A/B command authority","NOT_EXECUTED: source control row requires action/state/role/keyboard receipt; mounted or static inventory is not a pass","Real authorized UI interaction, registered handler/readback or explicitly blocked existing owner; rendering is not action proof"
"C2-CONTROL-535","client/src/pages/dashboard/Contacts.tsx","1468","DropdownMenuItem","{`bulk-lifecycle-${state}`}","[{""event"":""onClick"",""binding"":""{async () => {\n                          setBulkUpdating(true);\n                          try {\n                            await Promise.all(Array.from(selectedIds).map(id =>\n                              apiRequest(\""PUT\"", `/api/contacts/${id}`, { lifecycleState: state }).then(r => r.json())\n                            ));\n                            queryClient.invalidateQueries({ queryKey: [\""/api/contacts\""] });\n                            toast({ title: \""Lifecycle updated\"", description: `Set ${selectedIds.size} contacts to ${state}` });\n                            setSelectedIds(new Set());\n                          } catch (err: any) {\n                            toast({ title: \""Update failed\"", description: err.message, variant: \""destructive\"" });\n                          } finally {\n                            setBulkUpdating(false);\n                          }\n                        }}""}]","C2 consumer; retained shared A/B command authority","NOT_EXECUTED: source control row requires action/state/role/keyboard receipt; mounted or static inventory is not a pass","Real authorized UI interaction, registered handler/readback or explicitly blocked existing owner; rendering is not action proof"
"C2-CONTROL-536","client/src/pages/dashboard/Contacts.tsx","1491","DropdownMenuItem","""bulk-tag-vertical""","[{""event"":""onClick"",""binding"":""{async () => {\n                      const v = window.prompt(\""Enter vertical to tag selected contacts with (e.g. restaurant, retail, automotive):\"");\n                      if (!v?.trim()) return;\n                      setBulkUpdating(true);\n                      try {\n                        await Promise.all(Array.from(selectedIds).map(id =>\n                          apiRequest(\""PUT\"", `/api/contacts/${id}`, { vertical: v.trim() }).then(r => r.json())\n                        ));\n                        queryClient.invalidateQueries({ queryKey: [\""/api/contacts\""] });\n                        toast({ title: \""Vertical applied\"", description: `Tagged ${selectedIds.size} contacts as \""${v.trim()}\""` });\n                        setSelectedIds(new Set());\n                      } catch (err: any) {\n                        toast({ title: \""Tag failed\"", description: err.message, variant: \""destructive\"" });\n                      } finally {\n                        setBulkUpdating(false);\n                      }\n                    }}""}]","C2 consumer; retained shared A/B command authority","NOT_EXECUTED: source control row requires action/state/role/keyboard receipt; mounted or static inventory is not a pass","Real authorized UI interaction, registered handler/readback or explicitly blocked existing owner; rendering is not action proof"
"C2-CONTROL-537","client/src/pages/dashboard/Contacts.tsx","1518","Button","""button-find-duplicates""","[{""event"":""onClick"",""binding"":""{() => setDuplicatesOpen(true)}""}]","C2 consumer; retained shared A/B command authority","NOT_EXECUTED: source control row requires action/state/role/keyboard receipt; mounted or static inventory is not a pass","Real authorized UI interaction, registered handler/readback or explicitly blocked existing owner; rendering is not action proof"
"C2-CONTROL-538","client/src/pages/dashboard/Contacts.tsx","1523","Button","""button-export-blocked-contacts""","[{""event"":""onClick"",""binding"":""{() => {\n                const a = document.createElement(\""a\"");\n                a.href = `/api/contacts/blocked/export-csv`;\n                a.download = `blocked-contacts-${new Date().toISOString().split(\""T\"")[0]}.csv`;\n                document.body.appendChild(a);\n                a.click();\n                document.body.removeChild(a);\n              }}""}]","C2 consumer; retained shared A/B command authority","NOT_EXECUTED: source control row requires action/state/role/keyboard receipt; mounted or static inventory is not a pass","Real authorized UI interaction, registered handler/readback or explicitly blocked existing owner; rendering is not action proof"
"C2-CONTROL-539","client/src/pages/dashboard/Contacts.tsx","1541","Button","""button-export-bounced-contacts""","[{""event"":""onClick"",""binding"":""{() => exportToCSV(filteredContacts || [], `contacts_${emailHealthFilter}`, [\n              { key: \""firstName\"", label: \""First Name\"" },\n              { key: \""lastName\"", label: \""Last Name\"" },\n              { key: \""email\"", label: \""Email\"" },\n              { key: \""phone\"", label: \""Phone\"" },\n              { key: \""companyName\"", label: \""Company\"" },\n              { key: \""status\"", label: \""Status\"" },\n              { key: \""emailStatus\"", label: \""Email Status\"" },\n              { key: \""bouncedAt\"", label: \""Bounced At\"" },\n              { key: \""leadScore\"", label: \""Lead Score\"" },\n              { key: \""createdAt\"", label: \""Created At\"" },\n            ])}""}]","C2 consumer; retained shared A/B command authority","NOT_EXECUTED: source control row requires action/state/role/keyboard receipt; mounted or static inventory is not a pass","Real authorized UI interaction, registered handler/readback or explicitly blocked existing owner; rendering is not action proof"
"C2-CONTROL-540","client/src/pages/dashboard/Contacts.tsx","1556","Button","""button-export-contacts""","[{""event"":""onClick"",""binding"":""{() => {\n            const role = user?.role;\n            if (role === \""admin\"" || role === \""manager\"") {\n              // Server-side export — no row cap, respects active filters\n              const params = new URLSearchParams();\n              for (const [key, value] of Object.entries(facetsParams)) {\n                if (value !== undefined && value !== false && value !== \""\"") params.set(key, String(value));\n              }\n              const url = `/api/contacts/export-csv${params.toString() ? `?${params}` : \""\""}`;\n              const a = document.createElement(\""a\"");\n              a.href = url;\n              a.download = `contacts-${new Date().toISOString().split(\""T\"")[0]}.csv`;\n              document.body.appendChild(a);\n              a.click();\n              document.body.removeChild(a);\n            } else {\n              // Agent: client-side export of visible page only\n              exportToCSV(sortedContacts || [], \""contacts\"", [\n                { key: \""firstName\"", label: \""First Name\"" },\n                { key: \""lastName\"", label: \""Last Name\"" },\n                { key: \""email\"", label: \""Email\"" },\n                { key: \""phone\"", label: \""Phone\"" },\n                { key: \""companyName\"", label: \""Company\"" },\n                { key: \""status\"", label: \""Status\"" },\n                { key: \""emailStatus\"", label: \""Email Status\"" },\n                { key: \""leadScore\"", label: \""Lead Score\"" },\n                { key: \""createdAt\"", label: \""Created At\"" },\n              ]);\n            }\n          }}""}]","C2 consumer; retained shared A/B command authority","NOT_EXECUTED: source control row requires action/state/role/keyboard receipt; mounted or static inventory is not a pass","Real authorized UI interaction, registered handler/readback or explicitly blocked existing owner; rendering is not action proof"
"C2-CONTROL-541","client/src/pages/dashboard/Contacts.tsx","1588","Dialog","","[{""event"":""onOpenChange"",""binding"":""{setIsDialogOpen}""}]","C2 consumer; retained shared A/B command authority","NOT_EXECUTED: source control row requires action/state/role/keyboard receipt; mounted or static inventory is not a pass","Real authorized UI interaction, registered handler/readback or explicitly blocked existing owner; rendering is not action proof"
"C2-CONTROL-542","client/src/pages/dashboard/Contacts.tsx","1594","form","","[{""event"":""onSubmit"",""binding"":""{form.handleSubmit(onSubmit)}""}]","C2 consumer; retained shared A/B command authority","NOT_EXECUTED: source control row requires action/state/role/keyboard receipt; mounted or static inventory is not a pass","Real authorized UI interaction, registered handler/readback or explicitly blocked existing owner; rendering is not action proof"
"C2-CONTROL-543","client/src/pages/dashboard/Contacts.tsx","1602","Input","""input-create-contact-first-name""","[]","C2 consumer; retained shared A/B command authority","NOT_EXECUTED: source control row requires action/state/role/keyboard receipt; mounted or static inventory is not a pass","Real authorized UI interaction, registered handler/readback or explicitly blocked existing owner; rendering is not action proof"
"C2-CONTROL-544","client/src/pages/dashboard/Contacts.tsx","1613","Input","""input-create-contact-last-name""","[]","C2 consumer; retained shared A/B command authority","NOT_EXECUTED: source control row requires action/state/role/keyboard receipt; mounted or static inventory is not a pass","Real authorized UI interaction, registered handler/readback or explicitly blocked existing owner; rendering is not action proof"
"C2-CONTROL-545","client/src/pages/dashboard/Contacts.tsx","1625","Input","""input-create-contact-email""","[]","C2 consumer; retained shared A/B command authority","NOT_EXECUTED: source control row requires action/state/role/keyboard receipt; mounted or static inventory is not a pass","Real authorized UI interaction, registered handler/readback or explicitly blocked existing owner; rendering is not action proof"
"C2-CONTROL-546","client/src/pages/dashboard/Contacts.tsx","1636","Input","""input-create-contact-phone""","[]","C2 consumer; retained shared A/B command authority","NOT_EXECUTED: source control row requires action/state/role/keyboard receipt; mounted or static inventory is not a pass","Real authorized UI interaction, registered handler/readback or explicitly blocked existing owner; rendering is not action proof"
"C2-CONTROL-547","client/src/pages/dashboard/Contacts.tsx","1647","Input","""input-create-contact-company""","[]","C2 consumer; retained shared A/B command authority","NOT_EXECUTED: source control row requires action/state/role/keyboard receipt; mounted or static inventory is not a pass","Real authorized UI interaction, registered handler/readback or explicitly blocked existing owner; rendering is not action proof"
"C2-CONTROL-548","client/src/pages/dashboard/Contacts.tsx","1658","Select","","[{""event"":""onValueChange"",""binding"":""{field.onChange}""}]","C2 consumer; retained shared A/B command authority","NOT_EXECUTED: source control row requires action/state/role/keyboard receipt; mounted or static inventory is not a pass","Real authorized UI interaction, registered handler/readback or explicitly blocked existing owner; rendering is not action proof"
"C2-CONTROL-549","client/src/pages/dashboard/Contacts.tsx","1660","SelectTrigger","""select-contact-vertical""","[]","C2 consumer; retained shared A/B command authority","NOT_EXECUTED: source control row requires action/state/role/keyboard receipt; mounted or static inventory is not a pass","Real authorized UI interaction, registered handler/readback or explicitly blocked existing owner; rendering is not action proof"
"C2-CONTROL-550","client/src/pages/dashboard/Contacts.tsx","1682","Textarea","""input-contact-notes""","[]","C2 consumer; retained shared A/B command authority","NOT_EXECUTED: source control row requires action/state/role/keyboard receipt; mounted or static inventory is not a pass","Real authorized UI interaction, registered handler/readback or explicitly blocked existing owner; rendering is not action proof"
"C2-CONTROL-551","client/src/pages/dashboard/Contacts.tsx","1694","Button","","[]","C2 consumer; retained shared A/B command authority","NOT_EXECUTED: source control row requires action/state/role/keyboard receipt; mounted or static inventory is not a pass","Real authorized UI interaction, registered handler/readback or explicitly blocked existing owner; rendering is not action proof"
"C2-CONTROL-552","client/src/pages/dashboard/Contacts.tsx","1710","Button","""button-bulk-email""","[{""event"":""onClick"",""binding"":""{() => openBulkDialog(\""email\"")}""}]","C2 consumer; retained shared A/B command authority","NOT_EXECUTED: source control row requires action/state/role/keyboard receipt; mounted or static inventory is not a pass","Real authorized UI interaction, registered handler/readback or explicitly blocked existing owner; rendering is not action proof"
"C2-CONTROL-553","client/src/pages/dashboard/Contacts.tsx","1713","Button","""button-bulk-sms""","[{""event"":""onClick"",""binding"":""{() => openBulkDialog(\""sms\"")}""}]","C2 consumer; retained shared A/B command authority","NOT_EXECUTED: source control row requires action/state/role/keyboard receipt; mounted or static inventory is not a pass","Real authorized UI interaction, registered handler/readback or explicitly blocked existing owner; rendering is not action proof"
"C2-CONTROL-554","client/src/pages/dashboard/Contacts.tsx","1717","Button","""button-bulk-archive""","[{""event"":""onClick"",""binding"":""{async () => {\n                if (!confirm(`Archive ${selectedContacts.length} contact(s)? They will be hidden but recoverable.`)) return;\n                setBulkUpdating(true);\n                try {\n                  await bulkArchive(Array.from(selectedIds));\n                  queryClient.invalidateQueries({ queryKey: [\""/api/contacts\""] });\n                  toast({ title: \""Contacts archived\"", description: `${selectedContacts.length} contacts archived` });\n                  setSelectedIds(new Set());\n                } catch (err: any) {\n                  toast({ title: \""Archive failed\"", description: err.message, variant: \""destructive\"" });\n                } finally {\n                  setBulkUpdating(false);\n                }\n              }}""}]","C2 consumer; retained shared A/B command authority","NOT_EXECUTED: source control row requires action/state/role/keyboard receipt; mounted or static inventory is not a pass","Real authorized UI interaction, registered handler/readback or explicitly blocked existing owner; rendering is not action proof"
"C2-CONTROL-555","client/src/pages/dashboard/Contacts.tsx","1742","Button","""button-bulk-delete""","[{""event"":""onClick"",""binding"":""{handleHardDeletePreview}""}]","C2 consumer; retained shared A/B command authority","NOT_EXECUTED: source control row requires action/state/role/keyboard receipt; mounted or static inventory is not a pass","Real authorized UI interaction, registered handler/readback or explicitly blocked existing owner; rendering is not action proof"
"C2-CONTROL-556","client/src/pages/dashboard/Contacts.tsx","1754","Button","""button-clear-selection""","[{""event"":""onClick"",""binding"":""{() => setSelectedIds(new Set())}""}]","C2 consumer; retained shared A/B command authority","NOT_EXECUTED: source control row requires action/state/role/keyboard receipt; mounted or static inventory is not a pass","Real authorized UI interaction, registered handler/readback or explicitly blocked existing owner; rendering is not action proof"
"C2-CONTROL-557","client/src/pages/dashboard/Contacts.tsx","1761","CrmFilterPanel","","[{""event"":""onOpenChange"",""binding"":""{setShowAdvancedFilters}""}]","C2 consumer; retained shared A/B command authority","NOT_EXECUTED: source control row requires action/state/role/keyboard receipt; mounted or static inventory is not a pass","Real authorized UI interaction, registered handler/readback or explicitly blocked existing owner; rendering is not action proof"
"C2-CONTROL-558","client/src/pages/dashboard/Contacts.tsx","1766","Button","""button-clear-vertical""","[{""event"":""onClick"",""binding"":""{() => { setVerticalFilter(\""\""); setStatusFilter(\""\""); setTagFilter(\""\""); setLeadSourceFilter(\""\""); setHasAssigneeOnly(false); setLifecycleFilter(\""\""); setContactedTodayOnly(false); }}""}]","C2 consumer; retained shared A/B command authority","NOT_EXECUTED: source control row requires action/state/role/keyboard receipt; mounted or static inventory is not a pass","Real authorized UI interaction, registered handler/readback or explicitly blocked existing owner; rendering is not action proof"
"C2-CONTROL-559","client/src/pages/dashboard/Contacts.tsx","1774","Select","","[{""event"":""onValueChange"",""binding"":""{v => setVerticalFilter(v === \""__all__\"" ? \""\"" : v)}""}]","C2 consumer; retained shared A/B command authority","NOT_EXECUTED: source control row requires action/state/role/keyboard receipt; mounted or static inventory is not a pass","Real authorized UI interaction, registered handler/readback or explicitly blocked existing owner; rendering is not action proof"
"C2-CONTROL-560","client/src/pages/dashboard/Contacts.tsx","1775","SelectTrigger","""select-vertical-filter""","[]","C2 consumer; retained shared A/B command authority","NOT_EXECUTED: source control row requires action/state/role/keyboard receipt; mounted or static inventory is not a pass","Real authorized UI interaction, registered handler/readback or explicitly blocked existing owner; rendering is not action proof"
"C2-CONTROL-561","client/src/pages/dashboard/Contacts.tsx","1788","Select","","[{""event"":""onValueChange"",""binding"":""{v => setStatusFilter(v === \""__all__\"" ? \""\"" : v)}""}]","C2 consumer; retained shared A/B command authority","NOT_EXECUTED: source control row requires action/state/role/keyboard receipt; mounted or static inventory is not a pass","Real authorized UI interaction, registered handler/readback or explicitly blocked existing owner; rendering is not action proof"
"C2-CONTROL-562","client/src/pages/dashboard/Contacts.tsx","1789","SelectTrigger","""select-status-filter-advanced""","[]","C2 consumer; retained shared A/B command authority","NOT_EXECUTED: source control row requires action/state/role/keyboard receipt; mounted or static inventory is not a pass","Real authorized UI interaction, registered handler/readback or explicitly blocked existing owner; rendering is not action proof"
"C2-CONTROL-563","client/src/pages/dashboard/Contacts.tsx","1803","Select","","[{""event"":""onValueChange"",""binding"":""{v => setLifecycleFilter(v === \""__all__\"" ? \""\"" : v)}""}]","C2 consumer; retained shared A/B command authority","NOT_EXECUTED: source control row requires action/state/role/keyboard receipt; mounted or static inventory is not a pass","Real authorized UI interaction, registered handler/readback or explicitly blocked existing owner; rendering is not action proof"
"C2-CONTROL-564","client/src/pages/dashboard/Contacts.tsx","1804","SelectTrigger","""select-lifecycle-filter""","[]","C2 consumer; retained shared A/B command authority","NOT_EXECUTED: source control row requires action/state/role/keyboard receipt; mounted or static inventory is not a pass","Real authorized UI interaction, registered handler/readback or explicitly blocked existing owner; rendering is not action proof"
"C2-CONTROL-565","client/src/pages/dashboard/Contacts.tsx","1818","Select","","[{""event"":""onValueChange"",""binding"":""{v => setLeadSourceFilter(v === \""__all__\"" ? \""\"" : v)}""}]","C2 consumer; retained shared A/B command authority","NOT_EXECUTED: source control row requires action/state/role/keyboard receipt; mounted or static inventory is not a pass","Real authorized UI interaction, registered handler/readback or explicitly blocked existing owner; rendering is not action proof"
"C2-CONTROL-566","client/src/pages/dashboard/Contacts.tsx","1819","SelectTrigger","""select-lead-source-filter""","[]","C2 consumer; retained shared A/B command authority","NOT_EXECUTED: source control row requires action/state/role/keyboard receipt; mounted or static inventory is not a pass","Real authorized UI interaction, registered handler/readback or explicitly blocked existing owner; rendering is not action proof"
"C2-CONTROL-567","client/src/pages/dashboard/Contacts.tsx","1834","Input","""input-tag-filter""","[{""event"":""onChange"",""binding"":""{e => setTagFilter(e.target.value)}""}]","C2 consumer; retained shared A/B command authority","NOT_EXECUTED: source control row requires action/state/role/keyboard receipt; mounted or static inventory is not a pass","Real authorized UI interaction, registered handler/readback or explicitly blocked existing owner; rendering is not action proof"
"C2-CONTROL-568","client/src/pages/dashboard/Contacts.tsx","1842","button","""button-clear-tag-filter""","[{""event"":""onClick"",""binding"":""{() => setTagFilter(\""\"")}""}]","C2 consumer; retained shared A/B command authority","NOT_EXECUTED: source control row requires action/state/role/keyboard receipt; mounted or static inventory is not a pass","Real authorized UI interaction, registered handler/readback or explicitly blocked existing owner; rendering is not action proof"
"C2-CONTROL-569","client/src/pages/dashboard/Contacts.tsx","1858","Button","""preset-people-all""","[{""event"":""onClick"",""binding"":""{() => {\n          const next = new URLSearchParams();\n          if (peoplePath === \""/dashboard/contacts-leads\"") next.set(\""tab\"", \""people\"");\n          setLocation(destinationUrl(peoplePath, next, window.location.hash));\n        }}""}]","C2 consumer; retained shared A/B command authority","NOT_EXECUTED: source control row requires action/state/role/keyboard receipt; mounted or static inventory is not a pass","Real authorized UI interaction, registered handler/readback or explicitly blocked existing owner; rendering is not action proof"
"C2-CONTROL-570","client/src/pages/dashboard/Contacts.tsx","1863","Button","""preset-people-mine""","[{""event"":""onClick"",""binding"":""{() => updatePeopleParam(\""assignedToMe\"", \""true\"")}""}]","C2 consumer; retained shared A/B command authority","NOT_EXECUTED: source control row requires action/state/role/keyboard receipt; mounted or static inventory is not a pass","Real authorized UI interaction, registered handler/readback or explicitly blocked existing owner; rendering is not action proof"
"C2-CONTROL-571","client/src/pages/dashboard/Contacts.tsx","1867","Button","""preset-people-blocked""","[{""event"":""onClick"",""binding"":""{() => updatePeopleParam(\""blocked\"", \""true\"")}""}]","C2 consumer; retained shared A/B command authority","NOT_EXECUTED: source control row requires action/state/role/keyboard receipt; mounted or static inventory is not a pass","Real authorized UI interaction, registered handler/readback or explicitly blocked existing owner; rendering is not action proof"
"C2-CONTROL-572","client/src/pages/dashboard/Contacts.tsx","1921","Button","""button-empty-add-contact""","[{""event"":""onClick"",""binding"":""{() => setIsDialogOpen(true)}""}]","C2 consumer; retained shared A/B command authority","NOT_EXECUTED: source control row requires action/state/role/keyboard receipt; mounted or static inventory is not a pass","Real authorized UI interaction, registered handler/readback or explicitly blocked existing owner; rendering is not action proof"
"C2-CONTROL-573","client/src/pages/dashboard/Contacts.tsx","1931","Checkbox","""checkbox-select-all""","[{""event"":""onCheckedChange"",""binding"":""{toggleSelectAll}""}]","C2 consumer; retained shared A/B command authority","NOT_EXECUTED: source control row requires action/state/role/keyboard receipt; mounted or static inventory is not a pass","Real authorized UI interaction, registered handler/readback or explicitly blocked existing owner; rendering is not action proof"
"C2-CONTROL-574","client/src/pages/dashboard/Contacts.tsx","1940","span","""label-select-all""","[{""event"":""onClick"",""binding"":""{toggleSelectAll}""}]","C2 consumer; retained shared A/B command authority","NOT_EXECUTED: source control row requires action/state/role/keyboard receipt; mounted or static inventory is not a pass","Real authorized UI interaction, registered handler/readback or explicitly blocked existing owner; rendering is not action proof"
"C2-CONTROL-575","client/src/pages/dashboard/Contacts.tsx","1960","Checkbox","{`checkbox-contact-${contact.id}`}","[{""event"":""onCheckedChange"",""binding"":""{() => {\n                        setSelectedIds(prev => {\n                          const next = new Set(prev);\n                          if (next.has(contact.id)) next.delete(contact.id); else next.add(contact.id);\n                          return next;\n                        });\n                      }}""},{""event"":""onClick"",""binding"":""{(e: React.MouseEvent) => e.stopPropagation()}""}]","C2 consumer; retained shared A/B command authority","NOT_EXECUTED: source control row requires action/state/role/keyboard receipt; mounted or static inventory is not a pass","Real authorized UI interaction, registered handler/readback or explicitly blocked existing owner; rendering is not action proof"
"C2-CONTROL-576","client/src/pages/dashboard/Contacts.tsx","1984","a","{`link-contact-${contact.id}`}","[{""event"":""onClick"",""binding"":""{e=>e.stopPropagation()}""}]","C2 consumer; retained shared A/B command authority","NOT_EXECUTED: source control row requires action/state/role/keyboard receipt; mounted or static inventory is not a pass","Real authorized UI interaction, registered handler/readback or explicitly blocked existing owner; rendering is not action proof"
"C2-CONTROL-577","client/src/pages/dashboard/Contacts.tsx","1988","Badge","{`badge-confirmation-failed-${contact.id}`}","[{""event"":""onClick"",""binding"":""{(e: React.MouseEvent) => { e.stopPropagation(); setLocation(`/dashboard/contacts/${contact.id}#confirmation-status`); }}""}]","C2 consumer; retained shared A/B command authority","NOT_EXECUTED: source control row requires action/state/role/keyboard receipt; mounted or static inventory is not a pass","Real authorized UI interaction, registered handler/readback or explicitly blocked existing owner; rendering is not action proof"
"C2-CONTROL-578","client/src/pages/dashboard/Contacts.tsx","2136","select","{`select-assigned-rep-${contact.id}`}","[{""event"":""onChange"",""binding"":""{e => {\n                        e.stopPropagation();\n                        assignContactMutation.mutate({ id: contact.id, assignedTo: e.target.value || null });\n                      }}""},{""event"":""onClick"",""binding"":""{e => e.stopPropagation()}""}]","C2 consumer; retained shared A/B command authority","NOT_EXECUTED: source control row requires action/state/role/keyboard receipt; mounted or static inventory is not a pass","Real authorized UI interaction, registered handler/readback or explicitly blocked existing owner; rendering is not action proof"
"C2-CONTROL-579","client/src/pages/dashboard/Contacts.tsx","2171","div","","[{""event"":""onClick"",""binding"":""{(e: React.MouseEvent) => e.stopPropagation()}""}]","C2 consumer; retained shared A/B command authority","NOT_EXECUTED: source control row requires action/state/role/keyboard receipt; mounted or static inventory is not a pass","Real authorized UI interaction, registered handler/readback or explicitly blocked existing owner; rendering is not action proof"
"C2-CONTROL-580","client/src/pages/dashboard/Contacts.tsx","2173","Button","{`button-restore-contact-${contact.id}`}","[{""event"":""onClick"",""binding"":""{(e: React.MouseEvent) => { e.stopPropagation(); restoreContactMutation.mutate(contact.id); }}""}]","C2 consumer; retained shared A/B command authority","NOT_EXECUTED: source control row requires action/state/role/keyboard receipt; mounted or static inventory is not a pass","Real authorized UI interaction, registered handler/readback or explicitly blocked existing owner; rendering is not action proof"
"C2-CONTROL-581","client/src/pages/dashboard/Contacts.tsx","2180","Button","{`button-view-${contact.id}`}","[{""event"":""onClick"",""binding"":""{(e: React.MouseEvent) => { e.stopPropagation(); setLocation(`/dashboard/contacts/${contact.id}`); }}""}]","C2 consumer; retained shared A/B command authority","NOT_EXECUTED: source control row requires action/state/role/keyboard receipt; mounted or static inventory is not a pass","Real authorized UI interaction, registered handler/readback or explicitly blocked existing owner; rendering is not action proof"
"C2-CONTROL-582","client/src/pages/dashboard/Contacts.tsx","2188","Button","{`button-actions-${contact.id}`}","[{""event"":""onClick"",""binding"":""{(e: React.MouseEvent) => e.stopPropagation()}""}]","C2 consumer; retained shared A/B command authority","NOT_EXECUTED: source control row requires action/state/role/keyboard receipt; mounted or static inventory is not a pass","Real authorized UI interaction, registered handler/readback or explicitly blocked existing owner; rendering is not action proof"
"C2-CONTROL-583","client/src/pages/dashboard/Contacts.tsx","2195","DropdownMenuItem","","[{""event"":""onClick"",""binding"":""{(e: React.MouseEvent) => { e.stopPropagation(); updateContact.mutate({ id: contact.id, status: \""Contacted\"" }); }}""}]","C2 consumer; retained shared A/B command authority","NOT_EXECUTED: source control row requires action/state/role/keyboard receipt; mounted or static inventory is not a pass","Real authorized UI interaction, registered handler/readback or explicitly blocked existing owner; rendering is not action proof"
"C2-CONTROL-584","client/src/pages/dashboard/Contacts.tsx","2198","DropdownMenuItem","","[{""event"":""onClick"",""binding"":""{(e: React.MouseEvent) => { e.stopPropagation(); updateContact.mutate({ id: contact.id, status: \""Won\"" }); }}""}]","C2 consumer; retained shared A/B command authority","NOT_EXECUTED: source control row requires action/state/role/keyboard receipt; mounted or static inventory is not a pass","Real authorized UI interaction, registered handler/readback or explicitly blocked existing owner; rendering is not action proof"
"C2-CONTROL-585","client/src/pages/dashboard/Contacts.tsx","2201","DropdownMenuItem","","[{""event"":""onClick"",""binding"":""{(e: React.MouseEvent) => { e.stopPropagation(); updateContact.mutate({ id: contact.id, status: \""Lost\"" }); }}""}]","C2 consumer; retained shared A/B command authority","NOT_EXECUTED: source control row requires action/state/role/keyboard receipt; mounted or static inventory is not a pass","Real authorized UI interaction, registered handler/readback or explicitly blocked existing owner; rendering is not action proof"
"C2-CONTROL-586","client/src/pages/dashboard/Contacts.tsx","2205","DropdownMenuItem","{`menu-snooze-contact-${contact.id}`}","[{""event"":""onClick"",""binding"":""{async (e: React.MouseEvent) => {\n                              e.stopPropagation();\n                              const daysStr = window.prompt(\""Snooze for how many days? (1–365)\"", \""7\"");\n                              const days = parseInt(daysStr || \""\"", 10);\n                              if (!days || days < 1 || days > 365) return;\n                              try {\n                                await apiRequest(\""PATCH\"", `/api/contacts/${contact.id}/snooze`, { days });\n                                queryClient.invalidateQueries({ queryKey: [\""/api/contacts\""] });\n                                toast({ title: `Contact snoozed for ${days} day${days === 1 ? \""\"" : \""s\""}` });\n                              } catch {\n                                toast({ title: \""Snooze failed\"", variant: \""destructive\"" });\n                              }\n                            }}""}]","C2 consumer; retained shared A/B command authority","NOT_EXECUTED: source control row requires action/state/role/keyboard receipt; mounted or static inventory is not a pass","Real authorized UI interaction, registered handler/readback or explicitly blocked existing owner; rendering is not action proof"
"C2-CONTROL-587","client/src/pages/dashboard/Contacts.tsx","2221","DropdownMenuItem","{`menu-restore-contact-${contact.id}`}","[{""event"":""onClick"",""binding"":""{(e: React.MouseEvent) => { e.stopPropagation(); restoreContactMutation.mutate(contact.id); }}""}]","C2 consumer; retained shared A/B command authority","NOT_EXECUTED: source control row requires action/state/role/keyboard receipt; mounted or static inventory is not a pass","Real authorized UI interaction, registered handler/readback or explicitly blocked existing owner; rendering is not action proof"
"C2-CONTROL-588","client/src/pages/dashboard/Contacts.tsx","2225","DropdownMenuItem","{`menu-archive-contact-${contact.id}`}","[{""event"":""onClick"",""binding"":""{(e: React.MouseEvent) => { e.stopPropagation();\n                                if(window.confirm(\""Archive this contact? Existing history will be retained. You can restore it from the archived list.\"")) archiveContactMutation.mutate(contact.id);\n                              }}""}]","C2 consumer; retained shared A/B command authority","NOT_EXECUTED: source control row requires action/state/role/keyboard receipt; mounted or static inventory is not a pass","Real authorized UI interaction, registered handler/readback or explicitly blocked existing owner; rendering is not action proof"
"C2-CONTROL-589","client/src/pages/dashboard/Contacts.tsx","2245","Checkbox","{`checkbox-contact-mobile-${contact.id}`}","[{""event"":""onCheckedChange"",""binding"":""{() => {\n                        setSelectedIds(prev => {\n                          const next = new Set(prev);\n                          if (next.has(contact.id)) next.delete(contact.id); else next.add(contact.id);\n                          return next;\n                        });\n                      }}""},{""event"":""onClick"",""binding"":""{(e: React.MouseEvent) => e.stopPropagation()}""}]","C2 consumer; retained shared A/B command authority","NOT_EXECUTED: source control row requires action/state/role/keyboard receipt; mounted or static inventory is not a pass","Real authorized UI interaction, registered handler/readback or explicitly blocked existing owner; rendering is not action proof"
"C2-CONTROL-590","client/src/pages/dashboard/Contacts.tsx","2264","a","{`link-contact-card-${contact.id}`}","[{""event"":""onClick"",""binding"":""{e=>e.stopPropagation()}""}]","C2 consumer; retained shared A/B command authority","NOT_EXECUTED: source control row requires action/state/role/keyboard receipt; mounted or static inventory is not a pass","Real authorized UI interaction, registered handler/readback or explicitly blocked existing owner; rendering is not action proof"
"C2-CONTROL-591","client/src/pages/dashboard/Contacts.tsx","2302","select","""select-people-page-size""","[{""event"":""onChange"",""binding"":""{e => updatePeopleParam(\""limit\"", e.target.value)}""}]","C2 consumer; retained shared A/B command authority","NOT_EXECUTED: source control row requires action/state/role/keyboard receipt; mounted or static inventory is not a pass","Real authorized UI interaction, registered handler/readback or explicitly blocked existing owner; rendering is not action proof"
"C2-CONTROL-592","client/src/pages/dashboard/Contacts.tsx","2307","Button","""button-contacts-prev""","[{""event"":""onClick"",""binding"":""{() => setPage(p => p - 1)}""}]","C2 consumer; retained shared A/B command authority","NOT_EXECUTED: source control row requires action/state/role/keyboard receipt; mounted or static inventory is not a pass","Real authorized UI interaction, registered handler/readback or explicitly blocked existing owner; rendering is not action proof"
"C2-CONTROL-593","client/src/pages/dashboard/Contacts.tsx","2310","Button","""button-contacts-next""","[{""event"":""onClick"",""binding"":""{() => setPage(p => p + 1)}""}]","C2 consumer; retained shared A/B command authority","NOT_EXECUTED: source control row requires action/state/role/keyboard receipt; mounted or static inventory is not a pass","Real authorized UI interaction, registered handler/readback or explicitly blocked existing owner; rendering is not action proof"
"C2-CONTROL-594","client/src/pages/dashboard/Contacts.tsx","2318","DuplicateFinderDialog","","[{""event"":""onOpenChange"",""binding"":""{setDuplicatesOpen}""}]","C2 consumer; retained shared A/B command authority","NOT_EXECUTED: source control row requires action/state/role/keyboard receipt; mounted or static inventory is not a pass","Real authorized UI interaction, registered handler/readback or explicitly blocked existing owner; rendering is not action proof"
"C2-CONTROL-595","client/src/pages/dashboard/Contacts.tsx","2321","Dialog","","[{""event"":""onOpenChange"",""binding"":""{(v) => { if (!v) { setHardDeleteDialogOpen(false); setHardDeleteConfirmPhrase(\""\""); } }}""}]","C2 consumer; retained shared A/B command authority","NOT_EXECUTED: source control row requires action/state/role/keyboard receipt; mounted or static inventory is not a pass","Real authorized UI interaction, registered handler/readback or explicitly blocked existing owner; rendering is not action proof"
"C2-CONTROL-596","client/src/pages/dashboard/Contacts.tsx","2381","Input","""input-confirm-phrase""","[{""event"":""onChange"",""binding"":""{(e) => setHardDeleteConfirmPhrase(e.target.value)}""}]","C2 consumer; retained shared A/B command authority","NOT_EXECUTED: source control row requires action/state/role/keyboard receipt; mounted or static inventory is not a pass","Real authorized UI interaction, registered handler/readback or explicitly blocked existing owner; rendering is not action proof"
"C2-CONTROL-597","client/src/pages/dashboard/Contacts.tsx","2392","Button","""button-hard-delete-cancel""","[{""event"":""onClick"",""binding"":""{() => { setHardDeleteDialogOpen(false); setHardDeleteConfirmPhrase(\""\""); }}""}]","C2 consumer; retained shared A/B command authority","NOT_EXECUTED: source control row requires action/state/role/keyboard receipt; mounted or static inventory is not a pass","Real authorized UI interaction, registered handler/readback or explicitly blocked existing owner; rendering is not action proof"
"C2-CONTROL-598","client/src/pages/dashboard/Contacts.tsx","2400","Button","""button-hard-delete-confirm""","[{""event"":""onClick"",""binding"":""{handleHardDeleteExecute}""}]","C2 consumer; retained shared A/B command authority","NOT_EXECUTED: source control row requires action/state/role/keyboard receipt; mounted or static inventory is not a pass","Real authorized UI interaction, registered handler/readback or explicitly blocked existing owner; rendering is not action proof"
"C2-CONTROL-599","client/src/pages/dashboard/Contacts.tsx","2425","Dialog","","[{""event"":""onOpenChange"",""binding"":""{(open) => { setBulkDialogOpen(open); if (!open) setBulkResults(null); }}""}]","C2 consumer; retained shared A/B command authority","NOT_EXECUTED: source control row requires action/state/role/keyboard receipt; mounted or static inventory is not a pass","Real authorized UI interaction, registered handler/readback or explicitly blocked existing owner; rendering is not action proof"
"C2-CONTROL-600","client/src/pages/dashboard/Contacts.tsx","2440","Input","""input-bulk-subject""","[{""event"":""onChange"",""binding"":""{(e) => setBulkSubject(e.target.value)}""}]","C2 consumer; retained shared A/B command authority","NOT_EXECUTED: source control row requires action/state/role/keyboard receipt; mounted or static inventory is not a pass","Real authorized UI interaction, registered handler/readback or explicitly blocked existing owner; rendering is not action proof"
"C2-CONTROL-601","client/src/pages/dashboard/Contacts.tsx","2451","Textarea","""input-bulk-message""","[{""event"":""onChange"",""binding"":""{(e) => setBulkMessage(e.target.value)}""}]","C2 consumer; retained shared A/B command authority","NOT_EXECUTED: source control row requires action/state/role/keyboard receipt; mounted or static inventory is not a pass","Real authorized UI interaction, registered handler/readback or explicitly blocked existing owner; rendering is not action proof"
"C2-CONTROL-602","client/src/pages/dashboard/Contacts.tsx","2480","Button","""button-fab-add-contact""","[{""event"":""onClick"",""binding"":""{() => setIsDialogOpen(true)}""}]","C2 consumer; retained shared A/B command authority","NOT_EXECUTED: source control row requires action/state/role/keyboard receipt; mounted or static inventory is not a pass","Real authorized UI interaction, registered handler/readback or explicitly blocked existing owner; rendering is not action proof"
"C2-CONTROL-603","client/src/pages/dashboard/Contacts.tsx","2492","Button","""button-bulk-cancel""","[{""event"":""onClick"",""binding"":""{() => setBulkDialogOpen(false)}""}]","C2 consumer; retained shared A/B command authority","NOT_EXECUTED: source control row requires action/state/role/keyboard receipt; mounted or static inventory is not a pass","Real authorized UI interaction, registered handler/readback or explicitly blocked existing owner; rendering is not action proof"
"C2-CONTROL-604","client/src/pages/dashboard/Contacts.tsx","2496","Button","""button-bulk-send""","[{""event"":""onClick"",""binding"":""{() => bulkSendMutation.mutate()}""}]","C2 consumer; retained shared A/B command authority","NOT_EXECUTED: source control row requires action/state/role/keyboard receipt; mounted or static inventory is not a pass","Real authorized UI interaction, registered handler/readback or explicitly blocked existing owner; rendering is not action proof"
"C2-CONTROL-605","client/src/pages/dashboard/ContactDetail.tsx","60","button","{`button-copy-${label}`}","[{""event"":""onClick"",""binding"":""{copy}""}]","C2 consumer; retained shared A/B command authority","NOT_EXECUTED: source control row requires action/state/role/keyboard receipt; mounted or static inventory is not a pass","Real authorized UI interaction, registered handler/readback or explicitly blocked existing owner; rendering is not action proof"
"C2-CONTROL-606","client/src/pages/dashboard/ContactDetail.tsx","175","button","""button-confirmation-history-toggle""","[{""event"":""onClick"",""binding"":""{() => setHistoryOpen((v) => !v)}""}]","C2 consumer; retained shared A/B command authority","NOT_EXECUTED: source control row requires action/state/role/keyboard receipt; mounted or static inventory is not a pass","Real authorized UI interaction, registered handler/readback or explicitly blocked existing owner; rendering is not action proof"
"C2-CONTROL-607","client/src/pages/dashboard/ContactDetail.tsx","307","button","""button-zb-history-toggle""","[{""event"":""onClick"",""binding"":""{() => setOpen((v) => !v)}""}]","C2 consumer; retained shared A/B command authority","NOT_EXECUTED: source control row requires action/state/role/keyboard receipt; mounted or static inventory is not a pass","Real authorized UI interaction, registered handler/readback or explicitly blocked existing owner; rendering is not action proof"
"C2-CONTROL-608","client/src/pages/dashboard/ContactDetail.tsx","513","button","""button-toggle-lifecycle-history""","[{""event"":""onClick"",""binding"":""{() => setOpen(o => !o)}""}]","C2 consumer; retained shared A/B command authority","NOT_EXECUTED: source control row requires action/state/role/keyboard receipt; mounted or static inventory is not a pass","Real authorized UI interaction, registered handler/readback or explicitly blocked existing owner; rendering is not action proof"
"C2-CONTROL-609","client/src/pages/dashboard/ContactDetail.tsx","804","Button","""button-compute-churn""","[{""event"":""onClick"",""binding"":""{() => computeMutation.mutate()}""}]","C2 consumer; retained shared A/B command authority","NOT_EXECUTED: source control row requires action/state/role/keyboard receipt; mounted or static inventory is not a pass","Real authorized UI interaction, registered handler/readback or explicitly blocked existing owner; rendering is not action proof"
"C2-CONTROL-610","client/src/pages/dashboard/ContactDetail.tsx","867","Button","""button-recompute-churn""","[{""event"":""onClick"",""binding"":""{() => computeMutation.mutate()}""}]","C2 consumer; retained shared A/B command authority","NOT_EXECUTED: source control row requires action/state/role/keyboard receipt; mounted or static inventory is not a pass","Real authorized UI interaction, registered handler/readback or explicitly blocked existing owner; rendering is not action proof"
"C2-CONTROL-611","client/src/pages/dashboard/ContactDetail.tsx","874","Button","""button-clear-override""","[{""event"":""onClick"",""binding"":""{() => clearOverrideMutation.mutate()}""}]","C2 consumer; retained shared A/B command authority","NOT_EXECUTED: source control row requires action/state/role/keyboard receipt; mounted or static inventory is not a pass","Real authorized UI interaction, registered handler/readback or explicitly blocked existing owner; rendering is not action proof"
"C2-CONTROL-612","client/src/pages/dashboard/ContactDetail.tsx","879","Button","""button-set-override""","[{""event"":""onClick"",""binding"":""{() => setShowOverrideForm(true)}""}]","C2 consumer; retained shared A/B command authority","NOT_EXECUTED: source control row requires action/state/role/keyboard receipt; mounted or static inventory is not a pass","Real authorized UI interaction, registered handler/readback or explicitly blocked existing owner; rendering is not action proof"
"C2-CONTROL-613","client/src/pages/dashboard/ContactDetail.tsx","903","Input","""input-override-score""","[{""event"":""onChange"",""binding"":""{e => setOverrideScore(e.target.value)}""}]","C2 consumer; retained shared A/B command authority","NOT_EXECUTED: source control row requires action/state/role/keyboard receipt; mounted or static inventory is not a pass","Real authorized UI interaction, registered handler/readback or explicitly blocked existing owner; rendering is not action proof"
"C2-CONTROL-614","client/src/pages/dashboard/ContactDetail.tsx","916","Textarea","""input-override-note""","[{""event"":""onChange"",""binding"":""{e => setOverrideNote(e.target.value)}""}]","C2 consumer; retained shared A/B command authority","NOT_EXECUTED: source control row requires action/state/role/keyboard receipt; mounted or static inventory is not a pass","Real authorized UI interaction, registered handler/readback or explicitly blocked existing owner; rendering is not action proof"
"C2-CONTROL-615","client/src/pages/dashboard/ContactDetail.tsx","925","Button","""button-save-override""","[{""event"":""onClick"",""binding"":""{() => overrideMutation.mutate()}""}]","C2 consumer; retained shared A/B command authority","NOT_EXECUTED: source control row requires action/state/role/keyboard receipt; mounted or static inventory is not a pass","Real authorized UI interaction, registered handler/readback or explicitly blocked existing owner; rendering is not action proof"
"C2-CONTROL-616","client/src/pages/dashboard/ContactDetail.tsx","928","Button","""button-cancel-override""","[{""event"":""onClick"",""binding"":""{() => setShowOverrideForm(false)}""}]","C2 consumer; retained shared A/B command authority","NOT_EXECUTED: source control row requires action/state/role/keyboard receipt; mounted or static inventory is not a pass","Real authorized UI interaction, registered handler/readback or explicitly blocked existing owner; rendering is not action proof"
"C2-CONTROL-617","client/src/pages/dashboard/ContactDetail.tsx","1158","Button","""button-nba-execute""","[{""event"":""onClick"",""binding"":""{() => executeMutation.mutate()}""}]","C2 consumer; retained shared A/B command authority","NOT_EXECUTED: source control row requires action/state/role/keyboard receipt; mounted or static inventory is not a pass","Real authorized UI interaction, registered handler/readback or explicitly blocked existing owner; rendering is not action proof"
"C2-CONTROL-618","client/src/pages/dashboard/ContactDetail.tsx","1168","Button","""button-nba-dismiss""","[{""event"":""onClick"",""binding"":""{() => dismissMutation.mutate()}""}]","C2 consumer; retained shared A/B command authority","NOT_EXECUTED: source control row requires action/state/role/keyboard receipt; mounted or static inventory is not a pass","Real authorized UI interaction, registered handler/readback or explicitly blocked existing owner; rendering is not action proof"
"C2-CONTROL-619","client/src/pages/dashboard/ContactDetail.tsx","1583","Button","""button-back-error""","[{""event"":""onClick"",""binding"":""{() => setLocation(\""/dashboard/contacts\"")}""}]","C2 consumer; retained shared A/B command authority","NOT_EXECUTED: source control row requires action/state/role/keyboard receipt; mounted or static inventory is not a pass","Real authorized UI interaction, registered handler/readback or explicitly blocked existing owner; rendering is not action proof"
"C2-CONTROL-620","client/src/pages/dashboard/ContactDetail.tsx","1883","Button","""button-back""","[{""event"":""onClick"",""binding"":""{() => setLocation(\""/dashboard/contacts\"")}""}]","C2 consumer; retained shared A/B command authority","NOT_EXECUTED: source control row requires action/state/role/keyboard receipt; mounted or static inventory is not a pass","Real authorized UI interaction, registered handler/readback or explicitly blocked existing owner; rendering is not action proof"
"C2-CONTROL-621","client/src/pages/dashboard/ContactDetail.tsx","1893","Input","""input-edit-firstname""","[{""event"":""onChange"",""binding"":""{e => setEditFields(p => ({ ...p, firstName: e.target.value }))}""}]","C2 consumer; retained shared A/B command authority","NOT_EXECUTED: source control row requires action/state/role/keyboard receipt; mounted or static inventory is not a pass","Real authorized UI interaction, registered handler/readback or explicitly blocked existing owner; rendering is not action proof"
"C2-CONTROL-622","client/src/pages/dashboard/ContactDetail.tsx","1899","Input","""input-edit-lastname""","[{""event"":""onChange"",""binding"":""{e => setEditFields(p => ({ ...p, lastName: e.target.value }))}""}]","C2 consumer; retained shared A/B command authority","NOT_EXECUTED: source control row requires action/state/role/keyboard receipt; mounted or static inventory is not a pass","Real authorized UI interaction, registered handler/readback or explicitly blocked existing owner; rendering is not action proof"
"C2-CONTROL-623","client/src/pages/dashboard/ContactDetail.tsx","1939","Input","""input-edit-company""","[{""event"":""onChange"",""binding"":""{e => setEditFields(p => ({ ...p, companyName: e.target.value }))}""}]","C2 consumer; retained shared A/B command authority","NOT_EXECUTED: source control row requires action/state/role/keyboard receipt; mounted or static inventory is not a pass","Real authorized UI interaction, registered handler/readback or explicitly blocked existing owner; rendering is not action proof"
"C2-CONTROL-624","client/src/pages/dashboard/ContactDetail.tsx","1951","Input","""input-edit-email""","[{""event"":""onChange"",""binding"":""{e => setEditFields(p => ({ ...p, email: e.target.value }))}""}]","C2 consumer; retained shared A/B command authority","NOT_EXECUTED: source control row requires action/state/role/keyboard receipt; mounted or static inventory is not a pass","Real authorized UI interaction, registered handler/readback or explicitly blocked existing owner; rendering is not action proof"
"C2-CONTROL-625","client/src/pages/dashboard/ContactDetail.tsx","1969","Input","""input-edit-phone""","[{""event"":""onChange"",""binding"":""{e => setEditFields(p => ({ ...p, phone: e.target.value }))}""}]","C2 consumer; retained shared A/B command authority","NOT_EXECUTED: source control row requires action/state/role/keyboard receipt; mounted or static inventory is not a pass","Real authorized UI interaction, registered handler/readback or explicitly blocked existing owner; rendering is not action proof"
"C2-CONTROL-626","client/src/pages/dashboard/ContactDetail.tsx","1977","a","""link-phone-call""","[{""event"":""onClick"",""binding"":""{(event) => {\n                          if(outbound.blocked){event.preventDefault();return;}\n                          // Public analytics endpoint — authenticated session but\n                          // fire-and-forget; CSRF token attached for authenticated mutation safety.\n                          const _csrfToken = getCsrfToken();\n                          fetch(\""/api/analytics/phone-call-click\"", {\n                            method: \""POST\"",\n                            headers: {\n                              \""Content-Type\"": \""application/json\"",\n                              ...(_csrfToken ? { \""X-CSRF-Token\"": _csrfToken } : {}),\n                            },\n                            credentials: \""include\"",\n                            body: JSON.stringify({ contactId, sourcePage: \""contact_detail\"" }),\n                          }).catch(() => {/* fire-and-forget */});\n                        }}""}]","C2 consumer; retained shared A/B command authority","NOT_EXECUTED: source control row requires action/state/role/keyboard receipt; mounted or static inventory is not a pass","Real authorized UI interaction, registered handler/readback or explicitly blocked existing owner; rendering is not action proof"
"C2-CONTROL-627","client/src/pages/dashboard/ContactDetail.tsx","2009","Select","","[{""event"":""onValueChange"",""binding"":""{(v) => setEditFields(p => ({ ...p, vertical: v === \""_none\"" ? \""\"" : v }))}""}]","C2 consumer; retained shared A/B command authority","NOT_EXECUTED: source control row requires action/state/role/keyboard receipt; mounted or static inventory is not a pass","Real authorized UI interaction, registered handler/readback or explicitly blocked existing owner; rendering is not action proof"
"C2-CONTROL-628","client/src/pages/dashboard/ContactDetail.tsx","2013","SelectTrigger","""select-edit-vertical""","[]","C2 consumer; retained shared A/B command authority","NOT_EXECUTED: source control row requires action/state/role/keyboard receipt; mounted or static inventory is not a pass","Real authorized UI interaction, registered handler/readback or explicitly blocked existing owner; rendering is not action proof"
"C2-CONTROL-629","client/src/pages/dashboard/ContactDetail.tsx","2033","Select","","[{""event"":""onValueChange"",""binding"":""{(v) => setEditFields(p => ({ ...p, assignedTo: v === \""_unassigned\"" ? null : v }))}""}]","C2 consumer; retained shared A/B command authority","NOT_EXECUTED: source control row requires action/state/role/keyboard receipt; mounted or static inventory is not a pass","Real authorized UI interaction, registered handler/readback or explicitly blocked existing owner; rendering is not action proof"
"C2-CONTROL-630","client/src/pages/dashboard/ContactDetail.tsx","2037","SelectTrigger","""select-edit-assigned-to""","[]","C2 consumer; retained shared A/B command authority","NOT_EXECUTED: source control row requires action/state/role/keyboard receipt; mounted or static inventory is not a pass","Real authorized UI interaction, registered handler/readback or explicitly blocked existing owner; rendering is not action proof"
"C2-CONTROL-631","client/src/pages/dashboard/ContactDetail.tsx","2059","Input","""input-edit-referral-source""","[{""event"":""onChange"",""binding"":""{e => setEditFields(p => ({ ...p, referralSource: e.target.value }))}""}]","C2 consumer; retained shared A/B command authority","NOT_EXECUTED: source control row requires action/state/role/keyboard receipt; mounted or static inventory is not a pass","Real authorized UI interaction, registered handler/readback or explicitly blocked existing owner; rendering is not action proof"
"C2-CONTROL-632","client/src/pages/dashboard/ContactDetail.tsx","2078","Input","""input-edit-deal-name""","[{""event"":""onChange"",""binding"":""{e => setEditDealFields(p => ({ ...p, name: e.target.value }))}""}]","C2 consumer; retained shared A/B command authority","NOT_EXECUTED: source control row requires action/state/role/keyboard receipt; mounted or static inventory is not a pass","Real authorized UI interaction, registered handler/readback or explicitly blocked existing owner; rendering is not action proof"
"C2-CONTROL-633","client/src/pages/dashboard/ContactDetail.tsx","2085","Select","","[{""event"":""onValueChange"",""binding"":""{(v) => setEditDealFields(p => ({ ...p, offerPath: v === \""_none\"" ? \""\"" : v }))}""}]","C2 consumer; retained shared A/B command authority","NOT_EXECUTED: source control row requires action/state/role/keyboard receipt; mounted or static inventory is not a pass","Real authorized UI interaction, registered handler/readback or explicitly blocked existing owner; rendering is not action proof"
"C2-CONTROL-634","client/src/pages/dashboard/ContactDetail.tsx","2089","SelectTrigger","""select-edit-deal-offer-path""","[]","C2 consumer; retained shared A/B command authority","NOT_EXECUTED: source control row requires action/state/role/keyboard receipt; mounted or static inventory is not a pass","Real authorized UI interaction, registered handler/readback or explicitly blocked existing owner; rendering is not action proof"
"C2-CONTROL-635","client/src/pages/dashboard/ContactDetail.tsx","2110","button","{`toggle-vertical-${v.toLowerCase().replace(/\W+/g, ""-"")}`}","[{""event"":""onClick"",""binding"":""{() => setEditSupportedVerticals(prev =>\n                            selected ? prev.filter(x => x !== v) : [...prev, v]\n                          )}""}]","C2 consumer; retained shared A/B command authority","NOT_EXECUTED: source control row requires action/state/role/keyboard receipt; mounted or static inventory is not a pass","Real authorized UI interaction, registered handler/readback or explicitly blocked existing owner; rendering is not action proof"
"C2-CONTROL-636","client/src/pages/dashboard/ContactDetail.tsx","2194","button","""badge-part-of-parent""","[{""event"":""onClick"",""binding"":""{() => setLocation(`/dashboard/contacts/${parentAccount.id}`)}""}]","C2 consumer; retained shared A/B command authority","NOT_EXECUTED: source control row requires action/state/role/keyboard receipt; mounted or static inventory is not a pass","Real authorized UI interaction, registered handler/readback or explicitly blocked existing owner; rendering is not action proof"
"C2-CONTROL-637","client/src/pages/dashboard/ContactDetail.tsx","2267","Button","""button-ask-ai-advisor""","[{""event"":""onClick"",""binding"":""{() => {\n                const v = contact.vertical ? encodeURIComponent(contact.vertical) : null;\n                setLocation(`/dashboard/chat${v ? `?vertical=${v}` : \""\""}`);\n              }}""}]","C2 consumer; retained shared A/B command authority","NOT_EXECUTED: source control row requires action/state/role/keyboard receipt; mounted or static inventory is not a pass","Real authorized UI interaction, registered handler/readback or explicitly blocked existing owner; rendering is not action proof"
"C2-CONTROL-638","client/src/pages/dashboard/ContactDetail.tsx","2279","Button","""button-save-edit""","[{""event"":""onClick"",""binding"":""{saveEdit}""}]","C2 consumer; retained shared A/B command authority","NOT_EXECUTED: source control row requires action/state/role/keyboard receipt; mounted or static inventory is not a pass","Real authorized UI interaction, registered handler/readback or explicitly blocked existing owner; rendering is not action proof"
"C2-CONTROL-639","client/src/pages/dashboard/ContactDetail.tsx","2282","Button","""button-cancel-edit""","[{""event"":""onClick"",""binding"":""{() => setIsEditing(false)}""}]","C2 consumer; retained shared A/B command authority","NOT_EXECUTED: source control row requires action/state/role/keyboard receipt; mounted or static inventory is not a pass","Real authorized UI interaction, registered handler/readback or explicitly blocked existing owner; rendering is not action proof"
"C2-CONTROL-640","client/src/pages/dashboard/ContactDetail.tsx","2288","Button","""button-edit""","[{""event"":""onClick"",""binding"":""{startEdit}""}]","C2 consumer; retained shared A/B command authority","NOT_EXECUTED: source control row requires action/state/role/keyboard receipt; mounted or static inventory is not a pass","Real authorized UI interaction, registered handler/readback or explicitly blocked existing owner; rendering is not action proof"
"C2-CONTROL-641","client/src/pages/dashboard/ContactDetail.tsx","2291","Button","""button-compose-email-contact""","[{""event"":""onClick"",""binding"":""{() => setEmailComposerOpen(true)}""}]","C2 consumer; retained shared A/B command authority","NOT_EXECUTED: source control row requires action/state/role/keyboard receipt; mounted or static inventory is not a pass","Real authorized UI interaction, registered handler/readback or explicitly blocked existing owner; rendering is not action proof"
"C2-CONTROL-642","client/src/pages/dashboard/ContactDetail.tsx","2317","a","""link-view-in-ghl""","[]","C2 consumer; retained shared A/B command authority","NOT_EXECUTED: source control row requires action/state/role/keyboard receipt; mounted or static inventory is not a pass","Real authorized UI interaction, registered handler/readback or explicitly blocked existing owner; rendering is not action proof"
"C2-CONTROL-643","client/src/pages/dashboard/ContactDetail.tsx","2333","Button","","[{""event"":""onClick"",""binding"":""{() => void refetchRateReviews()}""}]","C2 consumer; retained shared A/B command authority","NOT_EXECUTED: source control row requires action/state/role/keyboard receipt; mounted or static inventory is not a pass","Real authorized UI interaction, registered handler/readback or explicitly blocked existing owner; rendering is not action proof"
"C2-CONTROL-644","client/src/pages/dashboard/ContactDetail.tsx","2368","Button","{`button-mark-reviewed-${review.id}`}","[{""event"":""onClick"",""binding"":""{() => markRateReviewViewedMutation.mutate(review.id)}""}]","C2 consumer; retained shared A/B command authority","NOT_EXECUTED: source control row requires action/state/role/keyboard receipt; mounted or static inventory is not a pass","Real authorized UI interaction, registered handler/readback or explicitly blocked existing owner; rendering is not action proof"
"C2-CONTROL-645","client/src/pages/dashboard/ContactDetail.tsx","2381","Button","{`button-generate-retention-proposal-${review.id}`}","[{""event"":""onClick"",""binding"":""{() => generateRetentionProposalMutation.mutate(review.id)}""}]","C2 consumer; retained shared A/B command authority","NOT_EXECUTED: source control row requires action/state/role/keyboard receipt; mounted or static inventory is not a pass","Real authorized UI interaction, registered handler/readback or explicitly blocked existing owner; rendering is not action proof"
"C2-CONTROL-646","client/src/pages/dashboard/ContactDetail.tsx","2393","Button","{`button-view-rate-review-doc-${review.id}`}","[{""event"":""onClick"",""binding"":""{() => setActiveTab(\""documents\"")}""}]","C2 consumer; retained shared A/B command authority","NOT_EXECUTED: source control row requires action/state/role/keyboard receipt; mounted or static inventory is not a pass","Real authorized UI interaction, registered handler/readback or explicitly blocked existing owner; rendering is not action proof"
"C2-CONTROL-647","client/src/pages/dashboard/ContactDetail.tsx","2441","button","{`button-remove-tag-${tag}`}","[{""event"":""onClick"",""binding"":""{() => removeTag(tag)}""}]","C2 consumer; retained shared A/B command authority","NOT_EXECUTED: source control row requires action/state/role/keyboard receipt; mounted or static inventory is not a pass","Real authorized UI interaction, registered handler/readback or explicitly blocked existing owner; rendering is not action proof"
"C2-CONTROL-648","client/src/pages/dashboard/ContactDetail.tsx","2450","form","","[{""event"":""onSubmit"",""binding"":""{e => { e.preventDefault(); addTag(); }}""}]","C2 consumer; retained shared A/B command authority","NOT_EXECUTED: source control row requires action/state/role/keyboard receipt; mounted or static inventory is not a pass","Real authorized UI interaction, registered handler/readback or explicitly blocked existing owner; rendering is not action proof"
"C2-CONTROL-649","client/src/pages/dashboard/ContactDetail.tsx","2454","Input","""input-add-tag""","[{""event"":""onChange"",""binding"":""{e => setTagInput(e.target.value)}""}]","C2 consumer; retained shared A/B command authority","NOT_EXECUTED: source control row requires action/state/role/keyboard receipt; mounted or static inventory is not a pass","Real authorized UI interaction, registered handler/readback or explicitly blocked existing owner; rendering is not action proof"
"C2-CONTROL-650","client/src/pages/dashboard/ContactDetail.tsx","2461","Button","""button-add-tag""","[]","C2 consumer; retained shared A/B command authority","NOT_EXECUTED: source control row requires action/state/role/keyboard receipt; mounted or static inventory is not a pass","Real authorized UI interaction, registered handler/readback or explicitly blocked existing owner; rendering is not action proof"
"C2-CONTROL-651","client/src/pages/dashboard/ContactDetail.tsx","2480","Button","""button-trigger-rescore""","[{""event"":""onClick"",""binding"":""{async () => {\n              try {\n                await apiRequest(\""POST\"", `/api/contacts/${contact.id}/trigger-rescore`, {});\n                toast({ title: \""Re-score queued\"", description: \""Readiness score will update within a minute.\"" });\n              } catch {\n                toast({ title: \""Error\"", description: \""Could not queue re-score. Try again.\"", variant: \""destructive\"" });\n              }\n            }}""}]","C2 consumer; retained shared A/B command authority","NOT_EXECUTED: source control row requires action/state/role/keyboard receipt; mounted or static inventory is not a pass","Real authorized UI interaction, registered handler/readback or explicitly blocked existing owner; rendering is not action proof"
"C2-CONTROL-652","client/src/pages/dashboard/ContactDetail.tsx","2505","Button","""button-add-company""","[{""event"":""onClick"",""binding"":""{() => {\n              setCompanyMode(\""existing\"");\n              setShowCompanyDialog(true);\n            }}""}]","C2 consumer; retained shared A/B command authority","NOT_EXECUTED: source control row requires action/state/role/keyboard receipt; mounted or static inventory is not a pass","Real authorized UI interaction, registered handler/readback or explicitly blocked existing owner; rendering is not action proof"
"C2-CONTROL-653","client/src/pages/dashboard/ContactDetail.tsx","2520","Button","","[{""event"":""onClick"",""binding"":""{() => void retryContactCompanies()}""}]","C2 consumer; retained shared A/B command authority","NOT_EXECUTED: source control row requires action/state/role/keyboard receipt; mounted or static inventory is not a pass","Real authorized UI interaction, registered handler/readback or explicitly blocked existing owner; rendering is not action proof"
"C2-CONTROL-654","client/src/pages/dashboard/ContactDetail.tsx","2536","button","{`link-company-detail-${cc.id}`}","[{""event"":""onClick"",""binding"":""{() => setLocation(`/dashboard/companies/${cc.companyId}`)}""}]","C2 consumer; retained shared A/B command authority","NOT_EXECUTED: source control row requires action/state/role/keyboard receipt; mounted or static inventory is not a pass","Real authorized UI interaction, registered handler/readback or explicitly blocked existing owner; rendering is not action proof"
"C2-CONTROL-655","client/src/pages/dashboard/ContactDetail.tsx","2559","Button","{`button-remove-company-${cc.id}`}","[{""event"":""onClick"",""binding"":""{() => removeCompanyAssociation.mutate(cc.id)}""}]","C2 consumer; retained shared A/B command authority","NOT_EXECUTED: source control row requires action/state/role/keyboard receipt; mounted or static inventory is not a pass","Real authorized UI interaction, registered handler/readback or explicitly blocked existing owner; rendering is not action proof"
"C2-CONTROL-656","client/src/pages/dashboard/ContactDetail.tsx","2579","Button","""button-log-call""","[{""event"":""onClick"",""binding"":""{() => setLogCallOpen(true)}""}]","C2 consumer; retained shared A/B command authority","NOT_EXECUTED: source control row requires action/state/role/keyboard receipt; mounted or static inventory is not a pass","Real authorized UI interaction, registered handler/readback or explicitly blocked existing owner; rendering is not action proof"
"C2-CONTROL-657","client/src/pages/dashboard/ContactDetail.tsx","2582","Button","""button-add-note""","[{""event"":""onClick"",""binding"":""{() => { setActiveTab(\""notes\""); }}""}]","C2 consumer; retained shared A/B command authority","NOT_EXECUTED: source control row requires action/state/role/keyboard receipt; mounted or static inventory is not a pass","Real authorized UI interaction, registered handler/readback or explicitly blocked existing owner; rendering is not action proof"
"C2-CONTROL-658","client/src/pages/dashboard/ContactDetail.tsx","2585","Button","""button-create-deal""","[{""event"":""onClick"",""binding"":""{() => setShowDealDialog(true)}""}]","C2 consumer; retained shared A/B command authority","NOT_EXECUTED: source control row requires action/state/role/keyboard receipt; mounted or static inventory is not a pass","Real authorized UI interaction, registered handler/readback or explicitly blocked existing owner; rendering is not action proof"
"C2-CONTROL-659","client/src/pages/dashboard/ContactDetail.tsx","2588","Button","""button-create-task""","[{""event"":""onClick"",""binding"":""{() => setShowTaskDialog(true)}""}]","C2 consumer; retained shared A/B command authority","NOT_EXECUTED: source control row requires action/state/role/keyboard receipt; mounted or static inventory is not a pass","Real authorized UI interaction, registered handler/readback or explicitly blocked existing owner; rendering is not action proof"
"C2-CONTROL-660","client/src/pages/dashboard/ContactDetail.tsx","2591","Button","""button-create-ticket""","[{""event"":""onClick"",""binding"":""{() => setShowTicketDialog(true)}""}]","C2 consumer; retained shared A/B command authority","NOT_EXECUTED: source control row requires action/state/role/keyboard receipt; mounted or static inventory is not a pass","Real authorized UI interaction, registered handler/readback or explicitly blocked existing owner; rendering is not action proof"
"C2-CONTROL-661","client/src/pages/dashboard/ContactDetail.tsx","2598","button","""mobile-action-log-call""","[{""event"":""onClick"",""binding"":""{() => setLogCallOpen(true)}""}]","C2 consumer; retained shared A/B command authority","NOT_EXECUTED: source control row requires action/state/role/keyboard receipt; mounted or static inventory is not a pass","Real authorized UI interaction, registered handler/readback or explicitly blocked existing owner; rendering is not action proof"
"C2-CONTROL-662","client/src/pages/dashboard/ContactDetail.tsx","2606","button","""mobile-action-email""","[{""event"":""onClick"",""binding"":""{() => setEmailComposerOpen(true)}""}]","C2 consumer; retained shared A/B command authority","NOT_EXECUTED: source control row requires action/state/role/keyboard receipt; mounted or static inventory is not a pass","Real authorized UI interaction, registered handler/readback or explicitly blocked existing owner; rendering is not action proof"
"C2-CONTROL-663","client/src/pages/dashboard/ContactDetail.tsx","2614","button","""mobile-action-edit""","[{""event"":""onClick"",""binding"":""{startEdit}""}]","C2 consumer; retained shared A/B command authority","NOT_EXECUTED: source control row requires action/state/role/keyboard receipt; mounted or static inventory is not a pass","Real authorized UI interaction, registered handler/readback or explicitly blocked existing owner; rendering is not action proof"
"C2-CONTROL-664","client/src/pages/dashboard/ContactDetail.tsx","2622","button","""mobile-action-deal""","[{""event"":""onClick"",""binding"":""{() => setShowDealDialog(true)}""}]","C2 consumer; retained shared A/B command authority","NOT_EXECUTED: source control row requires action/state/role/keyboard receipt; mounted or static inventory is not a pass","Real authorized UI interaction, registered handler/readback or explicitly blocked existing owner; rendering is not action proof"
"C2-CONTROL-665","client/src/pages/dashboard/ContactDetail.tsx","2630","button","""mobile-action-task""","[{""event"":""onClick"",""binding"":""{() => setShowTaskDialog(true)}""}]","C2 consumer; retained shared A/B command authority","NOT_EXECUTED: source control row requires action/state/role/keyboard receipt; mounted or static inventory is not a pass","Real authorized UI interaction, registered handler/readback or explicitly blocked existing owner; rendering is not action proof"
"C2-CONTROL-666","client/src/pages/dashboard/ContactDetail.tsx","2638","button","""mobile-action-ai""","[{""event"":""onClick"",""binding"":""{() => {\n            const v = contact.vertical ? encodeURIComponent(contact.vertical) : null;\n            setLocation(`/dashboard/chat${v ? `?vertical=${v}` : \""\""}`);\n          }}""}]","C2 consumer; retained shared A/B command authority","NOT_EXECUTED: source control row requires action/state/role/keyboard receipt; mounted or static inventory is not a pass","Real authorized UI interaction, registered handler/readback or explicitly blocked existing owner; rendering is not action proof"
"C2-CONTROL-667","client/src/pages/dashboard/ContactDetail.tsx","2658","Button","","[{""event"":""onClick"",""binding"":""{() => setDrawer(\""activity\"")}""}]","C2 consumer; retained shared A/B command authority","NOT_EXECUTED: source control row requires action/state/role/keyboard receipt; mounted or static inventory is not a pass","Real authorized UI interaction, registered handler/readback or explicitly blocked existing owner; rendering is not action proof"
"C2-CONTROL-668","client/src/pages/dashboard/ContactDetail.tsx","2659","Button","","[{""event"":""onClick"",""binding"":""{() => setDrawer(\""history\"")}""}]","C2 consumer; retained shared A/B command authority","NOT_EXECUTED: source control row requires action/state/role/keyboard receipt; mounted or static inventory is not a pass","Real authorized UI interaction, registered handler/readback or explicitly blocked existing owner; rendering is not action proof"
"C2-CONTROL-669","client/src/pages/dashboard/ContactDetail.tsx","2662","Tabs","""contact-tabs""","[{""event"":""onValueChange"",""binding"":""{setActiveTab}""}]","C2 consumer; retained shared A/B command authority","NOT_EXECUTED: source control row requires action/state/role/keyboard receipt; mounted or static inventory is not a pass","Real authorized UI interaction, registered handler/readback or explicitly blocked existing owner; rendering is not action proof"
"C2-CONTROL-670","client/src/pages/dashboard/ContactDetail.tsx","2666","TabsTrigger","{`tab-${section}`}","[]","C2 consumer; retained shared A/B command authority","NOT_EXECUTED: source control row requires action/state/role/keyboard receipt; mounted or static inventory is not a pass","Real authorized UI interaction, registered handler/readback or explicitly blocked existing owner; rendering is not action proof"
"C2-CONTROL-671","client/src/pages/dashboard/ContactDetail.tsx","2773","Button","""button-log-call-in-tab""","[{""event"":""onClick"",""binding"":""{() => setLogCallOpen(true)}""}]","C2 consumer; retained shared A/B command authority","NOT_EXECUTED: source control row requires action/state/role/keyboard receipt; mounted or static inventory is not a pass","Real authorized UI interaction, registered handler/readback or explicitly blocked existing owner; rendering is not action proof"
"C2-CONTROL-672","client/src/pages/dashboard/ContactDetail.tsx","2852","CrmDetailDrawer","","[{""event"":""onOpenChange"",""binding"":""{(open) => setDrawer(open ? \""activity\"" : null)}""}]","C2 consumer; retained shared A/B command authority","NOT_EXECUTED: source control row requires action/state/role/keyboard receipt; mounted or static inventory is not a pass","Real authorized UI interaction, registered handler/readback or explicitly blocked existing owner; rendering is not action proof"
"C2-CONTROL-673","client/src/pages/dashboard/ContactDetail.tsx","2857","Button","","[{""event"":""onClick"",""binding"":""{() => void retryActivity()}""}]","C2 consumer; retained shared A/B command authority","NOT_EXECUTED: source control row requires action/state/role/keyboard receipt; mounted or static inventory is not a pass","Real authorized UI interaction, registered handler/readback or explicitly blocked existing owner; rendering is not action proof"
"C2-CONTROL-674","client/src/pages/dashboard/ContactDetail.tsx","2861","CrmDetailDrawer","","[{""event"":""onOpenChange"",""binding"":""{(open) => setDrawer(open ? \""history\"" : null)}""}]","C2 consumer; retained shared A/B command authority","NOT_EXECUTED: source control row requires action/state/role/keyboard receipt; mounted or static inventory is not a pass","Real authorized UI interaction, registered handler/readback or explicitly blocked existing owner; rendering is not action proof"
"C2-CONTROL-675","client/src/pages/dashboard/ContactDetail.tsx","2871","button","""mobile-action-note""","[{""event"":""onClick"",""binding"":""{() => setActiveTab(\""notes\"")}""}]","C2 consumer; retained shared A/B command authority","NOT_EXECUTED: source control row requires action/state/role/keyboard receipt; mounted or static inventory is not a pass","Real authorized UI interaction, registered handler/readback or explicitly blocked existing owner; rendering is not action proof"
"C2-CONTROL-676","client/src/pages/dashboard/ContactDetail.tsx","2879","button","""mobile-action-deal""","[{""event"":""onClick"",""binding"":""{() => setShowDealDialog(true)}""}]","C2 consumer; retained shared A/B command authority","NOT_EXECUTED: source control row requires action/state/role/keyboard receipt; mounted or static inventory is not a pass","Real authorized UI interaction, registered handler/readback or explicitly blocked existing owner; rendering is not action proof"
"C2-CONTROL-677","client/src/pages/dashboard/ContactDetail.tsx","2887","button","""mobile-action-email""","[{""event"":""onClick"",""binding"":""{() => setEmailComposerOpen(true)}""}]","C2 consumer; retained shared A/B command authority","NOT_EXECUTED: source control row requires action/state/role/keyboard receipt; mounted or static inventory is not a pass","Real authorized UI interaction, registered handler/readback or explicitly blocked existing owner; rendering is not action proof"
"C2-CONTROL-678","client/src/pages/dashboard/ContactDetail.tsx","2895","button","""mobile-action-task""","[{""event"":""onClick"",""binding"":""{() => setShowTaskDialog(true)}""}]","C2 consumer; retained shared A/B command authority","NOT_EXECUTED: source control row requires action/state/role/keyboard receipt; mounted or static inventory is not a pass","Real authorized UI interaction, registered handler/readback or explicitly blocked existing owner; rendering is not action proof"
"C2-CONTROL-679","client/src/components/CallAssistPanel.tsx","49","select","","[{""event"":""onChange"",""binding"":""{(e) => setPhase(e.target.value as Phase)}""}]","C2 consumer; retained shared A/B command authority","NOT_EXECUTED: source control row requires action/state/role/keyboard receipt; mounted or static inventory is not a pass","Real authorized UI interaction, registered handler/readback or explicitly blocked existing owner; rendering is not action proof"
"C2-CONTROL-680","client/src/components/CallAssistPanel.tsx","59","Input","","[{""event"":""onChange"",""binding"":""{(e) => setCategory(e.target.value)}""}]","C2 consumer; retained shared A/B command authority","NOT_EXECUTED: source control row requires action/state/role/keyboard receipt; mounted or static inventory is not a pass","Real authorized UI interaction, registered handler/readback or explicitly blocked existing owner; rendering is not action proof"
"C2-CONTROL-681","client/src/components/CallAssistPanel.tsx","60","Textarea","","[{""event"":""onChange"",""binding"":""{(e) => setNote(e.target.value)}""}]","C2 consumer; retained shared A/B command authority","NOT_EXECUTED: source control row requires action/state/role/keyboard receipt; mounted or static inventory is not a pass","Real authorized UI interaction, registered handler/readback or explicitly blocked existing owner; rendering is not action proof"
"C2-CONTROL-682","client/src/components/CallAssistPanel.tsx","64","Textarea","","[{""event"":""onChange"",""binding"":""{(e) => setQuestion(e.target.value)}""}]","C2 consumer; retained shared A/B command authority","NOT_EXECUTED: source control row requires action/state/role/keyboard receipt; mounted or static inventory is not a pass","Real authorized UI interaction, registered handler/readback or explicitly blocked existing owner; rendering is not action proof"
"C2-CONTROL-683","client/src/components/CallAssistPanel.tsx","65","Button","","[{""event"":""onClick"",""binding"":""{submit}""}]","C2 consumer; retained shared A/B command authority","NOT_EXECUTED: source control row requires action/state/role/keyboard receipt; mounted or static inventory is not a pass","Real authorized UI interaction, registered handler/readback or explicitly blocked existing owner; rendering is not action proof"
"C2-CONTROL-684","client/src/pages/dashboard/contact-detail-tabs/NextStepsWidget.tsx","84","Select","","[{""event"":""onValueChange"",""binding"":""{setActionType}""}]","C2 consumer; retained shared A/B command authority","NOT_EXECUTED: source control row requires action/state/role/keyboard receipt; mounted or static inventory is not a pass","Real authorized UI interaction, registered handler/readback or explicitly blocked existing owner; rendering is not action proof"
"C2-CONTROL-685","client/src/pages/dashboard/contact-detail-tabs/NextStepsWidget.tsx","85","SelectTrigger","""select-next-action-type""","[]","C2 consumer; retained shared A/B command authority","NOT_EXECUTED: source control row requires action/state/role/keyboard receipt; mounted or static inventory is not a pass","Real authorized UI interaction, registered handler/readback or explicitly blocked existing owner; rendering is not action proof"
"C2-CONTROL-686","client/src/pages/dashboard/contact-detail-tabs/NextStepsWidget.tsx","99","Input","""input-next-step-datetime""","[{""event"":""onChange"",""binding"":""{(e) => setDueDate(e.target.value)}""}]","C2 consumer; retained shared A/B command authority","NOT_EXECUTED: source control row requires action/state/role/keyboard receipt; mounted or static inventory is not a pass","Real authorized UI interaction, registered handler/readback or explicitly blocked existing owner; rendering is not action proof"
"C2-CONTROL-687","client/src/pages/dashboard/contact-detail-tabs/NextStepsWidget.tsx","111","Input","""input-next-step-note""","[{""event"":""onChange"",""binding"":""{(e) => setNote(e.target.value)}""}]","C2 consumer; retained shared A/B command authority","NOT_EXECUTED: source control row requires action/state/role/keyboard receipt; mounted or static inventory is not a pass","Real authorized UI interaction, registered handler/readback or explicitly blocked existing owner; rendering is not action proof"
"C2-CONTROL-688","client/src/pages/dashboard/contact-detail-tabs/NextStepsWidget.tsx","122","Button","""button-save-next-step""","[{""event"":""onClick"",""binding"":""{() => createMutation.mutate()}""}]","C2 consumer; retained shared A/B command authority","NOT_EXECUTED: source control row requires action/state/role/keyboard receipt; mounted or static inventory is not a pass","Real authorized UI interaction, registered handler/readback or explicitly blocked existing owner; rendering is not action proof"
"C2-CONTROL-689","client/src/pages/dashboard/contact-detail-tabs/NextStepsWidget.tsx","135","Button","""button-cancel-next-step""","[{""event"":""onClick"",""binding"":""{onCancel}""}]","C2 consumer; retained shared A/B command authority","NOT_EXECUTED: source control row requires action/state/role/keyboard receipt; mounted or static inventory is not a pass","Real authorized UI interaction, registered handler/readback or explicitly blocked existing owner; rendering is not action proof"
"C2-CONTROL-690","client/src/pages/dashboard/contact-detail-tabs/NextStepsWidget.tsx","181","Button","""button-open-next-steps""","[{""event"":""onClick"",""binding"":""{() => setExpanded(true)}""}]","C2 consumer; retained shared A/B command authority","NOT_EXECUTED: source control row requires action/state/role/keyboard receipt; mounted or static inventory is not a pass","Real authorized UI interaction, registered handler/readback or explicitly blocked existing owner; rendering is not action proof"
"C2-CONTROL-691","client/src/pages/dashboard/contact-detail-tabs/NextStepsWidget.tsx","197","Button","""button-open-next-steps-mobile""","[{""event"":""onClick"",""binding"":""{() => setSheetOpen(true)}""}]","C2 consumer; retained shared A/B command authority","NOT_EXECUTED: source control row requires action/state/role/keyboard receipt; mounted or static inventory is not a pass","Real authorized UI interaction, registered handler/readback or explicitly blocked existing owner; rendering is not action proof"
"C2-CONTROL-692","client/src/pages/dashboard/contact-detail-tabs/NextStepsWidget.tsx","208","Sheet","","[{""event"":""onOpenChange"",""binding"":""{setSheetOpen}""}]","C2 consumer; retained shared A/B command authority","NOT_EXECUTED: source control row requires action/state/role/keyboard receipt; mounted or static inventory is not a pass","Real authorized UI interaction, registered handler/readback or explicitly blocked existing owner; rendering is not action proof"
"C2-CONTROL-693","client/src/pages/dashboard/contact-detail-tabs/LogCallSheet.tsx","114","Sheet","","[{""event"":""onOpenChange"",""binding"":""{(v) => { if (!v) { reset(); onClose(); } }}""}]","C2 consumer; retained shared A/B command authority","NOT_EXECUTED: source control row requires action/state/role/keyboard receipt; mounted or static inventory is not a pass","Real authorized UI interaction, registered handler/readback or explicitly blocked existing owner; rendering is not action proof"
"C2-CONTROL-694","client/src/pages/dashboard/contact-detail-tabs/LogCallSheet.tsx","127","Select","","[{""event"":""onValueChange"",""binding"":""{setOutcome}""}]","C2 consumer; retained shared A/B command authority","NOT_EXECUTED: source control row requires action/state/role/keyboard receipt; mounted or static inventory is not a pass","Real authorized UI interaction, registered handler/readback or explicitly blocked existing owner; rendering is not action proof"
"C2-CONTROL-695","client/src/pages/dashboard/contact-detail-tabs/LogCallSheet.tsx","128","SelectTrigger","""select-call-outcome""","[]","C2 consumer; retained shared A/B command authority","NOT_EXECUTED: source control row requires action/state/role/keyboard receipt; mounted or static inventory is not a pass","Real authorized UI interaction, registered handler/readback or explicitly blocked existing owner; rendering is not action proof"
"C2-CONTROL-696","client/src/pages/dashboard/contact-detail-tabs/LogCallSheet.tsx","147","Input","""input-call-duration""","[{""event"":""onChange"",""binding"":""{(e) => setDuration(e.target.value)}""}]","C2 consumer; retained shared A/B command authority","NOT_EXECUTED: source control row requires action/state/role/keyboard receipt; mounted or static inventory is not a pass","Real authorized UI interaction, registered handler/readback or explicitly blocked existing owner; rendering is not action proof"
"C2-CONTROL-697","client/src/pages/dashboard/contact-detail-tabs/LogCallSheet.tsx","162","Textarea","""textarea-call-notes""","[{""event"":""onChange"",""binding"":""{(e) => setNotes(e.target.value)}""}]","C2 consumer; retained shared A/B command authority","NOT_EXECUTED: source control row requires action/state/role/keyboard receipt; mounted or static inventory is not a pass","Real authorized UI interaction, registered handler/readback or explicitly blocked existing owner; rendering is not action proof"
"C2-CONTROL-698","client/src/pages/dashboard/contact-detail-tabs/LogCallSheet.tsx","175","Textarea","""textarea-call-next-steps""","[{""event"":""onChange"",""binding"":""{(e) => setNextSteps(e.target.value)}""}]","C2 consumer; retained shared A/B command authority","NOT_EXECUTED: source control row requires action/state/role/keyboard receipt; mounted or static inventory is not a pass","Real authorized UI interaction, registered handler/readback or explicitly blocked existing owner; rendering is not action proof"
"C2-CONTROL-699","client/src/pages/dashboard/contact-detail-tabs/LogCallSheet.tsx","187","input","""checkbox-create-task""","[{""event"":""onChange"",""binding"":""{(e) => setCreateTask(e.target.checked)}""}]","C2 consumer; retained shared A/B command authority","NOT_EXECUTED: source control row requires action/state/role/keyboard receipt; mounted or static inventory is not a pass","Real authorized UI interaction, registered handler/readback or explicitly blocked existing owner; rendering is not action proof"
"C2-CONTROL-700","client/src/pages/dashboard/contact-detail-tabs/LogCallSheet.tsx","204","Select","","[{""event"":""onValueChange"",""binding"":""{setTaskType}""}]","C2 consumer; retained shared A/B command authority","NOT_EXECUTED: source control row requires action/state/role/keyboard receipt; mounted or static inventory is not a pass","Real authorized UI interaction, registered handler/readback or explicitly blocked existing owner; rendering is not action proof"
"C2-CONTROL-701","client/src/pages/dashboard/contact-detail-tabs/LogCallSheet.tsx","205","SelectTrigger","""select-task-type""","[]","C2 consumer; retained shared A/B command authority","NOT_EXECUTED: source control row requires action/state/role/keyboard receipt; mounted or static inventory is not a pass","Real authorized UI interaction, registered handler/readback or explicitly blocked existing owner; rendering is not action proof"
"C2-CONTROL-702","client/src/pages/dashboard/contact-detail-tabs/LogCallSheet.tsx","217","Input","""input-task-due""","[{""event"":""onChange"",""binding"":""{(e) => setTaskDue(e.target.value)}""}]","C2 consumer; retained shared A/B command authority","NOT_EXECUTED: source control row requires action/state/role/keyboard receipt; mounted or static inventory is not a pass","Real authorized UI interaction, registered handler/readback or explicitly blocked existing owner; rendering is not action proof"
"C2-CONTROL-703","client/src/pages/dashboard/contact-detail-tabs/LogCallSheet.tsx","227","Input","""input-task-note""","[{""event"":""onChange"",""binding"":""{(e) => setTaskNote(e.target.value)}""}]","C2 consumer; retained shared A/B command authority","NOT_EXECUTED: source control row requires action/state/role/keyboard receipt; mounted or static inventory is not a pass","Real authorized UI interaction, registered handler/readback or explicitly blocked existing owner; rendering is not action proof"
"C2-CONTROL-704","client/src/pages/dashboard/contact-detail-tabs/LogCallSheet.tsx","239","Button","""button-save-call-log""","[{""event"":""onClick"",""binding"":""{() => logMutation.mutate()}""}]","C2 consumer; retained shared A/B command authority","NOT_EXECUTED: source control row requires action/state/role/keyboard receipt; mounted or static inventory is not a pass","Real authorized UI interaction, registered handler/readback or explicitly blocked existing owner; rendering is not action proof"
"C2-CONTROL-705","client/src/pages/dashboard/contact-detail-tabs/LogCallSheet.tsx","251","Button","""button-cancel-call-log""","[{""event"":""onClick"",""binding"":""{() => { reset(); onClose(); }}""}]","C2 consumer; retained shared A/B command authority","NOT_EXECUTED: source control row requires action/state/role/keyboard receipt; mounted or static inventory is not a pass","Real authorized UI interaction, registered handler/readback or explicitly blocked existing owner; rendering is not action proof"
"C2-CONTROL-706","client/src/pages/dashboard/contact-detail-tabs/CallLogsTab.tsx","99","a","{`link-voicemail-play-${vm.id}`}","[]","C2 consumer; retained shared A/B command authority","NOT_EXECUTED: source control row requires action/state/role/keyboard receipt; mounted or static inventory is not a pass","Real authorized UI interaction, registered handler/readback or explicitly blocked existing owner; rendering is not action proof"
"C2-CONTROL-707","client/src/pages/dashboard/contact-detail-tabs/CommunicationTimelineTab.tsx","259","Button","""btn-retry-comm-timeline""","[{""event"":""onClick"",""binding"":""{() => refetch()}""}]","C2 consumer; retained shared A/B command authority","NOT_EXECUTED: source control row requires action/state/role/keyboard receipt; mounted or static inventory is not a pass","Real authorized UI interaction, registered handler/readback or explicitly blocked existing owner; rendering is not action proof"
"C2-CONTROL-708","client/src/pages/dashboard/contact-detail-tabs/CommunicationTimelineTab.tsx","300","Button","""btn-log-inbound-sms""","[{""event"":""onClick"",""binding"":""{async () => {\n            const body = window.prompt(\""Briefly summarize the SMS received:\"");\n            if (!body?.trim()) return;\n            try {\n              const token = await getCsrfToken();\n              const res = await fetch(`/api/contacts/${contactId}/communication-events`, {\n                method: \""POST\"",\n                credentials: \""include\"",\n                headers: { \""Content-Type\"": \""application/json\"", \""x-csrf-token\"": token ?? \""\"" },\n                body: JSON.stringify({ direction: \""inbound\"", channel: \""sms\"", provider: \""manual\"", body: body.trim(), status: \""received\"", sentBy: \""human\"" }),\n              });\n              if (res.ok) {\n                toast({ title: \""Inbound SMS logged\"" });\n                queryClient.invalidateQueries({ queryKey: [\""/api/contacts\"", contactId, \""communication-timeline\""] });\n              } else {\n                toast({ title: \""Could not log SMS\"", variant: \""destructive\"" });\n              }\n            } catch { toast({ title: \""Failed to log SMS\"", variant: \""destructive\"" }); }\n          }}""}]","C2 consumer; retained shared A/B command authority","NOT_EXECUTED: source control row requires action/state/role/keyboard receipt; mounted or static inventory is not a pass","Real authorized UI interaction, registered handler/readback or explicitly blocked existing owner; rendering is not action proof"
"C2-CONTROL-709","client/src/pages/dashboard/contact-detail-tabs/CommunicationTimelineTab.tsx","327","Button","""btn-refresh-comm-timeline""","[{""event"":""onClick"",""binding"":""{() => refetch()}""}]","C2 consumer; retained shared A/B command authority","NOT_EXECUTED: source control row requires action/state/role/keyboard receipt; mounted or static inventory is not a pass","Real authorized UI interaction, registered handler/readback or explicitly blocked existing owner; rendering is not action proof"
"C2-CONTROL-710","client/src/pages/dashboard/contact-detail-tabs/DeliveryLogTab.tsx","87","Button","""btn-retry-delivery-log""","[{""event"":""onClick"",""binding"":""{() => refetch()}""}]","C2 consumer; retained shared A/B command authority","NOT_EXECUTED: source control row requires action/state/role/keyboard receipt; mounted or static inventory is not a pass","Real authorized UI interaction, registered handler/readback or explicitly blocked existing owner; rendering is not action proof"
"C2-CONTROL-711","client/src/pages/dashboard/contact-detail-tabs/SalesPrepTab.tsx","161","Button","{`button-confirm-remove-${enrollment.id}`}","[{""event"":""onClick"",""binding"":""{() => cancelMutation.mutate(enrollment)}""}]","C3 evidence/preparation interior; C2 composition/context","NOT_EXECUTED: source control row requires action/state/role/keyboard receipt; mounted or static inventory is not a pass","Real authorized UI interaction, registered handler/readback or explicitly blocked existing owner; rendering is not action proof"
"C2-CONTROL-712","client/src/pages/dashboard/contact-detail-tabs/SalesPrepTab.tsx","171","Button","{`button-cancel-remove-${enrollment.id}`}","[{""event"":""onClick"",""binding"":""{() => setConfirmId(null)}""}]","C3 evidence/preparation interior; C2 composition/context","NOT_EXECUTED: source control row requires action/state/role/keyboard receipt; mounted or static inventory is not a pass","Real authorized UI interaction, registered handler/readback or explicitly blocked existing owner; rendering is not action proof"
"C2-CONTROL-713","client/src/pages/dashboard/contact-detail-tabs/SalesPrepTab.tsx","184","Button","{`button-${enrollment.status === ""paused"" ? ""resume"" : ""pause""}-enrollment-${enrollment.id}`}","[{""event"":""onClick"",""binding"":""{() => pauseMutation.mutate(enrollment)}""}]","C3 evidence/preparation interior; C2 composition/context","NOT_EXECUTED: source control row requires action/state/role/keyboard receipt; mounted or static inventory is not a pass","Real authorized UI interaction, registered handler/readback or explicitly blocked existing owner; rendering is not action proof"
"C2-CONTROL-714","client/src/pages/dashboard/contact-detail-tabs/SalesPrepTab.tsx","198","Button","{`button-remove-enrollment-${enrollment.id}`}","[{""event"":""onClick"",""binding"":""{() => setConfirmId(enrollment.id)}""}]","C3 evidence/preparation interior; C2 composition/context","NOT_EXECUTED: source control row requires action/state/role/keyboard receipt; mounted or static inventory is not a pass","Real authorized UI interaction, registered handler/readback or explicitly blocked existing owner; rendering is not action proof"
"C2-CONTROL-715","client/src/pages/dashboard/contact-detail-tabs/SalesPrepTab.tsx","416","Select","","[{""event"":""onValueChange"",""binding"":""{(val) => {\n                      setSelectedSequenceId(val);\n                      setAlreadyEnrolledMsg(null);\n                    }}""}]","C3 evidence/preparation interior; C2 composition/context","NOT_EXECUTED: source control row requires action/state/role/keyboard receipt; mounted or static inventory is not a pass","Real authorized UI interaction, registered handler/readback or explicitly blocked existing owner; rendering is not action proof"
"C2-CONTROL-716","client/src/pages/dashboard/contact-detail-tabs/SalesPrepTab.tsx","423","SelectTrigger","""select-sequence""","[]","C3 evidence/preparation interior; C2 composition/context","NOT_EXECUTED: source control row requires action/state/role/keyboard receipt; mounted or static inventory is not a pass","Real authorized UI interaction, registered handler/readback or explicitly blocked existing owner; rendering is not action proof"
"C2-CONTROL-717","client/src/pages/dashboard/contact-detail-tabs/SalesPrepTab.tsx","447","Checkbox","""checkbox-confirm-enroll""","[{""event"":""onCheckedChange"",""binding"":""{(v) => setConfirmed(Boolean(v))}""}]","C3 evidence/preparation interior; C2 composition/context","NOT_EXECUTED: source control row requires action/state/role/keyboard receipt; mounted or static inventory is not a pass","Real authorized UI interaction, registered handler/readback or explicitly blocked existing owner; rendering is not action proof"
"C2-CONTROL-718","client/src/pages/dashboard/contact-detail-tabs/SalesPrepTab.tsx","476","Button","""button-enroll-submit""","[{""event"":""onClick"",""binding"":""{() => enrollMutation.mutate()}""}]","C3 evidence/preparation interior; C2 composition/context","NOT_EXECUTED: source control row requires action/state/role/keyboard receipt; mounted or static inventory is not a pass","Real authorized UI interaction, registered handler/readback or explicitly blocked existing owner; rendering is not action proof"
"C2-CONTROL-719","client/src/pages/dashboard/contact-detail-tabs/SalesPrepTab.tsx","560","Button","""button-generate-sales-prep""","[{""event"":""onClick"",""binding"":""{() => generateMutation.mutate()}""}]","C3 evidence/preparation interior; C2 composition/context","NOT_EXECUTED: source control row requires action/state/role/keyboard receipt; mounted or static inventory is not a pass","Real authorized UI interaction, registered handler/readback or explicitly blocked existing owner; rendering is not action proof"
"C2-CONTROL-720","client/src/pages/dashboard/contact-detail-tabs/SalesPrepTab.tsx","599","Button","""button-regenerate-sales-prep""","[{""event"":""onClick"",""binding"":""{() => generateMutation.mutate()}""}]","C3 evidence/preparation interior; C2 composition/context","NOT_EXECUTED: source control row requires action/state/role/keyboard receipt; mounted or static inventory is not a pass","Real authorized UI interaction, registered handler/readback or explicitly blocked existing owner; rendering is not action proof"
"C2-CONTROL-721","client/src/pages/dashboard/contact-detail-tabs/OfferIntelligenceTab.tsx","121","Button","""button-refresh-offer-route""","[{""event"":""onClick"",""binding"":""{() => refreshMutation.mutate()}""}]","C2 consumer; retained shared A/B command authority","NOT_EXECUTED: source control row requires action/state/role/keyboard receipt; mounted or static inventory is not a pass","Real authorized UI interaction, registered handler/readback or explicitly blocked existing owner; rendering is not action proof"
"C2-CONTROL-722","client/src/pages/dashboard/contact-detail-tabs/OfferIntelligenceTab.tsx","148","Button","""button-refresh-offer-route""","[{""event"":""onClick"",""binding"":""{() => refreshMutation.mutate()}""}]","C2 consumer; retained shared A/B command authority","NOT_EXECUTED: source control row requires action/state/role/keyboard receipt; mounted or static inventory is not a pass","Real authorized UI interaction, registered handler/readback or explicitly blocked existing owner; rendering is not action proof"
"C2-CONTROL-723","client/src/pages/dashboard/contact-detail-tabs/OfferIntelligenceTab.tsx","163","Button","""button-override-offer-route""","[{""event"":""onClick"",""binding"":""{() => setShowOverrideDialog(true)}""}]","C2 consumer; retained shared A/B command authority","NOT_EXECUTED: source control row requires action/state/role/keyboard receipt; mounted or static inventory is not a pass","Real authorized UI interaction, registered handler/readback or explicitly blocked existing owner; rendering is not action proof"
"C2-CONTROL-724","client/src/pages/dashboard/contact-detail-tabs/OfferIntelligenceTab.tsx","231","button","""button-toggle-reasoning""","[{""event"":""onClick"",""binding"":""{() => setShowFullReasoning(!showFullReasoning)}""}]","C2 consumer; retained shared A/B command authority","NOT_EXECUTED: source control row requires action/state/role/keyboard receipt; mounted or static inventory is not a pass","Real authorized UI interaction, registered handler/readback or explicitly blocked existing owner; rendering is not action proof"
"C2-CONTROL-725","client/src/pages/dashboard/contact-detail-tabs/OfferIntelligenceTab.tsx","257","Dialog","","[{""event"":""onOpenChange"",""binding"":""{setShowOverrideDialog}""}]","C2 consumer; retained shared A/B command authority","NOT_EXECUTED: source control row requires action/state/role/keyboard receipt; mounted or static inventory is not a pass","Real authorized UI interaction, registered handler/readback or explicitly blocked existing owner; rendering is not action proof"
"C2-CONTROL-726","client/src/pages/dashboard/contact-detail-tabs/OfferIntelligenceTab.tsx","265","Select","","[{""event"":""onValueChange"",""binding"":""{setOverrideRoute}""}]","C2 consumer; retained shared A/B command authority","NOT_EXECUTED: source control row requires action/state/role/keyboard receipt; mounted or static inventory is not a pass","Real authorized UI interaction, registered handler/readback or explicitly blocked existing owner; rendering is not action proof"
"C2-CONTROL-727","client/src/pages/dashboard/contact-detail-tabs/OfferIntelligenceTab.tsx","266","SelectTrigger","""select-override-route""","[]","C2 consumer; retained shared A/B command authority","NOT_EXECUTED: source control row requires action/state/role/keyboard receipt; mounted or static inventory is not a pass","Real authorized UI interaction, registered handler/readback or explicitly blocked existing owner; rendering is not action proof"
"C2-CONTROL-728","client/src/pages/dashboard/contact-detail-tabs/OfferIntelligenceTab.tsx","278","Select","","[{""event"":""onValueChange"",""binding"":""{setOverrideAction}""}]","C2 consumer; retained shared A/B command authority","NOT_EXECUTED: source control row requires action/state/role/keyboard receipt; mounted or static inventory is not a pass","Real authorized UI interaction, registered handler/readback or explicitly blocked existing owner; rendering is not action proof"
"C2-CONTROL-729","client/src/pages/dashboard/contact-detail-tabs/OfferIntelligenceTab.tsx","279","SelectTrigger","""select-override-action""","[]","C2 consumer; retained shared A/B command authority","NOT_EXECUTED: source control row requires action/state/role/keyboard receipt; mounted or static inventory is not a pass","Real authorized UI interaction, registered handler/readback or explicitly blocked existing owner; rendering is not action proof"
"C2-CONTROL-730","client/src/pages/dashboard/contact-detail-tabs/OfferIntelligenceTab.tsx","291","Input","""input-override-reason""","[{""event"":""onChange"",""binding"":""{e => setOverrideReason(e.target.value)}""}]","C2 consumer; retained shared A/B command authority","NOT_EXECUTED: source control row requires action/state/role/keyboard receipt; mounted or static inventory is not a pass","Real authorized UI interaction, registered handler/readback or explicitly blocked existing owner; rendering is not action proof"
"C2-CONTROL-731","client/src/pages/dashboard/contact-detail-tabs/OfferIntelligenceTab.tsx","299","Button","""button-cancel-override""","[{""event"":""onClick"",""binding"":""{() => setShowOverrideDialog(false)}""}]","C2 consumer; retained shared A/B command authority","NOT_EXECUTED: source control row requires action/state/role/keyboard receipt; mounted or static inventory is not a pass","Real authorized UI interaction, registered handler/readback or explicitly blocked existing owner; rendering is not action proof"
"C2-CONTROL-732","client/src/pages/dashboard/contact-detail-tabs/OfferIntelligenceTab.tsx","302","Button","""button-confirm-override""","[{""event"":""onClick"",""binding"":""{() => overrideMutation.mutate()}""}]","C2 consumer; retained shared A/B command authority","NOT_EXECUTED: source control row requires action/state/role/keyboard receipt; mounted or static inventory is not a pass","Real authorized UI interaction, registered handler/readback or explicitly blocked existing owner; rendering is not action proof"
"C2-CONTROL-733","client/src/pages/dashboard/contact-detail-tabs/CommunicationHealthTab.tsx","105","Button","""btn-retry-comm-health-contact""","[{""event"":""onClick"",""binding"":""{() => refetch()}""}]","C2 consumer; retained shared A/B command authority","NOT_EXECUTED: source control row requires action/state/role/keyboard receipt; mounted or static inventory is not a pass","Real authorized UI interaction, registered handler/readback or explicitly blocked existing owner; rendering is not action proof"
"C2-CONTROL-734","client/src/pages/dashboard/contact-detail-tabs/CompanyIntelligenceTab.tsx","114","Select","","[{""event"":""onValueChange"",""binding"":""{(v) => setMgmtType.mutate(v)}""}]","C3 evidence/preparation interior; C2 composition/context","NOT_EXECUTED: source control row requires action/state/role/keyboard receipt; mounted or static inventory is not a pass","Real authorized UI interaction, registered handler/readback or explicitly blocked existing owner; rendering is not action proof"
"C2-CONTROL-735","client/src/pages/dashboard/contact-detail-tabs/CompanyIntelligenceTab.tsx","119","SelectTrigger","""select-mgmt-type""","[]","C3 evidence/preparation interior; C2 composition/context","NOT_EXECUTED: source control row requires action/state/role/keyboard receipt; mounted or static inventory is not a pass","Real authorized UI interaction, registered handler/readback or explicitly blocked existing owner; rendering is not action proof"
"C2-CONTROL-736","client/src/pages/dashboard/contact-detail-tabs/CompanyIntelligenceTab.tsx","228","Button","""btn-clear-counterparty""","[{""event"":""onClick"",""binding"":""{() => onSelect(null)}""}]","C3 evidence/preparation interior; C2 composition/context","NOT_EXECUTED: source control row requires action/state/role/keyboard receipt; mounted or static inventory is not a pass","Real authorized UI interaction, registered handler/readback or explicitly blocked existing owner; rendering is not action proof"
"C2-CONTROL-737","client/src/pages/dashboard/contact-detail-tabs/CompanyIntelligenceTab.tsx","235","Input","""input-counterparty-search""","[{""event"":""onChange"",""binding"":""{e => setSearch(e.target.value)}""}]","C3 evidence/preparation interior; C2 composition/context","NOT_EXECUTED: source control row requires action/state/role/keyboard receipt; mounted or static inventory is not a pass","Real authorized UI interaction, registered handler/readback or explicitly blocked existing owner; rendering is not action proof"
"C2-CONTROL-738","client/src/pages/dashboard/contact-detail-tabs/CompanyIntelligenceTab.tsx","245","button","{`counterparty-option-${c.id}`}","[{""event"":""onClick"",""binding"":""{() => {\n                    onSelect({ id: c.id, name: `${c.firstName} ${c.lastName}${c.companyName ? ` (${c.companyName})` : \""\""}` });\n                    setSearch(\""\"");\n                  }}""}]","C3 evidence/preparation interior; C2 composition/context","NOT_EXECUTED: source control row requires action/state/role/keyboard receipt; mounted or static inventory is not a pass","Real authorized UI interaction, registered handler/readback or explicitly blocked existing owner; rendering is not action proof"
"C2-CONTROL-739","client/src/pages/dashboard/contact-detail-tabs/CompanyIntelligenceTab.tsx","323","Dialog","","[{""event"":""onOpenChange"",""binding"":""{setOpen}""}]","C3 evidence/preparation interior; C2 composition/context","NOT_EXECUTED: source control row requires action/state/role/keyboard receipt; mounted or static inventory is not a pass","Real authorized UI interaction, registered handler/readback or explicitly blocked existing owner; rendering is not action proof"
"C2-CONTROL-740","client/src/pages/dashboard/contact-detail-tabs/CompanyIntelligenceTab.tsx","325","Button","""btn-add-ma-event""","[]","C3 evidence/preparation interior; C2 composition/context","NOT_EXECUTED: source control row requires action/state/role/keyboard receipt; mounted or static inventory is not a pass","Real authorized UI interaction, registered handler/readback or explicitly blocked existing owner; rendering is not action proof"
"C2-CONTROL-741","client/src/pages/dashboard/contact-detail-tabs/CompanyIntelligenceTab.tsx","336","Select","","[{""event"":""onValueChange"",""binding"":""{v => setForm(f => ({ ...f, eventType: v }))}""}]","C3 evidence/preparation interior; C2 composition/context","NOT_EXECUTED: source control row requires action/state/role/keyboard receipt; mounted or static inventory is not a pass","Real authorized UI interaction, registered handler/readback or explicitly blocked existing owner; rendering is not action proof"
"C2-CONTROL-742","client/src/pages/dashboard/contact-detail-tabs/CompanyIntelligenceTab.tsx","337","SelectTrigger","""select-event-type""","[]","C3 evidence/preparation interior; C2 composition/context","NOT_EXECUTED: source control row requires action/state/role/keyboard receipt; mounted or static inventory is not a pass","Real authorized UI interaction, registered handler/readback or explicitly blocked existing owner; rendering is not action proof"
"C2-CONTROL-743","client/src/pages/dashboard/contact-detail-tabs/CompanyIntelligenceTab.tsx","351","Input","""input-counterparty-name""","[{""event"":""onChange"",""binding"":""{e => setForm(f => ({ ...f, counterpartyName: e.target.value }))}""}]","C3 evidence/preparation interior; C2 composition/context","NOT_EXECUTED: source control row requires action/state/role/keyboard receipt; mounted or static inventory is not a pass","Real authorized UI interaction, registered handler/readback or explicitly blocked existing owner; rendering is not action proof"
"C2-CONTROL-744","client/src/pages/dashboard/contact-detail-tabs/CompanyIntelligenceTab.tsx","361","Input","""input-event-date""","[{""event"":""onChange"",""binding"":""{e => setForm(f => ({ ...f, eventDate: e.target.value }))}""}]","C3 evidence/preparation interior; C2 composition/context","NOT_EXECUTED: source control row requires action/state/role/keyboard receipt; mounted or static inventory is not a pass","Real authorized UI interaction, registered handler/readback or explicitly blocked existing owner; rendering is not action proof"
"C2-CONTROL-745","client/src/pages/dashboard/contact-detail-tabs/CompanyIntelligenceTab.tsx","365","Textarea","""input-event-note""","[{""event"":""onChange"",""binding"":""{e => setForm(f => ({ ...f, note: e.target.value }))}""}]","C3 evidence/preparation interior; C2 composition/context","NOT_EXECUTED: source control row requires action/state/role/keyboard receipt; mounted or static inventory is not a pass","Real authorized UI interaction, registered handler/readback or explicitly blocked existing owner; rendering is not action proof"
"C2-CONTROL-746","client/src/pages/dashboard/contact-detail-tabs/CompanyIntelligenceTab.tsx","367","Button","""btn-submit-ma-event""","[{""event"":""onClick"",""binding"":""{() => createEvent.mutate()}""}]","C3 evidence/preparation interior; C2 composition/context","NOT_EXECUTED: source control row requires action/state/role/keyboard receipt; mounted or static inventory is not a pass","Real authorized UI interaction, registered handler/readback or explicitly blocked existing owner; rendering is not action proof"
"C2-CONTROL-747","client/src/pages/dashboard/contact-detail-tabs/CompanyIntelligenceTab.tsx","397","Button","{`btn-delete-ma-event-${event.id}`}","[{""event"":""onClick"",""binding"":""{() => deleteEvent.mutate(event.id)}""}]","C3 evidence/preparation interior; C2 composition/context","NOT_EXECUTED: source control row requires action/state/role/keyboard receipt; mounted or static inventory is not a pass","Real authorized UI interaction, registered handler/readback or explicitly blocked existing owner; rendering is not action proof"
"C2-CONTROL-748","client/src/pages/dashboard/contact-detail-tabs/LocationsTab.tsx","148","Switch","""switch-parent-account""","[{""event"":""onCheckedChange"",""binding"":""{(v) => markParentMutation.mutate(v)}""}]","C2 consumer; retained shared A/B command authority","NOT_EXECUTED: source control row requires action/state/role/keyboard receipt; mounted or static inventory is not a pass","Real authorized UI interaction, registered handler/readback or explicitly blocked existing owner; rendering is not action proof"
"C2-CONTROL-749","client/src/pages/dashboard/contact-detail-tabs/LocationsTab.tsx","210","Button","""button-link-location""","[{""event"":""onClick"",""binding"":""{() => setShowLinkDialog(true)}""}]","C2 consumer; retained shared A/B command authority","NOT_EXECUTED: source control row requires action/state/role/keyboard receipt; mounted or static inventory is not a pass","Real authorized UI interaction, registered handler/readback or explicitly blocked existing owner; rendering is not action proof"
"C2-CONTROL-750","client/src/pages/dashboard/contact-detail-tabs/LocationsTab.tsx","223","button","","[{""event"":""onClick"",""binding"":""{() => void retryLocations()}""}]","C2 consumer; retained shared A/B command authority","NOT_EXECUTED: source control row requires action/state/role/keyboard receipt; mounted or static inventory is not a pass","Real authorized UI interaction, registered handler/readback or explicitly blocked existing owner; rendering is not action proof"
"C2-CONTROL-751","client/src/pages/dashboard/contact-detail-tabs/LocationsTab.tsx","246","button","{`link-location-name-${loc.id}`}","[{""event"":""onClick"",""binding"":""{() => navigate(`/dashboard/contacts/${loc.id}`)}""}]","C2 consumer; retained shared A/B command authority","NOT_EXECUTED: source control row requires action/state/role/keyboard receipt; mounted or static inventory is not a pass","Real authorized UI interaction, registered handler/readback or explicitly blocked existing owner; rendering is not action proof"
"C2-CONTROL-752","client/src/pages/dashboard/contact-detail-tabs/LocationsTab.tsx","271","Button","{`button-open-location-${loc.id}`}","[{""event"":""onClick"",""binding"":""{() => navigate(`/dashboard/contacts/${loc.id}`)}""}]","C2 consumer; retained shared A/B command authority","NOT_EXECUTED: source control row requires action/state/role/keyboard receipt; mounted or static inventory is not a pass","Real authorized UI interaction, registered handler/readback or explicitly blocked existing owner; rendering is not action proof"
"C2-CONTROL-753","client/src/pages/dashboard/contact-detail-tabs/LocationsTab.tsx","280","Button","{`button-unlink-location-${loc.id}`}","[{""event"":""onClick"",""binding"":""{() => unlinkMutation.mutate(loc.id)}""}]","C2 consumer; retained shared A/B command authority","NOT_EXECUTED: source control row requires action/state/role/keyboard receipt; mounted or static inventory is not a pass","Real authorized UI interaction, registered handler/readback or explicitly blocked existing owner; rendering is not action proof"
"C2-CONTROL-754","client/src/pages/dashboard/contact-detail-tabs/LocationsTab.tsx","299","Dialog","","[{""event"":""onOpenChange"",""binding"":""{setShowLinkDialog}""}]","C2 consumer; retained shared A/B command authority","NOT_EXECUTED: source control row requires action/state/role/keyboard receipt; mounted or static inventory is not a pass","Real authorized UI interaction, registered handler/readback or explicitly blocked existing owner; rendering is not action proof"
"C2-CONTROL-755","client/src/pages/dashboard/contact-detail-tabs/LocationsTab.tsx","307","Input","""input-link-contact-search""","[{""event"":""onChange"",""binding"":""{event => setLocationSearch(event.currentTarget.value)}""}]","C2 consumer; retained shared A/B command authority","NOT_EXECUTED: source control row requires action/state/role/keyboard receipt; mounted or static inventory is not a pass","Real authorized UI interaction, registered handler/readback or explicitly blocked existing owner; rendering is not action proof"
"C2-CONTROL-756","client/src/pages/dashboard/contact-detail-tabs/LocationsTab.tsx","311","button","","[{""event"":""onClick"",""binding"":""{() => void contactSearch.refetch()}""}]","C2 consumer; retained shared A/B command authority","NOT_EXECUTED: source control row requires action/state/role/keyboard receipt; mounted or static inventory is not a pass","Real authorized UI interaction, registered handler/readback or explicitly blocked existing owner; rendering is not action proof"
"C2-CONTROL-757","client/src/pages/dashboard/contact-detail-tabs/LocationsTab.tsx","314","button","{`option-contact-${c.id}`}","[{""event"":""onClick"",""binding"":""{() => setLinkContactId(String(c.id))}""}]","C2 consumer; retained shared A/B command authority","NOT_EXECUTED: source control row requires action/state/role/keyboard receipt; mounted or static inventory is not a pass","Real authorized UI interaction, registered handler/readback or explicitly blocked existing owner; rendering is not action proof"
"C2-CONTROL-758","client/src/pages/dashboard/contact-detail-tabs/LocationsTab.tsx","325","Input","""input-location-name""","[{""event"":""onChange"",""binding"":""{e => setLinkLocationName(e.target.value)}""}]","C2 consumer; retained shared A/B command authority","NOT_EXECUTED: source control row requires action/state/role/keyboard receipt; mounted or static inventory is not a pass","Real authorized UI interaction, registered handler/readback or explicitly blocked existing owner; rendering is not action proof"
"C2-CONTROL-759","client/src/pages/dashboard/contact-detail-tabs/LocationsTab.tsx","334","Button","""button-cancel-link""","[{""event"":""onClick"",""binding"":""{() => setShowLinkDialog(false)}""}]","C2 consumer; retained shared A/B command authority","NOT_EXECUTED: source control row requires action/state/role/keyboard receipt; mounted or static inventory is not a pass","Real authorized UI interaction, registered handler/readback or explicitly blocked existing owner; rendering is not action proof"
"C2-CONTROL-760","client/src/pages/dashboard/contact-detail-tabs/LocationsTab.tsx","335","Button","""button-confirm-link""","[{""event"":""onClick"",""binding"":""{() => linkMutation.mutate()}""}]","C2 consumer; retained shared A/B command authority","NOT_EXECUTED: source control row requires action/state/role/keyboard receipt; mounted or static inventory is not a pass","Real authorized UI interaction, registered handler/readback or explicitly blocked existing owner; rendering is not action proof"
"C2-CONTROL-761","client/src/pages/dashboard/contact-detail-tabs/RelationshipsTab.tsx","268","Button","","[{""event"":""onClick"",""binding"":""{() => void retryGraph()}""}]","C2 consumer; retained shared A/B command authority","NOT_EXECUTED: source control row requires action/state/role/keyboard receipt; mounted or static inventory is not a pass","Real authorized UI interaction, registered handler/readback or explicitly blocked existing owner; rendering is not action proof"
"C2-CONTROL-762","client/src/pages/dashboard/contact-detail-tabs/RelationshipsTab.tsx","413","Button","""button-scan-relationships""","[{""event"":""onClick"",""binding"":""{() => scanMutation.mutate()}""}]","C2 consumer; retained shared A/B command authority","NOT_EXECUTED: source control row requires action/state/role/keyboard receipt; mounted or static inventory is not a pass","Real authorized UI interaction, registered handler/readback or explicitly blocked existing owner; rendering is not action proof"
"C2-CONTROL-763","client/src/pages/dashboard/contact-detail-tabs/RelationshipsTab.tsx","423","Button","""button-risk-scan""","[{""event"":""onClick"",""binding"":""{() => riskScanMutation.mutate()}""}]","C2 consumer; retained shared A/B command authority","NOT_EXECUTED: source control row requires action/state/role/keyboard receipt; mounted or static inventory is not a pass","Real authorized UI interaction, registered handler/readback or explicitly blocked existing owner; rendering is not action proof"
"C2-CONTROL-764","client/src/pages/dashboard/contact-detail-tabs/RelationshipsTab.tsx","435","Button","""button-add-relationship""","[{""event"":""onClick"",""binding"":""{() => setShowAddDialog(true)}""}]","C2 consumer; retained shared A/B command authority","NOT_EXECUTED: source control row requires action/state/role/keyboard receipt; mounted or static inventory is not a pass","Real authorized UI interaction, registered handler/readback or explicitly blocked existing owner; rendering is not action proof"
"C2-CONTROL-765","client/src/pages/dashboard/contact-detail-tabs/RelationshipsTab.tsx","448","Button","","[{""event"":""onClick"",""binding"":""{() => void refetch()}""}]","C2 consumer; retained shared A/B command authority","NOT_EXECUTED: source control row requires action/state/role/keyboard receipt; mounted or static inventory is not a pass","Real authorized UI interaction, registered handler/readback or explicitly blocked existing owner; rendering is not action proof"
"C2-CONTROL-766","client/src/pages/dashboard/contact-detail-tabs/RelationshipsTab.tsx","475","button","{`link-relationship-target-${rel.id}`}","[{""event"":""onClick"",""binding"":""{() => rel.targetUrl && setLocation(rel.targetUrl)}""}]","C2 consumer; retained shared A/B command authority","NOT_EXECUTED: source control row requires action/state/role/keyboard receipt; mounted or static inventory is not a pass","Real authorized UI interaction, registered handler/readback or explicitly blocked existing owner; rendering is not action proof"
"C2-CONTROL-767","client/src/pages/dashboard/contact-detail-tabs/RelationshipsTab.tsx","508","Button","{`button-dismiss-relationship-${rel.id}`}","[{""event"":""onClick"",""binding"":""{() => {\n                    setDismissId(rel.id);\n                    setShowDismissDialog(true);\n                  }}""}]","C2 consumer; retained shared A/B command authority","NOT_EXECUTED: source control row requires action/state/role/keyboard receipt; mounted or static inventory is not a pass","Real authorized UI interaction, registered handler/readback or explicitly blocked existing owner; rendering is not action proof"
"C2-CONTROL-768","client/src/pages/dashboard/contact-detail-tabs/RelationshipsTab.tsx","528","summary","","[]","C2 consumer; retained shared A/B command authority","NOT_EXECUTED: source control row requires action/state/role/keyboard receipt; mounted or static inventory is not a pass","Real authorized UI interaction, registered handler/readback or explicitly blocked existing owner; rendering is not action proof"
"C2-CONTROL-769","client/src/pages/dashboard/contact-detail-tabs/RelationshipsTab.tsx","541","Dialog","","[{""event"":""onOpenChange"",""binding"":""{setShowAddDialog}""}]","C2 consumer; retained shared A/B command authority","NOT_EXECUTED: source control row requires action/state/role/keyboard receipt; mounted or static inventory is not a pass","Real authorized UI interaction, registered handler/readback or explicitly blocked existing owner; rendering is not action proof"
"C2-CONTROL-770","client/src/pages/dashboard/contact-detail-tabs/RelationshipsTab.tsx","549","Select","","[{""event"":""onValueChange"",""binding"":""{(v) => setAddForm((p) => ({ ...p, targetEntityType: v }))}""}]","C2 consumer; retained shared A/B command authority","NOT_EXECUTED: source control row requires action/state/role/keyboard receipt; mounted or static inventory is not a pass","Real authorized UI interaction, registered handler/readback or explicitly blocked existing owner; rendering is not action proof"
"C2-CONTROL-771","client/src/pages/dashboard/contact-detail-tabs/RelationshipsTab.tsx","553","SelectTrigger","""select-target-entity-type""","[]","C2 consumer; retained shared A/B command authority","NOT_EXECUTED: source control row requires action/state/role/keyboard receipt; mounted or static inventory is not a pass","Real authorized UI interaction, registered handler/readback or explicitly blocked existing owner; rendering is not action proof"
"C2-CONTROL-772","client/src/pages/dashboard/contact-detail-tabs/RelationshipsTab.tsx","565","Input","""input-target-entity-id""","[{""event"":""onChange"",""binding"":""{(e) => setAddForm((p) => ({ ...p, targetEntityId: e.target.value }))}""}]","C2 consumer; retained shared A/B command authority","NOT_EXECUTED: source control row requires action/state/role/keyboard receipt; mounted or static inventory is not a pass","Real authorized UI interaction, registered handler/readback or explicitly blocked existing owner; rendering is not action proof"
"C2-CONTROL-773","client/src/pages/dashboard/contact-detail-tabs/RelationshipsTab.tsx","575","Select","","[{""event"":""onValueChange"",""binding"":""{(v) => setAddForm((p) => ({ ...p, relationshipType: v }))}""}]","C2 consumer; retained shared A/B command authority","NOT_EXECUTED: source control row requires action/state/role/keyboard receipt; mounted or static inventory is not a pass","Real authorized UI interaction, registered handler/readback or explicitly blocked existing owner; rendering is not action proof"
"C2-CONTROL-774","client/src/pages/dashboard/contact-detail-tabs/RelationshipsTab.tsx","579","SelectTrigger","""select-relationship-type""","[]","C2 consumer; retained shared A/B command authority","NOT_EXECUTED: source control row requires action/state/role/keyboard receipt; mounted or static inventory is not a pass","Real authorized UI interaction, registered handler/readback or explicitly blocked existing owner; rendering is not action proof"
"C2-CONTROL-775","client/src/pages/dashboard/contact-detail-tabs/RelationshipsTab.tsx","595","Textarea","""input-relationship-note""","[{""event"":""onChange"",""binding"":""{(e) => setAddForm((p) => ({ ...p, note: e.target.value }))}""}]","C2 consumer; retained shared A/B command authority","NOT_EXECUTED: source control row requires action/state/role/keyboard receipt; mounted or static inventory is not a pass","Real authorized UI interaction, registered handler/readback or explicitly blocked existing owner; rendering is not action proof"
"C2-CONTROL-776","client/src/pages/dashboard/contact-detail-tabs/RelationshipsTab.tsx","604","Button","","[{""event"":""onClick"",""binding"":""{() => setShowAddDialog(false)}""}]","C2 consumer; retained shared A/B command authority","NOT_EXECUTED: source control row requires action/state/role/keyboard receipt; mounted or static inventory is not a pass","Real authorized UI interaction, registered handler/readback or explicitly blocked existing owner; rendering is not action proof"
"C2-CONTROL-777","client/src/pages/dashboard/contact-detail-tabs/RelationshipsTab.tsx","605","Button","""button-confirm-add-relationship""","[{""event"":""onClick"",""binding"":""{() => addMutation.mutate()}""}]","C2 consumer; retained shared A/B command authority","NOT_EXECUTED: source control row requires action/state/role/keyboard receipt; mounted or static inventory is not a pass","Real authorized UI interaction, registered handler/readback or explicitly blocked existing owner; rendering is not action proof"
"C2-CONTROL-778","client/src/pages/dashboard/contact-detail-tabs/RelationshipsTab.tsx","616","Dialog","","[{""event"":""onOpenChange"",""binding"":""{setShowDismissDialog}""}]","C2 consumer; retained shared A/B command authority","NOT_EXECUTED: source control row requires action/state/role/keyboard receipt; mounted or static inventory is not a pass","Real authorized UI interaction, registered handler/readback or explicitly blocked existing owner; rendering is not action proof"
"C2-CONTROL-779","client/src/pages/dashboard/contact-detail-tabs/RelationshipsTab.tsx","623","Textarea","""input-dismiss-note""","[{""event"":""onChange"",""binding"":""{(e) => setDismissNote(e.target.value)}""}]","C2 consumer; retained shared A/B command authority","NOT_EXECUTED: source control row requires action/state/role/keyboard receipt; mounted or static inventory is not a pass","Real authorized UI interaction, registered handler/readback or explicitly blocked existing owner; rendering is not action proof"
"C2-CONTROL-780","client/src/pages/dashboard/contact-detail-tabs/RelationshipsTab.tsx","631","Button","","[{""event"":""onClick"",""binding"":""{() => setShowDismissDialog(false)}""}]","C2 consumer; retained shared A/B command authority","NOT_EXECUTED: source control row requires action/state/role/keyboard receipt; mounted or static inventory is not a pass","Real authorized UI interaction, registered handler/readback or explicitly blocked existing owner; rendering is not action proof"
"C2-CONTROL-781","client/src/pages/dashboard/contact-detail-tabs/RelationshipsTab.tsx","632","Button","""button-confirm-dismiss""","[{""event"":""onClick"",""binding"":""{() => dismissMutation.mutate()}""}]","C2 consumer; retained shared A/B command authority","NOT_EXECUTED: source control row requires action/state/role/keyboard receipt; mounted or static inventory is not a pass","Real authorized UI interaction, registered handler/readback or explicitly blocked existing owner; rendering is not action proof"
"C2-CONTROL-782","client/src/pages/dashboard/contact-detail-tabs/GhlSyncStatus.tsx","42","Button","""button-resync-ghl""","[]","C2 consumer; retained shared A/B command authority","NOT_EXECUTED: source control row requires action/state/role/keyboard receipt; mounted or static inventory is not a pass","Real authorized UI interaction, registered handler/readback or explicitly blocked existing owner; rendering is not action proof"
"C2-CONTROL-783","client/src/pages/dashboard/contact-detail-tabs/CreateDialogs.tsx","64","Dialog","","[{""event"":""onOpenChange"",""binding"":""{p.setShowDealDialog}""}]","C2 consumer; retained shared A/B command authority","NOT_EXECUTED: source control row requires action/state/role/keyboard receipt; mounted or static inventory is not a pass","Real authorized UI interaction, registered handler/readback or explicitly blocked existing owner; rendering is not action proof"
"C2-CONTROL-784","client/src/pages/dashboard/contact-detail-tabs/CreateDialogs.tsx","72","Select","","[{""event"":""onValueChange"",""binding"":""{v => p.setDealForm(prev => ({ ...prev, pipeline: v }))}""}]","C2 consumer; retained shared A/B command authority","NOT_EXECUTED: source control row requires action/state/role/keyboard receipt; mounted or static inventory is not a pass","Real authorized UI interaction, registered handler/readback or explicitly blocked existing owner; rendering is not action proof"
"C2-CONTROL-785","client/src/pages/dashboard/contact-detail-tabs/CreateDialogs.tsx","73","SelectTrigger","""select-deal-pipeline""","[]","C2 consumer; retained shared A/B command authority","NOT_EXECUTED: source control row requires action/state/role/keyboard receipt; mounted or static inventory is not a pass","Real authorized UI interaction, registered handler/readback or explicitly blocked existing owner; rendering is not action proof"
"C2-CONTROL-786","client/src/pages/dashboard/contact-detail-tabs/CreateDialogs.tsx","85","Input","""input-deal-stage""","[{""event"":""onChange"",""binding"":""{e => p.setDealForm(prev => ({ ...prev, stage: e.target.value }))}""}]","C2 consumer; retained shared A/B command authority","NOT_EXECUTED: source control row requires action/state/role/keyboard receipt; mounted or static inventory is not a pass","Real authorized UI interaction, registered handler/readback or explicitly blocked existing owner; rendering is not action proof"
"C2-CONTROL-787","client/src/pages/dashboard/contact-detail-tabs/CreateDialogs.tsx","93","Input","""input-deal-offerpath""","[{""event"":""onChange"",""binding"":""{e => p.setDealForm(prev => ({ ...prev, offerPath: e.target.value }))}""}]","C2 consumer; retained shared A/B command authority","NOT_EXECUTED: source control row requires action/state/role/keyboard receipt; mounted or static inventory is not a pass","Real authorized UI interaction, registered handler/readback or explicitly blocked existing owner; rendering is not action proof"
"C2-CONTROL-788","client/src/pages/dashboard/contact-detail-tabs/CreateDialogs.tsx","102","Textarea","""textarea-deal-notes""","[{""event"":""onChange"",""binding"":""{e => p.setDealForm(prev => ({ ...prev, notes: e.target.value }))}""}]","C2 consumer; retained shared A/B command authority","NOT_EXECUTED: source control row requires action/state/role/keyboard receipt; mounted or static inventory is not a pass","Real authorized UI interaction, registered handler/readback or explicitly blocked existing owner; rendering is not action proof"
"C2-CONTROL-789","client/src/pages/dashboard/contact-detail-tabs/CreateDialogs.tsx","110","Button","""button-cancel-deal""","[{""event"":""onClick"",""binding"":""{() => p.setShowDealDialog(false)}""}]","C2 consumer; retained shared A/B command authority","NOT_EXECUTED: source control row requires action/state/role/keyboard receipt; mounted or static inventory is not a pass","Real authorized UI interaction, registered handler/readback or explicitly blocked existing owner; rendering is not action proof"
"C2-CONTROL-790","client/src/pages/dashboard/contact-detail-tabs/CreateDialogs.tsx","113","Button","""button-submit-deal""","[{""event"":""onClick"",""binding"":""{p.createDeal}""}]","C2 consumer; retained shared A/B command authority","NOT_EXECUTED: source control row requires action/state/role/keyboard receipt; mounted or static inventory is not a pass","Real authorized UI interaction, registered handler/readback or explicitly blocked existing owner; rendering is not action proof"
"C2-CONTROL-791","client/src/pages/dashboard/contact-detail-tabs/CreateDialogs.tsx","122","Dialog","","[{""event"":""onOpenChange"",""binding"":""{p.setShowTicketDialog}""}]","C2 consumer; retained shared A/B command authority","NOT_EXECUTED: source control row requires action/state/role/keyboard receipt; mounted or static inventory is not a pass","Real authorized UI interaction, registered handler/readback or explicitly blocked existing owner; rendering is not action proof"
"C2-CONTROL-792","client/src/pages/dashboard/contact-detail-tabs/CreateDialogs.tsx","130","Input","""input-ticket-subject""","[{""event"":""onChange"",""binding"":""{e => p.setTicketForm(prev => ({ ...prev, subject: e.target.value }))}""}]","C2 consumer; retained shared A/B command authority","NOT_EXECUTED: source control row requires action/state/role/keyboard receipt; mounted or static inventory is not a pass","Real authorized UI interaction, registered handler/readback or explicitly blocked existing owner; rendering is not action proof"
"C2-CONTROL-793","client/src/pages/dashboard/contact-detail-tabs/CreateDialogs.tsx","138","Textarea","""textarea-ticket-description""","[{""event"":""onChange"",""binding"":""{e => p.setTicketForm(prev => ({ ...prev, description: e.target.value }))}""}]","C2 consumer; retained shared A/B command authority","NOT_EXECUTED: source control row requires action/state/role/keyboard receipt; mounted or static inventory is not a pass","Real authorized UI interaction, registered handler/readback or explicitly blocked existing owner; rendering is not action proof"
"C2-CONTROL-794","client/src/pages/dashboard/contact-detail-tabs/CreateDialogs.tsx","147","Select","","[{""event"":""onValueChange"",""binding"":""{v => p.setTicketForm(prev => ({ ...prev, priority: v }))}""}]","C2 consumer; retained shared A/B command authority","NOT_EXECUTED: source control row requires action/state/role/keyboard receipt; mounted or static inventory is not a pass","Real authorized UI interaction, registered handler/readback or explicitly blocked existing owner; rendering is not action proof"
"C2-CONTROL-795","client/src/pages/dashboard/contact-detail-tabs/CreateDialogs.tsx","148","SelectTrigger","""select-ticket-priority""","[]","C2 consumer; retained shared A/B command authority","NOT_EXECUTED: source control row requires action/state/role/keyboard receipt; mounted or static inventory is not a pass","Real authorized UI interaction, registered handler/readback or explicitly blocked existing owner; rendering is not action proof"
"C2-CONTROL-796","client/src/pages/dashboard/contact-detail-tabs/CreateDialogs.tsx","160","Button","""button-cancel-ticket""","[{""event"":""onClick"",""binding"":""{() => p.setShowTicketDialog(false)}""}]","C2 consumer; retained shared A/B command authority","NOT_EXECUTED: source control row requires action/state/role/keyboard receipt; mounted or static inventory is not a pass","Real authorized UI interaction, registered handler/readback or explicitly blocked existing owner; rendering is not action proof"
"C2-CONTROL-797","client/src/pages/dashboard/contact-detail-tabs/CreateDialogs.tsx","163","Button","""button-submit-ticket""","[{""event"":""onClick"",""binding"":""{p.createTicket}""}]","C2 consumer; retained shared A/B command authority","NOT_EXECUTED: source control row requires action/state/role/keyboard receipt; mounted or static inventory is not a pass","Real authorized UI interaction, registered handler/readback or explicitly blocked existing owner; rendering is not action proof"
"C2-CONTROL-798","client/src/pages/dashboard/contact-detail-tabs/CreateDialogs.tsx","172","Dialog","","[{""event"":""onOpenChange"",""binding"":""{p.setShowTaskDialog}""}]","C2 consumer; retained shared A/B command authority","NOT_EXECUTED: source control row requires action/state/role/keyboard receipt; mounted or static inventory is not a pass","Real authorized UI interaction, registered handler/readback or explicitly blocked existing owner; rendering is not action proof"
"C2-CONTROL-799","client/src/pages/dashboard/contact-detail-tabs/CreateDialogs.tsx","180","Input","""input-task-title""","[{""event"":""onChange"",""binding"":""{e => p.setTaskForm(prev => ({ ...prev, title: e.target.value }))}""}]","C2 consumer; retained shared A/B command authority","NOT_EXECUTED: source control row requires action/state/role/keyboard receipt; mounted or static inventory is not a pass","Real authorized UI interaction, registered handler/readback or explicitly blocked existing owner; rendering is not action proof"
"C2-CONTROL-800","client/src/pages/dashboard/contact-detail-tabs/CreateDialogs.tsx","189","Textarea","""textarea-task-description""","[{""event"":""onChange"",""binding"":""{e => p.setTaskForm(prev => ({ ...prev, description: e.target.value }))}""}]","C2 consumer; retained shared A/B command authority","NOT_EXECUTED: source control row requires action/state/role/keyboard receipt; mounted or static inventory is not a pass","Real authorized UI interaction, registered handler/readback or explicitly blocked existing owner; rendering is not action proof"
"C2-CONTROL-801","client/src/pages/dashboard/contact-detail-tabs/CreateDialogs.tsx","199","Input","""input-task-duedate""","[{""event"":""onChange"",""binding"":""{e => p.setTaskForm(prev => ({ ...prev, dueDate: e.target.value }))}""}]","C2 consumer; retained shared A/B command authority","NOT_EXECUTED: source control row requires action/state/role/keyboard receipt; mounted or static inventory is not a pass","Real authorized UI interaction, registered handler/readback or explicitly blocked existing owner; rendering is not action proof"
"C2-CONTROL-802","client/src/pages/dashboard/contact-detail-tabs/CreateDialogs.tsx","208","Button","""button-cancel-task""","[{""event"":""onClick"",""binding"":""{() => p.setShowTaskDialog(false)}""}]","C2 consumer; retained shared A/B command authority","NOT_EXECUTED: source control row requires action/state/role/keyboard receipt; mounted or static inventory is not a pass","Real authorized UI interaction, registered handler/readback or explicitly blocked existing owner; rendering is not action proof"
"C2-CONTROL-803","client/src/pages/dashboard/contact-detail-tabs/CreateDialogs.tsx","211","Button","""button-submit-task""","[{""event"":""onClick"",""binding"":""{p.createTask}""}]","C2 consumer; retained shared A/B command authority","NOT_EXECUTED: source control row requires action/state/role/keyboard receipt; mounted or static inventory is not a pass","Real authorized UI interaction, registered handler/readback or explicitly blocked existing owner; rendering is not action proof"
"C2-CONTROL-804","client/src/pages/dashboard/contact-detail-tabs/CreateDialogs.tsx","221","Dialog","","[{""event"":""onOpenChange"",""binding"":""{p.setShowCompanyDialog}""}]","C2 consumer; retained shared A/B command authority","NOT_EXECUTED: source control row requires action/state/role/keyboard receipt; mounted or static inventory is not a pass","Real authorized UI interaction, registered handler/readback or explicitly blocked existing owner; rendering is not action proof"
"C2-CONTROL-805","client/src/pages/dashboard/contact-detail-tabs/CreateDialogs.tsx","228","Button","""button-mode-existing""","[{""event"":""onClick"",""binding"":""{() => p.setCompanyMode(\""existing\"")}""}]","C2 consumer; retained shared A/B command authority","NOT_EXECUTED: source control row requires action/state/role/keyboard receipt; mounted or static inventory is not a pass","Real authorized UI interaction, registered handler/readback or explicitly blocked existing owner; rendering is not action proof"
"C2-CONTROL-806","client/src/pages/dashboard/contact-detail-tabs/CreateDialogs.tsx","236","Button","""button-mode-new""","[{""event"":""onClick"",""binding"":""{() => p.setCompanyMode(\""new\"")}""}]","C2 consumer; retained shared A/B command authority","NOT_EXECUTED: source control row requires action/state/role/keyboard receipt; mounted or static inventory is not a pass","Real authorized UI interaction, registered handler/readback or explicitly blocked existing owner; rendering is not action proof"
"C2-CONTROL-807","client/src/pages/dashboard/contact-detail-tabs/CreateDialogs.tsx","249","Input","""input-company-search""","[{""event"":""onChange"",""binding"":""{e => p.setCompanySearch(e.target.value)}""}]","C2 consumer; retained shared A/B command authority","NOT_EXECUTED: source control row requires action/state/role/keyboard receipt; mounted or static inventory is not a pass","Real authorized UI interaction, registered handler/readback or explicitly blocked existing owner; rendering is not action proof"
"C2-CONTROL-808","client/src/pages/dashboard/contact-detail-tabs/CreateDialogs.tsx","257","button","","[{""event"":""onClick"",""binding"":""{p.retryCompanies}""}]","C2 consumer; retained shared A/B command authority","NOT_EXECUTED: source control row requires action/state/role/keyboard receipt; mounted or static inventory is not a pass","Real authorized UI interaction, registered handler/readback or explicitly blocked existing owner; rendering is not action proof"
"C2-CONTROL-809","client/src/pages/dashboard/contact-detail-tabs/CreateDialogs.tsx","269","button","{`company-option-${c.id}`}","[{""event"":""onClick"",""binding"":""{() => p.setSelectedCompanyId(String(c.id))}""}]","C2 consumer; retained shared A/B command authority","NOT_EXECUTED: source control row requires action/state/role/keyboard receipt; mounted or static inventory is not a pass","Real authorized UI interaction, registered handler/readback or explicitly blocked existing owner; rendering is not action proof"
"C2-CONTROL-810","client/src/pages/dashboard/contact-detail-tabs/CreateDialogs.tsx","297","Input","""input-new-company-name""","[{""event"":""onChange"",""binding"":""{e => p.setNewCompanyForm(prev => ({ ...prev, legalName: e.target.value }))}""}]","C2 consumer; retained shared A/B command authority","NOT_EXECUTED: source control row requires action/state/role/keyboard receipt; mounted or static inventory is not a pass","Real authorized UI interaction, registered handler/readback or explicitly blocked existing owner; rendering is not action proof"
"C2-CONTROL-811","client/src/pages/dashboard/contact-detail-tabs/CreateDialogs.tsx","306","Input","""input-new-company-dba""","[{""event"":""onChange"",""binding"":""{e => p.setNewCompanyForm(prev => ({ ...prev, dba: e.target.value }))}""}]","C2 consumer; retained shared A/B command authority","NOT_EXECUTED: source control row requires action/state/role/keyboard receipt; mounted or static inventory is not a pass","Real authorized UI interaction, registered handler/readback or explicitly blocked existing owner; rendering is not action proof"
"C2-CONTROL-812","client/src/pages/dashboard/contact-detail-tabs/CreateDialogs.tsx","315","Select","","[{""event"":""onValueChange"",""binding"":""{v => p.setNewCompanyForm(prev => ({ ...prev, vertical: v }))}""}]","C2 consumer; retained shared A/B command authority","NOT_EXECUTED: source control row requires action/state/role/keyboard receipt; mounted or static inventory is not a pass","Real authorized UI interaction, registered handler/readback or explicitly blocked existing owner; rendering is not action proof"
"C2-CONTROL-813","client/src/pages/dashboard/contact-detail-tabs/CreateDialogs.tsx","316","SelectTrigger","""select-new-company-vertical""","[]","C2 consumer; retained shared A/B command authority","NOT_EXECUTED: source control row requires action/state/role/keyboard receipt; mounted or static inventory is not a pass","Real authorized UI interaction, registered handler/readback or explicitly blocked existing owner; rendering is not action proof"
"C2-CONTROL-814","client/src/pages/dashboard/contact-detail-tabs/CreateDialogs.tsx","328","Input","""input-new-company-website""","[{""event"":""onChange"",""binding"":""{e => p.setNewCompanyForm(prev => ({ ...prev, website: e.target.value }))}""}]","C2 consumer; retained shared A/B command authority","NOT_EXECUTED: source control row requires action/state/role/keyboard receipt; mounted or static inventory is not a pass","Real authorized UI interaction, registered handler/readback or explicitly blocked existing owner; rendering is not action proof"
"C2-CONTROL-815","client/src/pages/dashboard/contact-detail-tabs/CreateDialogs.tsx","340","Select","","[{""event"":""onValueChange"",""binding"":""{p.setCompanyRole}""}]","C2 consumer; retained shared A/B command authority","NOT_EXECUTED: source control row requires action/state/role/keyboard receipt; mounted or static inventory is not a pass","Real authorized UI interaction, registered handler/readback or explicitly blocked existing owner; rendering is not action proof"
"C2-CONTROL-816","client/src/pages/dashboard/contact-detail-tabs/CreateDialogs.tsx","341","SelectTrigger","""select-company-role""","[]","C2 consumer; retained shared A/B command authority","NOT_EXECUTED: source control row requires action/state/role/keyboard receipt; mounted or static inventory is not a pass","Real authorized UI interaction, registered handler/readback or explicitly blocked existing owner; rendering is not action proof"
"C2-CONTROL-817","client/src/pages/dashboard/contact-detail-tabs/CreateDialogs.tsx","356","input","""checkbox-company-primary""","[{""event"":""onChange"",""binding"":""{e => p.setCompanyIsPrimary(e.target.checked)}""}]","C2 consumer; retained shared A/B command authority","NOT_EXECUTED: source control row requires action/state/role/keyboard receipt; mounted or static inventory is not a pass","Real authorized UI interaction, registered handler/readback or explicitly blocked existing owner; rendering is not action proof"
"C2-CONTROL-818","client/src/pages/dashboard/contact-detail-tabs/CreateDialogs.tsx","370","Button","""button-cancel-company""","[{""event"":""onClick"",""binding"":""{() => p.setShowCompanyDialog(false)}""}]","C2 consumer; retained shared A/B command authority","NOT_EXECUTED: source control row requires action/state/role/keyboard receipt; mounted or static inventory is not a pass","Real authorized UI interaction, registered handler/readback or explicitly blocked existing owner; rendering is not action proof"
"C2-CONTROL-819","client/src/pages/dashboard/contact-detail-tabs/CreateDialogs.tsx","374","Button","""button-submit-link-company""","[{""event"":""onClick"",""binding"":""{() => p.addCompanyAssociation.mutate({\n                    companyId: Number(p.selectedCompanyId),\n                    role: p.companyRole || undefined,\n                    isPrimary: p.companyIsPrimary,\n                  })}""}]","C2 consumer; retained shared A/B command authority","NOT_EXECUTED: source control row requires action/state/role/keyboard receipt; mounted or static inventory is not a pass","Real authorized UI interaction, registered handler/readback or explicitly blocked existing owner; rendering is not action proof"
"C2-CONTROL-820","client/src/pages/dashboard/contact-detail-tabs/CreateDialogs.tsx","386","Button","""button-submit-create-company""","[{""event"":""onClick"",""binding"":""{() => p.createAndLinkCompany.mutate()}""}]","C2 consumer; retained shared A/B command authority","NOT_EXECUTED: source control row requires action/state/role/keyboard receipt; mounted or static inventory is not a pass","Real authorized UI interaction, registered handler/readback or explicitly blocked existing owner; rendering is not action proof"
"C2-CONTROL-821","client/src/pages/dashboard/contact-detail-tabs/ChangeHistoryTab.tsx","128","button","{`history-toggle-${entry.id}`}","[{""event"":""onClick"",""binding"":""{() => setExpanded(!expanded)}""}]","C2 consumer; retained shared A/B command authority","NOT_EXECUTED: source control row requires action/state/role/keyboard receipt; mounted or static inventory is not a pass","Real authorized UI interaction, registered handler/readback or explicitly blocked existing owner; rendering is not action proof"
"C2-CONTROL-822","client/src/pages/dashboard/contact-detail-tabs/LinkedinEnrichmentSection.tsx","50","a","""link-linkedin-url""","[]","C2 consumer; retained shared A/B command authority","NOT_EXECUTED: source control row requires action/state/role/keyboard receipt; mounted or static inventory is not a pass","Real authorized UI interaction, registered handler/readback or explicitly blocked existing owner; rendering is not action proof"
"C2-CONTROL-823","client/src/pages/dashboard/contact-detail-tabs/LinkedinEnrichmentSection.tsx","107","Button","""button-enrich-linkedin""","[]","C2 consumer; retained shared A/B command authority","NOT_EXECUTED: source control row requires action/state/role/keyboard receipt; mounted or static inventory is not a pass","Real authorized UI interaction, registered handler/readback or explicitly blocked existing owner; rendering is not action proof"
"C2-CONTROL-824","client/src/pages/dashboard/contact-detail-tabs/LinkedinEnrichmentSection.tsx","128","button","""button-toggle-linkedin-history""","[{""event"":""onClick"",""binding"":""{() => setShowLinkedinHistory(v => !v)}""}]","C2 consumer; retained shared A/B command authority","NOT_EXECUTED: source control row requires action/state/role/keyboard receipt; mounted or static inventory is not a pass","Real authorized UI interaction, registered handler/readback or explicitly blocked existing owner; rendering is not action proof"
"C2-CONTROL-825","client/src/pages/dashboard/contact-detail-tabs/ActivityTab.tsx","68","Button","""button-activity-show-more""","[{""event"":""onClick"",""binding"":""{() => setShowAll(v => !v)}""}]","C2 consumer; retained shared A/B command authority","NOT_EXECUTED: source control row requires action/state/role/keyboard receipt; mounted or static inventory is not a pass","Real authorized UI interaction, registered handler/readback or explicitly blocked existing owner; rendering is not action proof"
"C2-CONTROL-826","client/src/pages/dashboard/contact-detail-tabs/ChargebacksTab.tsx","101","Button","{`button-cb-submit-${cb.id}`}","[{""event"":""onClick"",""binding"":""{() => setExpandedSubmit(isExpanded ? null : cb.id)}""}]","C4 existing interior; C2 outer guard/context","NOT_EXECUTED: source control row requires action/state/role/keyboard receipt; mounted or static inventory is not a pass","Real authorized UI interaction, registered handler/readback or explicitly blocked existing owner; rendering is not action proof"
"C2-CONTROL-827","client/src/pages/dashboard/contact-detail-tabs/ChargebacksTab.tsx","123","Input","{`input-cb-mid-${cb.id}`}","[{""event"":""onChange"",""binding"":""{e => setSubmitMid(prev => ({ ...prev, [cb.id]: e.target.value }))}""}]","C4 existing interior; C2 outer guard/context","NOT_EXECUTED: source control row requires action/state/role/keyboard receipt; mounted or static inventory is not a pass","Real authorized UI interaction, registered handler/readback or explicitly blocked existing owner; rendering is not action proof"
"C2-CONTROL-828","client/src/pages/dashboard/contact-detail-tabs/ChargebacksTab.tsx","133","Input","{`input-cb-case-${cb.id}`}","[]","C4 existing interior; C2 outer guard/context","NOT_EXECUTED: source control row requires action/state/role/keyboard receipt; mounted or static inventory is not a pass","Real authorized UI interaction, registered handler/readback or explicitly blocked existing owner; rendering is not action proof"
"C2-CONTROL-829","client/src/pages/dashboard/contact-detail-tabs/ChargebacksTab.tsx","142","Textarea","{`textarea-cb-notes-${cb.id}`}","[{""event"":""onChange"",""binding"":""{e => setSubmitNotes(prev => ({ ...prev, [cb.id]: e.target.value }))}""}]","C4 existing interior; C2 outer guard/context","NOT_EXECUTED: source control row requires action/state/role/keyboard receipt; mounted or static inventory is not a pass","Real authorized UI interaction, registered handler/readback or explicitly blocked existing owner; rendering is not action proof"
"C2-CONTROL-830","client/src/pages/dashboard/contact-detail-tabs/ChargebacksTab.tsx","151","Button","{`button-cb-submit-confirm-${cb.id}`}","[{""event"":""onClick"",""binding"":""{() =>\n                      submitMutation.mutate({\n                        id: cb.id,\n                        mid: submitMid[cb.id] ?? \""\"",\n                        evidenceNotes: submitNotes[cb.id],\n                      })\n                    }""}]","C4 existing interior; C2 outer guard/context","NOT_EXECUTED: source control row requires action/state/role/keyboard receipt; mounted or static inventory is not a pass","Real authorized UI interaction, registered handler/readback or explicitly blocked existing owner; rendering is not action proof"
"C2-CONTROL-831","client/src/pages/dashboard/contact-detail-tabs/ChargebacksTab.tsx","171","Button","","[{""event"":""onClick"",""binding"":""{() => setExpandedSubmit(null)}""}]","C4 existing interior; C2 outer guard/context","NOT_EXECUTED: source control row requires action/state/role/keyboard receipt; mounted or static inventory is not a pass","Real authorized UI interaction, registered handler/readback or explicitly blocked existing owner; rendering is not action proof"
"C2-CONTROL-832","client/src/pages/dashboard/contact-detail-tabs/DocumentsTab.tsx","180","Button","{`button-upload-missing-${missing.category.replace(/\s+/g, ""-"").toLowerCase()}`}","[{""event"":""onClick"",""binding"":""{() => {\n                    setPlaceholderCategory(missing.category);\n                    placeholderInputRef.current?.click();\n                  }}""}]","C4 existing interior; C2 outer guard/context","NOT_EXECUTED: source control row requires action/state/role/keyboard receipt; mounted or static inventory is not a pass","Real authorized UI interaction, registered handler/readback or explicitly blocked existing owner; rendering is not action proof"
"C2-CONTROL-833","client/src/pages/dashboard/contact-detail-tabs/DocumentsTab.tsx","194","input","""input-placeholder-file-upload""","[{""event"":""onChange"",""binding"":""{handlePlaceholderFileChange}""}]","C4 existing interior; C2 outer guard/context","NOT_EXECUTED: source control row requires action/state/role/keyboard receipt; mounted or static inventory is not a pass","Real authorized UI interaction, registered handler/readback or explicitly blocked existing owner; rendering is not action proof"
"C2-CONTROL-834","client/src/pages/dashboard/contact-detail-tabs/DocumentsTab.tsx","217","Select","","[{""event"":""onValueChange"",""binding"":""{setUploadCategory}""}]","C4 existing interior; C2 outer guard/context","NOT_EXECUTED: source control row requires action/state/role/keyboard receipt; mounted or static inventory is not a pass","Real authorized UI interaction, registered handler/readback or explicitly blocked existing owner; rendering is not action proof"
"C2-CONTROL-835","client/src/pages/dashboard/contact-detail-tabs/DocumentsTab.tsx","218","SelectTrigger","""select-upload-category""","[]","C4 existing interior; C2 outer guard/context","NOT_EXECUTED: source control row requires action/state/role/keyboard receipt; mounted or static inventory is not a pass","Real authorized UI interaction, registered handler/readback or explicitly blocked existing owner; rendering is not action proof"
"C2-CONTROL-836","client/src/pages/dashboard/contact-detail-tabs/DocumentsTab.tsx","230","div","""dropzone-upload""","[{""event"":""onDrop"",""binding"":""{handleDrop}""},{""event"":""onDragOver"",""binding"":""{handleDragOver}""},{""event"":""onDragLeave"",""binding"":""{handleDragLeave}""},{""event"":""onClick"",""binding"":""{() => fileInputRef.current?.click()}""}]","C4 existing interior; C2 outer guard/context","NOT_EXECUTED: source control row requires action/state/role/keyboard receipt; mounted or static inventory is not a pass","Real authorized UI interaction, registered handler/readback or explicitly blocked existing owner; rendering is not action proof"
"C2-CONTROL-837","client/src/pages/dashboard/contact-detail-tabs/DocumentsTab.tsx","240","input","""input-file-upload""","[{""event"":""onChange"",""binding"":""{handleFileChange}""}]","C4 existing interior; C2 outer guard/context","NOT_EXECUTED: source control row requires action/state/role/keyboard receipt; mounted or static inventory is not a pass","Real authorized UI interaction, registered handler/readback or explicitly blocked existing owner; rendering is not action proof"
"C2-CONTROL-838","client/src/pages/dashboard/contact-detail-tabs/DocumentsTab.tsx","338","Button","{`button-approve-doc-${doc.id}`}","[{""event"":""onClick"",""binding"":""{() => statusMutation.mutate({ id: doc.id, status: 'approved' })}""}]","C4 existing interior; C2 outer guard/context","NOT_EXECUTED: source control row requires action/state/role/keyboard receipt; mounted or static inventory is not a pass","Real authorized UI interaction, registered handler/readback or explicitly blocked existing owner; rendering is not action proof"
"C2-CONTROL-839","client/src/pages/dashboard/contact-detail-tabs/DocumentsTab.tsx","351","Button","{`button-reject-doc-${doc.id}`}","[{""event"":""onClick"",""binding"":""{() => statusMutation.mutate({ id: doc.id, status: 'rejected' })}""}]","C4 existing interior; C2 outer guard/context","NOT_EXECUTED: source control row requires action/state/role/keyboard receipt; mounted or static inventory is not a pass","Real authorized UI interaction, registered handler/readback or explicitly blocked existing owner; rendering is not action proof"
"C2-CONTROL-840","client/src/pages/dashboard/contact-detail-tabs/DocumentsTab.tsx","365","Button","{`button-download-${doc.id}`}","[{""event"":""onClick"",""binding"":""{async () => {\n                          try {\n                            const res = await fetch(`/api/merchant-documents/${doc.id}/access-token`, { credentials: \""include\"" });\n                            if (!res.ok) throw new Error(\""Failed to get access token\"");\n                            const { url } = await res.json();\n                            window.open(url, \""_blank\"");\n                          } catch {\n                            toast({ title: \""Download failed\"", description: \""Could not generate download link\"", variant: \""destructive\"" });\n                          }\n                        }}""}]","C4 existing interior; C2 outer guard/context","NOT_EXECUTED: source control row requires action/state/role/keyboard receipt; mounted or static inventory is not a pass","Real authorized UI interaction, registered handler/readback or explicitly blocked existing owner; rendering is not action proof"
"C2-CONTROL-841","client/src/pages/dashboard/contact-detail-tabs/DocumentsTab.tsx","384","Button","{`button-delete-${doc.id}`}","[{""event"":""onClick"",""binding"":""{() => setDeleteDocTarget(doc)}""}]","C4 existing interior; C2 outer guard/context","NOT_EXECUTED: source control row requires action/state/role/keyboard receipt; mounted or static inventory is not a pass","Real authorized UI interaction, registered handler/readback or explicitly blocked existing owner; rendering is not action proof"
"C2-CONTROL-842","client/src/pages/dashboard/contact-detail-tabs/DocumentsTab.tsx","404","Dialog","","[{""event"":""onOpenChange"",""binding"":""{open => !open && setDeleteDocTarget(null)}""}]","C4 existing interior; C2 outer guard/context","NOT_EXECUTED: source control row requires action/state/role/keyboard receipt; mounted or static inventory is not a pass","Real authorized UI interaction, registered handler/readback or explicitly blocked existing owner; rendering is not action proof"
"C2-CONTROL-843","client/src/pages/dashboard/contact-detail-tabs/DocumentsTab.tsx","415","Button","""button-cancel-doc-delete""","[{""event"":""onClick"",""binding"":""{() => setDeleteDocTarget(null)}""}]","C4 existing interior; C2 outer guard/context","NOT_EXECUTED: source control row requires action/state/role/keyboard receipt; mounted or static inventory is not a pass","Real authorized UI interaction, registered handler/readback or explicitly blocked existing owner; rendering is not action proof"
"C2-CONTROL-844","client/src/pages/dashboard/contact-detail-tabs/DocumentsTab.tsx","418","Button","""button-confirm-doc-delete""","[{""event"":""onClick"",""binding"":""{() => deleteDocTarget && deleteDocMutation.mutate(deleteDocTarget.id)}""}]","C4 existing interior; C2 outer guard/context","NOT_EXECUTED: source control row requires action/state/role/keyboard receipt; mounted or static inventory is not a pass","Real authorized UI interaction, registered handler/readback or explicitly blocked existing owner; rendering is not action proof"
"C2-CONTROL-845","client/src/pages/dashboard/contact-detail-tabs/NotesTab.tsx","98","Textarea","""textarea-add-note""","[{""event"":""onChange"",""binding"":""{e => setNoteContent(e.target.value)}""}]","C2 consumer; retained shared A/B command authority","NOT_EXECUTED: source control row requires action/state/role/keyboard receipt; mounted or static inventory is not a pass","Real authorized UI interaction, registered handler/readback or explicitly blocked existing owner; rendering is not action proof"
"C2-CONTROL-846","client/src/pages/dashboard/contact-detail-tabs/NotesTab.tsx","106","Button","""button-submit-note""","[{""event"":""onClick"",""binding"":""{addNote}""}]","C2 consumer; retained shared A/B command authority","NOT_EXECUTED: source control row requires action/state/role/keyboard receipt; mounted or static inventory is not a pass","Real authorized UI interaction, registered handler/readback or explicitly blocked existing owner; rendering is not action proof"
"C2-CONTROL-847","client/src/pages/dashboard/contact-detail-tabs/NotesTab.tsx","127","Textarea","{`textarea-edit-note-${note.id}`}","[{""event"":""onChange"",""binding"":""{e => setEditContent(e.target.value)}""}]","C2 consumer; retained shared A/B command authority","NOT_EXECUTED: source control row requires action/state/role/keyboard receipt; mounted or static inventory is not a pass","Real authorized UI interaction, registered handler/readback or explicitly blocked existing owner; rendering is not action proof"
"C2-CONTROL-848","client/src/pages/dashboard/contact-detail-tabs/NotesTab.tsx","135","Button","{`button-save-note-${note.id}`}","[{""event"":""onClick"",""binding"":""{() => saveEdit(note.id!)}""}]","C2 consumer; retained shared A/B command authority","NOT_EXECUTED: source control row requires action/state/role/keyboard receipt; mounted or static inventory is not a pass","Real authorized UI interaction, registered handler/readback or explicitly blocked existing owner; rendering is not action proof"
"C2-CONTROL-849","client/src/pages/dashboard/contact-detail-tabs/NotesTab.tsx","143","Button","{`button-cancel-note-${note.id}`}","[{""event"":""onClick"",""binding"":""{cancelEdit}""}]","C2 consumer; retained shared A/B command authority","NOT_EXECUTED: source control row requires action/state/role/keyboard receipt; mounted or static inventory is not a pass","Real authorized UI interaction, registered handler/readback or explicitly blocked existing owner; rendering is not action proof"
"C2-CONTROL-850","client/src/pages/dashboard/contact-detail-tabs/NotesTab.tsx","167","button","{`button-pin-note-${note.id}`}","[{""event"":""onClick"",""binding"":""{() => togglePin(note)}""}]","C2 consumer; retained shared A/B command authority","NOT_EXECUTED: source control row requires action/state/role/keyboard receipt; mounted or static inventory is not a pass","Real authorized UI interaction, registered handler/readback or explicitly blocked existing owner; rendering is not action proof"
"C2-CONTROL-851","client/src/pages/dashboard/contact-detail-tabs/NotesTab.tsx","181","button","{`button-edit-note-${note.id}`}","[{""event"":""onClick"",""binding"":""{() => startEdit(note)}""}]","C2 consumer; retained shared A/B command authority","NOT_EXECUTED: source control row requires action/state/role/keyboard receipt; mounted or static inventory is not a pass","Real authorized UI interaction, registered handler/readback or explicitly blocked existing owner; rendering is not action proof"
"C2-CONTROL-852","client/src/pages/dashboard/contact-detail-tabs/NotesTab.tsx","190","Button","","[{""event"":""onClick"",""binding"":""{()=>void removeNote(note)}""}]","C2 consumer; retained shared A/B command authority","NOT_EXECUTED: source control row requires action/state/role/keyboard receipt; mounted or static inventory is not a pass","Real authorized UI interaction, registered handler/readback or explicitly blocked existing owner; rendering is not action proof"
"C2-CONTROL-853","client/src/pages/dashboard/contact-detail-tabs/NotesTab.tsx","203","Button","""button-load-more-notes""","[{""event"":""onClick"",""binding"":""{() => setNotesPage(p => p + 1)}""}]","C2 consumer; retained shared A/B command authority","NOT_EXECUTED: source control row requires action/state/role/keyboard receipt; mounted or static inventory is not a pass","Real authorized UI interaction, registered handler/readback or explicitly blocked existing owner; rendering is not action proof"
"C2-CONTROL-854","client/src/pages/dashboard/contact-detail-tabs/TasksTab.tsx","32","Dialog","","[{""event"":""onOpenChange"",""binding"":""{open=>{setEditing(open);if(open){setTitle(task.title);setDisplayed(task);save.reset();}}}""}]","C2 consumer; retained shared A/B command authority","NOT_EXECUTED: source control row requires action/state/role/keyboard receipt; mounted or static inventory is not a pass","Real authorized UI interaction, registered handler/readback or explicitly blocked existing owner; rendering is not action proof"
"C2-CONTROL-855","client/src/pages/dashboard/contact-detail-tabs/TasksTab.tsx","33","Button","{`button-edit-record-task-${task.id}`}","[]","C2 consumer; retained shared A/B command authority","NOT_EXECUTED: source control row requires action/state/role/keyboard receipt; mounted or static inventory is not a pass","Real authorized UI interaction, registered handler/readback or explicitly blocked existing owner; rendering is not action proof"
"C2-CONTROL-856","client/src/pages/dashboard/contact-detail-tabs/TasksTab.tsx","36","Input","{`input-record-task-title-${task.id}`}","[{""event"":""onChange"",""binding"":""{event=>setTitle(event.currentTarget.value)}""}]","C2 consumer; retained shared A/B command authority","NOT_EXECUTED: source control row requires action/state/role/keyboard receipt; mounted or static inventory is not a pass","Real authorized UI interaction, registered handler/readback or explicitly blocked existing owner; rendering is not action proof"
"C2-CONTROL-857","client/src/pages/dashboard/contact-detail-tabs/TasksTab.tsx","40","Button","{`button-cancel-record-task-${task.id}`}","[{""event"":""onClick"",""binding"":""{()=>setEditing(false)}""}]","C2 consumer; retained shared A/B command authority","NOT_EXECUTED: source control row requires action/state/role/keyboard receipt; mounted or static inventory is not a pass","Real authorized UI interaction, registered handler/readback or explicitly blocked existing owner; rendering is not action proof"
"C2-CONTROL-858","client/src/pages/dashboard/contact-detail-tabs/TasksTab.tsx","41","Button","{`button-save-record-task-${task.id}`}","[{""event"":""onClick"",""binding"":""{()=>save.mutate({record:displayed,fields:{title:title.trim()}})}""}]","C2 consumer; retained shared A/B command authority","NOT_EXECUTED: source control row requires action/state/role/keyboard receipt; mounted or static inventory is not a pass","Real authorized UI interaction, registered handler/readback or explicitly blocked existing owner; rendering is not action proof"
"C2-CONTROL-859","client/src/pages/dashboard/contact-detail-tabs/TasksTab.tsx","46","Button","{`button-complete-record-task-${task.id}`}","[{""event"":""onClick"",""binding"":""{()=>save.mutate({record:task,fields:{status:\""completed\""}})}""}]","C2 consumer; retained shared A/B command authority","NOT_EXECUTED: source control row requires action/state/role/keyboard receipt; mounted or static inventory is not a pass","Real authorized UI interaction, registered handler/readback or explicitly blocked existing owner; rendering is not action proof"
"C2-CONTROL-860","client/src/pages/dashboard/contact-detail-tabs/TicketsTab.tsx","73","Button","{`button-escalate-ticket-${ticket.id}`}","[{""event"":""onClick"",""binding"":""{() => { setEscalatingId(ticket.id); escalateMutation.mutate(ticket.id); }}""}]","C4 existing interior; C2 outer guard/context","NOT_EXECUTED: source control row requires action/state/role/keyboard receipt; mounted or static inventory is not a pass","Real authorized UI interaction, registered handler/readback or explicitly blocked existing owner; rendering is not action proof"
"C2-CONTROL-861","client/src/components/LiveProcessingTab.tsx","132","Button","""button-refresh-mid-stats""","[{""event"":""onClick"",""binding"":""{() => refreshMutation.mutate()}""}]","C4 existing interior; C2 outer guard/context","NOT_EXECUTED: source control row requires action/state/role/keyboard receipt; mounted or static inventory is not a pass","Real authorized UI interaction, registered handler/readback or explicitly blocked existing owner; rendering is not action proof"
"C2-CONTROL-862","client/src/components/LiveProcessingTab.tsx","181","Button","""button-refresh-mid-stats""","[{""event"":""onClick"",""binding"":""{() => refreshMutation.mutate()}""}]","C4 existing interior; C2 outer guard/context","NOT_EXECUTED: source control row requires action/state/role/keyboard receipt; mounted or static inventory is not a pass","Real authorized UI interaction, registered handler/readback or explicitly blocked existing owner; rendering is not action proof"
"C2-CONTROL-863","client/src/pages/dashboard/contact-detail-tabs/DealsTab.tsx","163","Button","{`button-reanalyze-statement-${dealId}`}","[{""event"":""onClick"",""binding"":""{() => reanalyzeMutation.mutate()}""}]","C2 consumer; retained shared A/B command authority","NOT_EXECUTED: source control row requires action/state/role/keyboard receipt; mounted or static inventory is not a pass","Real authorized UI interaction, registered handler/readback or explicitly blocked existing owner; rendering is not action proof"
"C2-CONTROL-864","client/src/pages/dashboard/contact-detail-tabs/DealsTab.tsx","304","Button","{`button-send-ghl-deal-proposal-${p.id}`}","[{""event"":""onClick"",""binding"":""{() => {\n                  apiRequest(\""POST\"", `/api/co-branded-proposals/${p.id}/send`, {})\n                    .then(() => toast({ title: \""Proposal sent via GHL!\"" }))\n                    .catch((err) => toast({ title: \""Failed to send\"", description: err.message, variant: \""destructive\"" }));\n                }}""}]","C2 consumer; retained shared A/B command authority","NOT_EXECUTED: source control row requires action/state/role/keyboard receipt; mounted or static inventory is not a pass","Real authorized UI interaction, registered handler/readback or explicitly blocked existing owner; rendering is not action proof"
"C2-CONTROL-865","client/src/pages/dashboard/contact-detail-tabs/DealsTab.tsx","318","Button","","[{""event"":""onClick"",""binding"":""{() => { navigator.clipboard.writeText(p.viewerUrl); toast({ title: \""Link copied!\"" }); }}""}]","C2 consumer; retained shared A/B command authority","NOT_EXECUTED: source control row requires action/state/role/keyboard receipt; mounted or static inventory is not a pass","Real authorized UI interaction, registered handler/readback or explicitly blocked existing owner; rendering is not action proof"
"C2-CONTROL-866","client/src/pages/dashboard/contact-detail-tabs/DealsTab.tsx","327","a","","[]","C2 consumer; retained shared A/B command authority","NOT_EXECUTED: source control row requires action/state/role/keyboard receipt; mounted or static inventory is not a pass","Real authorized UI interaction, registered handler/readback or explicitly blocked existing owner; rendering is not action proof"
"C2-CONTROL-867","client/src/pages/dashboard/contact-detail-tabs/DealsTab.tsx","328","Button","","[]","C2 consumer; retained shared A/B command authority","NOT_EXECUTED: source control row requires action/state/role/keyboard receipt; mounted or static inventory is not a pass","Real authorized UI interaction, registered handler/readback or explicitly blocked existing owner; rendering is not action proof"
"C2-CONTROL-868","client/src/pages/dashboard/contact-detail-tabs/DealsTab.tsx","415","Button","""button-share-app-link-single""","[{""event"":""onClick"",""binding"":""{() => appLinkMutation.mutate({ dealId: eligibleDeals[0].id })}""}]","C2 consumer; retained shared A/B command authority","NOT_EXECUTED: source control row requires action/state/role/keyboard receipt; mounted or static inventory is not a pass","Real authorized UI interaction, registered handler/readback or explicitly blocked existing owner; rendering is not action proof"
"C2-CONTROL-869","client/src/pages/dashboard/contact-detail-tabs/DealsTab.tsx","435","Button","""button-share-app-link-multi""","[]","C2 consumer; retained shared A/B command authority","NOT_EXECUTED: source control row requires action/state/role/keyboard receipt; mounted or static inventory is not a pass","Real authorized UI interaction, registered handler/readback or explicitly blocked existing owner; rendering is not action proof"
"C2-CONTROL-870","client/src/pages/dashboard/contact-detail-tabs/DealsTab.tsx","452","DropdownMenuItem","{`menu-app-link-deal-${d.id}`}","[{""event"":""onClick"",""binding"":""{() => appLinkMutation.mutate({ dealId: d.id })}""}]","C2 consumer; retained shared A/B command authority","NOT_EXECUTED: source control row requires action/state/role/keyboard receipt; mounted or static inventory is not a pass","Real authorized UI interaction, registered handler/readback or explicitly blocked existing owner; rendering is not action proof"
"C2-CONTROL-871","client/src/pages/dashboard/contact-detail-tabs/DealsTab.tsx","472","div","","[{""event"":""onClick"",""binding"":""{() => setLocation(\""/dashboard/pipeline\"")}""}]","C2 consumer; retained shared A/B command authority","NOT_EXECUTED: source control row requires action/state/role/keyboard receipt; mounted or static inventory is not a pass","Real authorized UI interaction, registered handler/readback or explicitly blocked existing owner; rendering is not action proof"
"C2-CONTROL-872","client/src/pages/dashboard/contact-detail-tabs/DealsTab.tsx","516","Button","{`button-share-deal-contact-${deal.id}`}","[{""event"":""onClick"",""binding"":""{(e) => e.stopPropagation()}""}]","C2 consumer; retained shared A/B command authority","NOT_EXECUTED: source control row requires action/state/role/keyboard receipt; mounted or static inventory is not a pass","Real authorized UI interaction, registered handler/readback or explicitly blocked existing owner; rendering is not action proof"
"C2-CONTROL-873","client/src/pages/dashboard/contact-detail-tabs/DealsTab.tsx","537","DropdownMenuItem","{`menu-copy-link-contact-${deal.id}`}","[{""event"":""onClick"",""binding"":""{(e) => {\n                          e.stopPropagation();\n                          shareLinkMutation.mutate(deal.id);\n                        }}""}]","C2 consumer; retained shared A/B command authority","NOT_EXECUTED: source control row requires action/state/role/keyboard receipt; mounted or static inventory is not a pass","Real authorized UI interaction, registered handler/readback or explicitly blocked existing owner; rendering is not action proof"
"C2-CONTROL-874","client/src/pages/dashboard/contact-detail-tabs/DealsTab.tsx","547","DropdownMenuItem","{`menu-email-merchant-contact-${deal.id}`}","[{""event"":""onClick"",""binding"":""{(e) => {\n                          e.stopPropagation();\n                          emailShareLinkMutation.mutate(deal.id);\n                        }}""}]","C2 consumer; retained shared A/B command authority","NOT_EXECUTED: source control row requires action/state/role/keyboard receipt; mounted or static inventory is not a pass","Real authorized UI interaction, registered handler/readback or explicitly blocked existing owner; rendering is not action proof"
"C2-CONTROL-875","client/src/pages/dashboard/contact-detail-tabs/DealAgentAssignment.tsx","42","Select","","[{""event"":""onValueChange"",""binding"":""{(val) => assignMutation.mutate(val === \""none\"" ? null : Number(val))}""}]","C2 consumer; retained shared A/B command authority","NOT_EXECUTED: source control row requires action/state/role/keyboard receipt; mounted or static inventory is not a pass","Real authorized UI interaction, registered handler/readback or explicitly blocked existing owner; rendering is not action proof"
"C2-CONTROL-876","client/src/pages/dashboard/contact-detail-tabs/DealAgentAssignment.tsx","46","SelectTrigger","{`select-deal-agent-${dealId}`}","[]","C2 consumer; retained shared A/B command authority","NOT_EXECUTED: source control row requires action/state/role/keyboard receipt; mounted or static inventory is not a pass","Real authorized UI interaction, registered handler/readback or explicitly blocked existing owner; rendering is not action proof"
"C2-CONTROL-877","client/src/components/BoardingPanel.tsx","157","Select","""select-processor""","[{""event"":""onValueChange"",""binding"":""{setSelectedProcessor}""}]","C4 existing interior; C2 outer guard/context","NOT_EXECUTED: source control row requires action/state/role/keyboard receipt; mounted or static inventory is not a pass","Real authorized UI interaction, registered handler/readback or explicitly blocked existing owner; rendering is not action proof"
"C2-CONTROL-878","client/src/components/BoardingPanel.tsx","158","SelectTrigger","""trigger-processor-select""","[]","C4 existing interior; C2 outer guard/context","NOT_EXECUTED: source control row requires action/state/role/keyboard receipt; mounted or static inventory is not a pass","Real authorized UI interaction, registered handler/readback or explicitly blocked existing owner; rendering is not action proof"
"C2-CONTROL-879","client/src/components/BoardingPanel.tsx","173","Button","""button-submit-to-processor""","[{""event"":""onClick"",""binding"":""{() => submitMutation.mutate()}""}]","C4 existing interior; C2 outer guard/context","NOT_EXECUTED: source control row requires action/state/role/keyboard receipt; mounted or static inventory is not a pass","Real authorized UI interaction, registered handler/readback or explicitly blocked existing owner; rendering is not action proof"
"C2-CONTROL-880","client/src/components/BoardingPanel.tsx","185","Button","""button-refresh-boarding-status""","[{""event"":""onClick"",""binding"":""{() => refreshMutation.mutate()}""}]","C4 existing interior; C2 outer guard/context","NOT_EXECUTED: source control row requires action/state/role/keyboard receipt; mounted or static inventory is not a pass","Real authorized UI interaction, registered handler/readback or explicitly blocked existing owner; rendering is not action proof"
"C2-CONTROL-881","client/src/components/BoardingPanel.tsx","239","button","""button-toggle-boarding-log""","[{""event"":""onClick"",""binding"":""{() => setShowLog(p => !p)}""}]","C4 existing interior; C2 outer guard/context","NOT_EXECUTED: source control row requires action/state/role/keyboard receipt; mounted or static inventory is not a pass","Real authorized UI interaction, registered handler/readback or explicitly blocked existing owner; rendering is not action proof"
"C2-CONTROL-882","client/src/pages/dashboard/contact-detail-tabs/OverviewTab.tsx","115","Input","""input-dnc-reason""","[{""event"":""onChange"",""binding"":""{e => setDncReason(e.target.value)}""}]","C2 consumer; retained shared A/B command authority","NOT_EXECUTED: source control row requires action/state/role/keyboard receipt; mounted or static inventory is not a pass","Real authorized UI interaction, registered handler/readback or explicitly blocked existing owner; rendering is not action proof"
"C2-CONTROL-883","client/src/pages/dashboard/contact-detail-tabs/OverviewTab.tsx","123","Button","""btn-confirm-dnc""","[{""event"":""onClick"",""binding"":""{() => markDnc.mutate()}""}]","C2 consumer; retained shared A/B command authority","NOT_EXECUTED: source control row requires action/state/role/keyboard receipt; mounted or static inventory is not a pass","Real authorized UI interaction, registered handler/readback or explicitly blocked existing owner; rendering is not action proof"
"C2-CONTROL-884","client/src/pages/dashboard/contact-detail-tabs/OverviewTab.tsx","133","Button","","[{""event"":""onClick"",""binding"":""{() => { setShowDncForm(false); setDncReason(\""\""); }}""}]","C2 consumer; retained shared A/B command authority","NOT_EXECUTED: source control row requires action/state/role/keyboard receipt; mounted or static inventory is not a pass","Real authorized UI interaction, registered handler/readback or explicitly blocked existing owner; rendering is not action proof"
"C2-CONTROL-885","client/src/pages/dashboard/contact-detail-tabs/OverviewTab.tsx","139","Button","""btn-mark-dnc""","[{""event"":""onClick"",""binding"":""{() => setShowDncForm(true)}""}]","C2 consumer; retained shared A/B command authority","NOT_EXECUTED: source control row requires action/state/role/keyboard receipt; mounted or static inventory is not a pass","Real authorized UI interaction, registered handler/readback or explicitly blocked existing owner; rendering is not action proof"
"C2-CONTROL-886","client/src/pages/dashboard/contact-detail-tabs/OverviewTab.tsx","194","Button","""btn-toggle-dm""","[{""event"":""onClick"",""binding"":""{() => toggleDm.mutate(!contact.isDecisionMaker)}""}]","C2 consumer; retained shared A/B command authority","NOT_EXECUTED: source control row requires action/state/role/keyboard receipt; mounted or static inventory is not a pass","Real authorized UI interaction, registered handler/readback or explicitly blocked existing owner; rendering is not action proof"
"C2-CONTROL-887","client/src/pages/dashboard/contact-detail-tabs/OverviewTab.tsx","251","a","","[]","C2 consumer; retained shared A/B command authority","NOT_EXECUTED: source control row requires action/state/role/keyboard receipt; mounted or static inventory is not a pass","Real authorized UI interaction, registered handler/readback or explicitly blocked existing owner; rendering is not action proof"
"C2-CONTROL-888","client/src/pages/dashboard/contact-detail-tabs/OverviewTab.tsx","259","a","","[]","C2 consumer; retained shared A/B command authority","NOT_EXECUTED: source control row requires action/state/role/keyboard receipt; mounted or static inventory is not a pass","Real authorized UI interaction, registered handler/readback or explicitly blocked existing owner; rendering is not action proof"
"C2-CONTROL-889","client/src/pages/dashboard/contact-detail-tabs/OverviewTab.tsx","288","button","""text-open-tickets""","[{""event"":""onClick"",""binding"":""{onOpenTicketsClick}""}]","C2 consumer; retained shared A/B command authority","NOT_EXECUTED: source control row requires action/state/role/keyboard receipt; mounted or static inventory is not a pass","Real authorized UI interaction, registered handler/readback or explicitly blocked existing owner; rendering is not action proof"
"C2-CONTROL-890","client/src/components/OnboardingStagesChecklist.tsx","88","Collapsible","","[{""event"":""onOpenChange"",""binding"":""{setOpen}""}]","C4 existing interior; C2 outer guard/context","NOT_EXECUTED: source control row requires action/state/role/keyboard receipt; mounted or static inventory is not a pass","Real authorized UI interaction, registered handler/readback or explicitly blocked existing owner; rendering is not action proof"
"C2-CONTROL-891","client/src/components/OnboardingStagesChecklist.tsx","137","Select","","[{""event"":""onValueChange"",""binding"":""{handleStatusChange}""}]","C4 existing interior; C2 outer guard/context","NOT_EXECUTED: source control row requires action/state/role/keyboard receipt; mounted or static inventory is not a pass","Real authorized UI interaction, registered handler/readback or explicitly blocked existing owner; rendering is not action proof"
"C2-CONTROL-892","client/src/components/OnboardingStagesChecklist.tsx","138","SelectTrigger","{`select-status-${stageKey}`}","[]","C4 existing interior; C2 outer guard/context","NOT_EXECUTED: source control row requires action/state/role/keyboard receipt; mounted or static inventory is not a pass","Real authorized UI interaction, registered handler/readback or explicitly blocked existing owner; rendering is not action proof"
"C2-CONTROL-893","client/src/components/OnboardingStagesChecklist.tsx","151","Button","{`button-expand-${stageKey}`}","[]","C4 existing interior; C2 outer guard/context","NOT_EXECUTED: source control row requires action/state/role/keyboard receipt; mounted or static inventory is not a pass","Real authorized UI interaction, registered handler/readback or explicitly blocked existing owner; rendering is not action proof"
"C2-CONTROL-894","client/src/components/OnboardingStagesChecklist.tsx","163","Input","{`input-owner-${stageKey}`}","[{""event"":""onChange"",""binding"":""{e => setOwner(e.target.value)}""}]","C4 existing interior; C2 outer guard/context","NOT_EXECUTED: source control row requires action/state/role/keyboard receipt; mounted or static inventory is not a pass","Real authorized UI interaction, registered handler/readback or explicitly blocked existing owner; rendering is not action proof"
"C2-CONTROL-895","client/src/components/OnboardingStagesChecklist.tsx","173","Input","{`input-due-date-${stageKey}`}","[{""event"":""onChange"",""binding"":""{e => setDueDate(e.target.value)}""}]","C4 existing interior; C2 outer guard/context","NOT_EXECUTED: source control row requires action/state/role/keyboard receipt; mounted or static inventory is not a pass","Real authorized UI interaction, registered handler/readback or explicitly blocked existing owner; rendering is not action proof"
"C2-CONTROL-896","client/src/components/OnboardingStagesChecklist.tsx","186","Input","{`input-equipment-ref-${stageKey}`}","[{""event"":""onChange"",""binding"":""{e => setEquipmentOrderRef(e.target.value)}""}]","C4 existing interior; C2 outer guard/context","NOT_EXECUTED: source control row requires action/state/role/keyboard receipt; mounted or static inventory is not a pass","Real authorized UI interaction, registered handler/readback or explicitly blocked existing owner; rendering is not action proof"
"C2-CONTROL-897","client/src/components/OnboardingStagesChecklist.tsx","198","Textarea","{`textarea-notes-${stageKey}`}","[{""event"":""onChange"",""binding"":""{e => setNotes(e.target.value)}""}]","C4 existing interior; C2 outer guard/context","NOT_EXECUTED: source control row requires action/state/role/keyboard receipt; mounted or static inventory is not a pass","Real authorized UI interaction, registered handler/readback or explicitly blocked existing owner; rendering is not action proof"
"C2-CONTROL-898","client/src/components/OnboardingStagesChecklist.tsx","209","Button","","[{""event"":""onClick"",""binding"":""{() => setOpen(false)}""}]","C4 existing interior; C2 outer guard/context","NOT_EXECUTED: source control row requires action/state/role/keyboard receipt; mounted or static inventory is not a pass","Real authorized UI interaction, registered handler/readback or explicitly blocked existing owner; rendering is not action proof"
"C2-CONTROL-899","client/src/components/OnboardingStagesChecklist.tsx","212","Button","","[{""event"":""onClick"",""binding"":""{handleSaveDetails}""}]","C4 existing interior; C2 outer guard/context","NOT_EXECUTED: source control row requires action/state/role/keyboard receipt; mounted or static inventory is not a pass","Real authorized UI interaction, registered handler/readback or explicitly blocked existing owner; rendering is not action proof"
"C2-CONTROL-900","client/src/components/OnboardingStagesChecklist.tsx","267","Button","""button-init-stages""","[{""event"":""onClick"",""binding"":""{() => initMutation.mutate()}""}]","C4 existing interior; C2 outer guard/context","NOT_EXECUTED: source control row requires action/state/role/keyboard receipt; mounted or static inventory is not a pass","Real authorized UI interaction, registered handler/readback or explicitly blocked existing owner; rendering is not action proof"
"C2-CONTROL-901","client/src/components/EmailComposer.tsx","118","Dialog","","[{""event"":""onOpenChange"",""binding"":""{(isOpen) => { if (!isOpen) onClose() }}""}]","C2 consumer; retained shared A/B command authority","NOT_EXECUTED: source control row requires action/state/role/keyboard receipt; mounted or static inventory is not a pass","Real authorized UI interaction, registered handler/readback or explicitly blocked existing owner; rendering is not action proof"
"C2-CONTROL-902","client/src/components/EmailComposer.tsx","139","Select","","[{""event"":""onValueChange"",""binding"":""{(v) => setVertical(v === \""_none\"" ? \""\"" : v)}""}]","C2 consumer; retained shared A/B command authority","NOT_EXECUTED: source control row requires action/state/role/keyboard receipt; mounted or static inventory is not a pass","Real authorized UI interaction, registered handler/readback or explicitly blocked existing owner; rendering is not action proof"
"C2-CONTROL-903","client/src/components/EmailComposer.tsx","140","SelectTrigger","""select-email-vertical""","[]","C2 consumer; retained shared A/B command authority","NOT_EXECUTED: source control row requires action/state/role/keyboard receipt; mounted or static inventory is not a pass","Real authorized UI interaction, registered handler/readback or explicitly blocked existing owner; rendering is not action proof"
"C2-CONTROL-904","client/src/components/EmailComposer.tsx","154","Select","","[{""event"":""onValueChange"",""binding"":""{setTone}""}]","C2 consumer; retained shared A/B command authority","NOT_EXECUTED: source control row requires action/state/role/keyboard receipt; mounted or static inventory is not a pass","Real authorized UI interaction, registered handler/readback or explicitly blocked existing owner; rendering is not action proof"
"C2-CONTROL-905","client/src/components/EmailComposer.tsx","155","SelectTrigger","""select-email-tone""","[]","C2 consumer; retained shared A/B command authority","NOT_EXECUTED: source control row requires action/state/role/keyboard receipt; mounted or static inventory is not a pass","Real authorized UI interaction, registered handler/readback or explicitly blocked existing owner; rendering is not action proof"
"C2-CONTROL-906","client/src/components/EmailComposer.tsx","170","Textarea","""input-email-context""","[{""event"":""onChange"",""binding"":""{(e) => setContext(e.target.value)}""}]","C2 consumer; retained shared A/B command authority","NOT_EXECUTED: source control row requires action/state/role/keyboard receipt; mounted or static inventory is not a pass","Real authorized UI interaction, registered handler/readback or explicitly blocked existing owner; rendering is not action proof"
"C2-CONTROL-907","client/src/components/EmailComposer.tsx","180","Button","""button-generate-email""","[{""event"":""onClick"",""binding"":""{() => generateMutation.mutate()}""}]","C2 consumer; retained shared A/B command authority","NOT_EXECUTED: source control row requires action/state/role/keyboard receipt; mounted or static inventory is not a pass","Real authorized UI interaction, registered handler/readback or explicitly blocked existing owner; rendering is not action proof"
"C2-CONTROL-908","client/src/components/EmailComposer.tsx","212","Input","""input-email-subject""","[{""event"":""onChange"",""binding"":""{(e) => setSubject(e.target.value)}""}]","C2 consumer; retained shared A/B command authority","NOT_EXECUTED: source control row requires action/state/role/keyboard receipt; mounted or static inventory is not a pass","Real authorized UI interaction, registered handler/readback or explicitly blocked existing owner; rendering is not action proof"
"C2-CONTROL-909","client/src/components/EmailComposer.tsx","222","Textarea","""textarea-email-body""","[{""event"":""onChange"",""binding"":""{(e) => setBody(e.target.value)}""}]","C2 consumer; retained shared A/B command authority","NOT_EXECUTED: source control row requires action/state/role/keyboard receipt; mounted or static inventory is not a pass","Real authorized UI interaction, registered handler/readback or explicitly blocked existing owner; rendering is not action proof"
"C2-CONTROL-910","client/src/components/EmailComposer.tsx","232","Button","""button-save-email-draft""","[{""event"":""onClick"",""binding"":""{() => draft.retrySave({ subject, body })}""}]","C2 consumer; retained shared A/B command authority","NOT_EXECUTED: source control row requires action/state/role/keyboard receipt; mounted or static inventory is not a pass","Real authorized UI interaction, registered handler/readback or explicitly blocked existing owner; rendering is not action proof"
"C2-CONTROL-911","client/src/components/EmailComposer.tsx","240","Button","","[{""event"":""onClick"",""binding"":""{() => { if (!body || window.confirm(\""Replace editor text with the saved draft? Copy unsaved text first.\"")) void draft.reopen() }}""}]","C2 consumer; retained shared A/B command authority","NOT_EXECUTED: source control row requires action/state/role/keyboard receipt; mounted or static inventory is not a pass","Real authorized UI interaction, registered handler/readback or explicitly blocked existing owner; rendering is not action proof"
"C2-CONTROL-912","client/src/components/EmailComposer.tsx","249","Button","""button-copy-email""","[{""event"":""onClick"",""binding"":""{handleCopy}""}]","C2 consumer; retained shared A/B command authority","NOT_EXECUTED: source control row requires action/state/role/keyboard receipt; mounted or static inventory is not a pass","Real authorized UI interaction, registered handler/readback or explicitly blocked existing owner; rendering is not action proof"
"C2-CONTROL-913","client/src/components/EmailComposer.tsx","257","Button","""button-send-email""","[{""event"":""onClick"",""binding"":""{() => sendMutation.mutate()}""}]","C2 consumer; retained shared A/B command authority","NOT_EXECUTED: source control row requires action/state/role/keyboard receipt; mounted or static inventory is not a pass","Real authorized UI interaction, registered handler/readback or explicitly blocked existing owner; rendering is not action proof"
"C2-CONTROL-914","client/src/components/RfiTab.tsx","149","Button","""button-create-rfi""","[{""event"":""onClick"",""binding"":""{openCreate}""}]","C4 existing interior; C2 outer guard/context","NOT_EXECUTED: source control row requires action/state/role/keyboard receipt; mounted or static inventory is not a pass","Real authorized UI interaction, registered handler/readback or explicitly blocked existing owner; rendering is not action proof"
"C2-CONTROL-915","client/src/components/RfiTab.tsx","195","Button","{`button-edit-rfi-${rfi.id}`}","[{""event"":""onClick"",""binding"":""{() => openEdit(rfi)}""}]","C4 existing interior; C2 outer guard/context","NOT_EXECUTED: source control row requires action/state/role/keyboard receipt; mounted or static inventory is not a pass","Real authorized UI interaction, registered handler/readback or explicitly blocked existing owner; rendering is not action proof"
"C2-CONTROL-916","client/src/components/RfiTab.tsx","215","Dialog","","[{""event"":""onOpenChange"",""binding"":""{(o) => { if (!o) setDialogOpen(false); }}""}]","C4 existing interior; C2 outer guard/context","NOT_EXECUTED: source control row requires action/state/role/keyboard receipt; mounted or static inventory is not a pass","Real authorized UI interaction, registered handler/readback or explicitly blocked existing owner; rendering is not action proof"
"C2-CONTROL-917","client/src/components/RfiTab.tsx","225","Input","""input-rfi-subject""","[{""event"":""onChange"",""binding"":""{(e) => setForm((p) => ({ ...p, subject: e.target.value }))}""}]","C4 existing interior; C2 outer guard/context","NOT_EXECUTED: source control row requires action/state/role/keyboard receipt; mounted or static inventory is not a pass","Real authorized UI interaction, registered handler/readback or explicitly blocked existing owner; rendering is not action proof"
"C2-CONTROL-918","client/src/components/RfiTab.tsx","238","Textarea","""input-rfi-description""","[{""event"":""onChange"",""binding"":""{(e) => setForm((p) => ({ ...p, description: e.target.value }))}""}]","C4 existing interior; C2 outer guard/context","NOT_EXECUTED: source control row requires action/state/role/keyboard receipt; mounted or static inventory is not a pass","Real authorized UI interaction, registered handler/readback or explicitly blocked existing owner; rendering is not action proof"
"C2-CONTROL-919","client/src/components/RfiTab.tsx","250","Select","","[{""event"":""onValueChange"",""binding"":""{(v) => setForm((p) => ({ ...p, category: v }))}""}]","C4 existing interior; C2 outer guard/context","NOT_EXECUTED: source control row requires action/state/role/keyboard receipt; mounted or static inventory is not a pass","Real authorized UI interaction, registered handler/readback or explicitly blocked existing owner; rendering is not action proof"
"C2-CONTROL-920","client/src/components/RfiTab.tsx","251","SelectTrigger","""select-rfi-category""","[]","C4 existing interior; C2 outer guard/context","NOT_EXECUTED: source control row requires action/state/role/keyboard receipt; mounted or static inventory is not a pass","Real authorized UI interaction, registered handler/readback or explicitly blocked existing owner; rendering is not action proof"
"C2-CONTROL-921","client/src/components/RfiTab.tsx","264","Select","","[{""event"":""onValueChange"",""binding"":""{(v) => setForm((p) => ({ ...p, priority: v }))}""}]","C4 existing interior; C2 outer guard/context","NOT_EXECUTED: source control row requires action/state/role/keyboard receipt; mounted or static inventory is not a pass","Real authorized UI interaction, registered handler/readback or explicitly blocked existing owner; rendering is not action proof"
"C2-CONTROL-922","client/src/components/RfiTab.tsx","265","SelectTrigger","""select-rfi-priority""","[]","C4 existing interior; C2 outer guard/context","NOT_EXECUTED: source control row requires action/state/role/keyboard receipt; mounted or static inventory is not a pass","Real authorized UI interaction, registered handler/readback or explicitly blocked existing owner; rendering is not action proof"
"C2-CONTROL-923","client/src/components/RfiTab.tsx","278","Select","","[{""event"":""onValueChange"",""binding"":""{(v) => setForm((p) => ({ ...p, status: v }))}""}]","C4 existing interior; C2 outer guard/context","NOT_EXECUTED: source control row requires action/state/role/keyboard receipt; mounted or static inventory is not a pass","Real authorized UI interaction, registered handler/readback or explicitly blocked existing owner; rendering is not action proof"
"C2-CONTROL-924","client/src/components/RfiTab.tsx","279","SelectTrigger","""select-rfi-status""","[]","C4 existing interior; C2 outer guard/context","NOT_EXECUTED: source control row requires action/state/role/keyboard receipt; mounted or static inventory is not a pass","Real authorized UI interaction, registered handler/readback or explicitly blocked existing owner; rendering is not action proof"
"C2-CONTROL-925","client/src/components/RfiTab.tsx","292","Input","""input-rfi-due-date""","[{""event"":""onChange"",""binding"":""{(e) => setForm((p) => ({ ...p, dueDate: e.target.value }))}""}]","C4 existing interior; C2 outer guard/context","NOT_EXECUTED: source control row requires action/state/role/keyboard receipt; mounted or static inventory is not a pass","Real authorized UI interaction, registered handler/readback or explicitly blocked existing owner; rendering is not action proof"
"C2-CONTROL-926","client/src/components/RfiTab.tsx","302","Button","""button-cancel-rfi""","[{""event"":""onClick"",""binding"":""{() => setDialogOpen(false)}""}]","C4 existing interior; C2 outer guard/context","NOT_EXECUTED: source control row requires action/state/role/keyboard receipt; mounted or static inventory is not a pass","Real authorized UI interaction, registered handler/readback or explicitly blocked existing owner; rendering is not action proof"
"C2-CONTROL-927","client/src/components/RfiTab.tsx","305","Button","""button-save-rfi""","[{""event"":""onClick"",""binding"":""{handleSave}""}]","C4 existing interior; C2 outer guard/context","NOT_EXECUTED: source control row requires action/state/role/keyboard receipt; mounted or static inventory is not a pass","Real authorized UI interaction, registered handler/readback or explicitly blocked existing owner; rendering is not action proof"
"C2-CONTROL-928","client/src/pages/dashboard/CompanyDetail.tsx","222","Button","","[{""event"":""onClick"",""binding"":""{() => void retryCompany()}""}]","C2 consumer; retained shared A/B command authority","NOT_EXECUTED: source control row requires action/state/role/keyboard receipt; mounted or static inventory is not a pass","Real authorized UI interaction, registered handler/readback or explicitly blocked existing owner; rendering is not action proof"
"C2-CONTROL-929","client/src/pages/dashboard/CompanyDetail.tsx","238","Button","""btn-back-company""","[{""event"":""onClick"",""binding"":""{() => setLocation(\""/dashboard/contacts\"")}""}]","C2 consumer; retained shared A/B command authority","NOT_EXECUTED: source control row requires action/state/role/keyboard receipt; mounted or static inventory is not a pass","Real authorized UI interaction, registered handler/readback or explicitly blocked existing owner; rendering is not action proof"
"C2-CONTROL-930","client/src/pages/dashboard/CompanyDetail.tsx","254","a","","[]","C2 consumer; retained shared A/B command authority","NOT_EXECUTED: source control row requires action/state/role/keyboard receipt; mounted or static inventory is not a pass","Real authorized UI interaction, registered handler/readback or explicitly blocked existing owner; rendering is not action proof"
"C2-CONTROL-931","client/src/pages/dashboard/CompanyDetail.tsx","270","Select","","[{""event"":""onValueChange"",""binding"":""{(v) => setMgmtType.mutate(v)}""}]","C2 consumer; retained shared A/B command authority","NOT_EXECUTED: source control row requires action/state/role/keyboard receipt; mounted or static inventory is not a pass","Real authorized UI interaction, registered handler/readback or explicitly blocked existing owner; rendering is not action proof"
"C2-CONTROL-932","client/src/pages/dashboard/CompanyDetail.tsx","275","SelectTrigger","""select-company-mgmt-type""","[]","C2 consumer; retained shared A/B command authority","NOT_EXECUTED: source control row requires action/state/role/keyboard receipt; mounted or static inventory is not a pass","Real authorized UI interaction, registered handler/readback or explicitly blocked existing owner; rendering is not action proof"
"C2-CONTROL-933","client/src/pages/dashboard/CompanyDetail.tsx","300","Button","","[{""event"":""onClick"",""binding"":""{() => void retryContacts()}""}]","C2 consumer; retained shared A/B command authority","NOT_EXECUTED: source control row requires action/state/role/keyboard receipt; mounted or static inventory is not a pass","Real authorized UI interaction, registered handler/readback or explicitly blocked existing owner; rendering is not action proof"
"C2-CONTROL-934","client/src/pages/dashboard/CompanyDetail.tsx","331","button","{`link-contact-${c.id}`}","[{""event"":""onClick"",""binding"":""{() => setLocation(`/dashboard/contacts/${c.id}`)}""}]","C2 consumer; retained shared A/B command authority","NOT_EXECUTED: source control row requires action/state/role/keyboard receipt; mounted or static inventory is not a pass","Real authorized UI interaction, registered handler/readback or explicitly blocked existing owner; rendering is not action proof"
"C2-CONTROL-935","client/src/pages/dashboard/CompanyDetail.tsx","367","Dialog","","[{""event"":""onOpenChange"",""binding"":""{setMaOpen}""}]","C2 consumer; retained shared A/B command authority","NOT_EXECUTED: source control row requires action/state/role/keyboard receipt; mounted or static inventory is not a pass","Real authorized UI interaction, registered handler/readback or explicitly blocked existing owner; rendering is not action proof"
"C2-CONTROL-936","client/src/pages/dashboard/CompanyDetail.tsx","369","Button","""btn-add-company-ma-event""","[]","C2 consumer; retained shared A/B command authority","NOT_EXECUTED: source control row requires action/state/role/keyboard receipt; mounted or static inventory is not a pass","Real authorized UI interaction, registered handler/readback or explicitly blocked existing owner; rendering is not action proof"
"C2-CONTROL-937","client/src/pages/dashboard/CompanyDetail.tsx","378","Select","","[{""event"":""onValueChange"",""binding"":""{v => setMaForm(f => ({ ...f, eventType: v }))}""}]","C2 consumer; retained shared A/B command authority","NOT_EXECUTED: source control row requires action/state/role/keyboard receipt; mounted or static inventory is not a pass","Real authorized UI interaction, registered handler/readback or explicitly blocked existing owner; rendering is not action proof"
"C2-CONTROL-938","client/src/pages/dashboard/CompanyDetail.tsx","379","SelectTrigger","""select-company-event-type""","[]","C2 consumer; retained shared A/B command authority","NOT_EXECUTED: source control row requires action/state/role/keyboard receipt; mounted or static inventory is not a pass","Real authorized UI interaction, registered handler/readback or explicitly blocked existing owner; rendering is not action proof"
"C2-CONTROL-939","client/src/pages/dashboard/CompanyDetail.tsx","393","Input","""input-company-counterparty""","[{""event"":""onChange"",""binding"":""{e => setMaForm(f => ({ ...f, counterpartyName: e.target.value }))}""}]","C2 consumer; retained shared A/B command authority","NOT_EXECUTED: source control row requires action/state/role/keyboard receipt; mounted or static inventory is not a pass","Real authorized UI interaction, registered handler/readback or explicitly blocked existing owner; rendering is not action proof"
"C2-CONTROL-940","client/src/pages/dashboard/CompanyDetail.tsx","403","Input","""input-company-event-date""","[{""event"":""onChange"",""binding"":""{e => setMaForm(f => ({ ...f, eventDate: e.target.value }))}""}]","C2 consumer; retained shared A/B command authority","NOT_EXECUTED: source control row requires action/state/role/keyboard receipt; mounted or static inventory is not a pass","Real authorized UI interaction, registered handler/readback or explicitly blocked existing owner; rendering is not action proof"
"C2-CONTROL-941","client/src/pages/dashboard/CompanyDetail.tsx","407","Textarea","""input-company-event-note""","[{""event"":""onChange"",""binding"":""{e => setMaForm(f => ({ ...f, note: e.target.value }))}""}]","C2 consumer; retained shared A/B command authority","NOT_EXECUTED: source control row requires action/state/role/keyboard receipt; mounted or static inventory is not a pass","Real authorized UI interaction, registered handler/readback or explicitly blocked existing owner; rendering is not action proof"
"C2-CONTROL-942","client/src/pages/dashboard/CompanyDetail.tsx","409","Button","""btn-submit-company-ma-event""","[{""event"":""onClick"",""binding"":""{() => createMaEvent.mutate()}""}]","C2 consumer; retained shared A/B command authority","NOT_EXECUTED: source control row requires action/state/role/keyboard receipt; mounted or static inventory is not a pass","Real authorized UI interaction, registered handler/readback or explicitly blocked existing owner; rendering is not action proof"
"C2-CONTROL-943","client/src/pages/dashboard/CompanyDetail.tsx","419","Button","","[{""event"":""onClick"",""binding"":""{() => void retryEvents()}""}]","C2 consumer; retained shared A/B command authority","NOT_EXECUTED: source control row requires action/state/role/keyboard receipt; mounted or static inventory is not a pass","Real authorized UI interaction, registered handler/readback or explicitly blocked existing owner; rendering is not action proof"
"C2-CONTROL-944","client/src/pages/dashboard/CompanyDetail.tsx","437","Button","{`btn-delete-company-ma-event-${event.id}`}","[{""event"":""onClick"",""binding"":""{() => deleteMaEvent.mutate(event.id)}""}]","C2 consumer; retained shared A/B command authority","NOT_EXECUTED: source control row requires action/state/role/keyboard receipt; mounted or static inventory is not a pass","Real authorized UI interaction, registered handler/readback or explicitly blocked existing owner; rendering is not action proof"
"C2-CONTROL-945","client/src/pages/dashboard/CommsHub.tsx","159","button","{`inbox-item-${item.id}`}","[{""event"":""onClick"",""binding"":""{onClick}""}]","C2 consumer; retained shared A/B command authority","NOT_EXECUTED: source control row requires action/state/role/keyboard receipt; mounted or static inventory is not a pass","Real authorized UI interaction, registered handler/readback or explicitly blocked existing owner; rendering is not action proof"
"C2-CONTROL-946","client/src/pages/dashboard/CommsHub.tsx","324","Button","","[{""event"":""onClick"",""binding"":""{onBack}""}]","C2 consumer; retained shared A/B command authority","NOT_EXECUTED: source control row requires action/state/role/keyboard receipt; mounted or static inventory is not a pass","Real authorized UI interaction, registered handler/readback or explicitly blocked existing owner; rendering is not action proof"
"C2-CONTROL-947","client/src/pages/dashboard/CommsHub.tsx","345","a","""thread-contact-link""","[]","C2 consumer; retained shared A/B command authority","NOT_EXECUTED: source control row requires action/state/role/keyboard receipt; mounted or static inventory is not a pass","Real authorized UI interaction, registered handler/readback or explicitly blocked existing owner; rendering is not action proof"
"C2-CONTROL-948","client/src/pages/dashboard/CommsHub.tsx","377","a","","[]","C2 consumer; retained shared A/B command authority","NOT_EXECUTED: source control row requires action/state/role/keyboard receipt; mounted or static inventory is not a pass","Real authorized UI interaction, registered handler/readback or explicitly blocked existing owner; rendering is not action proof"
"C2-CONTROL-949","client/src/pages/dashboard/CommsHub.tsx","383","Button","","[]","C2 consumer; retained shared A/B command authority","NOT_EXECUTED: source control row requires action/state/role/keyboard receipt; mounted or static inventory is not a pass","Real authorized UI interaction, registered handler/readback or explicitly blocked existing owner; rendering is not action proof"
"C2-CONTROL-950","client/src/pages/dashboard/CommsHub.tsx","412","Button","","[{""event"":""onClick"",""binding"":""{() => void retrySms()}""}]","C2 consumer; retained shared A/B command authority","NOT_EXECUTED: source control row requires action/state/role/keyboard receipt; mounted or static inventory is not a pass","Real authorized UI interaction, registered handler/readback or explicitly blocked existing owner; rendering is not action proof"
"C2-CONTROL-951","client/src/pages/dashboard/CommsHub.tsx","446","Button","","[{""event"":""onClick"",""binding"":""{() => void retryLiveChat()}""}]","C2 consumer; retained shared A/B command authority","NOT_EXECUTED: source control row requires action/state/role/keyboard receipt; mounted or static inventory is not a pass","Real authorized UI interaction, registered handler/readback or explicitly blocked existing owner; rendering is not action proof"
"C2-CONTROL-952","client/src/pages/dashboard/CommsHub.tsx","493","Button","","[{""event"":""onClick"",""binding"":""{() => void retryThread()}""}]","C2 consumer; retained shared A/B command authority","NOT_EXECUTED: source control row requires action/state/role/keyboard receipt; mounted or static inventory is not a pass","Real authorized UI interaction, registered handler/readback or explicitly blocked existing owner; rendering is not action proof"
"C2-CONTROL-953","client/src/pages/dashboard/CommsHub.tsx","547","Textarea","""thread-reply-input""","[{""event"":""onChange"",""binding"":""{(e) => setReplyText(e.target.value)}""},{""event"":""onKeyDown"",""binding"":""{(e) => {\n                if (e.key === \""Enter\"" && !e.shiftKey) {\n                  e.preventDefault();\n                }\n              }}""}]","C2 consumer; retained shared A/B command authority","NOT_EXECUTED: source control row requires action/state/role/keyboard receipt; mounted or static inventory is not a pass","Real authorized UI interaction, registered handler/readback or explicitly blocked existing owner; rendering is not action proof"
"C2-CONTROL-954","client/src/pages/dashboard/CommsHub.tsx","569","Button","""thread-save-draft""","[{""event"":""onClick"",""binding"":""{() => draft.save.mutate({ subject: item.subject || `Re: Your inquiry`, body: replyText })}""}]","C2 consumer; retained shared A/B command authority","NOT_EXECUTED: source control row requires action/state/role/keyboard receipt; mounted or static inventory is not a pass","Real authorized UI interaction, registered handler/readback or explicitly blocked existing owner; rendering is not action proof"
"C2-CONTROL-955","client/src/pages/dashboard/CommsHub.tsx","574","Button","""thread-reply-send""","[]","C2 consumer; retained shared A/B command authority","NOT_EXECUTED: source control row requires action/state/role/keyboard receipt; mounted or static inventory is not a pass","Real authorized UI interaction, registered handler/readback or explicitly blocked existing owner; rendering is not action proof"
"C2-CONTROL-956","client/src/pages/dashboard/CommsHub.tsx","578","Button","","[{""event"":""onClick"",""binding"":""{() => draft.ready\n              ? draft.retrySave({ subject: item.subject || \""Re: Your inquiry\"", body: replyText })\n              : draft.reopen()}""}]","C2 consumer; retained shared A/B command authority","NOT_EXECUTED: source control row requires action/state/role/keyboard receipt; mounted or static inventory is not a pass","Real authorized UI interaction, registered handler/readback or explicitly blocked existing owner; rendering is not action proof"
"C2-CONTROL-957","client/src/pages/dashboard/CommsHub.tsx","594","Input","""live-chat-contact-search""","[{""event"":""onChange"",""binding"":""{(event) => setLinkSearch(event.target.value)}""}]","C2 consumer; retained shared A/B command authority","NOT_EXECUTED: source control row requires action/state/role/keyboard receipt; mounted or static inventory is not a pass","Real authorized UI interaction, registered handler/readback or explicitly blocked existing owner; rendering is not action proof"
"C2-CONTROL-958","client/src/pages/dashboard/CommsHub.tsx","602","Button","{`live-chat-link-contact-${contact.id}`}","[{""event"":""onClick"",""binding"":""{() => linkContactMutation.mutate(contact.id)}""}]","C2 consumer; retained shared A/B command authority","NOT_EXECUTED: source control row requires action/state/role/keyboard receipt; mounted or static inventory is not a pass","Real authorized UI interaction, registered handler/readback or explicitly blocked existing owner; rendering is not action proof"
"C2-CONTROL-959","client/src/pages/dashboard/CommsHub.tsx","615","button","","[{""event"":""onClick"",""binding"":""{() => void contactSearch.refetch()}""}]","C2 consumer; retained shared A/B command authority","NOT_EXECUTED: source control row requires action/state/role/keyboard receipt; mounted or static inventory is not a pass","Real authorized UI interaction, registered handler/readback or explicitly blocked existing owner; rendering is not action proof"
"C2-CONTROL-960","client/src/pages/dashboard/CommsHub.tsx","620","Button","","[{""event"":""onClick"",""binding"":""{async () => {\n                  try {\n                    await apiRequest(\""PATCH\"", `/api/live-chat/sessions/${chatId}`, { status: \""closed\"" });\n                    toast({ title: \""Chat closed\"" });\n                    queryClient.invalidateQueries({ queryKey: [\""/api/inbox/items\""] });\n                  } catch {\n                    toast({ title: \""Failed to close chat\"", variant: \""destructive\"" });\n                  }\n                }}""}]","C2 consumer; retained shared A/B command authority","NOT_EXECUTED: source control row requires action/state/role/keyboard receipt; mounted or static inventory is not a pass","Real authorized UI interaction, registered handler/readback or explicitly blocked existing owner; rendering is not action proof"
"C2-CONTROL-961","client/src/pages/dashboard/CommsHub.tsx","796","Button","""button-refresh-inbox""","[{""event"":""onClick"",""binding"":""{() => refetch()}""}]","C2 consumer; retained shared A/B command authority","NOT_EXECUTED: source control row requires action/state/role/keyboard receipt; mounted or static inventory is not a pass","Real authorized UI interaction, registered handler/readback or explicitly blocked existing owner; rendering is not action proof"
"C2-CONTROL-962","client/src/pages/dashboard/CommsHub.tsx","806","Button","{`filter-channel-${f.key}`}","[{""event"":""onClick"",""binding"":""{() => changeWorkspace({ channel: f.key, thread: \""\"" })}""}]","C2 consumer; retained shared A/B command authority","NOT_EXECUTED: source control row requires action/state/role/keyboard receipt; mounted or static inventory is not a pass","Real authorized UI interaction, registered handler/readback or explicitly blocked existing owner; rendering is not action proof"
"C2-CONTROL-963","client/src/pages/dashboard/CommsHub.tsx","821","Button","{`filter-smart-${f}`}","[{""event"":""onClick"",""binding"":""{() => changeWorkspace({ filter: f, thread: \""\"" })}""}]","C2 consumer; retained shared A/B command authority","NOT_EXECUTED: source control row requires action/state/role/keyboard receipt; mounted or static inventory is not a pass","Real authorized UI interaction, registered handler/readback or explicitly blocked existing owner; rendering is not action proof"
"C2-CONTROL-964","client/src/pages/dashboard/CommsHub.tsx","846","Input","""input-search-inbox""","[{""event"":""onChange"",""binding"":""{(e) => changeWorkspace({ search: e.target.value, thread: \""\"" }, true)}""}]","C2 consumer; retained shared A/B command authority","NOT_EXECUTED: source control row requires action/state/role/keyboard receipt; mounted or static inventory is not a pass","Real authorized UI interaction, registered handler/readback or explicitly blocked existing owner; rendering is not action proof"
"C2-CONTROL-965","client/src/pages/dashboard/CommsHub.tsx","854","button","","[{""event"":""onClick"",""binding"":""{() => changeWorkspace({ search: \""\"", thread: \""\"" }, true)}""}]","C2 consumer; retained shared A/B command authority","NOT_EXECUTED: source control row requires action/state/role/keyboard receipt; mounted or static inventory is not a pass","Real authorized UI interaction, registered handler/readback or explicitly blocked existing owner; rendering is not action proof"
"C2-CONTROL-966","client/src/pages/dashboard/CommsHub.tsx","876","Button","","[{""event"":""onClick"",""binding"":""{() => void refetch()}""}]","C2 consumer; retained shared A/B command authority","NOT_EXECUTED: source control row requires action/state/role/keyboard receipt; mounted or static inventory is not a pass","Real authorized UI interaction, registered handler/readback or explicitly blocked existing owner; rendering is not action proof"
"C2-CONTROL-967","client/src/pages/dashboard/CommsHub.tsx","894","ItemCard","","[{""event"":""onClick"",""binding"":""{() => handleSelect(item)}""}]","C2 consumer; retained shared A/B command authority","NOT_EXECUTED: source control row requires action/state/role/keyboard receipt; mounted or static inventory is not a pass","Real authorized UI interaction, registered handler/readback or explicitly blocked existing owner; rendering is not action proof"
"C2-CONTROL-968","client/src/pages/dashboard/CommsHub.tsx","916","Button","","[{""event"":""onClick"",""binding"":""{() => void fetchNextPage()}""}]","C2 consumer; retained shared A/B command authority","NOT_EXECUTED: source control row requires action/state/role/keyboard receipt; mounted or static inventory is not a pass","Real authorized UI interaction, registered handler/readback or explicitly blocked existing owner; rendering is not action proof"
"C2-CONTROL-969","client/src/pages/dashboard/CommsHub.tsx","932","Button","","[{""event"":""onClick"",""binding"":""{handleBack}""}]","C2 consumer; retained shared A/B command authority","NOT_EXECUTED: source control row requires action/state/role/keyboard receipt; mounted or static inventory is not a pass","Real authorized UI interaction, registered handler/readback or explicitly blocked existing owner; rendering is not action proof"
"C2-CONTROL-970","client/src/pages/dashboard/CommsHub.tsx","942","Button","","[{""event"":""onClick"",""binding"":""{handleBack}""}]","C2 consumer; retained shared A/B command authority","NOT_EXECUTED: source control row requires action/state/role/keyboard receipt; mounted or static inventory is not a pass","Real authorized UI interaction, registered handler/readback or explicitly blocked existing owner; rendering is not action proof"
"C2-CONTROL-971","client/src/pages/dashboard/CallOutcome.tsx","404","Button","""button-log-another""","[{""event"":""onClick"",""binding"":""{resetAll}""}]","C2 consumer; retained shared A/B command authority","NOT_EXECUTED: source control row requires action/state/role/keyboard receipt; mounted or static inventory is not a pass","Real authorized UI interaction, registered handler/readback or explicitly blocked existing owner; rendering is not action proof"
"C2-CONTROL-972","client/src/pages/dashboard/CallOutcome.tsx","426","Button","""button-back-to-edit""","[{""event"":""onClick"",""binding"":""{() => setStep(\""log\"")}""}]","C2 consumer; retained shared A/B command authority","NOT_EXECUTED: source control row requires action/state/role/keyboard receipt; mounted or static inventory is not a pass","Real authorized UI interaction, registered handler/readback or explicitly blocked existing owner; rendering is not action proof"
"C2-CONTROL-973","client/src/pages/dashboard/CallOutcome.tsx","458","Checkbox","""checkbox-send-email""","[{""event"":""onCheckedChange"",""binding"":""{(v) => setSendEmail(!!v)}""}]","C2 consumer; retained shared A/B command authority","NOT_EXECUTED: source control row requires action/state/role/keyboard receipt; mounted or static inventory is not a pass","Real authorized UI interaction, registered handler/readback or explicitly blocked existing owner; rendering is not action proof"
"C2-CONTROL-974","client/src/pages/dashboard/CallOutcome.tsx","467","Input","""input-email-subject""","[{""event"":""onChange"",""binding"":""{(e) => setEditEmailSubject(e.target.value)}""}]","C2 consumer; retained shared A/B command authority","NOT_EXECUTED: source control row requires action/state/role/keyboard receipt; mounted or static inventory is not a pass","Real authorized UI interaction, registered handler/readback or explicitly blocked existing owner; rendering is not action proof"
"C2-CONTROL-975","client/src/pages/dashboard/CallOutcome.tsx","474","Textarea","""input-email-body""","[{""event"":""onChange"",""binding"":""{(e) => setEditEmailBody(e.target.value)}""}]","C2 consumer; retained shared A/B command authority","NOT_EXECUTED: source control row requires action/state/role/keyboard receipt; mounted or static inventory is not a pass","Real authorized UI interaction, registered handler/readback or explicitly blocked existing owner; rendering is not action proof"
"C2-CONTROL-976","client/src/pages/dashboard/CallOutcome.tsx","506","Button","""button-approve-send""","[{""event"":""onClick"",""binding"":""{() => sendMutation.mutate()}""}]","C2 consumer; retained shared A/B command authority","NOT_EXECUTED: source control row requires action/state/role/keyboard receipt; mounted or static inventory is not a pass","Real authorized UI interaction, registered handler/readback or explicitly blocked existing owner; rendering is not action proof"
"C2-CONTROL-977","client/src/pages/dashboard/CallOutcome.tsx","519","Button","""button-log-only""","[{""event"":""onClick"",""binding"":""{handleLogOnly}""}]","C2 consumer; retained shared A/B command authority","NOT_EXECUTED: source control row requires action/state/role/keyboard receipt; mounted or static inventory is not a pass","Real authorized UI interaction, registered handler/readback or explicitly blocked existing owner; rendering is not action proof"
"C2-CONTROL-978","client/src/pages/dashboard/CallOutcome.tsx","542","Input","""call-outcome-contact-search""","[{""event"":""onChange"",""binding"":""{event => setContactSearch(event.target.value)}""}]","C2 consumer; retained shared A/B command authority","NOT_EXECUTED: source control row requires action/state/role/keyboard receipt; mounted or static inventory is not a pass","Real authorized UI interaction, registered handler/readback or explicitly blocked existing owner; rendering is not action proof"
"C2-CONTROL-979","client/src/pages/dashboard/CallOutcome.tsx","556","form","","[{""event"":""onSubmit"",""binding"":""{form.handleSubmit(onSubmitForReview)}""}]","C2 consumer; retained shared A/B command authority","NOT_EXECUTED: source control row requires action/state/role/keyboard receipt; mounted or static inventory is not a pass","Real authorized UI interaction, registered handler/readback or explicitly blocked existing owner; rendering is not action proof"
"C2-CONTROL-980","client/src/pages/dashboard/CallOutcome.tsx","564","Select","","[{""event"":""onValueChange"",""binding"":""{(v) => {\n                          field.onChange(v);\n                          setSelectedContactId(v);\n                          form.setValue(\""dealId\"", \""\"");\n                        }}""}]","C2 consumer; retained shared A/B command authority","NOT_EXECUTED: source control row requires action/state/role/keyboard receipt; mounted or static inventory is not a pass","Real authorized UI interaction, registered handler/readback or explicitly blocked existing owner; rendering is not action proof"
"C2-CONTROL-981","client/src/pages/dashboard/CallOutcome.tsx","573","SelectTrigger","""select-contact""","[]","C2 consumer; retained shared A/B command authority","NOT_EXECUTED: source control row requires action/state/role/keyboard receipt; mounted or static inventory is not a pass","Real authorized UI interaction, registered handler/readback or explicitly blocked existing owner; rendering is not action proof"
"C2-CONTROL-982","client/src/pages/dashboard/CallOutcome.tsx","596","Select","","[{""event"":""onValueChange"",""binding"":""{field.onChange}""}]","C2 consumer; retained shared A/B command authority","NOT_EXECUTED: source control row requires action/state/role/keyboard receipt; mounted or static inventory is not a pass","Real authorized UI interaction, registered handler/readback or explicitly blocked existing owner; rendering is not action proof"
"C2-CONTROL-983","client/src/pages/dashboard/CallOutcome.tsx","598","SelectTrigger","""select-deal""","[]","C2 consumer; retained shared A/B command authority","NOT_EXECUTED: source control row requires action/state/role/keyboard receipt; mounted or static inventory is not a pass","Real authorized UI interaction, registered handler/readback or explicitly blocked existing owner; rendering is not action proof"
"C2-CONTROL-984","client/src/pages/dashboard/CallOutcome.tsx","622","Select","","[{""event"":""onValueChange"",""binding"":""{field.onChange}""}]","C2 consumer; retained shared A/B command authority","NOT_EXECUTED: source control row requires action/state/role/keyboard receipt; mounted or static inventory is not a pass","Real authorized UI interaction, registered handler/readback or explicitly blocked existing owner; rendering is not action proof"
"C2-CONTROL-985","client/src/pages/dashboard/CallOutcome.tsx","624","SelectTrigger","""select-outcome""","[]","C2 consumer; retained shared A/B command authority","NOT_EXECUTED: source control row requires action/state/role/keyboard receipt; mounted or static inventory is not a pass","Real authorized UI interaction, registered handler/readback or explicitly blocked existing owner; rendering is not action proof"
"C2-CONTROL-986","client/src/pages/dashboard/CallOutcome.tsx","652","Input","""input-duration""","[]","C2 consumer; retained shared A/B command authority","NOT_EXECUTED: source control row requires action/state/role/keyboard receipt; mounted or static inventory is not a pass","Real authorized UI interaction, registered handler/readback or explicitly blocked existing owner; rendering is not action proof"
"C2-CONTROL-987","client/src/pages/dashboard/CallOutcome.tsx","666","Input","""input-follow-up-date""","[]","C2 consumer; retained shared A/B command authority","NOT_EXECUTED: source control row requires action/state/role/keyboard receipt; mounted or static inventory is not a pass","Real authorized UI interaction, registered handler/readback or explicitly blocked existing owner; rendering is not action proof"
"C2-CONTROL-988","client/src/pages/dashboard/CallOutcome.tsx","681","Textarea","""input-notes""","[]","C2 consumer; retained shared A/B command authority","NOT_EXECUTED: source control row requires action/state/role/keyboard receipt; mounted or static inventory is not a pass","Real authorized UI interaction, registered handler/readback or explicitly blocked existing owner; rendering is not action proof"
"C2-CONTROL-989","client/src/pages/dashboard/CallOutcome.tsx","695","Button","""button-toggle-recap""","[{""event"":""onClick"",""binding"":""{() => setShowRecap(!showRecap)}""}]","C2 consumer; retained shared A/B command authority","NOT_EXECUTED: source control row requires action/state/role/keyboard receipt; mounted or static inventory is not a pass","Real authorized UI interaction, registered handler/readback or explicitly blocked existing owner; rendering is not action proof"
"C2-CONTROL-990","client/src/pages/dashboard/CallOutcome.tsx","714","Textarea","""input-fireflies-recap""","[]","C2 consumer; retained shared A/B command authority","NOT_EXECUTED: source control row requires action/state/role/keyboard receipt; mounted or static inventory is not a pass","Real authorized UI interaction, registered handler/readback or explicitly blocked existing owner; rendering is not action proof"
"C2-CONTROL-991","client/src/pages/dashboard/CallOutcome.tsx","741","Checkbox","""checkbox-interested-0-percent""","[{""event"":""onCheckedChange"",""binding"":""{field.onChange}""}]","C2 consumer; retained shared A/B command authority","NOT_EXECUTED: source control row requires action/state/role/keyboard receipt; mounted or static inventory is not a pass","Real authorized UI interaction, registered handler/readback or explicitly blocked existing owner; rendering is not action proof"
"C2-CONTROL-992","client/src/pages/dashboard/CallOutcome.tsx","758","Checkbox","""checkbox-needs-terminal""","[{""event"":""onCheckedChange"",""binding"":""{field.onChange}""}]","C2 consumer; retained shared A/B command authority","NOT_EXECUTED: source control row requires action/state/role/keyboard receipt; mounted or static inventory is not a pass","Real authorized UI interaction, registered handler/readback or explicitly blocked existing owner; rendering is not action proof"
"C2-CONTROL-993","client/src/pages/dashboard/CallOutcome.tsx","775","Checkbox","""checkbox-send-packet""","[{""event"":""onCheckedChange"",""binding"":""{field.onChange}""}]","C2 consumer; retained shared A/B command authority","NOT_EXECUTED: source control row requires action/state/role/keyboard receipt; mounted or static inventory is not a pass","Real authorized UI interaction, registered handler/readback or explicitly blocked existing owner; rendering is not action proof"
"C2-CONTROL-994","client/src/pages/dashboard/CallOutcome.tsx","795","Select","","[{""event"":""onValueChange"",""binding"":""{field.onChange}""}]","C2 consumer; retained shared A/B command authority","NOT_EXECUTED: source control row requires action/state/role/keyboard receipt; mounted or static inventory is not a pass","Real authorized UI interaction, registered handler/readback or explicitly blocked existing owner; rendering is not action proof"
"C2-CONTROL-995","client/src/pages/dashboard/CallOutcome.tsx","797","SelectTrigger","""select-packet-override""","[]","C2 consumer; retained shared A/B command authority","NOT_EXECUTED: source control row requires action/state/role/keyboard receipt; mounted or static inventory is not a pass","Real authorized UI interaction, registered handler/readback or explicitly blocked existing owner; rendering is not action proof"
"C2-CONTROL-996","client/src/pages/dashboard/CallOutcome.tsx","820","Button","""button-generate-followups""","[]","C2 consumer; retained shared A/B command authority","NOT_EXECUTED: source control row requires action/state/role/keyboard receipt; mounted or static inventory is not a pass","Real authorized UI interaction, registered handler/readback or explicitly blocked existing owner; rendering is not action proof"
"C2-CONTROL-997","client/src/pages/dashboard/CallOutcome.tsx","833","Button","""button-log-only-skip""","[{""event"":""onClick"",""binding"":""{handleLogOnly}""}]","C2 consumer; retained shared A/B command authority","NOT_EXECUTED: source control row requires action/state/role/keyboard receipt; mounted or static inventory is not a pass","Real authorized UI interaction, registered handler/readback or explicitly blocked existing owner; rendering is not action proof"
"C2-CONTROL-998","client/src/components/call-outcome/SmsFollowUpSection.tsx","32","Checkbox","""checkbox-send-sms""","[{""event"":""onCheckedChange"",""binding"":""{(v) => onSendSmsChange(!!v)}""}]","C2 consumer; retained shared A/B command authority","NOT_EXECUTED: source control row requires action/state/role/keyboard receipt; mounted or static inventory is not a pass","Real authorized UI interaction, registered handler/readback or explicitly blocked existing owner; rendering is not action proof"
"C2-CONTROL-999","client/src/components/call-outcome/SmsFollowUpSection.tsx","41","Textarea","""input-sms-body""","[{""event"":""onChange"",""binding"":""{(e) => onSmsBodyChange(e.target.value)}""}]","C2 consumer; retained shared A/B command authority","NOT_EXECUTED: source control row requires action/state/role/keyboard receipt; mounted or static inventory is not a pass","Real authorized UI interaction, registered handler/readback or explicitly blocked existing owner; rendering is not action proof"
"C2-CONTROL-1000","client/src/pages/dashboard/BinLookup.tsx","79","Input","""input-bin""","[{""event"":""onChange"",""binding"":""{(e) => {\n                  const val = e.target.value.replace(/\\D/g, \""\"").slice(0, 8);\n                  setBin(val);\n                }}""},{""event"":""onKeyDown"",""binding"":""{(e) => e.key === \""Enter\"" && handleLookup()}""}]","C2 consumer; retained shared A/B command authority","NOT_EXECUTED: source control row requires action/state/role/keyboard receipt; mounted or static inventory is not a pass","Real authorized UI interaction, registered handler/readback or explicitly blocked existing owner; rendering is not action proof"
"C2-CONTROL-1001","client/src/pages/dashboard/BinLookup.tsx","97","Button","""button-bin-lookup""","[{""event"":""onClick"",""binding"":""{handleLookup}""}]","C2 consumer; retained shared A/B command authority","NOT_EXECUTED: source control row requires action/state/role/keyboard receipt; mounted or static inventory is not a pass","Real authorized UI interaction, registered handler/readback or explicitly blocked existing owner; rendering is not action proof"
"C2-CONTROL-1002","client/src/pages/dashboard/BinLookup.tsx","119","Button","","[{""event"":""onClick"",""binding"":""{() => refetch()}""}]","C2 consumer; retained shared A/B command authority","NOT_EXECUTED: source control row requires action/state/role/keyboard receipt; mounted or static inventory is not a pass","Real authorized UI interaction, registered handler/readback or explicitly blocked existing owner; rendering is not action proof"
