
> rest-express@1.0.0 check
> tsc


══ CI deterministic-static: 57 required suite(s) ══

[1/57] GHL Inbound Pagination Parser — scripts/test-ghl-inbound-pagination.ts
GHL pagination and read-only backfill regression checks passed.

[2/57] GHL Inbound UI Static Render — scripts/test-ghl-inbound-ui-render.mjs
PASS Non-admin has no preview, import or control actions
PASS Unknown status is not healthy or active
PASS Failed status is explicitly unavailable
PASS Production preview is not an import receipt
PASS Development cannot be mistaken for production
PASS Unpaused or unknown outbound blocks execution
PASS Missing preview hash cannot enable execution
PASS Running imports cannot start competing previews
PASS Complete receipts use actual counts separately from preview
PASS Ongoing-update enablement is not proof of receipt
10 GHL inbound UI state checks passed (static render; no browser actions or API mutations).

[3/57] Stage 3 A Sequence Runtime UI Static Render — scripts/test-stage3-a-runtime-render.mjs
PASS 27 typed config/pause/reason permutations plus unavailable read; no probe/send/DB
PASS 27 incoming mode/lease/freshness diagnostic renders plus unavailable read; separate owner classes and unmapped-native limits, no probes/providers

[4/57] South Florida Enrichment Pipeline Correction — scripts/test-sfp-pipeline-correction.mjs

SFP pipeline correction regression suite

  ✓ candidate decryption uses the matching evidence envelope
  ✓ free promotion uses canonical suppression state
  ✓ SFP validation checks both candidate and contact hashes
  ✓ provider-valid does not make named email automatically eligible
  ✓ campaign staging rechecks suppression and uses contact hash
  ✓ campaign staging remains a no-send boundary
  ✓ program activation and bounded free execution are real routes
  ✓ recurring free lane is configurable and bounded
  ✓ paid provider execution keeps activation and dispatch fences without paid approval or an in-app money ceiling
  ✓ ZeroBounce execution uses plaintext only inside governed boundary
  ✓ Serper is bounded and returns domains to the free crawler
  ✓ SFP does not bypass canonical Apollo/Outscraper authority
  ✓ provider manifest explicitly admits only the governed SFP boundary
  ✓ ROI selection excludes noncanonical, DBPR, suppression, bounce, customer, and test rows
  ✓ legacy promotion is truly bounded to the approved frozen cohort
  ✓ preview and frozen members retain actual geography and vertical
  ✓ durable SFP schema exists in migration and Drizzle schema
  ✓ production schema is managed by Publish instead of replaying startup migrations
  ✓ UI actions parse API responses and do not display fake provider status
  ✓ SFP routes carry appropriate admin and read-only role guards
  ✓ operator batch inputs are integer-validated at the HTTP boundary

21 assertions passed.


[5/57] REV-05A Processor Boarding Kill Lines — scripts/check-processor-kill-lines.ts
[OK] KL1: processor-api.ts simulation paths removed
[OK] KL2: queue-manager.ts uses registry adapter for MID ingestion
[OK] KL3: No scheduler code imports ingestMidData from processor-api
[OK] KL4: ping() only succeeds on authenticated 2xx
[OK] KL5: Payarc webhook endpoint is inert pending fixture verification
[OK] KL6: No false Payarc dedup guarantee claim
[OK] KL7: Ambiguous submissions classified as reconciliation_required, not blindly retried
[OK] KL8: Audit details use masked MID values
[OK] KL9: MID writes route through canonical service
[OK] KL10: MID access receipt function exists in canonical service
[OK] KL12: Registry has typed health state (activation snapshot gate concept present)
[OK] KL13: Verified ops implemented with MERCHANT_KEY (no simulation); unverified ops (getResiduals, submitDisputeEvidence) remain HeldResult
[OK] KL14: No simulation data generation in any #1737 domain method
[OK] Mock adapter: #1737 domain functions return HeldResult
[OK] NMI adapter: All #1737 domain functions return held/pending_task_1737 (submitDisputeEvidence canonical)
[PayarcAdapter] getTransactions: record[1] MID mismatch (expected=***CTED, got=***RENT)
[PayarcAdapter] getTransactions: record[0] missing merchant identifier — cannot verify MID binding (mid=***CTED)
[PayarcAdapter] getTransactions: record[25] MID mismatch (expected=***CTED, got=***RENT)
[PayarcAdapter] getTransactions: record[0] amount is not numeric (mid=***CTED)
[PayarcAdapter] getTransactions: record[0] missing date field (mid=***CTED)
[PayarcAdapter] getTransactions: record[0] unrecognized status="mystery_status" (mid=***CTED)
[PayarcAdapter] getDailyStats: record[0] missing date field (mid=***CTED)
[PayarcAdapter] getDailyStats: record[0] no recognizable primary amount field (mid=***CTED)
[OK] KL15: All runtime behavior contracts verified (snapshot URL, envelope, pagination progress/bound, revocation, mixed/absent MID, missing amount/date/status → HeldResult, short-page continues, zero-dollar fabrication blocked)

[REV-05A Kill Lines] 16/16 checks passed

[REV-05A Kill Lines] GO — All processor boarding kill lines passed.


[6/57] CRO-03A South Florida Candidate Qualification — scripts/test-cro03a-static.ts
PASS source census is exact and complete
PASS Sunbiz adapter uses real fields and never defaults Florida
PASS linked discovery collapses to SDR merchant evidence
PASS three enabled county FIPS and Monroe denial are frozen
PASS all five geography evidence classes are reachable
PASS fit policy and disposition contract are frozen without loading DB-bound code
PASS runtime certification import graph excludes qualification and DB-bound modules
PASS migration freezes source identity, occurrence replay and denied effects
PASS preview and execution share one evaluator and routes are strict
PASS qualification module imports no provider, SDR scoring, canonical writer, outbound or pause authority
PASS legacy promotion and writeback are retired

CRO-03A static certification passed: 11 checks

[7/57] CRO-03A Geography Reference v2 — scripts/test-cro03a-geography.ts

=== Geography Reference Tests ===

=== 769 passed, 0 failed ===

[8/57] BT-12 Revenue State Reconciliation Authority Guard — scripts/test-bt12-revenue-state-reconciliation.ts
BT-12 revenue state reconciliation authority guard passed.

[9/57] Fresh Snapshot Completion Guard — scripts/test-fresh-snapshot-completion.ts
[DB Migrate] Completed fresh 0109 snapshot with 0076_outbound_launch_foundation.
  PASS empty snapshot restores both omitted 0076 foundation tables
  PASS existing complete database is verified without mutation
  PASS existing database missing a table fails closed without repair
  PASS existing database missing a required index fails closed
  PASS existing database missing required uniqueness fails closed
  PASS malformed fingerprint result fails closed
[DB Migrate] Completed fresh 0109 snapshot with 0076_outbound_launch_foundation.
  PASS repeated runner behavior is idempotent after fresh completion
  PASS non-empty noncanonical database is rejected before snapshot or repair
  PASS non-empty drizzle schema is rejected before snapshot or repair
  PASS canonical runner completes the snapshot before migration baselining
  PASS GitHub integration starts empty and invokes the guarded canonical runner twice

Fresh snapshot completion checks passed (11/11).

[10/57] Task #1999 Final Closeout Guard — scripts/test-sfp1999-final-closeout.mjs

Task #1999 final closeout regression suite

  ✓ both settlement paths use operation state, billing, and claim fences
  ✓ terminal settlement replay is an explicit no-op
  ✓ provider operation costs remain auditable without an in-app spending ceiling
  ✓ business identity is a distinct gap dimension
  ✓ Apollo person evidence closes the decision-maker gap
  ✓ geography closes only on the positive resolver outcome
  ✓ disposable certification exercises accounting replay and gap closure

7 assertions passed.


[11/57] South Florida Prospecting UI Idempotency Persistence — scripts/test-sfp-ui-idempotency-persistence.ts
✓ starts with no persisted idempotency key
Warning: `ReactDOMTestUtils.act` is deprecated in favor of `React.act`. Import `act` from `react` instead of `react-dom/test-utils`. See https://react.dev/warnings/react-dom-test-utils for more info.
✓ first mount mints a valid UUID and persists it to localStorage immediately
✓ a fresh mount (simulated page reload) reuses the SAME idempotency key from localStorage rather than minting a new one
✓ the 'Start new cohort' button is present in the rendered panel
✓ clicking 'Start new cohort' immediately persists a NEW, different key to localStorage
✓ a reload after rotation reuses the ROTATED key
✓ the rotated key is durably different from the original pre-rotation key across reload

SFP UI idempotency persistence: 7 assertions passed.

[12/57] Canonical Identity Writer Guard — scripts/check-contact-identity-writers.ts
✓ Contact writers are observed, local-first, and legacy roots are absent

[13/57] Canonical Intake Authority — scripts/test-canonical-intake-authority.ts
✓ Canonical local-first intake authority boundaries are present

[14/57] Migration Integrity Check — scripts/check-migration-integrity.ts

[Rule 1] Root-level SQL files all present in journal:
  PASS: 0000_faulty_gwen_stacy
  PASS: 0001_smooth_hellion
  PASS: 0002_old_sentry
  PASS: 0003_tough_mandarin
  PASS: 0004_dusty_naoko
  PASS: 0005_shallow_stepford_cuckoos
  PASS: 0006_live_chat_tables
  PASS: 0007_ab_testing_linkedin_enrichment
  PASS: 0008_document_vault_columns
  PASS: 0009_residual_reconciliation
  PASS: 0010_processor_boarding_mid_stats
  PASS: 0011_underwriting_notes_log
  PASS: 0012_user_sessions
  PASS: 0012_verbal_commit_pipeline_stage
  PASS: 0013_ai_audit_observability
  PASS: 0014_dedup_sdr_indexes
  PASS: 0014_startup_sql_consolidation
  PASS: 0015_savings_share_token
  PASS: 0016_referral_converted_at
  PASS: 0016_share_view_count
  PASS: 0017_tool_click_events
  PASS: 0018_deal_vertical
  PASS: 0019_onboarding_checklist
  PASS: 0019_push_subscriptions
  PASS: 0019_rate_review_requests
  PASS: 0020_document_status
  PASS: 0020_multi_location_fk
  PASS: 0022_multi_location
  PASS: 0023_multi_location_fk
  PASS: 0024_deal_analysis_status
  PASS: 0024_terminal_economics
  PASS: 0025_statement_proposals
  PASS: 0026_performance_indexes
  PASS: 0027_underwriting_rules
  PASS: 0028_bot_contexts_handoff_rules
  PASS: 0028_outreach_intelligence
  PASS: 0029_contacts_email_status_fix
  PASS: 0030_workflow_trigger_conditions
  PASS: 0031_registry_import
  PASS: 0032_free_discovery_sources
  PASS: 0033_free_contact_enrichment
  PASS: 0034_ghl_delete_sync
  PASS: 0035_communication_feedback
  PASS: 0036_tcpa_consent_type
  PASS: 0037_contactability_engine
  PASS: 0038_offer_router_fields
  PASS: 0039_wave6_sequence_families
  PASS: 0040_analytics_events
  PASS: 0041_wave10_merchant_app
  PASS: 0042_sdr_merchants_owner_fields
  PASS: 0043_sdr_business_domain_unique
  PASS: 0044_statement_requests_and_ai_cache
  PASS: 0045_channel_audit_log
  PASS: 0046_csv_import_reconciliation
  PASS: 0047_contacts_opted_out_email
  PASS: 0048_outbound_send_counters
  PASS: 0049_csv_import_progress_tracking
  PASS: 0050_deals_auto_enrollment_suppression
  PASS: 0051_csv_import_opt_out_protection
  PASS: 0052_sequence_enrollments_active_unique
  PASS: 0053_sla_task_source_identity
  PASS: 0055_add_data_completeness_score
  PASS: 0056_campaign_previews
  PASS: 0057_contact_readiness_score
  PASS: 0058_campaign_previews_readiness_breakdown
  PASS: 0059_readiness_run_singleton
  PASS: 0060_promotional_enrollment_jobs
  PASS: 0061_prospect_lists_idempotency
  PASS: 0062_prospects_provenance
  PASS: 0063_sunbiz_filing_number_unique
  PASS: 0064_prospects_email_unique
  PASS: 0065_provenance_schema
  PASS: 0066_ghl_contact_id_unique
  PASS: 0067_contact_lead_scoring_jobs
  PASS: 0068_registry_import_log_confidence
  PASS: 0069_consent_audit_idempotency
  PASS: 0070_prospect_conversion_claims
  PASS: 0071_vertical_provenance_schema
  PASS: 0072_system_audit_runs
  PASS: 0073_system_audit_runs_v2
  PASS: 0074_fix_ghl_identity_conflicts
  PASS: 0075_admin_password_reset
  PASS: 0076_outbound_launch_foundation
  PASS: 0077_outbound_attestations
  PASS: 0084_ai_assistant
  PASS: 0085_admin_attestations_versioning
  PASS: 0086_contacts_gclid
  PASS: 0087_demo_archive_lead_staging
  PASS: 0087_master_leads
  PASS: 0088_suppression_compliance_fields
  PASS: 0089_master_leads_extended
  PASS: 0090_inbox_items_statement_reviews
  PASS: 0091_merchant_onboarding_stages
  PASS: 0092_sequence_outbound_channels
  PASS: 0093_clear_test_ghl_ids
  PASS: 0094_outbound_messages_sending_at
  PASS: 0095_closed_won_onboarding
  PASS: 0095_nps_survey_constraints
  PASS: 0096_onboarding_deal_unique
  PASS: 0096_residual_partner_commission
  PASS: 0097_onboarding_sla_task_unique
  PASS: 0098_archived_at_partial_indexes
  PASS: 0099_agent_payouts
  PASS: 0100_agent_payouts_partner_org
  PASS: 0101_agent_payouts_partner_unique
  PASS: 0102_agent_payouts_status_check
  PASS: 0103_merchant_residuals_import_id
  PASS: 0104_merchant_residuals_import_mid_unique
  PASS: 0105_executive_kpi_tables
  PASS: 0105_executive_weekly_snapshots
  PASS: 0106_deferred_ghl_enrollments
  PASS: 0106_executive_goals
  PASS: 0109_fearless_starhawk
  PASS: 0110_ghl_unsynced_contacts_idx
  PASS: 0111_residual_txn_cost
  PASS: 0112_contact_assigned_to
  PASS: 0113_background_jobs_lock_token
  PASS: 0113_vas_upsell_suppression
  PASS: 0114_seq_enrollments_status_next_action_idx
  PASS: 0115_automation_registry
  PASS: 0116_contact_lifecycle_state
  PASS: 0117_contact_nba
  PASS: 0118_lead_sla_timer
  PASS: 0119_communication_events
  PASS: 0120_ghl_shadow_log
  PASS: 0121_underwriting_conditions
  PASS: 0122_merchant_mids
  PASS: 0123_save_cases
  PASS: 0124_entity_memory
  PASS: 0125_ai_decision_log
  PASS: 0126_ai_corrections_prompts
  PASS: 0127_underwriting_task_automation_key_unique
  PASS: 0128_tour_completed_at
  PASS: 0129_deal_name
  PASS: 0130_equipment_device_fields
  PASS: 0131_deal_post_enrichment
  PASS: 0132_outreach_queue_skipped_at
  PASS: 0133_outbound_pause_control
  PASS: 0134_outbound_inflight_sends
  PASS: 0135_contacts_email_status_unvalidated_default
  PASS: 0136_zerobounce_campaign_engine
  PASS: 0137_logical_job_control_holds
  PASS: 0138_post_enrichment_intent_fields
  PASS: 0139_pe_intents_fk_repair
  PASS: 0140_serper_control
  PASS: 0141_serper_merchant_cooldown
  PASS: 0142_merchant_application_protected_data
  PASS: 0143_merchant_application_ein_unique
  PASS: 0144_consent_authority_channel_state
  PASS: 0145_consent_subject_upsert_race_fix
  PASS: 0146_consent_audit_append_only_guard
  PASS: 0147_statement_upload_commands
  PASS: 0148_statement_upload_command_ownership
  PASS: 0149_statement_proposals_deal_id_unique
  PASS: 0150_commercial_classification
  PASS: 0151_canonical_identity_merge
  PASS: 0152_identity_observation_no_plaintext
  PASS: 0153_contact_merge_unordered_pair_fence
  PASS: 0154_identity_observation_current_validity
  PASS: 0155_canonical_intake_authority
  PASS: 0156_import_execution_source_payload
  PASS: 0157_csv_import_execution_projection
  PASS: 0158_provider_health_readiness_controls
  PASS: 0159_campaign_queue_outbound_fence
  PASS: 0160_seed_zerobounce_provider_control
  PASS: 0161_statement_command_recovery
  PASS: 0162_revenue_state_reconciliation
  PASS: 0163_revenue_command_dispatch_recovery
  PASS: 0164_bt12_effect_receipts_and_threshold_backfill
  PASS: 0165_outbound_send_claim_lease
  PASS: 0166_cro02_shadow_graph
  PASS: 0167_cro02_shadow_aggregates
  PASS: 0168_cro02_evidence_retention_guards
  PASS: 0169_cro02_graph_command_guards
  PASS: 0170_cro02_versioned_purpose_policies
  PASS: 0171_cro02_evidence_snapshot_retention
  PASS: 0172_cro02_reviewed_contact_business_links
  PASS: 0173_cro02_graph_lock_order
  PASS: 0174_cro03_durable_enrichment_factory
  PASS: 0175_cro03_frozen_subject_plans
  PASS: 0176_rvr03_auth_actions
  PASS: 0177_cro03_source_staging_evidence
  PASS: 0178_cr04_channel_cohort_authority
  PASS: 0179_cr04_resumable_projection_runs
  PASS: 0180_inbox_source_identity_statement_review_integrity
  PASS: 0181_cr05_task_ticket_authority
  PASS: 0182_cr06_premium_campaign_governance
  PASS: 0183_cr06_preparation_fences
  PASS: 0184_cr06_corrections
  PASS: 0185_cr06_history_and_feedback
  PASS: 0186_cr06_scoped_reservation_contract
  PASS: 0187_cro03a_candidate_qualification
  PASS: 0188_cro03b_unified_recipe
  PASS: 0189_cro03b_uuid_census_cursor
  PASS: 0190_cro03b_recipe_evidence_projection_binding
  PASS: 0191_cro03b_terminal_hook_outbox
  PASS: 0192_cro03b_denied_stage_accounting
  PASS: 0193_cro03_ledger_lineage_drift_repair
  PASS: 0194_cro03b_validation_execution_fence
  PASS: 0195_cro03c_live_activation_authority
  PASS: 0196_cro03c_dispatch_reconciliation
  PASS: 0197_cro03c_initial_membership_ordinals
  PASS: 0198_cro03c_initial_continuation
  PASS: 0199_cro03c_opaque_stage_inputs
  PASS: 0200_cro03c_deployment_inventory
  PASS: 0201_cro03c_validation_command_caps
  PASS: 0202_cro03c_transport_invocation_checkpoint
  PASS: 0203_validate_publish_constraints
  PASS: 0204_cro05a_inbound_revenue_operations
  PASS: 0205_cro05a_equipment_fulfillment_truth
  PASS: 0206_rate_review_request_command_ownership
  PASS: 0207_cro07_controlled_delivery_feedback
  PASS: 0208_cro07_corrections
  PASS: 0209_cro07_feedback_experiment_integrity
  PASS: 0210_cro07_provider_correlation
  PASS: 0211_cro07_source_correlation
  PASS: 0212_cro07_immutability_guards
  PASS: 0213_cro08a_continuous_candidate_factory
  PASS: 0214_cro08a_run_mode_widen
  PASS: 0215_cro08a_occurrence_selected_handoffs
  PASS: 0216_cro08a_generation_mode_widen
  PASS: 0217_cro08a_generation_mode_widen_canary
  PASS: 0218_rev05a_processor_activation
  PASS: 0219_rev05a_mid_access_receipts
  PASS: 0220_rev05a_boarding_status_fields
  PASS: 0221_campaign_approvals
  PASS: 0222_serper_lookup_attempts
  PASS: 0223_contacts_active_created_at_idx
  PASS: 0224_bulk_delete_tables
  PASS: 0225_contact_census
  PASS: 0226_census_ownership
  PASS: 0227_contact_reconciliation
  PASS: 0228_fix_recon_active_index
  PASS: 0229_fix_proposal_status_reverted
  PASS: 0230_identity_crosswalk_runs
  PASS: 0231_identity_crosswalk_candidates
  PASS: 0232_crosswalk_run_notes
  PASS: 0233_quality_signal_projection
  PASS: 0234_contact_remediation_operations
  PASS: 0235_sales_knowledge_authority
  PASS: 0236_rep_identity_canonical_queue
  PASS: 0237_rev06a_credential_authority_matrix
  PASS: 0238_rev06a_merchant_sandbox_snapshot
  PASS: 0239_rev06a_mid_daily_stats_nullable
  PASS: 0240_field_sales_territories
  PASS: 0241_field_sales_routes
  PASS: 0242_field_sales_visits
  PASS: 0243_sales_rep_ops_readiness
  PASS: 0244_source_registry
  PASS: 0245_source_registry_csv_store
  PASS: 0246_source_registry_reactivation
  PASS: 0247_source_registry_manifest
  PASS: 0248_canonical_source_links
  PASS: 0249_canonical_conflict_evidence
  PASS: 0250_free_enrichment_pipeline
  PASS: 0251_processor_signals_unique
  PASS: 0252_cro03c_candidate_evidence
  PASS: 0253_cro03a_qualification_commands
  PASS: 0254_cro03a_qualification_commands_claimed_at
  PASS: 0255_mi06_business_email_winner
  PASS: 0256_cro03a_policy_v3_dbpr_hr
  PASS: 0257_mi07_master_lead_pipeline_cols
  PASS: 0258_mi07_staging_intents
  PASS: 0259_mi07_staging_receipts
  PASS: 0260_mi07_dedup_unique_indexes
  PASS: 0261_mi09_pilot_lifecycle
  PASS: 0262_mi09_pilot_phase_command_type
  PASS: 0263_audit_logs_action_created_at_idx
  PASS: 0264_free_enrichment_queue_indexes
  PASS: 0265_contacts_notnull_convergence
  PASS: 0266_sunbiz_bootstrap_claims
  PASS: 0267_mi09_free_enrichment_outcomes
  PASS: 0268_mi09_pilot_evidence_links
  PASS: 0269_paid_provider_controls_all
  PASS: 0270_mi09_pilot_run_frozen_pricing
  PASS: 0271_free_discovery_evidence
  PASS: 0272_free_discovery_candidate_subject_scope
  PASS: 0273_free_discovery_candidate_subject_type_consistency
  PASS: 0274_cro03_observation_geo_backfill_sentinel
  PASS: 0275_roi_candidate_scores_table
  PASS: 0276_cohort_validation_runs_table
  PASS: 0277_south_florida_prospecting
  PASS: 0278_sfp_governed_operations
  PASS: 0279_sfp_immutable_cohort_lifecycle
  PASS: 0280_roi_candidate_scores_dedupe
  PASS: 0281_sfp_corrections
  PASS: 0282_sfp_lifecycle_evidence_and_snapshot
  PASS: 0283_sfp_funnel_snapshot_immutability
  PASS: 0284_sfp_cohort_size_range_check
  PASS: 0285_sfp_program_max_cohort_size_range
  PASS: 0286_sfp_subject_aware_suppression_evidence
  PASS: 0287_sfp_classification_paid_evidence
  PASS: 0288_sfp1999_idempotency_gap_immutability
  PASS: 0289_sfp2000_policy_and_lineage
  PASS: 0290_sfp2001_campaign_package_staging
  PASS: 0291_sfp2001_corrective_patch
  PASS: 0292_sfp2001_command_lifecycle
  PASS: 0293_sfp2001_package_version_authority
  PASS: 0294_task2002_sunbiz_bootstrap_ledger
  PASS: 0295_task2002_sunbiz_full_backfill
  PASS: 0296_task2002_soflo_priority
  PASS: 0297_task2002_soflo_cursor_rewind
  PASS: 0298_task2003_serper_call_log
  PASS: 0299_sfp_soflo_target_v2_evidence
  PASS: 0300_sfp_classification_snapshots
  PASS: 0301_sfp_taxonomy_version_and_ready_held_bridge
  PASS: 0302_sfp_v2_package_key_check
  PASS: 0303_sfp_free_classification_continuation
  PASS: 0304_sfp_identity_quarantine
  PASS: 0305_sfp_wrong_site_derived_evidence
  PASS: 0306_sfp_contact_eligibility_reference
  PASS: 0307_serper_canonical_control_reconciliation
  PASS: 0308_sfp_ready_held_review_status
  PASS: 0309_sfp_verified_contact_source
  PASS: 0310_sfp_named_email_eligibility_review
  PASS: 0311_sfp_provider_operation_costs
  PASS: 0312_contact_business_system_links
  PASS: 0313_sfp_runtime_and_billing
  PASS: 0314_sfp_verified_recipient_link_commitments
  PASS: 0316_sfp_source_retrieval_indexes
  PASS: 0317_sfp_provider_retrieval_tasks
  PASS: 0318_sfp_ready_held_consumer
  PASS: 0319_sfp_runtime_release_selector
  PASS: 0320_sfp_contact_address_serialization
  PASS: 0321_sfp_exact_dispatch_receipts
  PASS: 0322_sfp_common_eligibility_lock_protocol
  PASS: 0323_sunbiz_publish_safe_identity_keys
  PASS: 0324_sfp_recipient_scoped_eligibility
  PASS: 0325_crm_evidence_relationship_authority
  PASS: 0326_sfp_global_recipient_slots
  PASS: 0327_crm_effective_vertical_projection
  PASS: 0328_sfp_recipient_association_pins

[Rule 2] Journal entries all have a matching SQL file:
  PASS: 0006_live_chat_tables
  PASS: 0007_ab_testing_linkedin_enrichment
  PASS: 0008_document_vault_columns
  PASS: 0009_residual_reconciliation
  PASS: 0010_processor_boarding_mid_stats
  PASS: 0011_underwriting_notes_log
  PASS: 0012_verbal_commit_pipeline_stage
  PASS: 0012_user_sessions
  PASS: 0013_ai_audit_observability
  PASS: 0015_savings_share_token
  PASS: 0000_faulty_gwen_stacy
  PASS: 0001_smooth_hellion
  PASS: 0002_old_sentry
  PASS: 0003_tough_mandarin
  PASS: 0004_dusty_naoko
  PASS: 0005_shallow_stepford_cuckoos
  PASS: 0014_startup_sql_consolidation
  PASS: 0016_referral_converted_at
  PASS: 0017_tool_click_events
  PASS: 0018_deal_vertical
  PASS: 0019_push_subscriptions
  PASS: 0020_document_status
  PASS: 0020_multi_location_fk
  PASS: 0019_onboarding_checklist
  PASS: 0022_multi_location
  PASS: 0023_multi_location_fk
  PASS: 0019_rate_review_requests
  PASS: 0024_terminal_economics
  PASS: 0024_deal_analysis_status
  PASS: 0025_statement_proposals
  PASS: 0026_performance_indexes
  PASS: 0027_underwriting_rules
  PASS: 0028_bot_contexts_handoff_rules
  PASS: 0028_outreach_intelligence
  PASS: 0029_contacts_email_status_fix
  PASS: 0030_workflow_trigger_conditions
  PASS: 0031_registry_import
  PASS: 0032_free_discovery_sources
  PASS: 0033_free_contact_enrichment
  PASS: 0034_ghl_delete_sync
  PASS: 0035_communication_feedback
  PASS: 0036_tcpa_consent_type
  PASS: 0037_contactability_engine
  PASS: 0038_offer_router_fields
  PASS: 0039_wave6_sequence_families
  PASS: 0040_analytics_events
  PASS: 0041_wave10_merchant_app
  PASS: 0042_sdr_merchants_owner_fields
  PASS: 0043_sdr_business_domain_unique
  PASS: 0044_statement_requests_and_ai_cache
  PASS: 0045_channel_audit_log
  PASS: 0046_csv_import_reconciliation
  PASS: 0047_contacts_opted_out_email
  PASS: 0048_outbound_send_counters
  PASS: 0049_csv_import_progress_tracking
  PASS: 0050_deals_auto_enrollment_suppression
  PASS: 0051_csv_import_opt_out_protection
  PASS: 0052_sequence_enrollments_active_unique
  PASS: 0053_sla_task_source_identity
  PASS: 0055_add_data_completeness_score
  PASS: 0056_campaign_previews
  PASS: 0057_contact_readiness_score
  PASS: 0058_campaign_previews_readiness_breakdown
  PASS: 0059_readiness_run_singleton
  PASS: 0060_promotional_enrollment_jobs
  PASS: 0061_prospect_lists_idempotency
  PASS: 0062_prospects_provenance
  PASS: 0063_sunbiz_filing_number_unique
  PASS: 0064_prospects_email_unique
  PASS: 0065_provenance_schema
  PASS: 0066_ghl_contact_id_unique
  PASS: 0067_contact_lead_scoring_jobs
  PASS: 0109_fearless_starhawk
  PASS: 0068_registry_import_log_confidence
  PASS: 0069_consent_audit_idempotency
  PASS: 0070_prospect_conversion_claims
  PASS: 0071_vertical_provenance_schema
  PASS: 0072_system_audit_runs
  PASS: 0073_system_audit_runs_v2
  PASS: 0074_fix_ghl_identity_conflicts
  PASS: 0075_admin_password_reset
  PASS: 0076_outbound_launch_foundation
  PASS: 0077_outbound_attestations
  PASS: 0014_dedup_sdr_indexes
  PASS: 0016_share_view_count
  PASS: 0084_ai_assistant
  PASS: 0085_admin_attestations_versioning
  PASS: 0086_contacts_gclid
  PASS: 0087_demo_archive_lead_staging
  PASS: 0088_suppression_compliance_fields
  PASS: 0087_master_leads
  PASS: 0089_master_leads_extended
  PASS: 0090_inbox_items_statement_reviews
  PASS: 0092_sequence_outbound_channels
  PASS: 0093_clear_test_ghl_ids
  PASS: 0094_outbound_messages_sending_at
  PASS: 0095_nps_survey_constraints
  PASS: 0096_residual_partner_commission
  PASS: 0095_closed_won_onboarding
  PASS: 0096_onboarding_deal_unique
  PASS: 0097_onboarding_sla_task_unique
  PASS: 0098_archived_at_partial_indexes
  PASS: 0099_agent_payouts
  PASS: 0100_agent_payouts_partner_org
  PASS: 0101_agent_payouts_partner_unique
  PASS: 0102_agent_payouts_status_check
  PASS: 0103_merchant_residuals_import_id
  PASS: 0104_merchant_residuals_import_mid_unique
  PASS: 0105_executive_kpi_tables
  PASS: 0106_deferred_ghl_enrollments
  PASS: 0110_ghl_unsynced_contacts_idx
  PASS: 0111_residual_txn_cost
  PASS: 0112_contact_assigned_to
  PASS: 0105_executive_weekly_snapshots
  PASS: 0106_executive_goals
  PASS: 0113_vas_upsell_suppression
  PASS: 0113_background_jobs_lock_token
  PASS: 0114_seq_enrollments_status_next_action_idx
  PASS: 0115_automation_registry
  PASS: 0116_contact_lifecycle_state
  PASS: 0117_contact_nba
  PASS: 0118_lead_sla_timer
  PASS: 0119_communication_events
  PASS: 0120_ghl_shadow_log
  PASS: 0121_underwriting_conditions
  PASS: 0122_merchant_mids
  PASS: 0123_save_cases
  PASS: 0124_entity_memory
  PASS: 0125_ai_decision_log
  PASS: 0126_ai_corrections_prompts
  PASS: 0127_underwriting_task_automation_key_unique
  PASS: 0128_tour_completed_at
  PASS: 0129_deal_name
  PASS: 0130_equipment_device_fields
  PASS: 0131_deal_post_enrichment
  PASS: 0132_outreach_queue_skipped_at
  PASS: 0133_outbound_pause_control
  PASS: 0134_outbound_inflight_sends
  PASS: 0135_contacts_email_status_unvalidated_default
  PASS: 0136_zerobounce_campaign_engine
  PASS: 0137_logical_job_control_holds
  PASS: 0138_post_enrichment_intent_fields
  PASS: 0139_pe_intents_fk_repair
  PASS: 0140_serper_control
  PASS: 0141_serper_merchant_cooldown
  PASS: 0142_merchant_application_protected_data
  PASS: 0143_merchant_application_ein_unique
  PASS: 0144_consent_authority_channel_state
  PASS: 0145_consent_subject_upsert_race_fix
  PASS: 0146_consent_audit_append_only_guard
  PASS: 0147_statement_upload_commands
  PASS: 0148_statement_upload_command_ownership
  PASS: 0149_statement_proposals_deal_id_unique
  PASS: 0091_merchant_onboarding_stages
  PASS: 0150_commercial_classification
  PASS: 0151_canonical_identity_merge
  PASS: 0152_identity_observation_no_plaintext
  PASS: 0153_contact_merge_unordered_pair_fence
  PASS: 0154_identity_observation_current_validity
  PASS: 0155_canonical_intake_authority
  PASS: 0156_import_execution_source_payload
  PASS: 0157_csv_import_execution_projection
  PASS: 0158_provider_health_readiness_controls
  PASS: 0159_campaign_queue_outbound_fence
  PASS: 0160_seed_zerobounce_provider_control
  PASS: 0161_statement_command_recovery
  PASS: 0162_revenue_state_reconciliation
  PASS: 0163_revenue_command_dispatch_recovery
  PASS: 0164_bt12_effect_receipts_and_threshold_backfill
  PASS: 0165_outbound_send_claim_lease
  PASS: 0166_cro02_shadow_graph
  PASS: 0167_cro02_shadow_aggregates
  PASS: 0168_cro02_evidence_retention_guards
  PASS: 0169_cro02_graph_command_guards
  PASS: 0170_cro02_versioned_purpose_policies
  PASS: 0171_cro02_evidence_snapshot_retention
  PASS: 0172_cro02_reviewed_contact_business_links
  PASS: 0173_cro02_graph_lock_order
  PASS: 0174_cro03_durable_enrichment_factory
  PASS: 0175_cro03_frozen_subject_plans
  PASS: 0176_rvr03_auth_actions
  PASS: 0177_cro03_source_staging_evidence
  PASS: 0178_cr04_channel_cohort_authority
  PASS: 0179_cr04_resumable_projection_runs
  PASS: 0180_inbox_source_identity_statement_review_integrity
  PASS: 0181_cr05_task_ticket_authority
  PASS: 0182_cr06_premium_campaign_governance
  PASS: 0183_cr06_preparation_fences
  PASS: 0184_cr06_corrections
  PASS: 0185_cr06_history_and_feedback
  PASS: 0186_cr06_scoped_reservation_contract
  PASS: 0187_cro03a_candidate_qualification
  PASS: 0188_cro03b_unified_recipe
  PASS: 0189_cro03b_uuid_census_cursor
  PASS: 0190_cro03b_recipe_evidence_projection_binding
  PASS: 0191_cro03b_terminal_hook_outbox
  PASS: 0192_cro03b_denied_stage_accounting
  PASS: 0193_cro03_ledger_lineage_drift_repair
  PASS: 0194_cro03b_validation_execution_fence
  PASS: 0195_cro03c_live_activation_authority
  PASS: 0196_cro03c_dispatch_reconciliation
  PASS: 0197_cro03c_initial_membership_ordinals
  PASS: 0198_cro03c_initial_continuation
  PASS: 0199_cro03c_opaque_stage_inputs
  PASS: 0200_cro03c_deployment_inventory
  PASS: 0201_cro03c_validation_command_caps
  PASS: 0202_cro03c_transport_invocation_checkpoint
  PASS: 0203_validate_publish_constraints
  PASS: 0204_cro05a_inbound_revenue_operations
  PASS: 0205_cro05a_equipment_fulfillment_truth
  PASS: 0206_rate_review_request_command_ownership
  PASS: 0207_cro07_controlled_delivery_feedback
  PASS: 0208_cro07_corrections
  PASS: 0209_cro07_feedback_experiment_integrity
  PASS: 0210_cro07_provider_correlation
  PASS: 0211_cro07_source_correlation
  PASS: 0212_cro07_immutability_guards
  PASS: 0213_cro08a_continuous_candidate_factory
  PASS: 0214_cro08a_run_mode_widen
  PASS: 0215_cro08a_occurrence_selected_handoffs
  PASS: 0216_cro08a_generation_mode_widen
  PASS: 0217_cro08a_generation_mode_widen_canary
  PASS: 0218_rev05a_processor_activation
  PASS: 0219_rev05a_mid_access_receipts
  PASS: 0220_rev05a_boarding_status_fields
  PASS: 0221_campaign_approvals
  PASS: 0222_serper_lookup_attempts
  PASS: 0223_contacts_active_created_at_idx
  PASS: 0224_bulk_delete_tables
  PASS: 0225_contact_census
  PASS: 0226_census_ownership
  PASS: 0227_contact_reconciliation
  PASS: 0228_fix_recon_active_index
  PASS: 0229_fix_proposal_status_reverted
  PASS: 0230_identity_crosswalk_runs
  PASS: 0231_identity_crosswalk_candidates
  PASS: 0232_crosswalk_run_notes
  PASS: 0233_quality_signal_projection
  PASS: 0234_contact_remediation_operations
  PASS: 0235_sales_knowledge_authority
  PASS: 0236_rep_identity_canonical_queue
  PASS: 0237_rev06a_credential_authority_matrix
  PASS: 0238_rev06a_merchant_sandbox_snapshot
  PASS: 0239_rev06a_mid_daily_stats_nullable
  PASS: 0240_field_sales_territories
  PASS: 0241_field_sales_routes
  PASS: 0242_field_sales_visits
  PASS: 0243_sales_rep_ops_readiness
  PASS: 0244_source_registry
  PASS: 0245_source_registry_csv_store
  PASS: 0246_source_registry_reactivation
  PASS: 0247_source_registry_manifest
  PASS: 0248_canonical_source_links
  PASS: 0249_canonical_conflict_evidence
  PASS: 0250_free_enrichment_pipeline
  PASS: 0251_processor_signals_unique
  PASS: 0252_cro03c_candidate_evidence
  PASS: 0253_cro03a_qualification_commands
  PASS: 0254_cro03a_qualification_commands_claimed_at
  PASS: 0255_mi06_business_email_winner
  PASS: 0256_cro03a_policy_v3_dbpr_hr
  PASS: 0257_mi07_master_lead_pipeline_cols
  PASS: 0258_mi07_staging_intents
  PASS: 0259_mi07_staging_receipts
  PASS: 0260_mi07_dedup_unique_indexes
  PASS: 0261_mi09_pilot_lifecycle
  PASS: 0262_mi09_pilot_phase_command_type
  PASS: 0263_audit_logs_action_created_at_idx
  PASS: 0264_free_enrichment_queue_indexes
  PASS: 0265_contacts_notnull_convergence
  PASS: 0266_sunbiz_bootstrap_claims
  PASS: 0267_mi09_free_enrichment_outcomes
  PASS: 0268_mi09_pilot_evidence_links
  PASS: 0269_paid_provider_controls_all
  PASS: 0270_mi09_pilot_run_frozen_pricing
  PASS: 0271_free_discovery_evidence
  PASS: 0272_free_discovery_candidate_subject_scope
  PASS: 0273_free_discovery_candidate_subject_type_consistency
  PASS: 0274_cro03_observation_geo_backfill_sentinel
  PASS: 0275_roi_candidate_scores_table
  PASS: 0276_cohort_validation_runs_table
  PASS: 0277_south_florida_prospecting
  PASS: 0278_sfp_governed_operations
  PASS: 0279_sfp_immutable_cohort_lifecycle
  PASS: 0280_roi_candidate_scores_dedupe
  PASS: 0281_sfp_corrections
  PASS: 0282_sfp_lifecycle_evidence_and_snapshot
  PASS: 0283_sfp_funnel_snapshot_immutability
  PASS: 0284_sfp_cohort_size_range_check
  PASS: 0285_sfp_program_max_cohort_size_range
  PASS: 0286_sfp_subject_aware_suppression_evidence
  PASS: 0287_sfp_classification_paid_evidence
  PASS: 0288_sfp1999_idempotency_gap_immutability
  PASS: 0289_sfp2000_policy_and_lineage
  PASS: 0290_sfp2001_campaign_package_staging
  PASS: 0291_sfp2001_corrective_patch
  PASS: 0292_sfp2001_command_lifecycle
  PASS: 0293_sfp2001_package_version_authority
  PASS: 0294_task2002_sunbiz_bootstrap_ledger
  PASS: 0295_task2002_sunbiz_full_backfill
  PASS: 0296_task2002_soflo_priority
  PASS: 0297_task2002_soflo_cursor_rewind
  PASS: 0298_task2003_serper_call_log
  PASS: 0299_sfp_soflo_target_v2_evidence
  PASS: 0300_sfp_classification_snapshots
  PASS: 0301_sfp_taxonomy_version_and_ready_held_bridge
  PASS: 0302_sfp_v2_package_key_check
  PASS: 0303_sfp_free_classification_continuation
  PASS: 0304_sfp_identity_quarantine
  PASS: 0305_sfp_wrong_site_derived_evidence
  PASS: 0306_sfp_contact_eligibility_reference
  PASS: 0307_serper_canonical_control_reconciliation
  PASS: 0308_sfp_ready_held_review_status
  PASS: 0309_sfp_verified_contact_source
  PASS: 0310_sfp_named_email_eligibility_review
  PASS: 0311_sfp_provider_operation_costs
  PASS: 0312_contact_business_system_links
  PASS: 0313_sfp_runtime_and_billing
  PASS: 0314_sfp_verified_recipient_link_commitments
  PASS: 0316_sfp_source_retrieval_indexes
  PASS: 0317_sfp_provider_retrieval_tasks
  PASS: 0318_sfp_ready_held_consumer
  PASS: 0320_sfp_contact_address_serialization
  PASS: 0319_sfp_runtime_release_selector
  PASS: 0321_sfp_exact_dispatch_receipts
  PASS: 0322_sfp_common_eligibility_lock_protocol
  PASS: 0323_sunbiz_publish_safe_identity_keys
  PASS: 0324_sfp_recipient_scoped_eligibility
  PASS: 0325_crm_evidence_relationship_authority
  PASS: 0326_sfp_global_recipient_slots
  PASS: 0327_crm_effective_vertical_projection
  PASS: 0328_sfp_recipient_association_pins

[Rule 3] Journal `when` timestamps are ordered (new entries strictly advance):
  PASS: Historical journal timestamps are non-decreasing and newly added timestamps strictly advance

[Rule 4] Required additive outbound migrations present and safe:
  PASS: 0076_outbound_launch_foundation — present, additive-only
  PASS: 0077_outbound_attestations — present, additive-only

[Rule 5] Guarded migrations are absent from journal (intentional gate):
  PASS: 0054_sla_task_stalling_unique_index is in guarded/ and absent from journal

[Rule 6] No unaccounted root SQL files (not in journal and not a known guard):
  PASS: All root SQL files are accounted for (journaled or known-guarded)

[Rule 7] Post-baseline entries (idx > 153) must have `when` > 1793300000000:
  PASS: Baseline anchor confirmed: idx=153 tag=0091_merchant_onboarding_stages when=1793300000000
  PASS: Dynamic high-water mark: 1793300000000 (static floor: 1793300000000)
  PASS: idx=154 0150_commercial_classification: when=1793400000000 > dynamic-high-water (1793300000000) — valid
  PASS: idx=155 0151_canonical_identity_merge: when=1793500000000 > dynamic-high-water (1793300000000) — valid
  PASS: idx=156 0152_identity_observation_no_plaintext: when=1793600000000 > dynamic-high-water (1793300000000) — valid
  PASS: idx=157 0153_contact_merge_unordered_pair_fence: when=1793700000000 > dynamic-high-water (1793300000000) — valid
  PASS: idx=158 0154_identity_observation_current_validity: when=1793800000000 > dynamic-high-water (1793300000000) — valid
  PASS: idx=159 0155_canonical_intake_authority: when=1793900000000 > dynamic-high-water (1793300000000) — valid
  PASS: idx=160 0156_import_execution_source_payload: when=1794000000000 > dynamic-high-water (1793300000000) — valid
  PASS: idx=161 0157_csv_import_execution_projection: when=1794100000000 > dynamic-high-water (1793300000000) — valid
  PASS: idx=162 0158_provider_health_readiness_controls: when=1794200000000 > dynamic-high-water (1793300000000) — valid
  PASS: idx=163 0159_campaign_queue_outbound_fence: when=1794300000000 > dynamic-high-water (1793300000000) — valid
  PASS: idx=164 0160_seed_zerobounce_provider_control: when=1794400000000 > dynamic-high-water (1793300000000) — valid
  PASS: idx=165 0161_statement_command_recovery: when=1794500000000 > dynamic-high-water (1793300000000) — valid
  PASS: idx=166 0162_revenue_state_reconciliation: when=1794600000000 > dynamic-high-water (1793300000000) — valid
  PASS: idx=167 0163_revenue_command_dispatch_recovery: when=1794700000000 > dynamic-high-water (1793300000000) — valid
  PASS: idx=168 0164_bt12_effect_receipts_and_threshold_backfill: when=1794800000000 > dynamic-high-water (1793300000000) — valid
  PASS: idx=169 0165_outbound_send_claim_lease: when=1794900000000 > dynamic-high-water (1793300000000) — valid
  PASS: idx=170 0166_cro02_shadow_graph: when=1795000000000 > dynamic-high-water (1793300000000) — valid
  PASS: idx=171 0167_cro02_shadow_aggregates: when=1795100000000 > dynamic-high-water (1793300000000) — valid
  PASS: idx=172 0168_cro02_evidence_retention_guards: when=1795200000000 > dynamic-high-water (1793300000000) — valid
  PASS: idx=173 0169_cro02_graph_command_guards: when=1795300000000 > dynamic-high-water (1793300000000) — valid
  PASS: idx=174 0170_cro02_versioned_purpose_policies: when=1795400000000 > dynamic-high-water (1793300000000) — valid
  PASS: idx=175 0171_cro02_evidence_snapshot_retention: when=1795500000000 > dynamic-high-water (1793300000000) — valid
  PASS: idx=176 0172_cro02_reviewed_contact_business_links: when=1795600000000 > dynamic-high-water (1793300000000) — valid
  PASS: idx=177 0173_cro02_graph_lock_order: when=1795700000000 > dynamic-high-water (1793300000000) — valid
  PASS: idx=178 0174_cro03_durable_enrichment_factory: when=1795800000000 > dynamic-high-water (1793300000000) — valid
  PASS: idx=179 0175_cro03_frozen_subject_plans: when=1795900000000 > dynamic-high-water (1793300000000) — valid
  PASS: idx=180 0176_rvr03_auth_actions: when=1796000000000 > dynamic-high-water (1793300000000) — valid
  PASS: idx=181 0177_cro03_source_staging_evidence: when=1796100000000 > dynamic-high-water (1793300000000) — valid
  PASS: idx=182 0178_cr04_channel_cohort_authority: when=1796200000000 > dynamic-high-water (1793300000000) — valid
  PASS: idx=183 0179_cr04_resumable_projection_runs: when=1796300000000 > dynamic-high-water (1793300000000) — valid
  PASS: idx=184 0180_inbox_source_identity_statement_review_integrity: when=1796400000000 > dynamic-high-water (1793300000000) — valid
  PASS: idx=185 0181_cr05_task_ticket_authority: when=1796500000000 > dynamic-high-water (1793300000000) — valid
  PASS: idx=186 0182_cr06_premium_campaign_governance: when=1796600000000 > dynamic-high-water (1793300000000) — valid
  PASS: idx=187 0183_cr06_preparation_fences: when=1796700000000 > dynamic-high-water (1793300000000) — valid
  PASS: idx=188 0184_cr06_corrections: when=1796800000000 > dynamic-high-water (1793300000000) — valid
  PASS: idx=189 0185_cr06_history_and_feedback: when=1796900000000 > dynamic-high-water (1793300000000) — valid
  PASS: idx=190 0186_cr06_scoped_reservation_contract: when=1797000000000 > dynamic-high-water (1793300000000) — valid
  PASS: idx=191 0187_cro03a_candidate_qualification: when=1797100000000 > dynamic-high-water (1793300000000) — valid
  PASS: idx=192 0188_cro03b_unified_recipe: when=1797200000000 > dynamic-high-water (1793300000000) — valid
  PASS: idx=193 0189_cro03b_uuid_census_cursor: when=1797300000000 > dynamic-high-water (1793300000000) — valid
  PASS: idx=194 0190_cro03b_recipe_evidence_projection_binding: when=1797400000000 > dynamic-high-water (1793300000000) — valid
  PASS: idx=195 0191_cro03b_terminal_hook_outbox: when=1797500000000 > dynamic-high-water (1793300000000) — valid
  PASS: idx=196 0192_cro03b_denied_stage_accounting: when=1797600000000 > dynamic-high-water (1793300000000) — valid
  PASS: idx=197 0193_cro03_ledger_lineage_drift_repair: when=1797700000000 > dynamic-high-water (1793300000000) — valid
  PASS: idx=198 0194_cro03b_validation_execution_fence: when=1797800000000 > dynamic-high-water (1793300000000) — valid
  PASS: idx=199 0195_cro03c_live_activation_authority: when=1797900000000 > dynamic-high-water (1793300000000) — valid
  PASS: idx=200 0196_cro03c_dispatch_reconciliation: when=1798000000000 > dynamic-high-water (1793300000000) — valid
  PASS: idx=201 0197_cro03c_initial_membership_ordinals: when=1798100000000 > dynamic-high-water (1793300000000) — valid
  PASS: idx=202 0198_cro03c_initial_continuation: when=1798200000000 > dynamic-high-water (1793300000000) — valid
  PASS: idx=203 0199_cro03c_opaque_stage_inputs: when=1798300000000 > dynamic-high-water (1793300000000) — valid
  PASS: idx=204 0200_cro03c_deployment_inventory: when=1798400000000 > dynamic-high-water (1793300000000) — valid
  PASS: idx=205 0201_cro03c_validation_command_caps: when=1798500000000 > dynamic-high-water (1793300000000) — valid
  PASS: idx=206 0202_cro03c_transport_invocation_checkpoint: when=1798600000000 > dynamic-high-water (1793300000000) — valid
  PASS: idx=207 0203_validate_publish_constraints: when=1798700000000 > dynamic-high-water (1793300000000) — valid
  PASS: idx=208 0204_cro05a_inbound_revenue_operations: when=1798800000000 > dynamic-high-water (1793300000000) — valid
  PASS: idx=209 0205_cro05a_equipment_fulfillment_truth: when=1798900000000 > dynamic-high-water (1793300000000) — valid
  PASS: idx=210 0206_rate_review_request_command_ownership: when=1799000000000 > dynamic-high-water (1793300000000) — valid
  PASS: idx=211 0207_cro07_controlled_delivery_feedback: when=1799100000000 > dynamic-high-water (1793300000000) — valid
  PASS: idx=212 0208_cro07_corrections: when=1799200000000 > dynamic-high-water (1793300000000) — valid
  PASS: idx=213 0209_cro07_feedback_experiment_integrity: when=1799300000000 > dynamic-high-water (1793300000000) — valid
  PASS: idx=214 0210_cro07_provider_correlation: when=1799400000000 > dynamic-high-water (1793300000000) — valid
  PASS: idx=215 0211_cro07_source_correlation: when=1799500000000 > dynamic-high-water (1793300000000) — valid
  PASS: idx=216 0212_cro07_immutability_guards: when=1799600000000 > dynamic-high-water (1793300000000) — valid
  PASS: idx=217 0213_cro08a_continuous_candidate_factory: when=1799700000000 > dynamic-high-water (1793300000000) — valid
  PASS: idx=218 0214_cro08a_run_mode_widen: when=1799800000000 > dynamic-high-water (1793300000000) — valid
  PASS: idx=219 0215_cro08a_occurrence_selected_handoffs: when=1799800100000 > dynamic-high-water (1793300000000) — valid
  PASS: idx=220 0216_cro08a_generation_mode_widen: when=1799800200000 > dynamic-high-water (1793300000000) — valid
  PASS: idx=221 0217_cro08a_generation_mode_widen_canary: when=1799800300000 > dynamic-high-water (1793300000000) — valid
  PASS: idx=222 0218_rev05a_processor_activation: when=1799900000000 > dynamic-high-water (1793300000000) — valid
  PASS: idx=223 0219_rev05a_mid_access_receipts: when=1799900100000 > dynamic-high-water (1793300000000) — valid
  PASS: idx=224 0220_rev05a_boarding_status_fields: when=1799900200000 > dynamic-high-water (1793300000000) — valid
  PASS: idx=225 0221_campaign_approvals: when=1799900300000 > dynamic-high-water (1793300000000) — valid
  PASS: idx=226 0222_serper_lookup_attempts: when=1799900400000 > dynamic-high-water (1793300000000) — valid
  PASS: idx=227 0223_contacts_active_created_at_idx: when=1800000000000 > dynamic-high-water (1793300000000) — valid
  PASS: idx=228 0224_bulk_delete_tables: when=1800000000001 > dynamic-high-water (1793300000000) — valid
  PASS: idx=229 0225_contact_census: when=1800000000100 > dynamic-high-water (1793300000000) — valid
  PASS: idx=230 0226_census_ownership: when=1800000000200 > dynamic-high-water (1793300000000) — valid
  PASS: idx=231 0227_contact_reconciliation: when=1800000000300 > dynamic-high-water (1793300000000) — valid
  PASS: idx=232 0228_fix_recon_active_index: when=1800000000400 > dynamic-high-water (1793300000000) — valid
  PASS: idx=233 0229_fix_proposal_status_reverted: when=1800000000500 > dynamic-high-water (1793300000000) — valid
  PASS: idx=234 0230_identity_crosswalk_runs: when=1800000000600 > dynamic-high-water (1793300000000) — valid
  PASS: idx=235 0231_identity_crosswalk_candidates: when=1800000000700 > dynamic-high-water (1793300000000) — valid
  PASS: idx=236 0232_crosswalk_run_notes: when=1800000000800 > dynamic-high-water (1793300000000) — valid
  PASS: idx=237 0233_quality_signal_projection: when=1800000000900 > dynamic-high-water (1793300000000) — valid
  PASS: idx=238 0234_contact_remediation_operations: when=1800000001000 > dynamic-high-water (1793300000000) — valid
  PASS: idx=239 0235_sales_knowledge_authority: when=1800000001100 > dynamic-high-water (1793300000000) — valid
  PASS: idx=240 0236_rep_identity_canonical_queue: when=1800000001200 > dynamic-high-water (1793300000000) — valid
  PASS: idx=241 0237_rev06a_credential_authority_matrix: when=1800000002200 > dynamic-high-water (1793300000000) — valid
  PASS: idx=242 0238_rev06a_merchant_sandbox_snapshot: when=1800000003200 > dynamic-high-water (1793300000000) — valid
  PASS: idx=243 0239_rev06a_mid_daily_stats_nullable: when=1800000004200 > dynamic-high-water (1793300000000) — valid
  PASS: idx=244 0240_field_sales_territories: when=1800000004300 > dynamic-high-water (1793300000000) — valid
  PASS: idx=245 0241_field_sales_routes: when=1800000004400 > dynamic-high-water (1793300000000) — valid
  PASS: idx=246 0242_field_sales_visits: when=1800000004500 > dynamic-high-water (1793300000000) — valid
  PASS: idx=247 0243_sales_rep_ops_readiness: when=1800000004600 > dynamic-high-water (1793300000000) — valid
  PASS: idx=248 0244_source_registry: when=1800000004700 > dynamic-high-water (1793300000000) — valid
  PASS: idx=249 0245_source_registry_csv_store: when=1800000004800 > dynamic-high-water (1793300000000) — valid
  PASS: idx=250 0246_source_registry_reactivation: when=1800000004900 > dynamic-high-water (1793300000000) — valid
  PASS: idx=251 0247_source_registry_manifest: when=1800000005000 > dynamic-high-water (1793300000000) — valid
  PASS: idx=252 0248_canonical_source_links: when=1800000005100 > dynamic-high-water (1793300000000) — valid
  PASS: idx=253 0249_canonical_conflict_evidence: when=1800000005200 > dynamic-high-water (1793300000000) — valid
  PASS: idx=254 0250_free_enrichment_pipeline: when=1800000005300 > dynamic-high-water (1793300000000) — valid
  PASS: idx=255 0251_processor_signals_unique: when=1800000005400 > dynamic-high-water (1793300000000) — valid
  PASS: idx=256 0252_cro03c_candidate_evidence: when=1800000006000 > dynamic-high-water (1793300000000) — valid
  PASS: idx=257 0253_cro03a_qualification_commands: when=1800000006200 > dynamic-high-water (1793300000000) — valid
  PASS: idx=258 0254_cro03a_qualification_commands_claimed_at: when=1800000006300 > dynamic-high-water (1793300000000) — valid
  PASS: idx=259 0255_mi06_business_email_winner: when=1800000006400 > dynamic-high-water (1793300000000) — valid
  PASS: idx=260 0256_cro03a_policy_v3_dbpr_hr: when=1800000006500 > dynamic-high-water (1793300000000) — valid
  PASS: idx=261 0257_mi07_master_lead_pipeline_cols: when=1800000006600 > dynamic-high-water (1793300000000) — valid
  PASS: idx=262 0258_mi07_staging_intents: when=1800000006700 > dynamic-high-water (1793300000000) — valid
  PASS: idx=263 0259_mi07_staging_receipts: when=1800000006800 > dynamic-high-water (1793300000000) — valid
  PASS: idx=264 0260_mi07_dedup_unique_indexes: when=1800000006900 > dynamic-high-water (1793300000000) — valid
  PASS: idx=265 0261_mi09_pilot_lifecycle: when=1800000007000 > dynamic-high-water (1793300000000) — valid
  PASS: idx=266 0262_mi09_pilot_phase_command_type: when=1800000007100 > dynamic-high-water (1793300000000) — valid
  PASS: idx=267 0263_audit_logs_action_created_at_idx: when=1800000007200 > dynamic-high-water (1793300000000) — valid
  PASS: idx=268 0264_free_enrichment_queue_indexes: when=1800000007300 > dynamic-high-water (1793300000000) — valid
  PASS: idx=269 0265_contacts_notnull_convergence: when=1800000007400 > dynamic-high-water (1793300000000) — valid
  PASS: idx=270 0266_sunbiz_bootstrap_claims: when=1800000007500 > dynamic-high-water (1793300000000) — valid
  PASS: idx=271 0267_mi09_free_enrichment_outcomes: when=1800000007600 > dynamic-high-water (1793300000000) — valid
  PASS: idx=272 0268_mi09_pilot_evidence_links: when=1800000007700 > dynamic-high-water (1793300000000) — valid
  PASS: idx=273 0269_paid_provider_controls_all: when=1800000007800 > dynamic-high-water (1793300000000) — valid
  PASS: idx=274 0270_mi09_pilot_run_frozen_pricing: when=1800000007900 > dynamic-high-water (1793300000000) — valid
  PASS: idx=275 0271_free_discovery_evidence: when=1800000008000 > dynamic-high-water (1793300000000) — valid
  PASS: idx=276 0272_free_discovery_candidate_subject_scope: when=1800000008100 > dynamic-high-water (1793300000000) — valid
  PASS: idx=277 0273_free_discovery_candidate_subject_type_consistency: when=1800000008200 > dynamic-high-water (1793300000000) — valid
  PASS: idx=278 0274_cro03_observation_geo_backfill_sentinel: when=1800000008300 > dynamic-high-water (1793300000000) — valid
  PASS: idx=279 0275_roi_candidate_scores_table: when=1800000009000 > dynamic-high-water (1793300000000) — valid
  PASS: idx=280 0276_cohort_validation_runs_table: when=1800000009100 > dynamic-high-water (1793300000000) — valid
  PASS: idx=281 0277_south_florida_prospecting: when=1800000009200 > dynamic-high-water (1793300000000) — valid
  PASS: idx=282 0278_sfp_governed_operations: when=1800000009300 > dynamic-high-water (1793300000000) — valid
  PASS: idx=283 0279_sfp_immutable_cohort_lifecycle: when=1800000009400 > dynamic-high-water (1793300000000) — valid
  PASS: idx=284 0280_roi_candidate_scores_dedupe: when=1800000009500 > dynamic-high-water (1793300000000) — valid
  PASS: idx=285 0281_sfp_corrections: when=1800000009600 > dynamic-high-water (1793300000000) — valid
  PASS: idx=286 0282_sfp_lifecycle_evidence_and_snapshot: when=1800000009700 > dynamic-high-water (1793300000000) — valid
  PASS: idx=287 0283_sfp_funnel_snapshot_immutability: when=1800000010000 > dynamic-high-water (1793300000000) — valid
  PASS: idx=288 0284_sfp_cohort_size_range_check: when=1800000010100 > dynamic-high-water (1793300000000) — valid
  PASS: idx=289 0285_sfp_program_max_cohort_size_range: when=1800000010200 > dynamic-high-water (1793300000000) — valid
  PASS: idx=290 0286_sfp_subject_aware_suppression_evidence: when=1800000010300 > dynamic-high-water (1793300000000) — valid
  PASS: idx=291 0287_sfp_classification_paid_evidence: when=1800000010400 > dynamic-high-water (1793300000000) — valid
  PASS: idx=292 0288_sfp1999_idempotency_gap_immutability: when=1800000010500 > dynamic-high-water (1793300000000) — valid
  PASS: idx=293 0289_sfp2000_policy_and_lineage: when=1800000010600 > dynamic-high-water (1793300000000) — valid
  PASS: idx=294 0290_sfp2001_campaign_package_staging: when=1800000010700 > dynamic-high-water (1793300000000) — valid
  PASS: idx=295 0291_sfp2001_corrective_patch: when=1800000010800 > dynamic-high-water (1793300000000) — valid
  PASS: idx=296 0292_sfp2001_command_lifecycle: when=1800000010900 > dynamic-high-water (1793300000000) — valid
  PASS: idx=297 0293_sfp2001_package_version_authority: when=1800000011000 > dynamic-high-water (1793300000000) — valid
  PASS: idx=298 0294_task2002_sunbiz_bootstrap_ledger: when=1800000011100 > dynamic-high-water (1793300000000) — valid
  PASS: idx=299 0295_task2002_sunbiz_full_backfill: when=1800000011200 > dynamic-high-water (1793300000000) — valid
  PASS: idx=300 0296_task2002_soflo_priority: when=1800000011300 > dynamic-high-water (1793300000000) — valid
  PASS: idx=301 0297_task2002_soflo_cursor_rewind: when=1800000011400 > dynamic-high-water (1793300000000) — valid
  PASS: idx=302 0298_task2003_serper_call_log: when=1800000011500 > dynamic-high-water (1793300000000) — valid
  PASS: idx=303 0299_sfp_soflo_target_v2_evidence: when=1800000011600 > dynamic-high-water (1793300000000) — valid
  PASS: idx=304 0300_sfp_classification_snapshots: when=1800000011700 > dynamic-high-water (1793300000000) — valid
  PASS: idx=305 0301_sfp_taxonomy_version_and_ready_held_bridge: when=1800000011800 > dynamic-high-water (1793300000000) — valid
  PASS: idx=306 0302_sfp_v2_package_key_check: when=1800000012800 > dynamic-high-water (1793300000000) — valid
  PASS: idx=307 0303_sfp_free_classification_continuation: when=1800000012900 > dynamic-high-water (1793300000000) — valid
  PASS: idx=308 0304_sfp_identity_quarantine: when=1800000013000 > dynamic-high-water (1793300000000) — valid
  PASS: idx=309 0305_sfp_wrong_site_derived_evidence: when=1800000013100 > dynamic-high-water (1793300000000) — valid
  PASS: idx=310 0306_sfp_contact_eligibility_reference: when=1800000013200 > dynamic-high-water (1793300000000) — valid
  PASS: idx=311 0307_serper_canonical_control_reconciliation: when=1800000013300 > dynamic-high-water (1793300000000) — valid
  PASS: idx=312 0308_sfp_ready_held_review_status: when=1800000013301 > dynamic-high-water (1793300000000) — valid
  PASS: idx=313 0309_sfp_verified_contact_source: when=1800000013400 > dynamic-high-water (1793300000000) — valid
  PASS: idx=314 0310_sfp_named_email_eligibility_review: when=1800000013500 > dynamic-high-water (1793300000000) — valid
  PASS: idx=315 0311_sfp_provider_operation_costs: when=1800000013600 > dynamic-high-water (1793300000000) — valid
  PASS: idx=316 0312_contact_business_system_links: when=1800000013700 > dynamic-high-water (1793300000000) — valid
  PASS: idx=317 0313_sfp_runtime_and_billing: when=1800000013800 > dynamic-high-water (1793300000000) — valid
  PASS: idx=318 0314_sfp_verified_recipient_link_commitments: when=1800000013900 > dynamic-high-water (1793300000000) — valid
  PASS: idx=319 0316_sfp_source_retrieval_indexes: when=1800000014000 > dynamic-high-water (1793300000000) — valid
  PASS: idx=320 0317_sfp_provider_retrieval_tasks: when=1800000014100 > dynamic-high-water (1793300000000) — valid
  PASS: idx=321 0318_sfp_ready_held_consumer: when=1800000014200 > dynamic-high-water (1793300000000) — valid
  PASS: idx=322 0320_sfp_contact_address_serialization: when=1800000014300 > dynamic-high-water (1793300000000) — valid
  PASS: idx=323 0319_sfp_runtime_release_selector: when=1800000014400 > dynamic-high-water (1793300000000) — valid
  PASS: idx=324 0321_sfp_exact_dispatch_receipts: when=1800000014500 > dynamic-high-water (1793300000000) — valid
  PASS: idx=325 0322_sfp_common_eligibility_lock_protocol: when=1800000014600 > dynamic-high-water (1793300000000) — valid
  PASS: idx=326 0323_sunbiz_publish_safe_identity_keys: when=1800000014700 > dynamic-high-water (1793300000000) — valid
  PASS: idx=327 0324_sfp_recipient_scoped_eligibility: when=1800000014800 > dynamic-high-water (1793300000000) — valid
  PASS: idx=328 0325_crm_evidence_relationship_authority: when=1800000014900 > dynamic-high-water (1793300000000) — valid
  PASS: idx=329 0326_sfp_global_recipient_slots: when=1800000015000 > dynamic-high-water (1793300000000) — valid
  PASS: idx=330 0327_crm_effective_vertical_projection: when=1800000015100 > dynamic-high-water (1793300000000) — valid
  PASS: idx=331 0328_sfp_recipient_association_pins: when=1800000015200 > dynamic-high-water (1793300000000) — valid

[Rule 8] Snapshot migration policy (0109 — fresh-bootstrap only):
  PASS: 0109_fearless_starhawk classified as fresh-bootstrap-only snapshot (148 bare CREATE TABLE statements, no IF NOT EXISTS). Safe via db-migrate.ts baseline on existing databases.

─────────────────────────────────────────────────────
WARNINGS:
  WARN: Duplicate when=1780400000000: [0020_document_status, 0020_multi_location_fk] — historical; new entries must use a strictly higher value
  WARN: Duplicate when=1781100000000: [0024_deal_analysis_status, 0025_statement_proposals] — historical; new entries must use a strictly higher value

✓ Migration integrity check PASSED (850 checks, 2 warning(s))

[15/57] Root Dependency Policy — scripts/check-dependency-policy.ts
check-dependency-policy: PASS — 939 packages, bundled, registry.npmjs.org

[16/57] Migration Seed Registration Guard (#1750) — scripts/check-migration-seed-registration.ts
[check-migration-seed-registration] Scanned 332 migration files.
[check-migration-seed-registration] 75 seed write(s) accounted for.
  OK   0005_shallow_stepford_cuckoos.sql: UPDATE deals — exempt (historical_one_time: one-time contact-dedupe backfill reassigning deals from a duplicate contact row to the surviving primary before the contacts_email_unique_idx constraint added later in this migration; not applicable to contacts created after this migration's window.)
  OK   0005_shallow_stepford_cuckoos.sql: UPDATE tickets — exempt (historical_one_time: same one-time contact-dedupe reassignment as the deals row above, for tickets.)
  OK   0005_shallow_stepford_cuckoos.sql: UPDATE tasks — exempt (historical_one_time: same one-time contact-dedupe reassignment as the deals row above, for tasks.)
  OK   0005_shallow_stepford_cuckoos.sql: UPDATE documents — exempt (historical_one_time: same one-time contact-dedupe reassignment as the deals row above, for documents.)
  OK   0005_shallow_stepford_cuckoos.sql: UPDATE contacts — exempt (historical_one_time: one-time archival of duplicate contact rows discovered by this migration's dedupe scan; not applicable to contacts created after this migration's window.)
  OK   0012_verbal_commit_pipeline_stage.sql: INSERT pipeline_stages — exempt (historical_one_time: one-time pipeline stage row insert/rename for a specific historical pipeline configuration; current pipeline_stages content is operator-managed at runtime, not migration-seeded.)
  OK   0012_verbal_commit_pipeline_stage.sql: UPDATE pipeline_stages — exempt (historical_one_time: one-time pipeline stage row insert/rename for a specific historical pipeline configuration; current pipeline_stages content is operator-managed at runtime, not migration-seeded.)
  OK   0016_referral_converted_at.sql: UPDATE referrals — exempt (historical_one_time: one-time UPDATE approximating converted_at from updated_at for referrals that existed at the time this column was added; new referrals set converted_at at write time.)
  OK   0024_terminal_economics.sql: INSERT equipment_models — exempt (historical_one_time: initial equipment catalog seed from feature launch; equipment_models rows are operator-managed via the admin UI afterward, not re-seeded on every deploy.)
  OK   0027_underwriting_rules.sql: INSERT underwriting_rules — exempt (historical_one_time: initial underwriting rule set from the original feature launch; rules are now managed via the admin UI, not re-seeded on every deploy.)
  OK   0055_add_data_completeness_score.sql: UPDATE contacts — exempt (historical_one_time: one-time UPDATE backfilling a computed score column added in this migration for rows that existed at the time; the score is recomputed by application code going forward.)
  OK   0056_campaign_previews.sql: UPDATE campaign_previews — exempt (historical_one_time: one-time cleanup UPDATE of pre-existing preview rows' status column; campaign_previews rows are otherwise entirely runtime-created.)
  OK   0065_provenance_schema.sql: UPDATE contacts — exempt (historical_one_time: one-time UPDATE defaulting primary_source_category/primary_source_type to legacy_unknown/historical_backfill for contacts that existed before the intake provenance system (.agents/memory/intake-provenance.md); new contacts get real provenance at write time via writeContact().)
  OK   0066_ghl_contact_id_unique.sql: UPDATE contacts — exempt (historical_one_time: one-time dedupe UPDATE clearing conflicting ghl_contact_id values before adding a uniqueness constraint; not applicable to rows created after this migration's window.)
  OK   0074_fix_ghl_identity_conflicts.sql: INSERT audit_logs — exempt (not_config_seed: audit trail entry documenting the 0074 repair itself, not config any runtime path depends on.)
  OK   0074_fix_ghl_identity_conflicts.sql: UPDATE contacts — exempt (historical_one_time: one-time repair of a specific historical GHL identity-conflict incident; blindly replaying it against current contact data would risk corrupting unrelated present-day state (see .agents/memory/production-schema-ownership.md unsafe-to-auto-recreate guidance).)
  OK   0075_admin_password_reset.sql: UPDATE users — exempt (not_config_seed: one-time admin password reset tied to a specific incident; ongoing admin credential management is handled by seedAdminUser at startup (see .agents/memory/admin-password-sync.md), not this migration.)
  OK   0092_sequence_outbound_channels.sql: UPDATE follow_up_sequences — exempt (historical_one_time: one-time backfill of a new outbound-channel column for sequences that existed at the time; new sequences set this at creation.)
  OK   0093_clear_test_ghl_ids.sql: UPDATE contacts — exempt (not_config_seed: one-time cleanup clearing test-fixture GHL IDs out of that environment's data; not production config.)
  OK   0105_executive_kpi_tables.sql: INSERT executive_goals — exempt (historical_one_time: initial executive goal targets from feature launch; goals are operator-edited via the admin UI afterward, not re-seeded.)
  OK   0106_executive_goals.sql: INSERT executive_goals — exempt (historical_one_time: follow-up adjustment to the same launch-time goal seed as 0105; superseded by ongoing operator edits.)
  OK   0106_executive_goals.sql: UPDATE executive_goals — exempt (historical_one_time: follow-up adjustment to the same launch-time goal seed as 0105; superseded by ongoing operator edits.)
  OK   0111_residual_txn_cost.sql: UPDATE merchant_residuals — exempt (historical_one_time: one-time backfill of a new cost column for residual rows that existed at the time; new imports compute this at write time.)
  OK   0138_post_enrichment_intent_fields.sql: UPDATE post_enrichment_enrollment_intents — exempt (historical_one_time: one-time backfill of new intent columns for rows that existed at the time.)
  OK   0140_serper_control.sql: INSERT serper_control — exempt (historical_one_time: predates the canonical Serper gateway singleton pattern (.agents/memory/serper-gateway.md); superseded by 0174's provider_controls row, which IS a registered target family.)
  OK   0141_serper_merchant_cooldown.sql: UPDATE sdr_merchants — exempt (historical_one_time: one-time UPDATE resetting cooldown state for merchants that existed at the time.)
  OK   0148_statement_upload_command_ownership.sql: UPDATE statement_upload_commands — exempt (historical_one_time: one-time backfill of a new ownership column for commands that existed at the time.)
  OK   0152_identity_observation_no_plaintext.sql: UPDATE contact_identity_observations — exempt (not_config_seed: one-time privacy redaction of plaintext normalized_value on rows created during the initial migration window; not config any runtime path depends on being present.)
  OK   0160_seed_zerobounce_provider_control.sql: INSERT provider_controls — registered convergence target
  OK   0164_bt12_effect_receipts_and_threshold_backfill.sql: UPDATE residual_imports — exempt (historical_one_time: one-time backfill of a new threshold column for imports that existed at the time.)
  OK   0166_cro02_shadow_graph.sql: INSERT commercial_shadow_controls — registered convergence target
  OK   0170_cro02_versioned_purpose_policies.sql: INSERT commercial_purpose_policies — registered convergence target
  OK   0174_cro03_durable_enrichment_factory.sql: INSERT provider_controls — registered convergence target
  OK   0175_cro03_frozen_subject_plans.sql: INSERT cro03_provider_ledger — registered convergence target
  OK   0175_cro03_frozen_subject_plans.sql: UPDATE cro03_enrichment_batches — exempt (historical_one_time: one-time repair backfilling a command_fingerprint/count columns for batch rows that existed at the time; transient job state, not config.)
  OK   0175_cro03_frozen_subject_plans.sql: UPDATE cro03_batch_memberships — exempt (historical_one_time: one-time repair marking pre-existing memberships without frozen evidence as superseded; transient job state tied to that specific migration window.)
  OK   0175_cro03_frozen_subject_plans.sql: UPDATE cro03_enrichment_items — exempt (historical_one_time: one-time repair terminating pre-existing enrichment items lacking frozen evidence; transient job state, not config.)
  OK   0175_cro03_frozen_subject_plans.sql: UPDATE cro03_provider_ledger — registered convergence target
  OK   0177_cro03_source_staging_evidence.sql: INSERT cro03_staging_recipes — registered convergence target
  OK   0177_cro03_source_staging_evidence.sql: UPDATE provider_controls — registered convergence target
  OK   0178_cr04_channel_cohort_authority.sql: INSERT cr04_qualification_policies — registered convergence target
  OK   0185_cr06_history_and_feedback.sql: INSERT cr06_campaign_gate_revisions — registered convergence target
  OK   0186_cr06_scoped_reservation_contract.sql: UPDATE cr06_preparation_reservations — exempt (historical_one_time: one-time backfill of new reservation-scope columns for rows that existed at the time.)
  OK   0187_cro03a_candidate_qualification.sql: INSERT cro03a_policy_control — registered convergence target
  OK   0187_cro03a_candidate_qualification.sql: INSERT cro03a_policy_documents — registered convergence target
  OK   0187_cro03a_candidate_qualification.sql: INSERT audit_logs — exempt (not_config_seed: append-only audit trail entry for the policy activation; not itself config any runtime path depends on. The cro03a_policy_bootstrap convergence target (server/services/cro03a-policy-initializer.ts) independently re-writes this same idempotent audit row.)
  OK   0187_cro03a_candidate_qualification.sql: UPDATE cro03a_policy_control — registered convergence target
  OK   0193_cro03_ledger_lineage_drift_repair.sql: INSERT cro03_provider_ledger — registered convergence target
  OK   0193_cro03_ledger_lineage_drift_repair.sql: UPDATE cro03_provider_ledger — registered convergence target
  OK   0199_cro03c_opaque_stage_inputs.sql: UPDATE cro03c_stage_dispositions — exempt (historical_one_time: one-time backfill of a new disposition column for stage rows that existed at the time.)
  OK   0205_cro05a_equipment_fulfillment_truth.sql: INSERT inbound_request_effects — registered convergence target
  OK   0229_fix_proposal_status_reverted.sql: UPDATE contact_normalization_proposals — exempt (historical_one_time: one-time status-value correction from the historical misspelling 'reversed' to the current 'reverted' contract; new proposal rows use the corrected enum value.)
  OK   0237_rev06a_credential_authority_matrix.sql: INSERT audit_logs — exempt (not_config_seed: append-only audit record of the REV-06A credential probe; it is evidence of the probe, not configuration required by a runtime path.)
  OK   0238_rev06a_merchant_sandbox_snapshot.sql: INSERT processor_activation_snapshots — exempt (historical_one_time: operator-confirmed REV-06A sandbox probe evidence. Snapshot rows are immutable, append-only certification evidence; replaying this time-bound probe result would incorrectly authorize operations after credentials or provider capabilities change.)
  OK   0238_rev06a_merchant_sandbox_snapshot.sql: INSERT audit_logs — exempt (not_config_seed: append-only audit record of the REV-06A sandbox probe; activation authority reads the immutable snapshot evidence, not this audit row.)
  OK   0244_source_registry.sql: INSERT source_registry_adapters — exempt (historical_one_time: initial source-registry catalog is a reviewed, schedule-disabled bootstrap snapshot. Adapter rows are operator-managed after creation; replaying the migration would not be an appropriate production convergence mechanism.)
  OK   0256_cro03a_policy_v3_dbpr_hr.sql: INSERT cro03a_policy_documents — registered convergence target
  OK   0269_paid_provider_controls_all.sql: INSERT provider_controls — registered convergence target
  OK   0279_sfp_immutable_cohort_lifecycle.sql: UPDATE sfp_cohort_runs — exempt (historical_one_time: one-time mapping from the legacy status column into cohort_state during the lifecycle schema transition; current cohort writes maintain both fields and the production migration has already been applied.)
  OK   0285_sfp_program_max_cohort_size_range.sql: UPDATE sfp_programs — registered convergence target
  OK   0289_sfp2000_policy_and_lineage.sql: INSERT sfp_outreach_policy_documents — registered convergence target
  OK   0289_sfp2000_policy_and_lineage.sql: INSERT sfp_outreach_policy_control — registered convergence target
  OK   0290_sfp2001_campaign_package_staging.sql: UPDATE sfp_campaign_staging_intents — registered convergence target
  OK   0290_sfp2001_campaign_package_staging.sql: UPDATE sfp_programs — registered convergence target
  OK   0291_sfp2001_corrective_patch.sql: UPDATE sfp_programs — registered convergence target
  OK   0292_sfp2001_command_lifecycle.sql: UPDATE sfp_campaign_staging_commands — exempt (historical_one_time: migration-time normalization of commands that existed before the pending/executing/completed lifecycle; the column's migration default marks those rows completed, while current command writers explicitly persist pending/executing/completed and must not be reset on every boot.)
  OK   0295_task2002_sunbiz_full_backfill.sql: INSERT sunbiz_bootstrap_runs — registered convergence target
  OK   0297_task2002_soflo_cursor_rewind.sql: UPDATE sunbiz_bootstrap_runs — registered convergence target
  OK   0301_sfp_taxonomy_version_and_ready_held_bridge.sql: UPDATE sfp_classification_evidence — exempt (historical_one_time: one-time legacy evidence backfill from the overloaded classifier_version field; the production migration was applied with its immutability-trigger exception, and all current writers persist classifier_version and taxonomy_version distinctly. Replaying this backfill at startup would violate the evidence immutability boundary.)
  OK   0304_sfp_identity_quarantine.sql: INSERT sfp_identity_quarantines — exempt (historical_one_time: single-business (9555) historical-incident quarantine repair; covered by convergeSfpIdentityQuarantineBusiness9555, run fire-and-forget after listen() in server/index.ts rather than as a blocking SEED_TARGETS entry so a slow/contended production DB cannot delay port-open.)
  OK   0304_sfp_identity_quarantine.sql: INSERT sfp_discredited_paid_evidence — exempt (historical_one_time: same business-9555 incident repair as sfp_identity_quarantines above; archived by the same post-listen() backfill.)
  OK   0305_sfp_wrong_site_derived_evidence.sql: INSERT sfp_discredited_processor_signals — exempt (historical_one_time: single-business (9555) historical-incident archive; covered by convergeSfpWrongSiteDerivedEvidence9555, run fire-and-forget after listen() in server/index.ts rather than as a blocking SEED_TARGETS entry so a slow/contended production DB cannot delay port-open.)
  OK   0305_sfp_wrong_site_derived_evidence.sql: INSERT sfp_discredited_free_enrichment_summaries — exempt (historical_one_time: same business-9555 incident repair as sfp_discredited_processor_signals above; archived by the same post-listen() backfill.)
  OK   0307_serper_canonical_control_reconciliation.sql: INSERT provider_controls — registered convergence target
  OK   0309_sfp_verified_contact_source.sql: UPDATE sfp_outreach_eligibility — registered convergence target

[check-migration-seed-registration] PASS — every migration seed/backfill write is registered or exempted.

[17/57] Dependency Policy Negative Fixtures — scripts/test-dependency-policy-evidence.ts
test-dependency-policy-evidence: PASS — valid and negative fixtures verified

[18/57] Dependency Lifecycle and Native Probes — scripts/test-dependency-lifecycle.ts
{
  "lifecyclePolicy": "global scripts disabled; required modules probed",
  "results": [
    {
      "name": "root esbuild",
      "status": "pass",
      "detail": "required runtime/build probe completed"
    },
    {
      "name": "node_modules/vite/node_modules/esbuild",
      "status": "pass",
      "detail": "required runtime/build probe completed"
    },
    {
      "name": "node_modules/drizzle-kit/node_modules/@esbuild-kit/esm-loader/node_modules/esbuild",
      "status": "pass",
      "detail": "required runtime/build probe completed"
    },
    {
      "name": "node_modules/drizzle-kit/node_modules/tsx/node_modules/esbuild",
      "status": "pass",
      "detail": "required runtime/build probe completed"
    },
    {
      "name": "sharp SVG to PNG",
      "status": "pass",
      "detail": "required runtime/build probe completed"
    },
    {
      "name": "ssh2",
      "status": "pass",
      "detail": "required runtime/build probe completed"
    },
    {
      "name": "msgpackr-extract",
      "status": "pass",
      "detail": "required runtime/build probe completed"
    },
    {
      "name": "core-js",
      "status": "pass",
      "detail": "required runtime/build probe completed"
    },
    {
      "name": "es5-ext",
      "status": "pass",
      "detail": "required runtime/build probe completed"
    },
    {
      "name": "fsevents",
      "status": "optional-skip",
      "detail": "unsupported platform linux"
    },
    {
      "name": "bufferutil",
      "status": "pass",
      "detail": "optional accelerator available"
    },
    {
      "name": "cpu-features",
      "status": "optional-skip",
      "detail": "optional accelerator unavailable; supported JavaScript/runtime fallback remains active"
    }
  ]
}

[19/57] Artifact Dependency Inventory Fixtures — scripts/test-inventory-artifact-dependencies.ts
test-inventory-artifact-dependencies: PASS — artifact dependency extraction fixtures verified

[20/57] Dependency Audit Policy Fixtures — scripts/test-dependency-audit-policy.ts
test-dependency-audit-policy: PASS — clean, lower, high, malformed, and scanner-failure fixtures verified

[21/57] Provider Manifest and Readiness Kill Lines — scripts/test-provider-readiness-controls.ts
Provider readiness controls: PASS

[22/57] Paid Provider Adapter Scan — scripts/scan-paid-provider-adapters.ts
Paid provider adapter scan passed.

[23/57] Tracked-File Exposure Scan — scripts/scan-tracked-files.ts
pasted-text debt: baseline=0 unchanged=0 removed=0 changed_or_conflicting=0 new_prohibited=0 owner="Repository Owner" expiry=2026-12-31
scan-tracked-files: PASS — no prohibited tracked files found

[24/57] Tracked-File Exposure Scanner Regression — scripts/test-scan-tracked-files.ts
classify():
  ✓ statement command root blocked
  ✓ statement command nested path blocked
  ✓ statement command casing blocked
  ✓ statement command backslashes normalized
  ✓ dot segments normalized
  ✓ backups dir blocked
  ✓ nested backups blocked
  ✓ spreadsheet blocked
  ✓ archive blocked
  ✓ raw SQL blocked
  ✓ migration SQL allowed
  ✓ verified skill data CSV allowed
  ✓ adjacent agent CSV blocked
  ✓ local CSV blocked
  ✓ verified fixture allowed
  ✓ other fixture CSV blocked
  ✓ nested unverified fixture blocked
  ✓ case-varied skill prefix blocked
  ✓ exact checklist allowed
  ✓ legitimate PDF allowed
  ✓ legitimate image allowed
  ✓ calendar-valid expiry accepted
  ✓ impossible expiry rejected
  ✓ ratchet fails on its expiry date
scanTree() forced-add behavior:
  ✓ forced-added statement file rejected
  ✓ new pasted text rejected without policy
  ✓ missing ratchet policy fails closed
  ✓ unapproved CSV rejected
  ✓ diagnostics contain no fixture content
  ✓ findings are deterministic
  ✓ blocked CLI exits exactly 1
  ✓ blocked CLI proves expected path and reason
  ✓ blocked CLI is not a launcher/runtime failure
bounded pasted-text ratchet:
  ✓ exact unchanged path and blob pair accepted
  ✓ unchanged summary reconciles
  ✓ content change rejected by blob identity
  ✓ renamed known blob rejected
  ✓ missing original path fails closed
  ✓ nested case-varied generated text rejected
  ✓ expired ratchet fails closed
  ✓ malformed manifest fails closed
  ✓ calendar-invalid expiry fails closed
repository manifest metadata:
  ✓ authorized baseline contains exactly the currently tracked pairs
  ✓ authorized owner recorded
  ✓ authorized expiry recorded
  ✓ owner timezone recorded
  ✓ manifest entries are exact path plus SHA only
  ✓ live authorized baseline remains unchanged
  ✓ live post-baseline pasted additions remain prohibited

49 passed, 0 failed

[25/57] CSP, CORS, JSON-LD Security Controls — scripts/test-security-controls.ts

══ CSP, CORS, JSON-LD Security Controls ═══════════════════════

── 1. CSP policy boundary ────────────────────────────────────
  ✓ production script-src excludes unsafe-inline
  ✓ development script-src retains only the HMR inline compatibility exception
  ✓ production script-src matches the reviewed source-backed allowlist
  ✓ production script-src includes *.leadconnectorhq.com
  ✓ production script-src includes *.ghl.io
  ✓ production script-src includes www.googletagmanager.com
  ✓ production script-src includes connect.facebook.net
  ✓ production script-src excludes unused *.googletagmanager.com
  ✓ production script-src excludes unused *.google-analytics.com
  ✓ production script-src excludes unused *.facebook.com
  ✓ production script-src excludes unused fonts.googleapis.com

── 2. CORS behavior and security-header ordering ─────────────
  ✓ allowed credentialed GET returns 200
  ✓ allowed GET returns the exact allow-origin header
  ✓ allowed GET preserves credentialed CORS behavior
  ✓ denied GET returns deliberate 403
  ✓ denied GET has no allow-origin header
  ✓ denied GET does not reflect the rejected origin
  ✓ denied GET still receives Helmet CSP headers
  ✓ denied GET still receives standard Helmet headers
  ✓ denied OPTIONS returns deliberate 403
  ✓ denied OPTIONS has no allow-origin header
  ✓ denied OPTIONS does not reflect the rejected origin
  ✓ denied OPTIONS still receives Helmet CSP headers
  ✓ no-origin server-to-server GET remains allowed

── 3. JSON-LD serialization ──────────────────────────────────
  ✓ JSON-LD serializer cannot emit a literal script boundary
  ✓ JSON-LD serializer escapes <
  ✓ JSON-LD serializer escapes >
  ✓ JSON-LD serializer escapes &
  ✓ JSON-LD serializer escapes U+2028
  ✓ JSON-LD serializer escapes U+2029
  ✓ JSON-LD serialization round-trips hostile data
  ✓ shared SSR shell does not render hostile JSON-LD as executable markup
  ✓ shared SSR shell does not permit JSON-LD script breakout

── 4. HTML producer coverage and inline-script guard ─────────
  ✓ JSON-LD producer discovery found active renderers
  ✓ client/src/components/SEO.tsx uses the canonical JSON-LD serializer
  ✓ client/src/components/SEO.tsx has no raw JSON.stringify JSON-LD interpolation
  ✓ client/src/pages/RateComparison.tsx uses the canonical JSON-LD serializer
  ✓ client/src/pages/RateComparison.tsx has no raw JSON.stringify JSON-LD interpolation
  ✓ client/src/pages/SavingsCalculator.tsx uses the canonical JSON-LD serializer
  ✓ client/src/pages/SavingsCalculator.tsx has no raw JSON.stringify JSON-LD interpolation
  ✓ server/routes/glossary.ts uses the canonical JSON-LD serializer
  ✓ server/routes/glossary.ts has no raw JSON.stringify JSON-LD interpolation
  ✓ server/ssr/competitor-ssr.ts uses the canonical JSON-LD serializer
  ✓ server/ssr/competitor-ssr.ts has no raw JSON.stringify JSON-LD interpolation
  ✓ server/ssr/location-html.ts uses the canonical JSON-LD serializer
  ✓ server/ssr/location-html.ts has no raw JSON.stringify JSON-LD interpolation
  ✓ server/ssrShared.ts uses the canonical JSON-LD serializer
  ✓ server/ssrShared.ts has no raw JSON.stringify JSON-LD interpolation
  ✓ server/routes/glossary.ts has no inline executable script
  ✓ server/ssr/location-html.ts has no inline executable script
  ✓ server/ssr/competitor-ssr.ts has no inline executable script
  ✓ server/routes/widget.ts has no inline executable script
  ✓ server/routes/public.ts has no inline executable script
  ✓ server/routes/ssr-routes.ts has no inline executable script
  ✓ server/static.ts has no inline executable script
  ✓ server/vite.ts has no inline executable script
  ✓ client/index.html has no inline executable script
  ✓ shared SSR documents the development-only React Refresh inline exception
  ✓ widget preview is enumerated by this producer-family guard
  ✓ unsubscribe HTML is enumerated by this producer-family guard
  ✓ SPA/static fallback is enumerated by this producer-family guard
  ✓ development Vite transformation is enumerated by this producer-family guard
  ✓ release identity checks bind RELEASE_SHA to the checked-out tested commit

══════════════════════════════════════════════════════════════
 ✓ CSP/CORS/JSON-LD SECURITY CONTROLS PASSED


[26/57] RVR-03 Security Static Recurrence Scanner — scripts/test-rvr03-security-static.ts
RVR-03 security static recurrence scanner:
  ✓ missing scope fails closed
  ✓ zero-file scope fails closed
  ✓ literal credential mapping is rejected
  ✓ fixed credential output is rejected
  ✓ query-token auth link is rejected
  ✓ raw credential URL/error logging is rejected
  ✓ caught error object logging is rejected
  ✓ error message and provider result logging is rejected
  ✓ provider response logging is rejected
  ✓ email interpolation logging is rejected
  ✓ sanctioned operational diagnostic adapter owns its redacted sink
  ✓ public identity validation requires its scoped assertion
  ✓ duplicate token authority is rejected
  ✓ route-local crypto token authority is rejected
  ✓ GET token validation is rejected
  ✓ identity-bearing public validation response is rejected
  ✓ query bearer reads are rejected
  ✓ plaintext temporary password is rejected
  ✓ Math.random credential generation is rejected
  ✓ legacy auth token field bypass is rejected
  ✓ missing auth POST cache contract is rejected
  ✓ unsafe OG synchronous fs primitive is rejected
  ✓ unsanitized channel-audit write is rejected
  ✓ narrow rules allow sanctioned callsites
  ✓ findings redact matched source
  ✓ explicit repository-owned production scope is nonzero and clean

26 passed, 0 failed

[27/57] RVR-03 Auth Action Source Contract — server/tests/auth-actions.source.test.ts
auth-action source contract passed

[28/57] RVR-03 OG Cache Hardening — server/tests/og-cache-hardening.test.ts

=== OG Cache Hardening Tests ===

  ✓  cache keys use the complete SHA-256 digest
  ✓  structured key inputs contain delimiter collisions
  ✓  writes cache entry
  ✓  reads regular cache entries
  ✓  rejects traversal keys
  ✓  rejects non-allowlisted extensions
  ✓  rejects hard-linked cache files
  ✓  does not overwrite existing hard links
  ✓  preserves external hard-link content
  ✓  cleans temp file after failed publication
  ✓  concurrent reader sees only complete writer data
  ✓  concurrent reader sees only complete writer data
  ✓  concurrent reader sees only complete writer data
  ✓  concurrent reader sees only complete writer data
  ✓  concurrent reader sees only complete writer data
  ✓  concurrent reader sees only complete writer data
  ✓  concurrent reader sees only complete writer data
  ✓  concurrent reader sees only complete writer data
  ✓  concurrent reader sees only complete writer data
  ✓  concurrent reader sees only complete writer data
  ✓  concurrent reader sees only complete writer data
  ✓  concurrent reader sees only complete writer data
  ✓  concurrent publication has one winner
  ✓  concurrent publication cleans all temp files
  ✓  rejects a symlink cache root
  ✓  does not write through a symlink cache root

Passed: all

[29/57] CR-04 Channel Cohort Authority Contract — scripts/test-cr04-authority-static.ts
CR-04 static authority contract: PASS

[30/57] CR-05 Reporting Boundary and Exactness Contract — scripts/test-reporting-boundaries.ts
✓ nested reporting URL keeps parent tab
✓ financial URL state is namespaced
✓ financial navigation preserves reporting parent
✓ reporting analytics exclude agents
✓ operations reporting excludes agents
✓ campaign/A-B route ownership is untouched
✓ support aggregate never uses capped ticket storage
✓ task aggregate never uses array storage
✓ support and shared task aggregates declare exact metadata
✓ operations production aggregate excludes top-N truncation
✓ operations does not use mutable lifecycle labels
✓ operations does not proxy conversions as replies
✓ operations declares production fact completeness
✓ operations does not claim a shared snapshot
✓ operations exposes per-source capture limitations
✓ spend allocation is explicitly an estimate

[31/57] CR-05 Task, Inbox, and Statement Authority Contract — scripts/test-task1721-inbox-statement-structure.ts
Task 1721 structural checks passed

[32/57] Task 1720 DLQ History and Alert Feed Contract — scripts/test-task1720-dlq-alert-static.ts
Task 1720 DLQ/alert static checks passed

[33/57] Slack Pause Boundary — scripts/test-slack-pause-boundary.ts
Slack pause-boundary race checks passed

[34/57] CR-06 Promotional Enrollment Boundary Inventory — server/tests/cr06-promotional-boundary-inventory.source.test.ts
CR-06 promotional lifecycle boundary inventory passed

[35/57] CR-06 Feedback Privacy and History Contract — server/tests/cr06-feedback-strict.source.test.ts
CR-06 strict feedback and history source checks passed

[36/57] Merchant Migration Safety — scripts/test-merchant-migration-safety.ts
=== Merchant Migration Safety Tests ===
  (static + unit tests; no database required)

[Group 1] Dual-authorization enforcement (source patterns)
  ✓ migration script file exists and is readable
  ✓ migration script references both --execute flag and MERCHANT_DATA_BACKFILL_AUTHORIZED env var
  ✓ EXECUTE_MODE gated by AND of both authorization signals
  ✓ default mode is described as inventory-only
  ✓ migration script verifies encryption key before executing

[Group 2] No value/ID logging patterns in migration script
  ✓ migration script does not log "console.log(rowId"
  ✓ migration script does not log "console.log(row.id"
  ✓ migration script does not log "console.log(`rowId"
  ✓ migration script does not log "console.log(result.ein"
  ✓ migration script does not log "console.log(result.ssn"
  ✓ migration script does not log "console.log(row.ein"
  ✓ migration script does not log "console.log(row.owner_ssn"
  ✓ migration script does not log "console.log(ciphertext"
  ✓ migration script does not log "console.log(process.env.MERCHANT_DATA_ENCRYPTION_KEY"
  ✓ migration script does not log "console.log(key"
  ✓ inventory script does not log "console.log(row.ein"
  ✓ inventory script does not log "console.log(row.id"
  ✓ inventory script does not log "console.log(ein"
  ✓ migration script documents no-ID-logging in comments or output strings
  ✓ inventory script documents aggregate-only output
  ✓ migration script defines safeErrorLabel for generic error redaction
  ✓ inventory script defines safeErrorLabel for generic error redaction
  ✓ migration script never interpolates err.message into log output
  ✓ inventory script never interpolates err.message into log output
  ✓ migration script never logs err.stack
  ✓ safeErrorLabel emits only class name / code (never message or stack)

[Group 3] Envelope aggregate inventory classification logic
  ✓ all-null row → all_null
  ✓ all non-null fields are envelopes → fully_encrypted
  ✓ mixed encrypted+plaintext → partial
  ✓ 9-digit EIN, all others null → legacy_plaintext
  ✓ 9-digit EIN + ISO date DOB → legacy_plaintext
  ✓ unrecognized format → invalid
  ✓ additional_owners legacy array (only field) → legacy_plaintext (included in classification)
  ✓ additional_owners mpd_v1 string (only field) → fully_encrypted
  ✓ encrypted ein + plaintext additional_owners array → partial
  ✓ plaintext ein + encrypted additional_owners → partial
  ✓ additional_owners empty array → all_null (no protected data)
  ✓ additional_owners empty object → all_null
  ✓ legacy ein + legacy additional_owners array → legacy_plaintext
  ✓ migration script includes additional_owners in PROTECTED_FIELDS
  ✓ additional_owners is a member of PROTECTED_FIELDS const
  ✓ migration passes additional_owners into processProtectedData input
  ✓ migration UPDATE writes additional_owners
  ✓ migration persists additionalOwners ciphertext as JSONB string via to_jsonb(text)
  ✓ migration inventory SQL classifies additional_owners with jsonb_typeof (JSONB-safe)
  ✓ inventory SQL uses JSONB-safe envelope detection for additional_owners
  ✓ inventory reports additional_owners encrypted + plaintext aggregate counts
  ✓ scripts never index into additional_owners for logging (no nested value output)

[Group 4] Restart-safe selection semantics
  ✓ migration SELECT uses SKIP LOCKED for concurrent-run safety
  ✓ processBatch wraps claim + writes in a single db.transaction
  ✓ the FOR UPDATE SKIP LOCKED claim runs via tx.execute inside the transaction
  ✓ processBatch does NOT use db.execute for any write (lock would release before update)
  ✓ processBatch issues its UPDATE(s) via tx.execute (same transaction as the claim)
  ✓ the transaction is opened before the FOR UPDATE claim (claim + update share one tx)
  ✓ migration SELECT filters WHERE protected_data_version IS NULL (resume-safe)
  ✓ migration UPDATE sets protected_data_version in the same statement
  ✓ migration SELECT uses ORDER BY id for stable pagination
  ✓ migration UPDATE has idempotent WHERE id AND version IS NULL guard

[Group 5] Key validation — execution blocked without valid key
  ✓ isMerchantEncryptionAvailable false when key absent
  ✓ getMerchantEncryptionStatus.available false when key absent
  ✓ status detail does not claim key present when absent
  ✓ encryptField throws when key absent (blocks migration)
[MerchantProtectedData] MERCHANT_DATA_ENCRYPTION_KEY is set but is not a valid 32-byte key (64-char hex or 44-char base64). Protected-data operations are BLOCKED until corrected.
  ✓ isMerchantEncryptionAvailable false for invalid key
[MerchantProtectedData] MERCHANT_DATA_ENCRYPTION_KEY is set but is not a valid 32-byte key (64-char hex or 44-char base64). Protected-data operations are BLOCKED until corrected.
  ✓ encryptField throws for invalid key
  ✓ isMerchantEncryptionAvailable true for valid 64-hex key

[Group 6] Partial row fail-closed behavior
  ✓ decryptProtectedFields throws on plaintext ownerSsn in partial row
  ✓ migration script references partial-row fail-closed handling
  ✓ migration defines a MigrationHaltError for fail-closed batch rollback
  ✓ processBatch throws MigrationHaltError when a partial row is detected (rolls back tx)
  ✓ processBatch throws MigrationHaltError when an invalid row is detected
  ✓ the partial/invalid pre-scan happens before any UPDATE (clean rollback on halt)
  ✓ main() catches MigrationHaltError and exits (does not loop over partial rows)
  ✓ halt message reports affected rows as a count only (no IDs/values)
  ✓ migration no longer accumulates skipped_partial (partial rows halt instead of looping)

[Group 7] Already-encrypted row detection
  ✓ encryptField output is recognised as envelope
  ✓ mpd_v1 prefix → isEncryptedEnvelope
  ✓ raw digits → NOT isEncryptedEnvelope
  ✓ null → NOT isEncryptedEnvelope
  ✓ empty string → NOT isEncryptedEnvelope
  ✓ wrong prefix → NOT isEncryptedEnvelope
  ✓ migration script checks for mpd_v1 envelope prefix before processing rows

[Group 7b] No blind version stamping of already-encrypted rows
  ✓ migration defines encryptedRowHasProvableMetadata gate
  ✓ already-encrypted rows missing metadata trigger a fail-closed halt (no blind stamp)
  ✓ fully_encrypted version stamp documents it only runs after metadata proof
  ✓ encrypted EIN without fingerprint/mask is NOT provable (would fail closed)
  ✓ encrypted EIN with fingerprint but no mask is NOT provable
  ✓ encrypted EIN with fingerprint AND mask is provable (safe to stamp)
  ✓ encrypted bank account without fingerprint/mask is NOT provable
  ✓ encrypted routing without mask is NOT provable
  ✓ encrypted routing with mask is provable
  ✓ encrypted DOB requires no fingerprint/mask → provable
  ✓ row with no metadata-requiring encrypted fields is provable

[Group 8] Strict no-plaintext-decrypt enforcement (service level)
  ✓ decryptField rejects raw plaintext EIN
  ✓ decryptField rejects empty string
  ✓ decryptField rejects legacy non-envelope string
  ✓ merchant-protected-data service does NOT use CREDENTIAL_ENCRYPTION_KEY in code (comments allowed)
  ✓ service documents strict no-plaintext behavior

=== Results: 97 passed, 0 failed ===
All migration safety tests passed.

[37/57] Queue Compliance — scripts/check-queue-compliance.ts
╔═══════════════════════════════════════════════════════╗
║  Queue Compliance Check (#1532)                       ║
╚═══════════════════════════════════════════════════════╝

✅ No direct qm.pauseQueue()/qm.resumeQueue() in route files
✅ No hard-coded outbound queue-name list
✅ No getQueueManager() in route files (must use requireQueueManagerReady/getQueueManagerProducers)
✅ Outbound-effect handlers check both authority AND coordinator.canExecute()
✅ sequence-worker does not mutate enrollment status to 'paused' on hold (VFC-22 fix)
✅ Logical job manifest valid (all QUEUE_NAMES have entries, no unclassified)

✅ All queue compliance checks pass.

[38/57] Compliance Scan — scripts/compliance-scan.ts
=== Wave 12 Static Compliance Scanner ===

Scanning: server/services, server/routes

  ○ MERCHANT_DATA_ENCRYPTION_KEY not set (non-production — not required for dev build)

── Email Call-Site Classification Summary ───────────────────

  sequence_step                   20 sites  ✓ gated
  transactional_merchant          39 sites  ✓ allowlisted
  internal_admin                  21 sites  ✓ allowlisted

── Allowlist Entries ──────────────────────────────────────────

  ✓ server/routes/activation.ts | email | transactional_merchant
    Reason: Rep invitation delivery is an explicit admin provisioning action, not automated outreach; it contains a one-time activation link and is only sent to the newly provisioned rep.
    Review date: 2026-09-10

  ✓ server/services/merchant-welcome.ts | email | transactional_merchant
    Reason: Merchant portal welcome reply via GHL chat — triggered by operator approval action, not automated outreach. Contact must be in closed_won state.
    Review date: 2026-06-26

  ✓ server/services/merchant-welcome.ts | email | transactional_merchant
    Reason: Merchant portal welcome SMTP fallback — triggered by operator approval action when GHL is not configured. Reviewed and approved.
    Review date: 2026-06-26

  ✓ server/services/merchant-application-status.ts | email | transactional_merchant
    Reason: Merchant application status update via GHL reply — triggered by admin approval/rejection action on a specific application, not automated sequence.
    Review date: 2026-06-26

  ✓ server/services/co-branded-proposal.ts | email | transactional_merchant
    Reason: Co-branded proposal delivery via GHL (sendGhlEmail/sendGhlEmailForMerchant — lineContains matches both) — triggered explicitly by agent action, not automated sequence.
    Review date: 2026-06-26

  ✓ server/services/co-branded-proposal.ts | email | transactional_merchant
    Reason: Co-branded proposal delivery SMTP fallback — triggered explicitly by agent action when GHL is not configured. Reviewed and approved.
    Review date: 2026-06-26

  ✓ server/services/digest-service.ts | email | internal_admin
    Reason: Digest service GHL email — sends KPI/SLA digest to admin/operator email; triggered by scheduled digest job or operator-initiated digest send, not outbound marketing.
    Review date: 2026-06-26

  ✓ server/services/digest-service.ts | email | internal_admin
    Reason: Digest service SMTP fallback — sends KPI/SLA digest to admin/operator when GHL is not configured. Reviewed and approved.
    Review date: 2026-06-26

  ✓ server/services/sdr/operator-digest.ts | email | internal_admin
    Reason: SDR operator daily digest GHL email — sends pipeline summary to operator/admin email; triggered by scheduled digest job, not outbound marketing.
    Review date: 2026-06-26

  ✓ server/services/sdr/operator-digest.ts | email | internal_admin
    Reason: SDR operator daily digest SMTP fallback — sends pipeline summary when GHL is not configured. Reviewed and approved.
    Review date: 2026-06-26

  ✓ server/services/weekly-digest.ts | email | internal_admin
    Reason: Weekly KPI digest email — sends weekly performance summary to admin email; triggered by scheduled digest job, not outbound marketing.
    Review date: 2026-06-26

  ✓ server/routes/public.ts | email | transactional_merchant
    Reason: Auto-proposal email — gated by hasEmailConsent flag before send; only fires when merchant explicitly consented to email communications.
    Review date: 2026-06-26

  ✓ server/services/nps-email.ts | email | transactional_merchant
    Reason: NPS survey email — sent only to confirmed active Liberty Bancard merchants (closed_won deal, live stage) via createAndSendNpsSurvey(); never sent to cold prospects. Idempotent lease prevents duplicate sends. Reviewed 2026-08-06.
    Review date: 2026-08-06

  ✓ server/services/ghl-sync.ts | email | internal_admin
    Reason: GHL circuit breaker alert — sent only to the internal ops admin email when the GHL sync circuit breaker opens (5+ consecutive API failures). Never sent to prospects or merchants. 1-hour cooldown prevents spam. Reviewed 2026-08-06.
    Review date: 2026-08-06

  ✓ server/services/pipeline-silence-check.ts | email | internal_admin
    Reason: Pipeline stage silence alert — sent only to ADMIN_ALERT_EMAIL when a pipeline stage has had no deal movement for 24+ hours. 24-hour cooldown prevents repeat alerts. Never sent to prospects or merchants. Reviewed 2026-08-07.
    Review date: 2026-08-07

  ✓ server/routes/partner-orgs.ts | email | transactional_merchant
    Reason: Partner org user welcome email — triggered by admin action (adding a user to a partner org), not automated outreach. Sends login credentials to the newly invited partner user only. Reviewed 2026-08-07.
    Review date: 2026-08-07

  ✓ server/services/merchant-portal-invite.ts | email | transactional_merchant
    Reason: Merchant portal invitation email — triggered by admin approval action (sendMerchantPortalInvite/resendMerchantPortalInvite), never automated. Only fires when SMTP is configured; skipped with a logged warning otherwise. Delivers a one-time activation link to the merchant. Reviewed 2026-08-07.
    Review date: 2026-08-07

  ✓ server/services/campaign-engine.ts | email | pipeline_gated
    Reason: SDR campaign email — evaluateContactability enforced at orchestrator top-of-cycle; SDR_ENABLED runtime flag guard prevents unsolicited sends. Reviewed and approved.
    Review date: 2026-06-26

  ✓ server/services/sdr/chat-handlers.ts | email | pipeline_gated
    Reason: SDR chat-handler reply email — triggered only inside the pipeline conversation flow; evaluateContactability gate sits at orchestrator entry. Reviewed and approved.
    Review date: 2026-06-26

  ✓ server/services/sdr/orchestrator.ts | email | pipeline_gated
    Reason: SDR orchestrator direct email — same file that calls evaluateContactability at top-of-cycle; local gate is the function itself. Reviewed and approved.
    Review date: 2026-06-26

  ✓ server/services/sdr/proposal-tracking.ts | email | pipeline_gated
    Reason: SDR proposal follow-up email — invoked from orchestrator after contactability check; proposal tracking only fires for contacts already in active pipeline stage. Reviewed and approved.
    Review date: 2026-06-26

  ✓ server/services/sdr/statement-flow.ts | email | pipeline_gated
    Reason: SDR statement-request and statement-follow-up emails — invoked from orchestrator after contactability check; fires only for contacts who submitted a statement. Reviewed and approved.
    Review date: 2026-06-26

  ✓ server/services/sdr/terminal-shipping.ts | email | pipeline_gated
    Reason: SDR terminal-shipping confirmation and tracking emails — invoked from orchestrator after contactability check; transactional in nature (hardware order). Reviewed and approved.
    Review date: 2026-06-26

  ✓ server/services/sequence-worker.ts | email | sequence_worker
    Reason: Sequence-worker step email — sequence-worker enforces canEnrollContactInSequence gate before each step execution; sequences require explicit enrollment. Reviewed and approved.
    Review date: 2026-06-26

  ✓ server/services/partner-welcome.ts | email | transactional_merchant
    Reason: Partner portal welcome email — triggered by operator partner-approval action, sent to the specific partner who just received approval. Reviewed and approved.
    Review date: 2026-06-26

  ✓ server/services/proposal-engine.ts | email | transactional_merchant
    Reason: Proposal delivery via GHL email — triggered by explicit agent action in proposal workflow for a specific contact. Reviewed and approved.
    Review date: 2026-06-26

  ✓ server/services/proposal-engine.ts | email | transactional_merchant
    Reason: Proposal delivery via merchant-specific GHL email — triggered by explicit agent action for a specific merchant. Reviewed and approved.
    Review date: 2026-06-26

  ✓ server/services/proposal-engine.ts | email | transactional_merchant
    Reason: Proposal delivery SMTP fallback — triggered by explicit agent action when GHL is not configured. Reviewed and approved.
    Review date: 2026-06-26

  ✓ server/services/sla-worker.ts | email | internal_admin
    Reason: SLA breach notification email — sent to internal admin/agent on SLA violation event; not automated outbound marketing. Reviewed and approved.
    Review date: 2026-06-26

  ✓ server/services/statement-upload-chain.ts | email | transactional_merchant
    Reason: Statement upload confirmation SMTP — triggered by specific contact's statement submission, sent to the submitting rep. Reviewed and approved.
    Review date: 2026-06-26

  ✓ server/services/statement-upload-chain.ts | email | transactional_merchant
    Reason: Statement receipt confirmation via GHL — triggered by specific contact's statement submission. Reviewed and approved.
    Review date: 2026-06-26

  ✓ server/routes/activity.ts | email | internal_admin
    Reason: Activity route email — route requires isAuthenticated; sent as part of an activity log action initiated by an authenticated operator. Reviewed and approved.
    Review date: 2026-06-26

  ✓ server/routes/admin.ts | email | internal_admin
    Reason: Admin route SMTP email — route requires admin role; operator-initiated notification, not automated outbound. Reviewed and approved.
    Review date: 2026-06-26

  ✓ server/services/provider-credit-alert.ts | email | internal_admin
    Reason: Credit exhaustion alert goes only to the configured admin address, not to prospects; global pause authority and monitoring coordinator hold are checked before sending.
    Review date: 2026-09-30

  ✓ server/routes/analytics.ts | email | internal_admin
    Reason: Analytics weekly KPI digest — sent to admin email on operator-triggered digest action; not automated outbound marketing. Reviewed and approved.
    Review date: 2026-06-26

  ✓ server/routes/integrations.ts | email | internal_admin
    Reason: Integrations route email — route requires admin/manager role; used for test sends and admin-initiated GHL email actions. Reviewed and approved.
    Review date: 2026-06-26

  ✓ server/routes/notifications.ts | email | internal_admin
    Reason: Notifications daily digest — sent to admin email on operator-triggered digest action; not automated outbound marketing. Reviewed and approved.
    Review date: 2026-06-26

  ✓ server/routes/partners.ts | email | transactional_merchant
    Reason: Partner status/approval email — triggered by admin partner approval or partner-specific action; sent to the specific partner contact. Reviewed and approved.
    Review date: 2026-06-26

  ✓ server/routes/partners.ts | email | transactional_merchant
    Reason: Partner SMTP fallback email — triggered by admin partner approval when GHL is not configured. Reviewed and approved.
    Review date: 2026-06-26

  ✓ server/routes/rate-review.ts | email | transactional_merchant
    Reason: Rate review result email — triggered by specific merchant's rate review request; sent to the requesting contact. Reviewed and approved.
    Review date: 2026-06-26

  ✓ server/routes/residuals.ts | email | internal_admin
    Reason: Residual reconciliation alert email — sent to admin on reconciliation discrepancy; not automated outbound marketing. Reviewed and approved.
    Review date: 2026-06-26

  ✓ server/routes/savings.ts | email | transactional_merchant
    Reason: Savings analysis result email via GHL — triggered by specific contact's savings analysis request. Reviewed and approved.
    Review date: 2026-06-26

  ✓ server/routes/savings.ts | email | transactional_merchant
    Reason: Savings analysis result SMTP fallback — triggered by specific contact's savings analysis request when GHL is not configured. Reviewed and approved.
    Review date: 2026-06-26

  ✓ server/services/campaign-engine.ts | email | pipeline_gated
    Reason: Campaign-engine contact-mode email send — evaluateContactability() is called at the top of the same function (processContactModeMessage) before reaching the sendSmtpEmail call site; the gate is co-located within the same function body, just separated by arbitration and compliance-prereq checks. Reviewed 2026-08-09.
    Review date: 2026-08-09

  ✓ server/routes/activity.ts | sms | admin_gated
    Reason: Manual SMS from activity-feed route — triggered by authenticated dashboard user action; not automated outreach. Reviewed 2026-06-26.
    Review date: 2026-06-26

  ✓ server/routes/contacts.ts | ringless_vm/workflow | admin_gated
    Reason: GHL workflow enrollment from contacts management route — operator-initiated re-engagement or sequence trigger for a specific contact. Reviewed 2026-06-26.
    Review date: 2026-06-26

  ✓ server/routes/contacts.ts | email | admin_gated
    Reason: CRM email composer — POST /api/contacts/:id/send-email protected by isDashboardUser; authenticated dashboard rep manually composes and sends an email to a specific contact. Not automated outreach. Reviewed 2026-07-26.
    Review date: 2026-07-26

  ✓ server/routes/helpers.ts | sms | admin_gated
    Reason: Helper SMS utility — invoked by authenticated dashboard routes after an agent creates or updates a contact. Reviewed 2026-06-26.
    Review date: 2026-06-26

  ✓ server/routes/integrations.ts | sms | admin_gated
    Reason: Manual SMS from integrations panel — authenticated admin/agent sends to a specific contact by ID. Reviewed 2026-06-26.
    Review date: 2026-06-26

  ✓ server/routes/integrations.ts | sms | admin_gated
    Reason: Personalised batch SMS from admin integrations panel — operator-initiated; contacts are existing active-sequence members already in pipeline. Reviewed 2026-06-26.
    Review date: 2026-06-26

  ✓ server/routes/partners.ts | ringless_vm/workflow | admin_gated
    Reason: Partner sequence enrollment via partners management route — operator-initiated on partner approval or management action. Reviewed 2026-06-26.
    Review date: 2026-06-26

  ✓ server/routes/sdr.ts | voice_ai | admin_gated
    Reason: Manual voice AI trigger from authenticated SDR manual-dial endpoint — operator-initiated, not automated outreach. Reviewed 2026-06-26.
    Review date: 2026-06-26

  ✓ server/services/ghl-form-sync.ts | ringless_vm/workflow | transactional_merchant
    Reason: GHL workflow enrollment triggered by form-submission sync — sends only to the contact who just submitted the form; goes through the gated sdr/ghl-client adapter. Reviewed 2026-08-18.
    Review date: 2026-08-18

  ✓ server/services/ghl-form-sync.ts | crm_mutation | transactional_merchant
    Reason: Onboarding opportunity POST after merchant application submit — gated by authorizeGhlMutation() pause authority (C-10 #1626); response.ok checked; failure logged as typed error. Reviewed 2026-08-18.
    Review date: 2026-08-18

  ✓ server/services/ghl-form-sync.ts | crm_mutation | transactional_merchant
    Reason: Support task POST for the contact who just opened a support ticket — gated by authorizeGhlMutation() pause authority (C-10 #1626); response.ok checked. Reviewed 2026-08-18.
    Review date: 2026-08-18

  ✓ server/services/ghl-form-sync.ts | crm_mutation | transactional_merchant
    Reason: Affiliate signup contact POST — creates a CRM contact for the affiliate who just signed up; gated by authorizeGhlMutation() pause authority (C-10 #1626); response.ok checked; affiliate email removed from logs. Reviewed 2026-08-18.
    Review date: 2026-08-18

  ✓ server/services/ghl-form-sync.ts | crm_mutation | transactional_merchant
    Reason: DND PUT reflecting the submitting contact's own consent choice — gated by authorizeGhlMutation() pause authority (C-10 #1626); response.ok checked; provider body not logged. Reviewed 2026-08-18.
    Review date: 2026-08-18

  ✓ server/services/ghl-workflows.ts | ringless_vm/workflow | transactional_merchant
    Reason: Centralised GHL workflow service — invoked by specific business events (merchant approval, partner welcome, onboarding) for the relevant contact only. Reviewed 2026-06-26.
    Review date: 2026-06-26

  ✓ server/services/merchant-welcome.ts | ringless_vm/workflow | transactional_merchant
    Reason: Merchant welcome workflow enrollment — triggered by closed_won/approval event, sends only to the newly approved merchant. 2 call sites; both transactional. Reviewed 2026-06-26.
    Review date: 2026-06-26

  ✓ server/services/partner-welcome.ts | ringless_vm/workflow | transactional_merchant
    Reason: Partner welcome workflow enrollment — triggered by partner-approval event, sends only to the newly approved partner. Reviewed 2026-06-26.
    Review date: 2026-06-26

  ✓ server/services/sdr/chat-handlers.ts | sms | pipeline_gated
    Reason: SDR chat-handler SMS reply — invoked within the SDR pipeline whose entry point (orchestrator.ts) enforces evaluateContactability before any downstream handler. Reviewed 2026-06-26.
    Review date: 2026-06-26

  ✓ server/services/sdr/orchestrator.ts | sms | pipeline_gated
    Reason: SDR orchestrator outbound SMS — this IS the evaluateContactability gate file; the gate runs before the send on the same pipeline tick. Reviewed 2026-06-26.
    Review date: 2026-06-26

  ✓ server/services/sdr/proposal-tracking.ts | sms | pipeline_gated
    Reason: SDR proposal-tracking SMS follow-up — invoked after evaluateContactability passes at orchestrator level; proposal tracking is a downstream pipeline step. Reviewed 2026-06-26.
    Review date: 2026-06-26

  ✓ server/services/sdr/reply-intelligence.ts | voice_ai | pipeline_gated
    Reason: SDR reply-intelligence voice trigger — invoked after intent classification in the gated SDR pipeline; evaluateContactability enforced at orchestrator before pipeline entry. Reviewed 2026-06-26.
    Review date: 2026-06-26

  ✓ server/services/sdr/scheduling.ts | ringless_vm/workflow | pipeline_gated
    Reason: SDR scheduling workflow triggers (booking confirmation and 24-hour reminder) — invoked after successful appointment booking in the gated SDR pipeline. 2 call sites. Reviewed 2026-06-26.
    Review date: 2026-06-26

  ✓ server/services/sdr/statement-flow.ts | sms | pipeline_gated
    Reason: SDR statement-flow SMS (upload link and follow-up nudge) — invoked from the gated SDR pipeline after evaluateContactability passes at orchestrator. 2 call sites. Reviewed 2026-06-26.
    Review date: 2026-06-26

  ✓ server/services/sdr/voice-orchestrator.ts | ringless_vm/workflow | pipeline_gated
    Reason: Voice orchestrator GHL workflow trigger — routes voice AI call via GHL workflow in the gated SDR pipeline. Reviewed 2026-06-26.
    Review date: 2026-06-26

  ✓ server/services/sdr/voice-orchestrator.ts | sms | pipeline_gated
    Reason: Voice orchestrator voicemail SMS fallback — sent to the contact after a missed AI call, within the gated SDR pipeline. Reviewed 2026-06-26.
    Review date: 2026-06-26

  ✓ server/services/sequence-worker.ts | ringless_vm/workflow | sequence_worker
    Reason: Sequence-worker GHL workflow enrollment step — canEnrollContactInSequence is called before each sequence step execution. Reviewed 2026-06-26.
    Review date: 2026-06-26

  ✓ server/services/sequence-worker.ts | sms | sequence_worker
    Reason: Sequence-worker SMS step — executed only after canEnrollContactInSequence passes; each step is individually gated by the sequence-worker. Reviewed 2026-06-26.
    Review date: 2026-06-26

  ✓ server/services/sequence-worker.ts | voice_ai | sequence_worker
    Reason: Sequence-worker voice AI step — executed only after canEnrollContactInSequence passes; each step is individually gated. Reviewed 2026-06-26.
    Review date: 2026-06-26

  ✓ server/services/sequence-worker.ts | email | sequence_worker
    Reason: Sequence-worker SMTP cold-outreach branch (useSmtpForThisStep) — executed only after canEnrollContactInSequence passes and the sequence step is gated. SMTP is an optional transport; GHL is the primary executor. Architecture reviewed 2026-07-22.
    Review date: 2026-07-22

  ✓ server/routes/wizard.ts | email | admin_gated
    Reason: Setup Wizard live channel test — POST /api/wizard/test-send/email requires admin or manager role and wizardTestRateLimit; recipient is always the wizard_test_contact (tagged wizard_test_contact). Not automated outreach. Reviewed 2026-07-22.
    Review date: 2026-07-22

  ✓ server/routes/wizard.ts | sms | admin_gated
    Reason: Setup Wizard live channel test — POST /api/wizard/test-send/sms requires admin or manager role, wizardTestRateLimit, and SMS_ENABLED feature flag; recipient is always the wizard_test_contact. Not automated outreach. Reviewed 2026-07-22.
    Review date: 2026-07-22

  ✓ server/routes/wizard.ts | email | internal_admin
    Reason: Internal test send for all active sequence templates — admin-only, wizardTestRateLimit, recipient hardcoded to scott@libertybancard.com. SMTP preferred transport path. Never sends to real prospects. Reviewed 2026-07-26.
    Review date: 2026-07-26

  ✓ server/routes/contacts.ts | email | admin_gated
    Reason: CRM email composer — POST /api/contacts/:id/send-email requires isDashboardUser; rep manually composes and sends to a specific contact via GHL. Not automated outreach; no bulk or sequence path. Reviewed 2026-07-26.
    Review date: 2026-07-26

  ✓ server/services/health-monitor.ts | email | internal_admin
    Reason: Health monitor degradation alert — sent only to ADMIN_ALERT_EMAIL when a critical subsystem (db/sequenceWorker/redis/kpiQuery) newly degrades. Operator-only recipient, no prospect/consumer data, fire-and-forget. Reviewed 2026-08-06.
    Review date: 2026-08-06

  ✓ server/services/partner-notifications.ts | email | transactional_merchant
    Reason: sendPartnerGoLiveEmail — triggered only when a referred merchant deal transitions to Closed Won. Recipient is the referring partner (operator-vetted), not a consumer prospect. No marketing content; confirms a business event the partner is expecting.
    Review date: 2026-08-07

  ✓ server/services/partner-notifications.ts | email | internal_admin
    Reason: sendMonthlyDigestEmail — monthly residuals summary to a registered partner (internal_admin class: operator-vetted B2B recipient). Sent by the BullMQ monthly residuals job, not to consumer prospects. Partners have opted-in through the partner program.
    Review date: 2026-08-07

  ✓ server/services/transports/ghl-email-transport.ts | email | admin_gated
    Reason: GhlEmailTransport.send() is a low-level transport adapter called exclusively through ChannelOrchestrator.sendEmail(), which applies the full compliance fence (global pause → DNC → contactability → consent) before delegating to any transport. Direct callers are prohibited by design.
    Review date: 2026-08-08

  ✓ server/services/transports/ghl-sms-transport.ts | sms | admin_gated
    Reason: GhlSmsTransport.send() is a low-level transport adapter called exclusively through ChannelOrchestrator.sendSms(), which applies the full compliance fence (global pause → DNC → contactability → consent) before delegating to any transport. Direct callers are prohibited by design.
    Review date: 2026-08-08

  ✓ server/services/ghl-enrollment-recovery.ts | email | internal_admin
    Reason: Admin alert on permanent GHL enrollment failure — sent to ADMIN_SEED_EMAIL only when a deferred GHL enrollment exhausts all retries and is permanently abandoned. Fire-and-forget; non-fatal. Never sent to prospects or merchants. ghl-enrollment-recovery.ts is also in PAUSE_CHECK_EXEMPTIONS (recovery path intentional bypass). Reviewed 2026-08-11.
    Review date: 2026-08-11

  ✓ server/services/winback-outreach-engine.ts | email | pipeline_gated
    Reason: Win-back outreach email — runWinbackOutreachEngine() reads outboundGlobalPaused via storage at function entry and returns early if set; SMTP-preferred for CAN-SPAM compliance. Only sends to churned contacts who have not been contacted for 90+ days and have email consent. Global-pause gate is at function entry, not co-located with the send call (same architectural pattern as campaign-engine). Reviewed 2026-08-11.
    Review date: 2026-08-11

  ✓ server/routes/campaigns.ts | email | admin_gated
    Reason: Sequence step test-send — POST /api/sequences/steps/test-send protected by isDashboardUser; sends a preview of a sequence email step to the authenticated user's own email address only. Never sent to contacts/prospects; purely an internal operator tool for reviewing template output before activation. Reviewed 2026-08-11.
    Review date: 2026-08-11

  ✓ server/services/underwriting-checklist-service.ts | email | transactional_merchant
    Reason: Underwriting document request email — sent to the merchant when their deal enters an underwriting stage, listing the specific documents required to advance. Triggered once per deal by initUnderwritingConditions() (idempotent). Never bulk-sent; always tied to a specific deal transition. Reviewed 2026-08-12.
    Review date: 2026-08-12

  ✓ server/routes/inbox.ts | email | transactional_merchant
    Reason: Inbox manual reply — rep-initiated SMTP reply to a specific contact from the CRM inbox UI. Triggered by explicit operator action on an existing conversation thread; never automated or bulk-sent. category field updated from cold_outreach → transactional_merchant to match intent. Reviewed 2026-08-12.
    Review date: 2026-08-12

  ✓ server/services/post-enrichment-worker.ts | ringless_vm/workflow | sequence_worker
    Reason: Post-enrichment auto-advance — enrolls a newly enriched cold lead into a vertical sequence using email-only channel. Contactability is enforced INSIDE enrollContactInGhlWorkflow() via its own evaluateContactability() call (line 374 of ghl-workflow-enrollment.ts). The outer worker also gates on outboundGlobalPaused. Only fires once per deal (idempotency stamp at post_enrichment_automation_at). Reviewed 2026-08-12.
    Review date: 2026-08-12

  ✓ server/services/serper-gateway.ts | email | internal_admin
    Reason: SerperGateway alert email — sent ONLY to ADMIN_ALERT_EMAIL (operator-owned inbox) when the Serper budget is exhausted or the circuit breaker opens. Recipient is always a static operator address, never a prospect or merchant. Guarded by _claimAlertCooldown to prevent spam. Reviewed 2026-08-18.
    Review date: 2026-08-18

  ✓ [sender wrapper] server/services/ghl.ts — all call sites in this file are intentional low-level sends
  ✓ [sender wrapper] server/services/smtp-email.ts — all call sites in this file are intentional low-level sends
  ✓ [sender wrapper] server/services/sdr/ghl-client.ts — all call sites in this file are intentional low-level sends
  ✓ [sender wrapper] server/services/ghl-workflow-enrollment.ts — all call sites in this file are intentional low-level sends

── All Findings ───────────────────────────────────────────────

PASS | server/services/campaign-engine.ts:1280 | if | email | sequence_step | gate: none
PASS | server/services/campaign-engine.ts:1485 | if | email | sequence_step | gate: none
PASS | server/services/co-branded-proposal.ts:660 | if | email | transactional_merchant | gate: none
PASS | server/services/co-branded-proposal.ts:674 | if | email | transactional_merchant | gate: none
PASS | server/services/co-branded-proposal.ts:688 | if | email | transactional_merchant | gate: none
PASS | server/services/digest-service.ts:19 | deliverDigestEmail | email | internal_admin | gate: none
PASS | server/services/ghl-enrollment-recovery.ts:232 | if | email | internal_admin | gate: none
PASS | server/services/ghl-form-sync.ts:263 | if | workflow | transactional_merchant | gate: none
PASS | server/services/ghl-form-sync.ts:528 | if | workflow | transactional_merchant | gate: none
PASS | server/services/ghl-sync.ts:2153 | maybeSendCircuitRecoveryAlert | email | internal_admin | gate: none
PASS | server/services/ghl-sync.ts:2270 | maybeSendCircuitAlert | email | internal_admin | gate: none
PASS | server/services/ghl-workflow-enrollment.ts:97 | unifiedSendSms | sms
PASS | server/services/ghl-workflow-enrollment.ts:769 | if | sms
PASS | server/services/ghl-workflow-enrollment.ts:1109 | if | sms
PASS | server/services/ghl-workflow-enrollment.ts:638 | if | workflow
PASS | server/services/ghl-workflow-enrollment.ts:1028 | if | workflow
PASS | server/services/ghl-workflow-enrollment.ts:85 | unifiedSendEmail | email
PASS | server/services/ghl-workflow-enrollment.ts:161 | sendConfirmationEmail | email
PASS | server/services/ghl-workflow-enrollment.ts:187 | if | email
PASS | server/services/ghl-workflow-enrollment.ts:1080 | if | email
PASS | server/services/ghl-workflow-enrollment.ts:1093 | if | email
PASS | server/services/ghl-workflow-enrollment.ts:1124 | if | email
PASS | server/services/ghl-workflows.ts:259 | if | workflow | transactional_merchant | gate: none
PASS | server/services/ghl.ts:1482 | if | sms
PASS | server/services/ghl.ts:2093 | if | sms
PASS | server/services/ghl.ts:2486 | if | ringless_vm/workflow
PASS | server/services/ghl.ts:1474 | if | email
PASS | server/services/ghl.ts:2086 | if | email
PASS | server/services/ghl.ts:1214 | sendGhlInternalNotification | email
PASS | server/services/ghl.ts:1219 | sendGhlPartnerTransactionalEmail | email
PASS | server/services/merchant-application-status.ts:159 | sendApplicationApprovedEmail | email | transactional_merchant | gate: none
PASS | server/services/merchant-application-status.ts:186 | sendApplicationDeclinedEmail | email | transactional_merchant | gate: none
PASS | server/services/merchant-portal-invite.ts:194 | if | email | transactional_merchant | gate: none
PASS | server/services/merchant-welcome.ts:191 | if | workflow | transactional_merchant | gate: none
PASS | server/services/merchant-welcome.ts:304 | if | workflow | transactional_merchant | gate: none
PASS | server/services/merchant-welcome.ts:224 | if | email | transactional_merchant | gate: none
PASS | server/services/merchant-welcome.ts:273 | if | email | transactional_merchant | gate: none
PASS | server/services/merchant-welcome.ts:327 | if | email | transactional_merchant | gate: none
PASS | server/services/merchant-welcome.ts:213 | if | email | transactional_merchant | gate: none
PASS | server/services/nps-email.ts:141 | sendNpsSurveyEmail | email | transactional_merchant | gate: none
PASS | server/services/partner-notifications.ts:188 | sendPartnerGoLiveEmail | email | transactional_merchant | gate: none
PASS | server/services/partner-notifications.ts:370 | sendMonthlyDigestEmail | email | transactional_merchant | gate: none
PASS | server/services/partner-welcome.ts:89 | if | workflow | transactional_merchant | gate: none
PASS | server/services/partner-welcome.ts:119 | if | email | transactional_merchant | gate: none
PASS | server/services/pipeline-silence-check.ts:177 | escHtml | email | internal_admin | gate: none
PASS | server/services/post-enrichment-worker.ts:418 | if | ringless_vm/workflow | sequence_step | gate: none
PASS | server/services/proposal-engine.ts:684 | if | email | transactional_merchant | gate: none
PASS | server/services/proposal-engine.ts:887 | if | email | transactional_merchant | gate: none
PASS | server/services/proposal-engine.ts:705 | if | email | transactional_merchant | gate: none
PASS | server/services/proposal-engine.ts:905 | if | email | transactional_merchant | gate: none
PASS | server/services/proposal-engine.ts:727 | if | email | transactional_merchant | gate: none
PASS | server/services/proposal-engine.ts:920 | if | email | transactional_merchant | gate: none
PASS | server/services/provider-credit-alert.ts:152 | if | email | internal_admin | gate: none
PASS | server/services/sdr/chat-handlers.ts:429 | if | sms | sequence_step | gate: none
PASS | server/services/sdr/chat-handlers.ts:502 | if | email | sequence_step | gate: none
PASS | server/services/sdr/ghl-client.ts:1053 | if | workflow
PASS | server/services/sdr/operator-digest.ts:148 | for | email | internal_admin | gate: none
PASS | server/services/sdr/proposal-tracking.ts:231 | sendProposalSmsFollowUp | sms | sequence_step | gate: none
PASS | server/services/sdr/proposal-tracking.ts:174 | if | email | sequence_step | gate: none
PASS | server/services/sdr/reply-intelligence.ts:471 | if | voice_ai | sequence_step | gate: none
PASS | server/services/sdr/statement-flow.ts:90 | if | sms | sequence_step | gate: none
PASS | server/services/sdr/statement-flow.ts:134 | if | sms | sequence_step | gate: none
PASS | server/services/sdr/statement-flow.ts:70 | if | email | sequence_step | gate: none

[39/57] CSRF Fetch Scanner — scripts/scan-csrf-fetch.ts

── Client-side CSRF Fetch Scanner ──────────────────────────────

  Scanning: /tmp/task2061-clean-checkout/client/src

  Scanned 114 mutation fetch() call sites across client/src

  PASS call sites:
    ✓ client/src/App.tsx:1002 — Exempt: per-call-site CSRF_EXEMPT classification
    ✓ client/src/components/ChatWidget.tsx:131 — Exempt: public/token-authenticated flow (see EXEMPT_FILES classification)
    ✓ client/src/components/ChatWidget.tsx:170 — Exempt: public/token-authenticated flow (see EXEMPT_FILES classification)
    ✓ client/src/components/ChatWidget.tsx:229 — Exempt: public/token-authenticated flow (see EXEMPT_FILES classification)
    ✓ client/src/components/ChatWidget.tsx:293 — Exempt: public/token-authenticated flow (see EXEMPT_FILES classification)
    ✓ client/src/components/ChatWidget.tsx:323 — Exempt: public/token-authenticated flow (see EXEMPT_FILES classification)
    ✓ client/src/components/ChatWidget.tsx:335 — Exempt: public/token-authenticated flow (see EXEMPT_FILES classification)
    ✓ client/src/components/DashboardDataAgent.tsx:48 — CSRF token present in fetch options or referenced headers variable
    ✓ client/src/components/DashboardDataAgent.tsx:85 — CSRF token present in fetch options or referenced headers variable
    ✓ client/src/components/InternalSidebarChat.tsx:30 — CSRF token present in fetch options or referenced headers variable
    ✓ client/src/components/InternalSidebarChat.tsx:72 — CSRF token present in fetch options or referenced headers variable
    ✓ client/src/components/InternalSidebarChat.tsx:135 — CSRF token present in fetch options or referenced headers variable
    ✓ client/src/components/RfiTab.tsx:107 — CSRF token present in fetch options or referenced headers variable
    ✓ client/src/components/RfiTab.tsx:114 — CSRF token present in fetch options or referenced headers variable
    ✓ client/src/components/tour/TourProvider.tsx:39 — CSRF token present in fetch options or referenced headers variable
    ✓ client/src/hooks/use-auth.ts:45 — Exempt: public/token-authenticated flow (see EXEMPT_FILES classification)
    ✓ client/src/hooks/use-auth.ts:69 — Exempt: public/token-authenticated flow (see EXEMPT_FILES classification)
    ✓ client/src/hooks/use-auth.ts:91 — Exempt: public/token-authenticated flow (see EXEMPT_FILES classification)
    ✓ client/src/hooks/use-auth.ts:113 — Exempt: public/token-authenticated flow (see EXEMPT_FILES classification)
    ✓ client/src/hooks/use-confirmation-failed-batch.ts:38 — CSRF token present in fetch options or referenced headers variable
    ✓ client/src/lib/analytics.ts:21 — Exempt: public/token-authenticated flow (see EXEMPT_FILES classification)
    ✓ client/src/pages/ActivatePortal.tsx:53 — Exempt: public/token-authenticated flow (see EXEMPT_FILES classification)
    ✓ client/src/pages/ActivatePortal.tsx:85 — Exempt: public/token-authenticated flow (see EXEMPT_FILES classification)
    ✓ client/src/pages/ActivateRepAccount.tsx:44 — Exempt: per-call-site CSRF_EXEMPT classification
    ✓ client/src/pages/ActivateRepAccount.tsx:73 — Exempt: per-call-site CSRF_EXEMPT classification
    ✓ client/src/pages/AffiliateProgram.tsx:67 — Exempt: public/token-authenticated flow (see EXEMPT_FILES classification)
    ✓ client/src/pages/AffiliateProgram.tsx:124 — Exempt: public/token-authenticated flow (see EXEMPT_FILES classification)
    ✓ client/src/pages/AffiliateProgram.tsx:155 — Exempt: public/token-authenticated flow (see EXEMPT_FILES classification)
    ✓ client/src/pages/AffiliateProgram.tsx:179 — Exempt: public/token-authenticated flow (see EXEMPT_FILES classification)
    ✓ client/src/pages/CoBrandedProposalViewer.tsx:118 — Exempt: public/token-authenticated flow (see EXEMPT_FILES classification)
    ✓ client/src/pages/FreeAnalysis.tsx:302 — Exempt: per-call-site CSRF_EXEMPT classification
    ✓ client/src/pages/ISOPartnerProgram.tsx:264 — Exempt: public/token-authenticated flow (see EXEMPT_FILES classification)
    ✓ client/src/pages/MerchantApplication.tsx:328 — Exempt: public/token-authenticated flow (see EXEMPT_FILES classification)
    ✓ client/src/pages/MerchantApplication.tsx:348 — Exempt: public/token-authenticated flow (see EXEMPT_FILES classification)
    ✓ client/src/pages/MerchantApplication.tsx:551 — Exempt: public/token-authenticated flow (see EXEMPT_FILES classification)
    ✓ client/src/pages/MerchantApplication.tsx:641 — Exempt: public/token-authenticated flow (see EXEMPT_FILES classification)
    ✓ client/src/pages/MerchantApplication.tsx:670 — Exempt: public/token-authenticated flow (see EXEMPT_FILES classification)
    ✓ client/src/pages/MerchantApplication.tsx:689 — Exempt: public/token-authenticated flow (see EXEMPT_FILES classification)
    ✓ client/src/pages/MerchantApplication.tsx:706 — Exempt: public/token-authenticated flow (see EXEMPT_FILES classification)
    ✓ client/src/pages/MerchantApplication.tsx:736 — Exempt: public/token-authenticated flow (see EXEMPT_FILES classification)
    ✓ client/src/pages/MerchantStatementUpload.tsx:55 — Exempt: public/token-authenticated flow (see EXEMPT_FILES classification)
    ✓ client/src/pages/NpsSurvey.tsx:49 — Exempt: public/token-authenticated flow (see EXEMPT_FILES classification)
    ✓ client/src/pages/NpsSurvey.tsx:68 — Exempt: public/token-authenticated flow (see EXEMPT_FILES classification)
    ✓ client/src/pages/PartnerBrandedPage.tsx:97 — Exempt: public/token-authenticated flow (see EXEMPT_FILES classification)
    ✓ client/src/pages/PartnerBrandedPage.tsx:137 — Exempt: public/token-authenticated flow (see EXEMPT_FILES classification)
    ✓ client/src/pages/PartnerLogin.tsx:50 — Exempt: public/token-authenticated flow (see EXEMPT_FILES classification)
    ✓ client/src/pages/PartnerLogin.tsx:74 — Exempt: public/token-authenticated flow (see EXEMPT_FILES classification)
    ✓ client/src/pages/PartnerLogin.tsx:105 — Exempt: public/token-authenticated flow (see EXEMPT_FILES classification)
    ✓ client/src/pages/PartnerLogin.tsx:136 — Exempt: public/token-authenticated flow (see EXEMPT_FILES classification)
    ✓ client/src/pages/PartnerOrgDashboard.tsx:96 — Exempt: per-call-site CSRF_EXEMPT classification
    ✓ client/src/pages/PartnerOrgDashboard.tsx:107 — Exempt: per-call-site CSRF_EXEMPT classification
    ✓ client/src/pages/PartnerOrgDashboard.tsx:186 — Exempt: per-call-site CSRF_EXEMPT classification
    ✓ client/src/pages/PartnerOrgDashboard.tsx:210 — Exempt: per-call-site CSRF_EXEMPT classification
    ✓ client/src/pages/PartnerOrgDashboard.tsx:234 — CSRF token present in fetch options or referenced headers variable
    ✓ client/src/pages/PartnerOrgDashboard.tsx:266 — CSRF token present in fetch options or referenced headers variable
    ✓ client/src/pages/PartnerOrgDashboard.tsx:290 — CSRF token present in fetch options or referenced headers variable
    ✓ client/src/pages/PartnerOrgDashboard.tsx:313 — CSRF token present in fetch options or referenced headers variable
    ✓ client/src/pages/PartnerOrgDashboard.tsx:383 — Exempt: per-call-site CSRF_EXEMPT classification
    ✓ client/src/pages/PartnerPortal.tsx:593 — Exempt: public/token-authenticated flow (see EXEMPT_FILES classification)
    ✓ client/src/pages/PartnerPortal.tsx:618 — Exempt: public/token-authenticated flow (see EXEMPT_FILES classification)
    ✓ client/src/pages/PartnerPortal.tsx:658 — Exempt: public/token-authenticated flow (see EXEMPT_FILES classification)
    ✓ client/src/pages/PartnerPortal.tsx:680 — Exempt: public/token-authenticated flow (see EXEMPT_FILES classification)
    ✓ client/src/pages/TerminalShop.tsx:317 — Exempt: public/token-authenticated flow (see EXEMPT_FILES classification)
    ✓ client/src/pages/UploadStatement.tsx:324 — CSRF token present in fetch options or referenced headers variable
    ✓ client/src/pages/VerifyEmail.tsx:24 — Exempt: per-call-site CSRF_EXEMPT classification
    ✓ client/src/pages/dashboard/AiInbox.tsx:248 — CSRF token present in fetch options or referenced headers variable
    ✓ client/src/pages/dashboard/AiInbox.tsx:270 — CSRF token present in fetch options or referenced headers variable
    ✓ client/src/pages/dashboard/AiInbox.tsx:503 — CSRF token present in fetch options or referenced headers variable
    ✓ client/src/pages/dashboard/Chargebacks.tsx:511 — CSRF token present in fetch options or referenced headers variable
    ✓ client/src/pages/dashboard/ContactDetail.tsx:716 — CSRF token present in fetch options or referenced headers variable
    ✓ client/src/pages/dashboard/ContactDetail.tsx:737 — CSRF token present in fetch options or referenced headers variable
    ✓ client/src/pages/dashboard/ContactDetail.tsx:762 — CSRF token present in fetch options or referenced headers variable
    ✓ client/src/pages/dashboard/ContactDetail.tsx:1646 — CSRF token present in fetch options or referenced headers variable
    ✓ client/src/pages/dashboard/ContactDetail.tsx:1892 — CSRF token present in fetch options or referenced headers variable
    ✓ client/src/pages/dashboard/DocumentVault.tsx:185 — CSRF token present in fetch options or referenced headers variable
    ✓ client/src/pages/dashboard/DocumentVault.tsx:225 — CSRF token present in fetch options or referenced headers variable
    ✓ client/src/pages/dashboard/LeadCommandCenter.tsx:430 — CSRF token present in fetch options or referenced headers variable
    ✓ client/src/pages/dashboard/LeadCommandCenter.tsx:443 — CSRF token present in fetch options or referenced headers variable
    ✓ client/src/pages/dashboard/LeadGenCleaner.tsx:106 — CSRF token present in fetch options or referenced headers variable
    ✓ client/src/pages/dashboard/LeadGenCleaner.tsx:170 — CSRF token present in fetch options or referenced headers variable
    ✓ client/src/pages/dashboard/LeadImports.tsx:335 — CSRF token present in fetch options or referenced headers variable
    ✓ client/src/pages/dashboard/LeadImports.tsx:357 — CSRF token present in fetch options or referenced headers variable
    ✓ client/src/pages/dashboard/LeadImports.tsx:390 — CSRF token present in fetch options or referenced headers variable
    ✓ client/src/pages/dashboard/LeadImports.tsx:722 — CSRF token present in fetch options or referenced headers variable
    ✓ client/src/pages/dashboard/LeadImports.tsx:749 — CSRF token present in fetch options or referenced headers variable
    ✓ client/src/pages/dashboard/LeadImports.tsx:775 — CSRF token present in fetch options or referenced headers variable
    ✓ client/src/pages/dashboard/LeadImports.tsx:800 — CSRF token present in fetch options or referenced headers variable
    ✓ client/src/pages/dashboard/MasterLeadDatabase.tsx:230 — CSRF token present in fetch options or referenced headers variable
    ✓ client/src/pages/dashboard/MasterLeadDatabase.tsx:257 — CSRF token present in fetch options or referenced headers variable
    ✓ client/src/pages/dashboard/MasterLeadDatabase.tsx:297 — CSRF token present in fetch options or referenced headers variable
    ✓ client/src/pages/dashboard/MasterLeadDatabase.tsx:706 — CSRF token present in fetch options or referenced headers variable
    ✓ client/src/pages/dashboard/MerchantPortal.tsx:249 — CSRF token present in fetch options or referenced headers variable
    ✓ client/src/pages/dashboard/MerchantPortal.tsx:1251 — CSRF token present in fetch options or referenced headers variable
    ✓ client/src/pages/dashboard/MerchantPortal.tsx:1725 — CSRF token present in fetch options or referenced headers variable
    ✓ client/src/pages/dashboard/OnboardingBoard.tsx:372 — CSRF token present in fetch options or referenced headers variable
    ✓ client/src/pages/dashboard/OperatorDashboard.tsx:4659 — CSRF token present in fetch options or referenced headers variable
    ✓ client/src/pages/dashboard/OperatorDashboard.tsx:4677 — CSRF token present in fetch options or referenced headers variable
    ✓ client/src/pages/dashboard/OperatorDashboard.tsx:5024 — CSRF token present in fetch options or referenced headers variable
    ✓ client/src/pages/dashboard/OutreachQueue.tsx:159 — CSRF token present in fetch options or referenced headers variable
    ✓ client/src/pages/dashboard/OutreachQueue.tsx:211 — CSRF token present in fetch options or referenced headers variable
    ✓ client/src/pages/dashboard/ProspectImport.tsx:110 — CSRF token present in fetch options or referenced headers variable
    ✓ client/src/pages/dashboard/ResidualRevenue.tsx:608 — CSRF token present in fetch options or referenced headers variable
    ✓ client/src/pages/dashboard/SetupWizard.tsx:517 — CSRF token present in fetch options or referenced headers variable
    ✓ client/src/pages/dashboard/SetupWizard.tsx:982 — CSRF token present in fetch options or referenced headers variable
    ✓ client/src/pages/dashboard/SetupWizard.tsx:1009 — CSRF token present in fetch options or referenced headers variable
    ✓ client/src/pages/dashboard/SetupWizard.tsx:1136 — CSRF token present in fetch options or referenced headers variable
    ✓ client/src/pages/dashboard/SourceRegistryPanel.tsx:255 — CSRF token present in fetch options or referenced headers variable
    ✓ client/src/pages/dashboard/contact-detail-tabs/CommunicationTimelineTab.tsx:309 — CSRF token present in fetch options or referenced headers variable
    ✓ client/src/pages/dashboard/contact-detail-tabs/DealsTab.tsx:80 — CSRF token present in fetch options or referenced headers variable
    ✓ client/src/pages/dashboard/contact-detail-tabs/DocumentsTab.tsx:105 — CSRF token present in fetch options or referenced headers variable
    ✓ client/src/pages/mobile/MobileProfile.tsx:64 — CSRF token present in fetch options or referenced headers variable
    ✓ client/src/pages/mobile/MobileProfile.tsx:90 — CSRF token present in fetch options or referenced headers variable
    ✓ client/src/pages/mobile/MobileQuickLog.tsx:154 — CSRF token present in fetch options or referenced headers variable
    ✓ client/src/replit_integrations/audio/useVoiceStream.ts:37 — CSRF token present in fetch options or referenced headers variable

✅ CSRF fetch scan PASSED: all 114 mutation call sites have CSRF coverage or explicit classification.


[40/57] GHL Route Pause Gates — scripts/test-ghl-route-pause-gates-1629.ts

=== #1629 GHL Route Pause Gate Tests ===

  ✓ sdr: paused authority returns 503
  ✓ sdr: response is typed and reason-coded
  ✓ sdr: GHL mutation spy not invoked
  ✓ admin: paused authority returns 503
  ✓ admin: response is typed and reason-coded
  ✓ admin: GHL mutation spy not invoked
  ✓ underwriting: paused authority returns 503
  ✓ underwriting: response is typed and reason-coded
  ✓ underwriting: GHL mutation spy not invoked
  ✓ deals: paused authority returns 503
  ✓ deals: response is typed and reason-coded
  ✓ deals: GHL mutation spy not invoked
  ✓ documents: paused authority returns 503
  ✓ documents: response is typed and reason-coded
  ✓ documents: GHL mutation spy not invoked
  ✓ partners: paused authority returns 503
  ✓ partners: response is typed and reason-coded
  ✓ partners: GHL mutation spy not invoked
  ✓ partner-orgs:accept: paused authority returns 503
  ✓ partner-orgs:accept: response is typed and reason-coded
  ✓ partner-orgs:accept: GHL mutation spy not invoked
  ✓ conversation-ai-config: paused authority returns 503
  ✓ conversation-ai-config: response is typed and reason-coded
  ✓ conversation-ai-config: GHL mutation spy not invoked
  ✓ partner-orgs:view: paused authority skips auxiliary mutations
  ✓ unpaused authority permits the mutation continuation
  ✓ unpaused authority does not write an error response
  ✓ server/routes/sdr.ts: await upsertGhlContact(contact) is gated
  ✓ server/routes/sdr.ts: removing reviewed gate is detected
  ✓ server/routes/sdr.ts: await upsertGhlContact(contact) is gated
  ✓ server/routes/sdr.ts: removing reviewed gate is detected
  ✓ server/routes/admin.ts: const result = await upsertGhlContact(cont is gated
  ✓ server/routes/admin.ts: removing reviewed gate is detected
  ✓ server/routes/underwriting.ts: createGhlTask({ is gated
  ✓ server/routes/underwriting.ts: removing reviewed gate is detected
  ✓ server/routes/underwriting.ts: createGhlTask({ is gated
  ✓ server/routes/underwriting.ts: removing reviewed gate is detected
  ✓ server/routes/deals.ts: await updateCustomFields(contact.ghlContac is gated
  ✓ server/routes/deals.ts: removing reviewed gate is detected
  ✓ server/routes/deals.ts: await enrollInGhlWorkflowCompliant({ is gated
  ✓ server/routes/deals.ts: removing reviewed gate is detected
  ✓ server/routes/documents.ts: await addNote({ contactId: contact.ghlCont is gated
  ✓ server/routes/documents.ts: removing reviewed gate is detected
  ✓ server/routes/partners.ts: await addTag({ contactId: contact.ghlConta is gated
  ✓ server/routes/partners.ts: removing reviewed gate is detected
  ✓ server/routes/partners.ts: await addNote({ is gated
  ✓ server/routes/partners.ts: removing reviewed gate is detected
  ✓ server/routes/partners.ts: const result = await enrollContactInGhlWor is gated
  ✓ server/routes/partners.ts: removing reviewed gate is detected
  ✓ server/routes/partner-orgs.ts: addNote({ contactId: contact!.ghlContactId is gated
  ✓ server/routes/partner-orgs.ts: removing reviewed gate is detected
  ✓ server/routes/partner-orgs.ts: addTag({ contactId: contact!.ghlContactId is gated
  ✓ server/routes/partner-orgs.ts: removing reviewed gate is detected
  ✓ server/routes/partner-orgs.ts: enrollInGhlWorkflowCompliant({ is gated
  ✓ server/routes/partner-orgs.ts: removing reviewed gate is detected
  ✓ server/routes/partner-orgs.ts: addNote({ contactId: contact!.ghlContactId is gated
  ✓ server/routes/partner-orgs.ts: removing reviewed gate is detected
  ✓ server/routes/partner-orgs.ts: addTag({ contactId: contact!.ghlContactId is gated
  ✓ server/routes/partner-orgs.ts: removing reviewed gate is detected
  ✓ server/routes/partner-orgs.ts: enrollInGhlWorkflowCompliant({ is gated
  ✓ server/routes/partner-orgs.ts: removing reviewed gate is detected
  ✓ server/routes/partner-orgs.ts: enrollInGhlWorkflowCompliant({ is gated
  ✓ server/routes/partner-orgs.ts: removing reviewed gate is detected
  ✓ server/routes/conversation-ai-config.ts: await addTag({ contactId: contact.ghlConta is gated
  ✓ server/routes/conversation-ai-config.ts: removing reviewed gate is detected
  ✓ server/routes/conversation-ai-config.ts: await updateCustomFields(contact.ghlContac is gated
  ✓ server/routes/conversation-ai-config.ts: removing reviewed gate is detected
  ✓ server/routes/conversation-ai-config.ts: await disableConversationAi(contact.ghlCon is gated
  ✓ server/routes/conversation-ai-config.ts: removing reviewed gate is detected
  ✓ repeated route scans are deterministic
  ✓ all current target route files are represented

  Passed: 71  Failed: 0


[41/57] Sender Policy — scripts/test-sender-policy.ts

[1m1. Policy registry — all 7 categories registered[0m
  [32m✓[0m cold_outreach → Scott@mail.libertybancard.com
  [32m✓[0m support → support@libertybancard.com
  [32m✓[0m onboarding → onboarding@libertybancard.com
  [32m✓[0m security → security@libertybancard.com
  [32m✓[0m partners → partners@libertybancard.com
  [32m✓[0m accounts → accounts@libertybancard.com
  [32m✓[0m internal_ops → accounts@libertybancard.com

[1m2. Cold-outreach identity[0m
  [32m✓[0m cold_outreach.from = Scott@mail.libertybancard.com
  [32m✓[0m cold_outreach.replyTo = Scott@mail.libertybancard.com
  [32m✓[0m cold_outreach.signatureType = sales
  [32m✓[0m COLD_OUTREACH_FROM constant correct

[1m3. Google Workspace aliases — 5 aliases all on libertybancard.com[0m
  [32m✓[0m support.from = support@libertybancard.com
  [32m✓[0m support.from is on @libertybancard.com
  [32m✓[0m onboarding.from = onboarding@libertybancard.com
  [32m✓[0m onboarding.from is on @libertybancard.com
  [32m✓[0m security.from = security@libertybancard.com
  [32m✓[0m security.from is on @libertybancard.com
  [32m✓[0m partners.from = partners@libertybancard.com
  [32m✓[0m partners.from is on @libertybancard.com
  [32m✓[0m accounts.from = accounts@libertybancard.com
  [32m✓[0m accounts.from is on @libertybancard.com

[1m4. internal_ops → accounts@ (decision: accounts owns operational comms)[0m
  [32m✓[0m internal_ops.from = accounts@libertybancard.com
  [32m✓[0m internal_ops.replyTo = accounts@libertybancard.com

[1m5. Prohibition guard — no-reply variants on LB domains blocked[0m
  [32m✓[0m isProhibitedAddress("noreply@libertybancard.com") = true
  [32m✓[0m isProhibitedAddress("no-reply@libertybancard.com") = true
  [32m✓[0m isProhibitedAddress("no_reply@libertybancard.com") = true
  [32m✓[0m isProhibitedAddress("donotreply@libertybancard.com") = true
  [32m✓[0m isProhibitedAddress("do-not-reply@libertybancard.com") = true
  [32m✓[0m isProhibitedAddress("NoReply@libertybancard.com") = true
  [32m✓[0m isProhibitedAddress("noreply@mail.libertybancard.com") = true
  [32m✓[0m isProhibitedAddress("support@libertybancard.com") = false (allowed)
  [32m✓[0m isProhibitedAddress("Scott@mail.libertybancard.com") = false (allowed)
  [32m✓[0m isProhibitedAddress("noreply@gmail.com") = false (allowed)
  [32m✓[0m isProhibitedAddress("noreply@competitor.com") = false (allowed)

[1m5b. assertNotProhibitedSync — throws on prohibited, passes on allowed[0m
  [32m✓[0m assertNotProhibitedSync throws for noreply@libertybancard.com
  [32m✓[0m assertNotProhibitedSync passes for support@libertybancard.com

[1m6. resolveGhlEmailFrom — GHL 'Name <email>' formatting[0m
  [32m✓[0m security GHL from contains email
  [32m✓[0m security GHL from is 'Name <email>' format
  [32m✓[0m cold_outreach GHL from contains email
  [32m✓[0m cold_outreach GHL from contains display name

[1m7. APPROVED_SENDER_SET — all From addresses in set[0m
  [32m✓[0m APPROVED_SENDER_SET has "scott@mail.libertybancard.com"
  [32m✓[0m APPROVED_SENDER_SET has "support@libertybancard.com"
  [32m✓[0m APPROVED_SENDER_SET has "onboarding@libertybancard.com"
  [32m✓[0m APPROVED_SENDER_SET has "security@libertybancard.com"
  [32m✓[0m APPROVED_SENDER_SET has "partners@libertybancard.com"
  [32m✓[0m APPROVED_SENDER_SET has "accounts@libertybancard.com"
  [32m✓[0m APPROVED_SENDER_SET does NOT contain prohibited "noreply@libertybancard.com"
  [32m✓[0m APPROVED_SENDER_SET does NOT contain prohibited "no-reply@libertybancard.com"

[1m8. getAllSenderReadiness — policy health check[0m
  [32m✓[0m getAllSenderReadiness returns 7 entries (correct)
  [32m✓[0m cold_outreach — From/ReplyTo not prohibited
  [32m✓[0m cold_outreach — from address in APPROVED_SENDER_SET
  [32m✓[0m support — From/ReplyTo not prohibited
  [32m✓[0m support — from address in APPROVED_SENDER_SET
  [32m✓[0m onboarding — From/ReplyTo not prohibited
  [32m✓[0m onboarding — from address in APPROVED_SENDER_SET
  [32m✓[0m security — From/ReplyTo not prohibited
  [32m✓[0m security — from address in APPROVED_SENDER_SET
  [32m✓[0m partners — From/ReplyTo not prohibited
  [32m✓[0m partners — from address in APPROVED_SENDER_SET
  [32m✓[0m accounts — From/ReplyTo not prohibited
  [32m✓[0m accounts — from address in APPROVED_SENDER_SET
  [32m✓[0m internal_ops — From/ReplyTo not prohibited
  [32m✓[0m internal_ops — from address in APPROVED_SENDER_SET

[1m9. buildSenderMatrix — formatted output[0m
  [32m✓[0m buildSenderMatrix includes cold_outreach row
  [32m✓[0m buildSenderMatrix includes security row

[2m--- Sender Matrix ---[0m
[2mcategory         | from                              | replyTo                           | signature  | approved
-----------------|-----------------------------------|-----------------------------------|------------|----------
cold_outreach    | Scott@mail.libertybancard.com      | Scott@mail.libertybancard.com      | sales      | YES
support          | support@libertybancard.com         | support@libertybancard.com         | support    | YES
onboarding       | onboarding@libertybancard.com      | onboarding@libertybancard.com      | onboarding | YES
security         | security@libertybancard.com        | security@libertybancard.com        | security   | YES
partners         | partners@libertybancard.com        | partners@libertybancard.com        | partners   | YES
accounts         | accounts@libertybancard.com        | accounts@libertybancard.com        | accounts   | YES
internal_ops     | accounts@libertybancard.com        | accounts@libertybancard.com        | accounts   | YES[0m

[1m10. Send-site category regression guard[0m
  [32m✓[0m sequence-worker (SMTP cold) — category "cold_outreach" → Scott@mail.libertybancard.com
  [32m✓[0m campaign-engine (SMTP cold) — category "cold_outreach" → Scott@mail.libertybancard.com
  [32m✓[0m merchant-welcome — category "onboarding" → onboarding@libertybancard.com
  [32m✓[0m partner-welcome — category "partners" → partners@libertybancard.com
  [32m✓[0m replitAuth security emails — category "security" → security@libertybancard.com
  [32m✓[0m partners.ts password reset — category "partners" → partners@libertybancard.com
  [32m✓[0m statement-chain step6 (rep) — category "internal_ops" → accounts@libertybancard.com
  [32m✓[0m statement-chain step9 (merchant) — category "accounts" → accounts@libertybancard.com
  [32m✓[0m proposal-engine — category "accounts" → accounts@libertybancard.com
  [32m✓[0m co-branded-proposal — category "accounts" → accounts@libertybancard.com
  [32m✓[0m savings route — category "accounts" → accounts@libertybancard.com
  [32m✓[0m rate-review confirmation — category "accounts" → accounts@libertybancard.com
  [32m✓[0m operator-digest — category "internal_ops" → accounts@libertybancard.com
  [32m✓[0m digest-service — category "internal_ops" → accounts@libertybancard.com
  [32m✓[0m admin SMTP test — category "internal_ops" → accounts@libertybancard.com
  [32m✓[0m ghl-workflow-enrollment (SMTP fallback) — category "accounts" → accounts@libertybancard.com

[1m11. outboundGlobalPaused — DB-controlled system setting[0m
[2m  ℹ  outboundGlobalPaused is controlled via the Admin Activation Panel[0m
[2m  ℹ  (/dashboard/activation → Global Pause toggle)[0m
[2m  ℹ  DB: system_settings WHERE key = 'outboundGlobalPaused'[0m
[2m  ℹ  Verify manually before enabling any outbound send channel.[0m
  [32m✓[0m outboundGlobalPaused architecture documented (manual verification required)

────────────────────────────────────────────────────────────
[32m[1mALL CHECKS PASSED[0m[0m — 82/82 checks


[42/57] Serper Raw-Fetch Scan — scripts/scan-serper-raw-fetch.ts
✓ Serper raw-fetch scan clean — all calls flow through the canonical gateway.

[43/57] API Coverage — scripts/check-api-coverage.ts
Scanned 831 client API endpoints against 1679 server handlers.
✓ No NEW client method/path endpoints without a matching server handler.

[44/57] Commercial Classification Static Gates — scripts/test-commercial-classification-static.ts
  PASS insertContactSchema omits authority-managed recordClass
  PASS insertCompanySchema omits authority-managed recordClass
  PASS insertDealSchema omits authority-managed recordClass
  PASS insertProspectSchema omits authority-managed recordClass
  PASS test-contact purge endpoint is permanently disabled with 410
  PASS heuristic prospect-list demo cleanup is permanently disabled with 410
  PASS commercial authorization runs before canonical consent checks
  PASS append-only idempotent event persistence is migrated
  PASS send and statement class snapshots are database-immutable
  PASS internal_test classification authorization cannot bypass controls outside test mode
  PASS every funnel input is scoped through production CRM contacts
  PASS every public SMS confirmation has explicit transactional authorization
  PASS GHL confirmations use transactional purpose while undeclared workflows remain marketing
  PASS GHL provider email and SMS boundaries fail closed to production marketing
  PASS GHL merchant-email transport also requires classified contact authorization
  PASS trusted confirmation helpers preserve transactional purpose at final transport
  PASS generic contact creation strips supplied class and quarantines new roots
  PASS SDR GHL email and SMS transport require a locally classified recipient
  PASS SMTP provider boundary applies commercial authorization before network delivery
  PASS linked commercial roots inherit only verified production and conflicts fail closed
  PASS executive snapshots record lineage and exclude linked-class conflicts
  PASS every commercial dashboard, forecast, attribution, and digest aggregate excludes non-production roots
  PASS migration high-water check uses current baseline plus dynamic maximum
  PASS Sunbiz automated production requires database-backed bootstrap proof and records no fabricated approver
  PASS no direct record class writes outside authority (none)

✓ BT-06 static classification checks passed (25 checks).

[45/57] Commercial Cleanup Guard — scripts/test-cleanup-guard.ts
  PASS scripts/cleanup-demo-data.ts uses the pre-import guard and refuses a non-test invocation
  PASS scripts/purge-test-contacts.ts uses the pre-import guard and refuses a non-test invocation
  PASS scripts/cleanup-test-data.ts uses the pre-import guard and refuses a non-test invocation
  PASS scripts/cleanup-smoke-contacts.ts uses the pre-import guard and refuses a non-test invocation
  PASS stateful tests verify and enforce an isolated BullMQ Redis namespace

✓ BT-06 cleanup guard regression tests passed.

[46/57] CRO-01 Revenue Contract Static — scripts/test-cro01-revenue-contract-static.ts
CRO-01 static revenue contract passed (45 assertions; provider-free).

[47/57] Serper Business Identity — scripts/test-serper-business-identity.ts

── normalizeBusinessName ──
  ✓ strips terminal LLC
  ✓ strips stacked Corp+Inc
  ✓ strips L.L.C. with dots
  ✓ strips Inc (no dot)
  ✓ strips P.A.
  ✓ strips terminal LLP
  ✓ preserves 'Company' 'Solutions' 'International' non-terminal
  ✓ preserves Group/Associates, strips only LLC
  ✓ preserves 'Partners' mid-name, strips LLC
  ✓ preserves 'Associates of Florida', strips LLC
  ✓ handles apostrophe in name
  ✓ handles ampersand
  ✓ idempotent (normalize twice = same)
  ✓ empty string → invalid
  ✓ reduces to empty → invalid
  ✓ solo Inc. → invalid

── parseAddressFields ──
  ✓ parses city from standard US address
  ✓ parses state from standard US address
  ✓ parses ZIP from standard US address
  ✓ handles ZIP+4 format
  ✓ parses Tampa city
  ✓ handles multi-word city
  ✓ null address → all null
  ✓ unparseable address → all null (no crash)
  ✓ parses Fort Lauderdale
  ✓ parses FL state from Fort Lauderdale

── scoreCandidate ──
  ✓ SFP exact name in wrong state is rejected
  ✓ SFP name-only organic result is rejected
  ✓ SFP matching ZIP is accepted
  ✓ SFP matching city and state is accepted
  ✓ SFP conflicting ZIP rejects despite matching city
  ✓ other callers keep existing score behavior
  ✓ exact name+ZIP → accepted_match
  ✓ exact name+ZIP → score ≥ 0.50
  ✓ different name → identity_rejected
  ✓ borderline name without geo → at or below threshold
  ✓ name match + wrong state → reduced score
  ✓ wrong-location candidate gets zero geo corroboration (city/state/zip mismatch)
  ✓ generic-name wrong-state candidate: geoScore=0 (no false geo credit)
  ✓ yelp.com link → directory_domain or no_usable_fields
  ✓ no website/phone/address → no_usable_fields
  ✓ officer surname alone does not cause acceptance

── lookupBusinessIdentity (fake transport) ──

── Eligibility regression (in-process) ──
  ✓ merchant with no website/phone → eligible
  ✓ merchant with website but no phone → eligible
  ✓ merchant with phone but no website → eligible
  ✓ merchant with website+phone but no email → NOT re-claimed (kill-line: no email target)
  ✓ merchant with all three fields → not eligible
  ✓ stillMissing: website+phone filled → false (no re-claim cooldown)
  ✓ stillMissing: only website filled → true (continue trying for phone)
  ✓ stillMissing: nothing filled → true
  ✓ strict SFP waterfall rejects wrong-state Places, KG, and name-only organic
  ✓ strict SFP waterfall never returns wrong-site domain
  ✓ Places strong match → accepted_match
  ✓ accepted result has no email field
  ✓ accepted result has website
  ✓ accepted result has phone
  ✓ requestsUsed ≤ MAX_REQUESTS_PER_LOOKUP
  ✓ blocked gateway → kind=blocked
  ✓ provider failure → kind=provider_failure
  ✓ places empty → search fallback fires
  ✓ same-name same-zip candidates → ambiguous or accepted (margin check)
  ✓ all empty results → no_result
  ✓ both DBA and legal name fire /places when they differ
  ✓ all candidates fail scoring → identity_rejected (not no_result)
  ✓ no email address in accepted output (kill line)
  ✓ total requests ≤ MAX_REQUESTS_PER_LOOKUP (4)

──────────────────────────────────────────────────
✅ All 66 tests passed


[48/57] CRO-02 Classification Authority — scripts/check-cro02-authority.ts
CRO-02 authority guard passed (103 structural checks)

[49/57] CRO-03 Durable Enrichment Factory — scripts/test-cro03-static.ts
PASS four governed providers are frozen
PASS selection hash is order-stable
PASS command idempotency includes purpose and policy
PASS routing is selective
PASS canaries are non-executable
PASS candidate envelope authenticates context
PASS private and metadata addresses are denied
PASS redirect targets are DNS revalidated
PASS response bytes and content type are bounded
PASS membership and immutable evidence have guards
PASS versioned subject identity and full route recipe are frozen
PASS superseded work is terminally accounted in the total equation
PASS provider response selection requires a unique frozen-identity match
PASS provider lineage records attempts, observations, receipts, and validation backlinks
PASS economics lineage is append-only reservation plus settlement
PASS budget reservation atomically links run and reservation evidence
PASS final adapter boundary requires the active item claim and fence
PASS provider-export evidence is an immutable source-row snapshot
PASS discovery never bypasses the commercial fence
PASS paid controls ship disabled and budgetless
PASS pre-transport and pre-mutation fences exist
PASS live provider transport is env-gated with certifiable constant
PASS single scheduler owns durable processing and projection recovery
PASS batch cancellation fences provider and mutation work
PASS legacy request-detached paths are retired
PASS strict role routes and strict DTO exist
PASS CSV exports converge without provider transport

CRO-03 static certification passed: 27 checks

[50/57] CRO-03B Unified Recipe and Canonical Projection — scripts/test-cro03b-static.ts
PASS unified recipe is immutable and hashable
PASS each stage freezes exactly one execution and accounting owner
PASS crawl is same-site and explicitly bounded
PASS SafeEgress is denied by default and pins each hop
PASS migration is additive after 0187 and constrains provenance
PASS atomic admission locks handoffs and derives ownership
PASS queue owns CRO-03A recovery and CRO-03B processing
PASS intermediate projection suppresses every generic hook
PASS finalization creates one winning-email intent and defers scoring
PASS arbitration persists reproducibility and review outcomes
PASS authorization DTO rejects authority fields and caps commands
PASS provider and outbound effects remain denied
PASS legacy fencing is scoped and durable

CRO-03B static certification passed: 13 checks

[51/57] CRO-03D Ceremony Scope Derivation and Ephemeral Signing Tool — scripts/test-cro03d-ceremony-static.ts
=== CRO-03D ceremony tool static tests ===
  PASS scope derivation is deterministic for a fixed instant
  PASS scope carries exactly the owner-approved commercial caps
  PASS scope output contains no secret-shaped or credential-shaped values
  PASS scopeHash changes when any scoped fact changes
  PASS prepared approval payloads share one scope hash and cover all four dimensions
  PASS re-deriving from the same scope is idempotent (stable idempotencyKey)
  PASS signed artifact round-trips through the canonical verifier
  PASS tampering with a signed payload after signing is rejected by the canonical verifier
  PASS dispose-key destroys the private key material and returns destruction evidence
  PASS CLI `prepare` refuses to build signable artifacts without --approved

ALL CRO-03D CEREMONY TOOL TESTS PASSED

[52/57] CRO-03C Initial Continuation Bridge Contract — scripts/test-cro03c-initial-continuation-static.ts
CRO-03C initial continuation bridge static contract: PASS

[53/57] CRO-05A Inbound Revenue Operations Static Certification — scripts/test-cro05a-static.ts
PASS every public POST route is enumerated and every intake is authority-owned
PASS all CRO-05A source classes are frozen in the source policy
PASS source policy forbids sales and promotional effects for non-sales sources
PASS active public intake handlers have no direct transport or enrollment call
PASS free analysis owns authority before mutation and returns opaque persisted lifecycle
PASS free analysis browser retries reuse one key and treat receipts as opaque
PASS partner referral returns orchestration lifecycle and replay equality
PASS claimed free-analysis and referral failures persist a safe honest lifecycle before responding
PASS statement SMS and PEWC evidence cannot create email consent
PASS statement upload claims the canonical inbound occurrence before contact or command handoff
PASS statement execution uses opaque protected objects and no checkout-local paths
PASS statement request handoff and worker lifecycle share durable authority evidence
PASS request lifecycle is gated by required internal effects only
PASS testimonial handling is moderation-only and creates no sales deal
PASS newsletter handling records intake only and never directly enrolls
PASS public inbound middleware returns opaque receipts rather than entity identifiers
PASS public inbound status polling requires receipt, key, and scope and returns lifecycle only
PASS orchestration creates request-scoped work, persists work deadlines, and certifies SLAs truthfully
PASS equipment fulfillment is request-owned, replay-fenced, and completed from durable evidence
PASS operator API and Lead Ops view return every effect truthfully
PASS CRO-05A migration and Drizzle schema expose matching durable identities

CRO-05A static certification passed: 21 checks

[54/57] CRO-05A Non-Public Adapter Classification Certification — scripts/test-cro05a-nonpublic-static.ts
CRO-05A non-public static certification passed

[55/57] CRO-03B Legacy Writer Inventory — scripts/check-cro03b-legacy-writers.ts
PASS CRO-03B legacy writer inventory (7 governed paths)

[56/57] CRO-03 Retired Client Endpoint Scan — scripts/scan-cro03-client-endpoints.ts
CRO-03 client endpoint scan passed: no retired enrichment endpoint usage found.

[57/57] Reconciliation Classifier — scripts/test-reconciliation-classifier.ts

P1 NON_PRODUCTION
  ✓ test record → NON_PRODUCTION
  ✓ demo record → NON_PRODUCTION
  ✓ synthetic → NON_PRODUCTION
  ✓ test → non_production action

P2 BLOCKED
  ✓ DNC=true → BLOCKED
  ✓ suppression reason → BLOCKED
  ✓ bounced email → BLOCKED
  ✓ opted_out email → BLOCKED
  ✓ blocked email → BLOCKED

P3 INSUFFICIENT_DATA
  ✓ no name, no channel → INSUFFICIENT_DATA
  ✓ empty name, no channel → INSUFFICIENT_DATA

P4 PENDING_DUPLICATE_RESOLUTION
  ✓ shared phone 3 companies → PENDING_DUPLICATE_RESOLUTION
  ✓ shared phone 20 companies → PENDING_DUPLICATE_RESOLUTION
  ✓ shared phone 1 company → not duplicate (→ org aggregation instead)
  ✓ shared phone 21 companies → mass_shared_phone risk

P5 PENDING_ORG_AGGREGATION
  ✓ no businessId, pipeline_eligible → PENDING_ORG_AGGREGATION
  ✓ has businessId → not org aggregation
  ✓ internal match available → PENDING_ORG_AGGREGATION

P6 PENDING_NAME_NORMALIZATION
  ✓ ALL CAPS first name → PENDING_NAME_NORMALIZATION
  ✓ title prefix → PENDING_NAME_NORMALIZATION
  ✓ mr. prefix → PENDING_NAME_NORMALIZATION
  ✓ all lower name → PENDING_NAME_NORMALIZATION
  ✓ ALL CAPS last name → PENDING_NAME_NORMALIZATION
  ✓ properly cased name → no name normalization needed

P7 PENDING_EMAIL_NORMALIZATION
  ✓ noemail placeholder email → PENDING_EMAIL_NORMALIZATION
  ✓ invalid email format → PENDING_EMAIL_NORMALIZATION
  ✓ test@ email → PENDING_EMAIL_NORMALIZATION

P8 PENDING_PHONE_NORMALIZATION
  ✓ unformatted 10-digit phone → PENDING_PHONE_NORMALIZATION
  ✓ 11-digit with leading 1, no format → PENDING_PHONE_NORMALIZATION

P9 PENDING_VERTICAL_ASSIGNMENT
  ✓ missing vertical with full contact data → PENDING_VERTICAL_ASSIGNMENT
  ✓ manual override → verticalState=manual_override

P10 CLEAN_NO_ACTION
  ✓ all fields clean with businessId → CLEAN_NO_ACTION

Dimension coverage
  ✓ R1 missing_name
  ✓ R1 needs_normalization (caps)
  ✓ R1 clean
  ✓ R2 email missing
  ✓ R2 suspicious
  ✓ R2 invalid_format
  ✓ R2 clean
  ✓ R3 phone missing
  ✓ R3 needs_formatting
  ✓ R3 clean
  ✓ R3 placeholder (0000)
  ✓ R4 company missing
  ✓ R4 needs_normalization
  ✓ R4 clean
  ✓ R5 missing
  ✓ R5 resolved
  ✓ R5 manual_override
  ✓ R6 none
  ✓ R6 shared_phone_multi_company
  ✓ R6 mass_shared_phone
  ✓ R7 linked
  ✓ R7 pipeline_eligible
  ✓ R7 candidate_match
  ✓ R7 no_company
  ✓ R8 aggregatable
  ✓ R8 not_eligible (has businessId)
  ✓ R8 internal_match_possible
  ✓ R9 has_opportunity (name)
  ✓ R9 none
  ✓ R10 candidate
  ✓ R10 clean

Lane exhaustiveness
  ✓ 11 lanes defined
  ✓ CLEAN_NO_ACTION in list
  ✓ UNCLASSIFIED in list
  ✓ PENDING_ORG_AGGREGATION in list

generateProposals
  ✓ generates first_name proposal for ALL CAPS name
  ✓ ALL CAPS → John
  ✓ correct proposal type
  ✓ confidence ≥ 70
  ✓ generates phone proposal for unformatted number
  ✓ formats to (555) 123-4567
  ✓ correct proposal type
  ✓ generates first_name proposal for Dr. prefix
  ✓ generates last_name proposal for ALL CAPS last name
  ✓ ALL CAPS Smith → Smith
  ✓ generates company_name proposal for ALL CAPS company
  ✓ correct proposal type
  ✓ clean contact generates no proposals

Edge cases
  ✓ BLOCKED wins over PENDING_DUPLICATE_RESOLUTION
  ✓ NON_PRODUCTION wins over BLOCKED and DUPLICATE
  ✓ BLOCKED wins over PENDING_ORG_AGGREGATION
  ✓ 0000 suffix → placeholder phone
  ✓ 5 digit phone → too_short

── Reconciliation Classifier Tests ──────────────────────────
   85 passed  |  0 failed  |  85 total
─────────────────────────────────────────────────────────────


✓ CI deterministic-static completed: 57/57 suites passed.

══ CI writable-build: 1 required suite(s) ══

[1/1] Release Artifact Gate — scripts/release-artifact-gate.ts

> rest-express@1.0.0 build
> tsx script/build.ts

building client...
vite v7.3.6 building client environment for production...
transforming...
✓ 4069 modules transformed.
rendering chunks...
computing gzip size...
../dist/public/index.html                                            2.56 kB │ gzip:   0.91 kB
../dist/public/assets/logo-white-b7JYnWmr.png                       73.60 kB
../dist/public/assets/logo-blue-CUdKSXOk.png                        76.95 kB
../dist/public/assets/hero-analytics-DmPwFMST.jpg                   96.98 kB
../dist/public/assets/hero-support-Co8JXAmG.jpg                     97.69 kB
../dist/public/assets/compliance-checklist-C8ss5dyS.jpg            128.06 kB
../dist/public/assets/vertical-home-services-D5QI0Dcy.jpg          146.93 kB
../dist/public/assets/compare-rates-DJXMuFsl.jpg                   157.92 kB
../dist/public/assets/hidden-fees-D9kO-0Eg.jpg                     167.51 kB
../dist/public/assets/security-upload-C-S68bVN.jpg                 186.39 kB
../dist/public/assets/zero-percent-ywyV9KpO.jpg                    190.14 kB
../dist/public/assets/vertical-medical-DSZx1SAu.jpg                217.69 kB
../dist/public/assets/case-medical-DBJFm-HZ.jpg                    245.47 kB
../dist/public/assets/funding-deposits-D916StzO.jpg                247.99 kB
../dist/public/assets/case-retail-DkdQ4_c2.jpg                     253.83 kB
../dist/public/assets/vertical-retail-Dx8DCKS3.jpg                 256.95 kB
../dist/public/assets/merchant-owner-D-33tk3R.jpg                  270.60 kB
../dist/public/assets/case-auto-DT-j7ioS.jpg                       282.37 kB
../dist/public/assets/hero-team-DEhhxS1m.jpg                       285.62 kB
../dist/public/assets/case-restaurant-B-Ol7P06.jpg                 289.25 kB
../dist/public/assets/case-home-services-C8xpVTyt.jpg              300.35 kB
../dist/public/assets/vertical-auto-Bgq0j41A.jpg                   334.35 kB
../dist/public/assets/go-live-checklist-BF3mw6I-.jpg               350.37 kB
../dist/public/assets/statement-review-aFDkbDK8.jpg                393.48 kB
../dist/public/assets/vertical-restaurant-CF9ocC8B.jpg             490.48 kB
../dist/public/assets/terminal-clover-mini-3-dHb8PzdM.png          659.95 kB
../dist/public/assets/terminal-swipesimple-b250-DS7zBCFg.png       707.85 kB
../dist/public/assets/terminal-dejavoo-qd4-DjBZYq1u.png            896.56 kB
../dist/public/assets/terminal-pax-a920-BhI0XPSL.png               991.35 kB
../dist/public/assets/terminal-clover-flex-3-CU8H9hi7.png        1,052.36 kB
../dist/public/assets/terminal-clover-station-duo-DkXM7J3c.png   1,099.44 kB
../dist/public/assets/team-collab-BtVrycb4.png                   1,440.71 kB
../dist/public/assets/referral-explainer-Ekb9u-GQ.mp4            2,917.80 kB
../dist/public/assets/index-C1yk1qIu.css                           224.86 kB │ gzip:  33.97 kB
../dist/public/assets/team-collab-Csf6yVtH.js                        0.05 kB │ gzip:   0.07 kB
../dist/public/assets/hero-team-GyllDAfw.js                          0.06 kB │ gzip:   0.08 kB
../dist/public/assets/vertical-auto-9-ZobLGO.js                      0.06 kB │ gzip:   0.08 kB
../dist/public/assets/hero-analytics-DiY_oW7f.js                     0.06 kB │ gzip:   0.08 kB
../dist/public/assets/terminal-pax-a920-D1MZQSLZ.js                  0.07 kB │ gzip:   0.09 kB
../dist/public/assets/terminal-clover-flex-3-Bwh-gIo4.js             0.07 kB │ gzip:   0.09 kB
../dist/public/assets/collapsible-CiIlm9Vh.js                        0.10 kB │ gzip:   0.11 kB
../dist/public/assets/compare-rates-DqSJ_50t.js                      0.11 kB │ gzip:   0.11 kB
../dist/public/assets/minus-Bz1UYWnE.js                              0.12 kB │ gzip:   0.13 kB
../dist/public/assets/chevron-left-BfvDuSi1.js                       0.13 kB │ gzip:   0.14 kB
../dist/public/assets/circle-pMCCL9ZT.js                             0.13 kB │ gzip:   0.13 kB
../dist/public/assets/terminal-clover-station-duo-C-UbOMT_.js        0.13 kB │ gzip:   0.12 kB
../dist/public/assets/play-BSYlGwMj.js                               0.13 kB │ gzip:   0.14 kB
../dist/public/assets/constants-zq2289pq.js                          0.14 kB │ gzip:   0.15 kB
../dist/public/assets/message-circle-CpuUIzjI.js                     0.15 kB │ gzip:   0.16 kB
../dist/public/assets/square-BEMsqNzW.js                             0.15 kB │ gzip:   0.15 kB
../dist/public/assets/navigation-lJ6dNVUm.js                         0.15 kB │ gzip:   0.15 kB
../dist/public/assets/plus-bZIVZGKf.js                               0.15 kB │ gzip:   0.15 kB
../dist/public/assets/filter-DrNLyMrL.js                             0.16 kB │ gzip:   0.16 kB
../dist/public/assets/arrow-left-QupDgSgy.js                         0.16 kB │ gzip:   0.16 kB
../dist/public/assets/arrow-right-kDzEA0yQ.js                        0.16 kB │ gzip:   0.16 kB
../dist/public/assets/arrow-down-hc2D-8VK.js                         0.16 kB │ gzip:   0.16 kB
../dist/public/assets/arrow-up-right-U1-fpQYs.js                     0.16 kB │ gzip:   0.15 kB
../dist/public/assets/arrow-down-right-CoijLkpG.js                   0.17 kB │ gzip:   0.16 kB
../dist/public/assets/ban-CVE1Du-u.js                                0.17 kB │ gzip:   0.16 kB
../dist/public/assets/gauge-D3GaOqzY.js                              0.17 kB │ gzip:   0.17 kB
../dist/public/assets/circle-check-BBooxeDj.js                       0.18 kB │ gzip:   0.17 kB
../dist/public/assets/facebook-D4iMDzSu.js                           0.18 kB │ gzip:   0.18 kB
../dist/public/assets/message-square-3r-TG5bD.js                     0.18 kB │ gzip:   0.17 kB
../dist/public/assets/check-check-B996mb6Z.js                        0.18 kB │ gzip:   0.17 kB
../dist/public/assets/clock-6GZDu8KG.js                              0.18 kB │ gzip:   0.17 kB
../dist/public/assets/circle-check-big-CzQ0XKIm.js                   0.19 kB │ gzip:   0.18 kB
../dist/public/assets/circle-play-6-7btjXF.js                        0.19 kB │ gzip:   0.17 kB
../dist/public/assets/user-BHsTM4fc.js                               0.19 kB │ gzip:   0.18 kB
../dist/public/assets/skip-forward-C1sIUdgA.js                       0.19 kB │ gzip:   0.18 kB
../dist/public/assets/smartphone-DhPqpRrH.js                         0.20 kB │ gzip:   0.18 kB
../dist/public/assets/rotate-ccw-Bi_flNZW.js                         0.20 kB │ gzip:   0.18 kB
../dist/public/assets/info-DADIwbYb.js                               0.20 kB │ gzip:   0.18 kB
../dist/public/assets/lock-CdeSBw6o.js                               0.20 kB │ gzip:   0.19 kB
../dist/public/assets/circle-x-B_82k957.js                           0.20 kB │ gzip:   0.18 kB
../dist/public/assets/trending-down-Bkb9YP7Z.js                      0.21 kB │ gzip:   0.18 kB
../dist/public/assets/pause-CFyARoBp.js                              0.21 kB │ gzip:   0.16 kB
../dist/public/assets/vertical-retail-CagmHBQ8.js                    0.22 kB │ gzip:   0.16 kB
../dist/public/assets/square-check-big-scZ8gG4G.js                   0.22 kB │ gzip:   0.19 kB
../dist/public/assets/ellipsis-DltzByNB.js                           0.22 kB │ gzip:   0.16 kB
../dist/public/assets/git-merge-C6ndJMNj.js                          0.23 kB │ gzip:   0.19 kB
../dist/public/assets/ellipsis-vertical-B-NXA4Rm.js                  0.23 kB │ gzip:   0.17 kB
../dist/public/assets/voicemail-bNpcdPN5.js                          0.23 kB │ gzip:   0.18 kB
../dist/public/assets/pen-CqJzX9vt.js                                0.23 kB │ gzip:   0.20 kB
../dist/public/assets/headphones-Dyy5ZSW1.js                         0.24 kB │ gzip:   0.18 kB
../dist/public/assets/history-Cir097YR.js                            0.24 kB │ gzip:   0.19 kB
../dist/public/assets/menu-BqW6bLnk.js                               0.24 kB │ gzip:   0.17 kB
../dist/public/assets/percent-CUatB_sx.js                            0.24 kB │ gzip:   0.19 kB
../dist/public/assets/globe-D4O30_jH.js                              0.24 kB │ gzip:   0.19 kB
../dist/public/assets/case-home-services-BxS0Pj-7.js                 0.24 kB │ gzip:   0.17 kB
../dist/public/assets/banknote-nX1sETvd.js                           0.24 kB │ gzip:   0.20 kB
../dist/public/assets/circle-pause-PmrrJIKf.js                       0.24 kB │ gzip:   0.18 kB
../dist/public/assets/arrow-left-right-CzGh3xyF.js                   0.24 kB │ gzip:   0.19 kB
../dist/public/assets/twitter-BmKeAnNn.js                            0.24 kB │ gzip:   0.22 kB
../dist/public/assets/video-Dh4JMeWA.js                              0.25 kB │ gzip:   0.22 kB
../dist/public/assets/message-square-off-bO05E40v.js                 0.25 kB │ gzip:   0.21 kB
../dist/public/assets/circle-alert-BnbF0YJv.js                       0.25 kB │ gzip:   0.18 kB
../dist/public/assets/external-link-C6_8xDnt.js                      0.25 kB │ gzip:   0.20 kB
../dist/public/assets/cloud-upload-f7vHTXCY.js                       0.25 kB │ gzip:   0.21 kB
../dist/public/assets/settings-2-tC6Ea1d0.js                         0.25 kB │ gzip:   0.19 kB
../dist/public/assets/user-check-KxVVCQjx.js                         0.25 kB │ gzip:   0.22 kB
../dist/public/assets/archive-Dp5QnjWl.js                            0.25 kB │ gzip:   0.21 kB
../dist/public/assets/route-idDcMqP1.js                              0.25 kB │ gzip:   0.20 kB
../dist/public/assets/eye-D_HIq_xX.js                                0.25 kB │ gzip:   0.20 kB
../dist/public/assets/calendar-DsL8VQMz.js                           0.26 kB │ gzip:   0.20 kB
../dist/public/assets/map-pin-CiDbst9f.js                            0.26 kB │ gzip:   0.22 kB
../dist/public/assets/log-in-9i7WNsM6.js                             0.26 kB │ gzip:   0.21 kB
../dist/public/assets/download-BfIU64Tg.js                           0.26 kB │ gzip:   0.21 kB
../dist/public/assets/key-BLmEbzQO.js                                0.26 kB │ gzip:   0.21 kB
../dist/public/assets/mic-DnqImffd.js                                0.27 kB │ gzip:   0.21 kB
../dist/public/assets/chart-pie-Co82z-rs.js                          0.27 kB │ gzip:   0.22 kB
../dist/public/assets/award-dz5rLoCA.js                              0.27 kB │ gzip:   0.22 kB
../dist/public/assets/pencil-Bqb_j88H.js                             0.27 kB │ gzip:   0.23 kB
../dist/public/assets/file-question-CjnCnn8T.js                      0.28 kB │ gzip:   0.21 kB
../dist/public/assets/pen-line-BPtw2O_1.js                           0.28 kB │ gzip:   0.22 kB
../dist/public/assets/flame-CM7S9VhH.js                              0.28 kB │ gzip:   0.23 kB
../dist/public/assets/list-checks-Bea911lL.js                        0.28 kB │ gzip:   0.19 kB
../dist/public/assets/wifi-M3g3qwpv.js                               0.28 kB │ gzip:   0.20 kB
../dist/public/assets/send-horizontal-BSPh-bbH.js                    0.28 kB │ gzip:   0.23 kB
../dist/public/assets/lightbulb-DRxd4-EX.js                          0.28 kB │ gzip:   0.22 kB
../dist/public/assets/house-DbOC4bBa.js                              0.29 kB │ gzip:   0.22 kB
../dist/public/assets/endOfMonth-BS24EeZA.js                         0.29 kB │ gzip:   0.20 kB
../dist/public/assets/shopping-cart-PW6xweK5.js                      0.29 kB │ gzip:   0.23 kB
../dist/public/assets/receipt-D4ui7u70.js                            0.29 kB │ gzip:   0.21 kB
../dist/public/assets/linkedin-CHKLACyW.js                           0.29 kB │ gzip:   0.23 kB
../dist/public/assets/hash-DerSJK6y.js                               0.29 kB │ gzip:   0.19 kB
../dist/public/assets/clipboard-check-CCwwV93K.js                    0.30 kB │ gzip:   0.23 kB
../dist/public/assets/badge-check-C3V0nVqg.js                        0.31 kB │ gzip:   0.21 kB
../dist/public/assets/printer-CwpgHneT.js                            0.32 kB │ gzip:   0.24 kB
../dist/public/assets/bell-off-DN9yO6fI.js                           0.32 kB │ gzip:   0.23 kB
../dist/public/assets/square-pen-B-ZtoKi7.js                         0.32 kB │ gzip:   0.24 kB
../dist/public/assets/BarChart-CMFX2rqm.js                           0.32 kB │ gzip:   0.23 kB
../dist/public/assets/file-search-BA34Ok_L.js                        0.32 kB │ gzip:   0.24 kB
../dist/public/assets/file-search-2-iBcjmQna.js                      0.32 kB │ gzip:   0.24 kB
../dist/public/assets/save-3ulEZbVj.js                               0.33 kB │ gzip:   0.22 kB
../dist/public/assets/git-fork-DGYzZE20.js                           0.33 kB │ gzip:   0.23 kB
../dist/public/assets/server-B7JrAQHd.js                             0.34 kB │ gzip:   0.21 kB
../dist/public/assets/stethoscope-OUPI1ZQC.js                        0.34 kB │ gzip:   0.24 kB
../dist/public/assets/arrow-up-Ji7WHf-3.js                           0.35 kB │ gzip:   0.23 kB
../dist/public/assets/webhook-CZpyJx8R.js                            0.35 kB │ gzip:   0.27 kB
../dist/public/assets/user-round-DkQklZ2P.js                         0.35 kB │ gzip:   0.25 kB
../dist/public/assets/key-round-DMgHb6ke.js                          0.35 kB │ gzip:   0.26 kB
../dist/public/assets/gift-DCclUEqI.js                               0.35 kB │ gzip:   0.25 kB
../dist/public/assets/share-2-DAyCxEvJ.js                            0.35 kB │ gzip:   0.23 kB
../dist/public/assets/shield-x-DPftCy9J.js                           0.35 kB │ gzip:   0.26 kB
../dist/public/assets/trash-2-_y52R1VI.js                            0.36 kB │ gzip:   0.25 kB
../dist/public/assets/layout-list-wbW-cymA.js                        0.36 kB │ gzip:   0.22 kB
../dist/public/assets/utensils-crossed-Gm1VUByl.js                   0.36 kB │ gzip:   0.25 kB
../dist/public/assets/crown-Ictb9T84.js                              0.36 kB │ gzip:   0.26 kB
../dist/public/assets/layers-D8ieRWAA.js                             0.36 kB │ gzip:   0.24 kB
../dist/public/assets/scale-99YtkY29.js                              0.37 kB │ gzip:   0.24 kB
../dist/public/assets/radio-C2C70lEa.js                              0.37 kB │ gzip:   0.25 kB
../dist/public/assets/file-spreadsheet-ehCNieTO.js                   0.37 kB │ gzip:   0.23 kB
../dist/public/assets/calendar-clock-IFgWpY6x.js                     0.38 kB │ gzip:   0.26 kB
../dist/public/assets/quote-CbitG03Y.js                              0.39 kB │ gzip:   0.20 kB
../dist/public/assets/use-scroll-reveal-1HXbjVRd.js                  0.39 kB │ gzip:   0.29 kB
../dist/public/assets/phone-BU_z3-Lx.js                              0.39 kB │ gzip:   0.25 kB
../dist/public/assets/truck-CgJX5EQK.js                              0.40 kB │ gzip:   0.27 kB
../dist/public/assets/car-C9TDyRP3.js                                0.41 kB │ gzip:   0.28 kB
../dist/public/assets/landmark-D3czitU0.js                           0.41 kB │ gzip:   0.23 kB
../dist/public/assets/mouse-pointer-click-BneyR2TN.js                0.41 kB │ gzip:   0.28 kB
../dist/public/assets/deal-identity-j_Oc1dLu.js                      0.41 kB │ gzip:   0.26 kB
../dist/public/assets/octagon-alert-CZ_vKIx9.js                      0.43 kB │ gzip:   0.25 kB
../dist/public/assets/eye-off-D4dKbT7Y.js                            0.43 kB │ gzip:   0.27 kB
../dist/public/assets/medal-CqvF6BBL.js                              0.43 kB │ gzip:   0.28 kB
../dist/public/assets/auth-action-fragment-DoYhZ3Ns.js               0.43 kB │ gzip:   0.28 kB
../dist/public/assets/building-2-B3LZxjs3.js                         0.44 kB │ gzip:   0.25 kB
../dist/public/assets/heart-handshake-BL8qHN9a.js                    0.46 kB │ gzip:   0.30 kB
../dist/public/assets/thermometer-DCY0hG78.js                        0.47 kB │ gzip:   0.29 kB
../dist/public/assets/export-csv-E1Yl2gP-.js                         0.48 kB │ gzip:   0.36 kB
../dist/public/assets/confirmation-status-types-BoLsBP02.js          0.49 kB │ gzip:   0.27 kB
../dist/public/assets/calendar-days-vsGhBzTl.js                      0.49 kB │ gzip:   0.26 kB
../dist/public/assets/cpu-Cy9A8ed_.js                                0.49 kB │ gzip:   0.26 kB
../dist/public/assets/file-_8ZlKUo7.js                               0.51 kB │ gzip:   0.27 kB
../dist/public/assets/calculator-Br2A-l1I.js                         0.53 kB │ gzip:   0.28 kB
../dist/public/assets/building-q1oZ97hv.js                           0.54 kB │ gzip:   0.27 kB
../dist/public/assets/store-DCPCQ1Up.js                              0.64 kB │ gzip:   0.30 kB
../dist/public/assets/analytics-BBZTOL19.js                          1.12 kB │ gzip:   0.60 kB
../dist/public/assets/toast-helpers-BUpsmJjD.js                      1.22 kB │ gzip:   0.68 kB
../dist/public/assets/readiness-types-NUmviFGd.js                    1.25 kB │ gzip:   0.52 kB
../dist/public/assets/page-header-BKIoOd_v.js                        1.29 kB │ gzip:   0.46 kB
../dist/public/assets/alert-BeRldA6u.js                              1.34 kB │ gzip:   0.58 kB
../dist/public/assets/Forbidden-Bp70wWFd.js                          1.67 kB │ gzip:   0.57 kB
../dist/public/assets/DashboardErrorState-CWxGwdAB.js                1.78 kB │ gzip:   0.57 kB
../dist/public/assets/PewcCheckbox-NGdusREb.js                       2.08 kB │ gzip:   0.80 kB
../dist/public/assets/formatDistanceToNow-CP23zA8F.js                2.13 kB │ gzip:   0.90 kB
../dist/public/assets/index-9hSdv52u.js                              2.16 kB │ gzip:   0.97 kB
../dist/public/assets/progress-CgyvAOVk.js                           2.20 kB │ gzip:   1.05 kB
../dist/public/assets/PublicCTA-wttztzNI.js                          2.31 kB │ gzip:   0.78 kB
../dist/public/assets/MerchantRiskHub-Bku8i0CY.js                    2.50 kB │ gzip:   0.81 kB
../dist/public/assets/DeliverabilityHub-Bpi2Gf8C.js                  2.54 kB │ gzip:   0.82 kB
../dist/public/assets/switch-D1JSPckK.js                             2.64 kB │ gzip:   1.30 kB
../dist/public/assets/Breadcrumbs-SgFSTDNC.js                        2.68 kB │ gzip:   0.75 kB
../dist/public/assets/table-Bl0Ltk_r.js                              2.76 kB │ gzip:   0.66 kB
../dist/public/assets/avatar-t8HrEvBB.js                             2.77 kB │ gzip:   1.18 kB
../dist/public/assets/responsive-table-CxW_Xu9z.js                   2.85 kB │ gzip:   0.74 kB
../dist/public/assets/SDRHub-rGYQ1IAP.js                             2.89 kB │ gzip:   1.04 kB
../dist/public/assets/checkbox-DrEOuR2q.js                           3.19 kB │ gzip:   1.49 kB
../dist/public/assets/FinancialHub-v4T7IN3X.js                       3.25 kB │ gzip:   0.92 kB
../dist/public/assets/SupportHub-CGmOgtwr.js                         3.32 kB │ gzip:   0.99 kB
../dist/public/assets/index-D-AwRLih.js                              3.35 kB │ gzip:   1.53 kB
../dist/public/assets/TasksAppointments-C1GuTQ7q.js                  3.56 kB │ gzip:   1.06 kB
../dist/public/assets/tabs-BT-DKn6X.js                               3.65 kB │ gzip:   1.47 kB
../dist/public/assets/ContactsAndLeads-DjVX39dn.js                   4.02 kB │ gzip:   1.22 kB
../dist/public/assets/data-state-CAQ5cpyp.js                         4.46 kB │ gzip:   1.07 kB
../dist/public/assets/use-confirmation-failed-batch-B_Tk0Hk8.js      4.46 kB │ gzip:   1.99 kB
../dist/public/assets/PublicHero-Cbw4lT69.js                         5.44 kB │ gzip:   1.35 kB
../dist/public/assets/use-contacts-CNxo2Tve.js                       5.47 kB │ gzip:   1.75 kB
../dist/public/assets/popover-BQWFO-J1.js                            5.52 kB │ gzip:   2.01 kB
../dist/public/assets/SavedFilterBar-ULAaAZId.js                     5.65 kB │ gzip:   1.56 kB
../dist/public/assets/EmailPreviewModal-Bw_iFaLZ.js                  5.78 kB │ gzip:   1.56 kB
../dist/public/assets/VerifyEmail-D-S5C4AC.js                        5.96 kB │ gzip:   1.32 kB
../dist/public/assets/OutreachHub-BpvwDP4R.js                        6.13 kB │ gzip:   1.39 kB
../dist/public/assets/not-found-BCziQi2s.js                          6.18 kB │ gzip:   1.43 kB
../dist/public/assets/Permissions-DPmyMybe.js                        6.73 kB │ gzip:   1.60 kB
../dist/public/assets/CartesianGrid-ZQ-pQRg3.js                      6.78 kB │ gzip:   2.36 kB
../dist/public/assets/Leads-B2lRuQz7.js                              7.66 kB │ gzip:   1.62 kB
../dist/public/assets/en-US-DaTnBiBt.js                              7.67 kB │ gzip:   2.66 kB
../dist/public/assets/ForgotPassword-CpF-Pv05.js                     7.70 kB │ gzip:   1.63 kB
../dist/public/assets/DataRequests-BB3I-e92.js                       8.72 kB │ gzip:   1.58 kB
../dist/public/assets/MerchantStatementUpload-TOqx2-U4.js            9.63 kB │ gzip:   1.98 kB
../dist/public/assets/SEO-Deg1mMcN.js                               10.02 kB │ gzip:   2.60 kB
../dist/public/assets/ResetPassword-R2sFXdax.js                     10.06 kB │ gzip:   1.91 kB
../dist/public/assets/PreDeployGateResult-COeizPhW.js               10.65 kB │ gzip:   1.81 kB
../dist/public/assets/LineChart-p3oUD2gs.js                         11.13 kB │ gzip:   4.30 kB
../dist/public/assets/alert-dialog-T5-jjDKw.js                      11.17 kB │ gzip:   3.36 kB
../dist/public/assets/ThanksSupport-CelwySqB.js                     11.99 kB │ gzip:   2.26 kB
../dist/public/assets/ActivateRepAccount-DlHKfegY.js                12.02 kB │ gzip:   2.15 kB
../dist/public/assets/format-tb4Wi_bp.js                            12.16 kB │ gzip:   3.25 kB
../dist/public/assets/ActivatePortal-Bo5HNtVD.js                    12.55 kB │ gzip:   2.22 kB
../dist/public/assets/NbaPriorityPage-DPmSYOKd.js                   12.90 kB │ gzip:   2.63 kB
../dist/public/assets/PciAssessment-tshTII3O.js                     13.03 kB │ gzip:   2.87 kB
../dist/public/assets/AuthorPage-FyNNkEIq.js                        13.06 kB │ gzip:   2.36 kB
../dist/public/assets/AdminHub-nw5_Ir4M.js                          13.08 kB │ gzip:   2.59 kB
../dist/public/assets/AutomationRegistry-DAWrjbhA.js                13.37 kB │ gzip:   2.71 kB
../dist/public/assets/NpsSurvey-B2yOapel.js                         13.43 kB │ gzip:   2.79 kB
../dist/public/assets/AreasServed-DEie1Ai2.js                       13.99 kB │ gzip:   2.66 kB
../dist/public/assets/AccessibilityStatement-Dz05_-K2.js            14.11 kB │ gzip:   2.59 kB
../dist/public/assets/Blog-BKc7bu73.js                              14.67 kB │ gzip:   3.14 kB
../dist/public/assets/CaseStudyIntake-CgE1lxqL.js                   14.70 kB │ gzip:   2.32 kB
../dist/public/assets/Login-DyOKwPVV.js                             15.05 kB │ gzip:   2.62 kB
../dist/public/assets/GhlConflicts-BkqyFgXP.js                      15.55 kB │ gzip:   2.85 kB
../dist/public/assets/OnboardingKickoff-S-vPjDQl.js                 15.60 kB │ gzip:   2.56 kB
../dist/public/assets/Comments-CwoQJq68.js                          15.64 kB │ gzip:   3.53 kB
../dist/public/assets/BinLookup-Chb0ymuo.js                         15.69 kB │ gzip:   2.64 kB
../dist/public/assets/PromoBanner-CL3jpM5t.js                       15.97 kB │ gzip:   2.34 kB
../dist/public/assets/TestimonialsDisclosure-CV2ymJhl.js            16.02 kB │ gzip:   3.19 kB
../dist/public/assets/KnowledgeBase-BDwkbNbe.js                     16.31 kB │ gzip:   2.90 kB
../dist/public/assets/MyEarnings-Bq9UV8pK.js                        16.48 kB │ gzip:   2.28 kB
../dist/public/assets/WidgetGenerator-D_tu0GtU.js                   16.92 kB │ gzip:   2.85 kB
../dist/public/assets/CookiePolicy-DpP14Otw.js                      17.00 kB │ gzip:   3.38 kB
../dist/public/assets/SmsInbox-BM2tAa7r.js                          17.49 kB │ gzip:   3.11 kB
../dist/public/assets/HelpCenter-CanU6mmV.js                        17.87 kB │ gzip:   3.65 kB
../dist/public/assets/ConsentAudit-CcQRcUEw.js                      18.08 kB │ gzip:   2.21 kB
../dist/public/assets/ProcessorIntelligence-BjNL3rHs.js             18.48 kB │ gzip:   2.21 kB
../dist/public/assets/HelpArticle-D9K32XSV.js                       18.56 kB │ gzip:   2.55 kB
../dist/public/assets/BlockedContacts-BfyvjCvR.js                   18.56 kB │ gzip:   3.22 kB
../dist/public/assets/AboutContact-BhBXzNL0.js                      18.98 kB │ gzip:   3.04 kB
../dist/public/assets/Forecasting-BEXuvDv1.js                       18.99 kB │ gzip:   3.01 kB
../dist/public/assets/SeoHealth-D4_fK1Ro.js                         18.99 kB │ gzip:   2.92 kB
../dist/public/assets/SmsTerms-DBvUGGpE.js                          19.04 kB │ gzip:   3.63 kB
../dist/public/assets/BoardingTracker-CSMTutbl.js                   19.19 kB │ gzip:   3.42 kB
../dist/public/assets/ThanksApplication-BNQI7eqe.js                 19.30 kB │ gzip:   3.41 kB
../dist/public/assets/CoBrandedProposals-BS-62tsw.js                19.56 kB │ gzip:   3.23 kB
../dist/public/assets/DoNotSell-26Uj4jqt.js                         19.83 kB │ gzip:   3.29 kB
../dist/public/assets/ESignConsent-Bb7g9-O5.js                      21.36 kB │ gzip:   3.55 kB
../dist/public/assets/TestimonialsSubmit-CGfi9j3e.js                21.36 kB │ gzip:   3.77 kB
../dist/public/assets/LawEnforcementGuidelines-FvMtrd0K.js          21.51 kB │ gzip:   3.61 kB
../dist/public/assets/ThanksEstimate-SW6KmRYd.js                    21.52 kB │ gzip:   3.50 kB
../dist/public/assets/Footer-CHpCBRaW.js                            21.58 kB │ gzip:   3.77 kB
../dist/public/assets/ThanksCall-6Fkc_s7W.js                        21.91 kB │ gzip:   3.42 kB
../dist/public/assets/RegulatoryNotices-rzk3eMPK.js                 22.37 kB │ gzip:   3.91 kB
../dist/public/assets/SalesToolsHub-Bridnly6.js                     22.51 kB │ gzip:   4.40 kB
../dist/public/assets/HelpCenter-CucJpE9t.js                        23.49 kB │ gzip:   4.12 kB
../dist/public/assets/SurchargingDisclosure-BXEnAhKh.js             23.53 kB │ gzip:   3.97 kB
../dist/public/assets/DisputeResolution-CtXondG7.js                 23.60 kB │ gzip:   3.93 kB
../dist/public/assets/dropdown-menu-B1nTp-5x.js                     23.66 kB │ gzip:   6.33 kB
../dist/public/assets/ProspectImport-KZS0eEEv.js                    23.71 kB │ gzip:   3.78 kB
../dist/public/assets/ResponsibleAI-BtUaSI6X.js                     23.78 kB │ gzip:   4.24 kB
../dist/public/assets/ReviewComplete-V8xl9_zX.js                    23.88 kB │ gzip:   3.01 kB
../dist/public/assets/Support-xlfyq47_.js                           24.47 kB │ gzip:   4.36 kB
../dist/public/assets/SystemAudit-8PPYOH53.js                       24.61 kB │ gzip:   3.97 kB
../dist/public/assets/PartnerEmbedWidget-CpOx643U.js                24.68 kB │ gzip:   4.08 kB
../dist/public/assets/AuditLogs-DNZqjZmq.js                         25.09 kB │ gzip:   3.97 kB
../dist/public/assets/PartnerPortalAdmin-C8g36WYh.js                25.09 kB │ gzip:   3.48 kB
../dist/public/assets/ArbitrationLog-HsZLfgIz.js                    25.30 kB │ gzip:   3.56 kB
../dist/public/assets/AdvertisingDisclosure-DM7S8kzg.js             25.39 kB │ gzip:   4.80 kB
../dist/public/assets/DataRetention-CrqfRnFt.js                     25.45 kB │ gzip:   4.06 kB
../dist/public/assets/UserManagement-DpMADY4v.js                    25.49 kB │ gzip:   3.92 kB
../dist/public/assets/Estimate-Ct0MOF4F.js                          25.82 kB │ gzip:   4.47 kB
../dist/public/assets/browser-CbmVXmMN.js                           26.00 kB │ gzip:  10.07 kB
../dist/public/assets/SecurityCompliance-BcmwNSif.js                26.01 kB │ gzip:   4.38 kB
../dist/public/assets/Leaderboard-CMRs80yM.js                       26.34 kB │ gzip:   4.46 kB
../dist/public/assets/ProposalViewer-CsIl6p-5.js                    27.40 kB │ gzip:   4.05 kB
../dist/public/assets/Navbar-7OUOKU5H.js                            27.90 kB │ gzip:   5.48 kB
../dist/public/assets/RefundPolicy-DKvEoCCT.js                      28.15 kB │ gzip:   4.56 kB
../dist/public/assets/MerchantPolicies-BFpNJ4RT.js                  28.41 kB │ gzip:   4.50 kB
../dist/public/assets/TCPAConsent-BwmCg5oN.js                       28.49 kB │ gzip:   4.50 kB
../dist/public/assets/queue-holds-BreVWvOf.js                       28.63 kB │ gzip:   4.24 kB
../dist/public/assets/SavingsPage-CSOmz4J3.js                       28.66 kB │ gzip:   4.75 kB
../dist/public/assets/LiveChat-SYGlWOLw.js                          28.67 kB │ gzip:   5.14 kB
../dist/public/assets/purify.es-CEBYger9.js                         28.86 kB │ gzip:  11.03 kB
../dist/public/assets/OutreachQueue-DOI35S2w.js                     28.94 kB │ gzip:   4.96 kB
../dist/public/assets/DataHealth-CeKPRt12.js                        29.30 kB │ gzip:   3.98 kB
../dist/public/assets/Notifications-ChjNz-Du.js                     29.48 kB │ gzip:   5.61 kB
../dist/public/assets/OnboardingHub-BYWh2a2J.js                     29.62 kB │ gzip:   5.46 kB
../dist/public/assets/Calendar-DmV0BjyU.js                          29.68 kB │ gzip:   5.01 kB
../dist/public/assets/Testimonials-CST2g5vP.js                      29.84 kB │ gzip:   5.57 kB
../dist/public/assets/PartnerReferralPipeline-CZF5Ckfe.js           30.04 kB │ gzip:   3.88 kB
../dist/public/assets/DeliverabilitySettings-BFv4mu9r.js            30.54 kB │ gzip:   4.54 kB
../dist/public/assets/ThanksStatement-DqKV669X.js                   30.65 kB │ gzip:   5.37 kB
../dist/public/assets/OutboundCenter-C1kNYDsj.js                    30.73 kB │ gzip:   5.00 kB
../dist/public/assets/FAQ-CDtcwF7g.js                               31.02 kB │ gzip:   7.68 kB
../dist/public/assets/RFIs-q6Rzu9bS.js                              31.29 kB │ gzip:   4.15 kB
../dist/public/assets/StageRules-BPpNTI-t.js                        31.55 kB │ gzip:   4.45 kB
../dist/public/assets/form-DmiYNNQb.js                              31.89 kB │ gzip:  11.42 kB
../dist/public/assets/SecuritySettings-B1cDKV2s.js                  31.93 kB │ gzip:   4.30 kB
../dist/public/assets/ReviewQueue-GuVYntbo.js                       33.56 kB │ gzip:   5.69 kB
../dist/public/assets/PartnerLogin-BpOvqYEU.js                      33.83 kB │ gzip:   3.90 kB
../dist/public/assets/DataProcessingAgreement-BprxhyHd.js           33.92 kB │ gzip:   5.12 kB
../dist/public/assets/RoundRobinAdmin-B6h4XuWG.js                   34.28 kB │ gzip:   4.69 kB
../dist/public/assets/KnowledgeAdmin-DaL8FKrf.js                    34.43 kB │ gzip:   4.89 kB
../dist/public/assets/SystemHealthHub-Bdg69ZUo.js                   34.63 kB │ gzip:   5.41 kB
../dist/public/assets/FreeSmartTerminal-BpQU7Huq.js                 34.64 kB │ gzip:   5.58 kB
../dist/public/assets/BlogPost-BIWS_BpU.js                          34.76 kB │ gzip:   5.79 kB
../dist/public/assets/DocumentVault-DUUS8Mob.js                     35.03 kB │ gzip:   6.02 kB
../dist/public/assets/OutboundPreflight-C_8dZNya.js                 35.10 kB │ gzip:   5.14 kB
../dist/public/assets/CompanyDetail-CDnmXJLH.js                     35.43 kB │ gzip:   5.09 kB
../dist/public/assets/CoBrandedProposalViewer-Bz3gtcmF.js           35.58 kB │ gzip:   5.64 kB
../dist/public/assets/LocationIndustryPage-ClUPx9jr.js              35.84 kB │ gzip:   7.78 kB
../dist/public/assets/PartnerCPA-CbWPPd43.js                        35.84 kB │ gzip:   6.11 kB
../dist/public/assets/ADACompliance-CzGvSOFE.js                     35.91 kB │ gzip:   5.18 kB
../dist/public/assets/PartnerBookkeeper-JROwz08t.js                 36.05 kB │ gzip:   6.09 kB
../dist/public/assets/Prospects-BfD-TVx0.js                         36.70 kB │ gzip:   5.48 kB
../dist/public/assets/AgentCalculator-DDmkTKnl.js                   38.11 kB │ gzip:   7.17 kB
../dist/public/assets/WhyLiberty-Bk_SCvGi.js                        38.97 kB │ gzip:   6.92 kB
../dist/public/assets/FreeAnalysisGuaranteed-JzMQCqGw.js            39.13 kB │ gzip:   6.43 kB
../dist/public/assets/LeadIntelligence-DE6s6Bs2.js                  39.90 kB │ gzip:   4.78 kB
../dist/public/assets/CaliforniaPrivacy-DL5v5xZH.js                 40.05 kB │ gzip:   5.03 kB
../dist/public/assets/PartnerInsurance-B0Lw-XCb.js                  40.36 kB │ gzip:   6.67 kB
../dist/public/assets/InformationFlow-CQC0Fa9d.js                   40.48 kB │ gzip:   4.77 kB
../dist/public/assets/Integrations-DA3SDHb9.js                      41.18 kB │ gzip:   8.23 kB
../dist/public/assets/DataQuality-Ca5ji8CF.js                       41.22 kB │ gzip:   6.11 kB
../dist/public/assets/PrivacyPolicy-rcnsZCGO.js                     41.31 kB │ gzip:   6.33 kB
../dist/public/assets/CaseStudies-DS6qjO2w.js                       41.44 kB │ gzip:   8.93 kB
../dist/public/assets/Chat-Dlt4d6u3.js                              41.59 kB │ gzip:  10.76 kB
../dist/public/assets/EmailHealth-BfE6zyvJ.js                       42.13 kB │ gzip:   5.34 kB
../dist/public/assets/SavingsCalculator-A0OzL5Ub.js                 42.55 kB │ gzip:   7.56 kB
../dist/public/assets/Workflows-Bge3vAF8.js                         42.81 kB │ gzip:   5.63 kB
../dist/public/assets/Executive-CrEhq8OL.js                         42.89 kB │ gzip:   5.74 kB
../dist/public/assets/CostQuiz-CqIZD2gV.js                          43.01 kB │ gzip:   7.34 kB
../dist/public/assets/Terms-CtfZ-tb1.js                             43.73 kB │ gzip:   8.62 kB
../dist/public/assets/PartnerOrgs-BYtkgYQM.js                       44.13 kB │ gzip:   5.49 kB
../dist/public/assets/RateComparison-BKRw2_Gk.js                    45.49 kB │ gzip:   7.87 kB
../dist/public/assets/Underwriting-93KvAt-7.js                      45.66 kB │ gzip:   5.84 kB
../dist/public/assets/SequenceReport-BbJw2pq5.js                    46.32 kB │ gzip:   6.16 kB
../dist/public/assets/BeatSquareStripe-DmVrnhXT.js                  46.44 kB │ gzip:   7.26 kB
../dist/public/assets/PartnerBrandedPage-BgwL_GVA.js                46.87 kB │ gzip:   7.01 kB
../dist/public/assets/CommsHub-D3dVy9dB.js                          46.96 kB │ gzip:   7.67 kB
../dist/public/assets/GetStarted-DHF6FqcW.js                        47.85 kB │ gzip:   8.64 kB
../dist/public/assets/TerminalROI-kNJyWwVd.js                       49.65 kB │ gzip:   6.38 kB
../dist/public/assets/LeadGenCleaner-C4HoeB4e.js                    49.66 kB │ gzip:   6.22 kB
../dist/public/assets/OutreachAnalytics-NHGMA259.js                 50.17 kB │ gzip:   5.71 kB
../dist/public/assets/Tasks-B9RSYA9n.js                             50.67 kB │ gzip:   6.85 kB
../dist/public/assets/BusinessDetailPage-DhjkkscR.js                51.75 kB │ gzip:   6.78 kB
../dist/public/assets/CallOutcome-Dppi5kbb.js                       51.78 kB │ gzip:   6.96 kB
../dist/public/assets/IdentityCrosswalk-Bn8Rqoqg.js                 53.99 kB │ gzip:   7.29 kB
../dist/public/assets/SalesOnePager-B7vrFgmt.js                     55.99 kB │ gzip:  12.46 kB
../dist/public/assets/ZeroPercent-DdZEMDO1.js                       58.12 kB │ gzip:   8.74 kB
../dist/public/assets/GhlSyncControlCard-DIYXzDuY.js                58.26 kB │ gzip:   9.42 kB
../dist/public/assets/Onboarding-mxMxcc7m.js                        58.37 kB │ gzip:   8.02 kB
../dist/public/assets/types-BYXt4Znb.js                             58.77 kB │ gzip:  13.87 kB
../dist/public/assets/Tickets-D2BgoFB2.js                           58.93 kB │ gzip:  10.62 kB
../dist/public/assets/MerchantHealth-g4C-VS2m.js                    62.39 kB │ gzip:   9.22 kB
../dist/public/assets/ISOPartnerProgram-cTMiKrs6.js                 62.66 kB │ gzip:   9.32 kB
../dist/public/assets/MerchantApplicationsList-Unvf_RiK.js          67.40 kB │ gzip:   9.47 kB
../dist/public/assets/CompareVs-DRNpGG-L.js                         67.67 kB │ gzip:  12.54 kB
../dist/public/assets/OutboundReadiness-DpncdR2T.js                 67.76 kB │ gzip:   8.32 kB
../dist/public/assets/SystemReadiness-BrcWr3r-.js                   68.06 kB │ gzip:   7.84 kB
../dist/public/assets/ConversationAI-DdApseEG.js                    69.40 kB │ gzip:   9.07 kB
../dist/public/assets/SetupWizard-1ed7801i.js                       69.66 kB │ gzip:  10.95 kB
../dist/public/assets/AssetPage-CtBXQV_7.js                         71.92 kB │ gzip:  16.28 kB
../dist/public/assets/PartnerOrgDashboard-Dvv42Lis.js               72.58 kB │ gzip:   9.38 kB
../dist/public/assets/MerchantPortfolio-lbe3PBWv.js                 72.73 kB │ gzip:  16.00 kB
../dist/public/assets/ColdLeads-CdnIqEtM.js                         73.39 kB │ gzip:   8.99 kB
../dist/public/assets/LeadCommandCenter-BVV1ld86.js                 73.67 kB │ gzip:  10.44 kB
../dist/public/assets/UploadStatement-SvsLYtWx.js                   74.74 kB │ gzip:  12.52 kB
../dist/public/assets/InboxHealth-BgIQC5SU.js                       75.92 kB │ gzip:   8.09 kB
../dist/public/assets/Automation-BcMkRgym.js                        77.50 kB │ gzip:  10.45 kB
../dist/public/assets/Chargebacks-KpRB_m4f.js                       78.42 kB │ gzip:  11.28 kB
../dist/public/assets/help-center-data-CwesixQi.js                  78.48 kB │ gzip:  24.38 kB
../dist/public/assets/TerminalShop-DmfA9uSN.js                      79.28 kB │ gzip:  11.44 kB
../dist/public/assets/IndustryPage-CN2P-Cv7.js                      81.52 kB │ gzip:  18.82 kB
../dist/public/assets/StatementReview-Dc31eXDC.js                   85.73 kB │ gzip:  10.85 kB
../dist/public/assets/MasterLeadDatabase-D9571fva.js                87.03 kB │ gzip:  10.45 kB
../dist/public/assets/FreeAnalysis-DBO2qR_M.js                      87.64 kB │ gzip:  12.85 kB
../dist/public/assets/MerchantApplication-Dg4bink0.js               90.44 kB │ gzip:  13.19 kB
../dist/public/assets/MerchantSuccessHub-CpjUAJ6X.js                93.71 kB │ gzip:  11.75 kB
../dist/public/assets/ReferralProgram-CMYCZ66u.js                   95.78 kB │ gzip:  11.41 kB
../dist/public/assets/PartnerPortal-DI06PJgC.js                     97.96 kB │ gzip:  12.93 kB
../dist/public/assets/SalesRepHome-Bvcuiq65.js                     100.38 kB │ gzip:  13.18 kB
../dist/public/assets/LaunchReadiness-BqlVVBYa.js                  102.25 kB │ gzip:  13.24 kB
../dist/public/assets/AffiliateProgram-BE7c25ty.js                 103.27 kB │ gzip:  14.21 kB
../dist/public/assets/Overview-BtrkHvA3.js                         107.44 kB │ gzip:  12.28 kB
../dist/public/assets/AcquisitionHub-rYDryEPe.js                   111.23 kB │ gzip:  12.48 kB
../dist/public/assets/Sequences-B6CM38El.js                        112.96 kB │ gzip:  14.90 kB
../dist/public/assets/Training-DF77O61C.js                         118.59 kB │ gzip:  21.81 kB
../dist/public/assets/LeadImports-NhTNz8MH.js                      119.55 kB │ gzip:  16.80 kB
../dist/public/assets/SettingsIntegrations-BmmxV6n9.js             120.10 kB │ gzip:  14.72 kB
../dist/public/assets/ContentHub-BbZRuQCI.js                       123.17 kB │ gzip:  15.40 kB
../dist/public/assets/Contacts-CX6aQ1Wc.js                         128.07 kB │ gzip:  19.57 kB
../dist/public/assets/Campaigns-PZlU7x-f.js                        129.30 kB │ gzip:  16.78 kB
../dist/public/assets/ContactCensus-DZX_Cu9r.js                    136.40 kB │ gzip:  17.20 kB
../dist/public/assets/AgentManagement-DdJqWLa9.js                  145.92 kB │ gzip:  15.93 kB
../dist/public/assets/ReportingHub-DT3WzRRW.js                     147.35 kB │ gzip:  17.38 kB
../dist/public/assets/ResidualRevenue-B0Wi1NEj.js                  149.89 kB │ gzip:  17.54 kB
../dist/public/assets/index.es-B5DJXpi7.js                         159.68 kB │ gzip:  53.33 kB
../dist/public/assets/Home-CopCXaM3.js                             169.68 kB │ gzip:  23.16 kB
../dist/public/assets/html2canvas.esm-DXEQVQnt.js                  201.04 kB │ gzip:  47.07 kB
../dist/public/assets/MerchantPortal-Cf9ChYJC.js                   203.83 kB │ gzip:  28.23 kB
../dist/public/assets/SdrDashboard-B5Wo-qEw.js                     217.59 kB │ gzip:  22.48 kB
../dist/public/assets/PlaybooksHub-Cl7xKT4R.js                     237.29 kB │ gzip:  49.21 kB
../dist/public/assets/Pipeline-DYTiUxUh.js                         255.44 kB │ gzip:  48.84 kB
../dist/public/assets/MobileApp-Dz7HiiOl.js                        282.01 kB │ gzip:  38.47 kB
../dist/public/assets/schema-ZJ-IUzgs.js                           364.10 kB │ gzip:  70.91 kB
../dist/public/assets/ActivationPanel-DsD_JGHw.js                  369.74 kB │ gzip:  44.53 kB
../dist/public/assets/generateCategoricalChart-Ba9risrb.js         390.64 kB │ gzip: 108.63 kB
../dist/public/assets/all-blog-data-DZhVpx5p.js                    667.06 kB │ gzip: 194.90 kB
../dist/public/assets/LeadOpsCenter-YrqaoykI.js                    690.85 kB │ gzip:  93.99 kB
../dist/public/assets/ContactDetail-CuYYOHp1.js                    709.53 kB │ gzip:  93.14 kB
../dist/public/assets/OperatorDashboard-BaQCWTtJ.js                826.53 kB │ gzip:  94.59 kB
../dist/public/assets/index-BPmGYGmY.js                            865.04 kB │ gzip: 234.32 kB
../dist/public/assets/GhlIntegrationHub-C8JieXNj.js              1,130.47 kB │ gzip: 259.60 kB

(!) Some chunks are larger than 500 kB after minification. Consider:
- Using dynamic import() to code-split the application
- Use build.rollupOptions.output.manualChunks to improve chunking: https://rollupjs.org/configuration-options/#output-manualchunks
- Adjust chunk size limit for this warning via build.chunkSizeWarningLimit.
✓ built in 23.91s
building server...
▲ [WARNING] "import.meta" is not available with the "cjs" output format and will be empty [empty-import-meta]

    server/services/email-pre-filter.ts:27:31:
      27 │   : path.dirname(fileURLToPath(import.meta.url));
         ╵                                ~~~~~~~~~~~

  You need to set the output format to "esm" for "import.meta" to work correctly.

1 warning

  dist/index.cjs  10.1mb ⚠️

⚡ Done in 824ms
[SFP Publish Artifact] {"version":1,"artifactSha":"9ded5299fd72b53c4f203c93e9cb24ee7f2c9661","buildId":"d8846fa8-b3d9-447e-9863-2e099c5a8f1d","deploymentIdentity":"publish-build:d8846fa8-b3d9-447e-9863-2e099c5a8f1d"}
inventory-artifact-dependencies: wrote dist/dependency-inventory.json
scan-build-artifacts: PASS — no credential patterns found in production artifacts
release-artifact-gate: PASS — typecheck, production build, dependency inventory, and redacting artifact scan completed

✓ CI writable-build completed: 1/1 suites passed.
